,Unnamed: 0.1,Unnamed: 0,UI/UX,Functionality,Subscription & Pricing,Content Quality,Rating,Komentar,Technical & Access,is_no_word,detected_language,is_code_mixing,indonesian_words,english_words,unknown_words,is_no_letter,Komentar_normalized
0,0,0,,,,,3.0,Bintang. :3. Score :7,,False,tl,True,bintang,score,,False,bintang 3 score 7
1,1,1,,,,,5.0,kompas is the best,,False,en,False,,"the, best","kompas, is",False,kompas is the best
2,2,2,,,0.0,,4.0,berbayar untuk baca berita,,False,id,False,"berbayar, untuk, baca, berita",,,False,berbayar untuk baca berita
3,3,3,,,,,5.0,Kenapa malah ada iklanya...,,False,id,False,"kenapa, malah, ada",,iklanya,False,kenapa malah ada iklanya
4,4,4,,,,1.0,5.0,berita up to date,,False,id,True,berita,date,"up, to",False,berita up to date
5,5,5,,,,,5.0,perlu pengetahuan & pengalaman.,,False,id,False,"perlu, pengetahuan, pengalaman",,,False,perlu pengetahuan  pengalaman
6,6,6,,,,1.0,5.0,"terpercaya beritanya, terstandarkan diksinya.",,False,id,False,"terpercaya, beritanya",,"terstandarkan, diksinya",False,terpercaya beritanya terstandarkan diksinya
7,7,7,,,,,5.0,panjang umur jurnalisme 🔥,,False,id,False,"panjang, umur, jurnalisme",,,False,panjang umur jurnalisme 
8,8,8,,,,1.0,5.0,Beritanya dapat di percaya,,False,id,False,"beritanya, dapat, percaya",,di,False,beritanya dapat di percaya
9,9,9,,,,,4.0,Suka hobi baca sy,,False,so,False,"suka, hobi, baca",,sy,False,suka hobi baca sy
10,10,10,,,,-1.0,5.0,Kurang berani kritik pemerintah,,False,id,False,"kurang, berani, kritik, pemerintah",,,False,kurang berani kritik pemerintah
11,11,11,,,,1.0,5.0,Sangat up to date,,False,id,True,sangat,date,"up, to",False,sangat up to date
12,12,12,,,,,5.0,berita yang sangat penting,,False,id,False,"berita, yang, sangat, penting",,,False,berita yang sangat penting
13,13,13,,,,-1.0,1.0,"Bintang 1, Kurang update",,False,tl,False,"bintang, kurang",,update,False,bintang 1 kurang update
14,14,14,,,,1.0,5.0,berita aktual dan akurat,,False,id,False,"berita, aktual, dan, akurat",,,False,berita aktual dan akurat
15,15,15,,,,1.0,5.0,laporan berita nya bagus,,False,id,False,"laporan, berita, nya, bagus",,,False,laporan berita nya bagus
16,16,16,,,,,4.0,smoga terus memberi informasi,,False,id,False,"smoga, terus, memberi, informasi",,,False,smoga terus memberi informasi
17,17,17,,,,,5.0,"bagus. banyaklah membaca, ya.",,False,id,False,"bagus, membaca",,"banyaklah, ya",False,bagus banyaklah membaca ya
18,18,18,,,,,5.0,membantu pengetahuan dan perkembangan...,,False,id,False,"membantu, pengetahuan, dan, perkembangan",,,False,membantu pengetahuan dan perkembangan
19,19,19,,,,-1.0,1.0,Mulai ga netral ini.,,False,id,False,"mulai, ga, netral, ini",,,False,mulai ga netral ini
20,20,20,,,1.0,,4.0,Aku beli premium. Puas,,False,id,False,"aku, beli, puas",,premium,False,aku beli premium puas
21,21,21,,,,1.0,5.0,"jurnalisme berkualitas, ya Kompas",,False,id,False,"jurnalisme, berkualitas",,"ya, kompas",False,jurnalisme berkualitas ya kompas
22,22,22,,,,,5.0,S balacewarma janggelan sekian,,False,id,False,sekian,,"s, balacewarma, janggelan",False,s balacewarma janggelan sekian
23,23,23,,,,1.0,5.0,informatif & inspiratif. KEREN,,False,da,False,"informatif, inspiratif, keren",,,False,informatif  inspiratif keren
24,24,24,,,,1.0,5.0,Jurnalis Lokal Kualitas Internasional....,,False,et,False,"jurnalis, lokal, kualitas, internasional",,,False,jurnalis lokal kualitas internasional
25,25,25,,,-1.0,,1.0,susah pembayaran untuk berlangganan,,False,id,False,"susah, pembayaran, untuk, berlangganan",,,False,susah pembayaran untuk berlangganan
26,26,26,,,,,2.0,video tidak bisa diputar,-1.0,False,id,False,"tidak, bisa, diputar",,video,False,video tidak bisa diputar
27,27,27,,,,1.0,5.0,Berita aktual. Mantap pokoknya.,,False,id,False,"berita, aktual, mantap, pokoknya",,,False,berita aktual mantap pokoknya
28,28,28,,,,,1.0,Mengikuti inf. Kompas selengkapnja,,False,id,False,"mengikuti, inf",,"kompas, selengkapnja",False,mengikuti inf kompas selengkapnja
29,29,29,,,,1.0,5.0,Nyimak berita terbaru update....👍👍,,False,id,False,"berita, terbaru",,"nyimak, update",False,nyimak berita terbaru update
30,30,30,,,,,1.0,tidak bisa di buka,-1.0,False,id,False,"tidak, bisa, buka",,di,False,tidak bisa di buka
31,31,31,,,,,5.0,Kompas tetap mantap .,,False,id,False,"tetap, mantap",,kompas,False,kompas tetap mantap 
32,32,32,,,,1.0,5.0,"lebih akurat, tepat topik",,False,id,False,"lebih, akurat, tepat, topik",,,False,lebih akurat tepat topik
33,33,33,,,,1.0,5.0,berita aktual dan terpercaya,,False,id,False,"berita, aktual, dan, terpercaya",,,False,berita aktual dan terpercaya
34,34,34,,,,1.0,5.0,Lancar jaya dan lengkap..,,False,id,False,"lancar, jaya, dan, lengkap",,,False,lancar jaya dan lengkap
35,35,35,,,,,5.0,Bru coba btg 5,,False,ro,True,coba,bru,btg,False,bru coba btg 5
36,36,36,1.0,,,,5.0,nyaman dan enak dibaca,,False,id,False,"nyaman, dan, enak, dibaca",,,False,nyaman dan enak dibaca
37,37,37,,,,,4.0,sangat membantu informasi masyarakat.,,False,id,False,"sangat, membantu, informasi, masyarakat",,,False,sangat membantu informasi masyarakat
38,38,38,,,,1.0,5.0,sangat informatif dan tuntas,,False,id,False,"sangat, informatif, dan, tuntas",,,False,sangat informatif dan tuntas
39,39,39,,,,1.0,5.0,Informasi akurat dan berkualitas.,,False,id,False,"informasi, akurat, dan, berkualitas",,,False,informasi akurat dan berkualitas
40,40,40,,,,1.0,5.0,Jurnalisme mendalam dan profesional,,False,id,False,"jurnalisme, mendalam, dan, profesional",,,False,jurnalisme mendalam dan profesional
41,41,41,,,1.0,,5.0,Menyenangkan lho berlangganan Kompas,,False,id,False,"menyenangkan, lho, berlangganan",,kompas,False,menyenangkan lho berlangganan kompas
42,42,42,,,,1.0,5.0,"Berita terbaik,khusus saya peribadi",,False,id,False,"berita, terbaik, khusus, saya, peribadi",,,False,berita terbaikkhusus saya peribadi
43,43,43,,,,1.0,5.0,Koran digital yang revolusioner,,False,id,False,"koran, yang, revolusioner",,digital,False,koran digital yang revolusioner
44,44,44,,,1.0,,5.0,bagus ga banyak iklan...,,False,tl,False,"bagus, ga, banyak, iklan",,,False,bagus ga banyak iklan
45,45,45,,,,,5.0,sangat Bagus dan keren,,False,id,False,"sangat, bagus, dan, keren",,,False,sangat bagus dan keren
46,46,46,,,-1.0,,1.0,tak rama sama kantong..,,False,id,False,"tak, rama, sama, kantong",,,False,tak rama sama kantong
47,47,47,,,,1.0,5.0,informasi yg ter update,,False,id,False,"informasi, ter",,"yg, update",False,informasi yg ter update
48,48,48,,,,,5.0,I love kompas id....,,False,hr,False,,love,"i, kompas, id",False,i love kompas id
49,49,49,,,,,4.0,Terimakasih sudah diperbaiki kinerjanya,1.0,False,id,False,"terimakasih, sudah, diperbaiki, kinerjanya",,,False,terimakasih sudah diperbaiki kinerjanya
50,50,50,,,,,5.0,Saya suka apps nya,,False,tl,False,"saya, suka, nya",,apps,False,saya suka apps nya
51,51,51,,,,,5.0,Paling bagus sekali Waooo,,False,tl,False,"paling, bagus, sekali",,waooo,False,paling bagus sekali waooo
52,52,52,,,,-1.0,1.0,Sering rasis..TDK Sesuai fakta,,False,id,False,"sering, rasis, tdk, sesuai, fakta",,,False,sering rasistdk sesuai fakta
53,53,53,,,,,1.0,Sangat penting membaca berita,,False,id,False,"sangat, penting, membaca, berita",,,False,sangat penting membaca berita
54,54,54,,,,,5.0,platform digital yg mumpuni,,False,id,False,mumpuni,,"platform, digital, yg",False,platform digital yg mumpuni
55,55,55,,,,,5.0,kompas bagus sekali bagus,,False,id,False,"bagus, sekali, bagus",,kompas,False,kompas bagus sekali bagus
56,56,56,,,,,5.0,Semoga akurat dan bermanfaat,,False,id,False,"semoga, akurat, dan, bermanfaat",,,False,semoga akurat dan bermanfaat
57,57,57,,,,,5.0,Saya menyukainya selamanya,,False,no,False,,"like, forever","i, it",False,saya menyukainya selamanya
58,58,58,,,,1.0,5.0,bagus dan komplit beritanys,,False,id,False,"bagus, dan, komplit",,beritanys,False,bagus dan komplit beritanys
59,59,59,,,,1.0,5.0,berita terbaru dan terpercaya,,False,id,False,"berita, terbaru, dan, terpercaya",,,False,berita terbaru dan terpercaya
60,60,60,,,,1.0,5.0,ok bgt berita nya,,False,id,False,"bgt, berita, nya",,ok,False,ok bgt berita nya
61,61,61,,,,-1.0,1.0,Media yg tidak independen,,False,id,False,"tidak, independen",,"media, yg",False,media yg tidak independen
62,62,62,,,,0.0,3.0,Kompas jangan jadi kompor,,False,id,False,"jangan, jadi, kompor",,kompas,False,kompas jangan jadi kompor
63,63,63,,,,,5.0,Bagus layanan ya bsik,,False,id,False,"bagus, layanan",,"ya, bsik",False,bagus layanan ya bsik
64,64,64,,,,,5.0,Good job Kompas 👍👍,,False,sl,False,,"good, job",kompas,False,good job kompas 
65,65,65,,,,1.0,5.0,Credible...beritanya mendalam. Banyak analisisnya,,False,id,True,"beritanya, mendalam, banyak",credible,analisisnya,False,credibleberitanya mendalam banyak analisisnya
66,66,66,,,,,5.0,Sopang santung terhadap teman,,False,id,False,"terhadap, teman",,"sopang, santung",False,sopang santung terhadap teman
67,67,67,,,,,5.0,Ingin tau berita dunia,,False,id,False,"ingin, tau, berita, dunia",,,False,ingin tau berita dunia
68,68,68,,,,1.0,5.0,Berita no.1 di Indo,,False,it,False,"berita, indo",,"no, di",False,berita no1 di indo
69,69,69,,,,,5.0,Terimakasih atas informasinya Bagus,,False,id,False,"terimakasih, atas, informasinya, bagus",,,False,terimakasih atas informasinya bagus
70,70,70,,,,,5.0,KOMPAS MAJU DAN HEBAT,,False,id,False,"maju, dan, hebat",,kompas,False,kompas maju dan hebat
71,71,71,,,,,5.0,Saya belum bisa perbaharui,,False,id,False,"saya, belum, bisa",,perbaharui,False,saya belum bisa perbaharui
72,72,72,,,,1.0,5.0,Berita2nya akurat dan lengkap,,False,id,False,"berita, nya, akurat, dan, lengkap",,,False,berita2nya akurat dan lengkap
73,73,73,,,,1.0,5.0,"Sangat update, terima kasih",,False,id,False,"sangat, terima, kasih",,update,False,sangat update terima kasih
74,74,74,,,,,1.0,Jelek tidak bisa konek,-1.0,False,hu,False,"jelek, tidak, bisa, konek",,,False,jelek tidak bisa konek
75,75,75,,,,,3.0,Oke lah aiing wkwkwk,,False,sw,False,"lah, wkwkwk",,"oke, aiing",False,oke lah aiing wkwkwk
76,76,76,,,,-1.0,1.0,Sangat jelek tidak mendidik...,,False,id,False,"sangat, jelek, tidak, mendidik",,,False,sangat jelek tidak mendidik
77,77,77,-1.0,,,,1.0,Banyak iklan daripada berita!,,False,id,False,"banyak, iklan, daripada, berita",,,False,banyak iklan daripada berita
78,78,78,,,,,5.0,W NN dan pasar,,False,id,False,"dan, pasar",,"w, nn",False,w nn dan pasar
79,79,79,,,,1.0,5.0,Kompas memberi informasi baik,,False,id,False,"memberi, informasi, baik",,kompas,False,kompas memberi informasi baik
80,80,80,,,,1.0,5.0,Bisa cepat mengetahui berita,,False,id,False,"bisa, cepat, mengetahui, berita",,,False,bisa cepat mengetahui berita
81,81,81,,,,1.0,5.0,Berita selali U apdet,,False,id,False,berita,,"selali, u, apdet",False,berita selali u apdet
82,82,82,,,,,3.0,Berita teraktual sajikan.pada says,,False,id,True,"berita, sajikan, pada",says,teraktual,False,berita teraktual sajikanpada says
83,83,83,,,,,5.0,Sangat puas dengan gojek,,False,id,False,"sangat, puas, dengan, gojek",,,False,sangat puas dengan gojek
84,84,84,,,,1.0,5.0,"Pasti,aktual dan terpercaya.Terima Kasih.",,False,id,False,"pasti, aktual, dan, terpercaya, terima, kasih",,,False,pastiaktual dan terpercayaterima kasih
85,85,85,,,,1.0,5.0,Akurat dan berimbang 👍⭐⭐⭐⭐⭐,,False,id,False,"akurat, dan, berimbang",,,False,akurat dan berimbang 
86,86,86,,,-1.0,,2.0,Voucher nggak bisa dipakai,,False,tl,False,"voucher, nggak, bisa, dipakai",,,False,voucher nggak bisa dipakai
87,87,87,,,,1.0,4.0,"Akurat, independen dan akuntable",,False,id,False,"akurat, independen, dan",,akuntable,False,akurat independen dan akuntable
88,88,88,,,,1.0,5.0,Salah satu referensi terpercaya,,False,id,False,"salah, satu, referensi, terpercaya",,,False,salah satu referensi terpercaya
89,89,89,,,,,4.0,Tertarik dengan update nya,,False,id,False,"tertarik, dengan, nya",,update,False,tertarik dengan update nya
90,90,90,,,,0.0,1.0,Jadilah media yang kredibel,,False,id,False,"jadilah, yang, kredibel",,media,False,jadilah media yang kredibel
91,91,91,,,,,1.0,Cukup ini aja dulu,,False,id,False,"cukup, ini, aja, dulu",,,False,cukup ini aja dulu
92,92,92,,,,1.0,4.0,Media informasi yg terbaik,,False,id,False,"informasi, terbaik",,"media, yg",False,media informasi yg terbaik
93,93,93,,,,1.0,5.0,Dapat mengikuti berita-berita terkini,,False,id,False,"dapat, mengikuti, berita-berita, terkini",,,False,dapat mengikuti beritaberita terkini
94,94,94,,,,,5.0,PT Kompas Media Nusantara,,False,id,False,nusantara,,"pt, kompas, media",False,pt kompas media nusantara
95,95,95,,,,1.0,5.0,Cukup memuaskan dengan beritanya,,False,id,False,"cukup, memuaskan, dengan, beritanya",,,False,cukup memuaskan dengan beritanya
96,96,96,,,,1.0,5.0,"kompat akurat,padat dn terpercaya",,False,id,False,"akurat, padat, terpercaya",,"kompat, dn",False,kompat akuratpadat dn terpercaya
97,97,97,,,,-1.0,1.0,kompas berita kurang terupdate,,False,id,False,"berita, kurang, terupdate",,kompas,False,kompas berita kurang terupdate
98,98,98,,,,1.0,5.0,Kompas beritanya dapat dipercaya.,,False,id,False,"beritanya, dapat, dipercaya",,kompas,False,kompas beritanya dapat dipercaya
99,99,99,,,,,5.0,kabar terkini tentang pilpres,,False,id,False,"kabar, terkini, tentang, pilpres",,,False,kabar terkini tentang pilpres
100,100,100,,,,,5.0,mabtabbbb tab tab puasdss,,False,id,False,,,"mabtabbbb, tab, tab, puasdss",False,mabtabbbb tab tab puasdss
101,101,101,,,,,2.0,Tidak bisa memutar suara,-1.0,False,id,False,"tidak, bisa, memutar, suara",,,False,tidak bisa memutar suara
102,102,102,,,,-1.0,1.0,banyak berita hoak palsu,,False,id,False,"banyak, berita, palsu",,hoak,False,banyak berita hoak palsu
103,103,103,,,0.0,,3.0,Sy ingin berita gratis,,False,en,False,"ingin, berita, gratis",,sy,False,sy ingin berita gratis
104,104,104,,,,1.0,5.0,Berita up to date,,False,id,True,berita,date,"up, to",False,berita up to date
105,105,105,,,,0.0,4.0,Semoga beritanya selalu update,,False,id,False,"semoga, beritanya, selalu",,update,False,semoga beritanya selalu update
106,106,106,,,,,5.0,Informasi sangatlah dibutuhkan 😊,,False,id,False,"informasi, sangatlah, dibutuhkan",,,False,informasi sangatlah dibutuhkan 
107,107,107,,,,1.0,5.0,Berita Netral dan akurat,,False,id,False,"berita, netral, dan, akurat",,,False,berita netral dan akurat
108,108,108,,,,,5.0,Jangan dibuat ribet ajaa,,False,id,False,"jangan, dibuat, ribet",,ajaa,False,jangan dibuat ribet ajaa
109,109,109,,,,,5.0,Lumayan buat waktu senggang,,False,id,False,"lumayan, buat, waktu, senggang",,,False,lumayan buat waktu senggang
110,110,110,,,0.0,,4.0,it's work..promonya agar diperpanjang.,,False,id,True,"promonya, agar, diperpanjang","it's, work",,False,its workpromonya agar diperpanjang
111,111,111,,,,1.0,5.0,Harian Kompas luar biasa,,False,id,False,"harian, luar, biasa",,kompas,False,harian kompas luar biasa
112,112,112,,,,1.0,5.0,Mantab... kontennya makin premium,,False,id,False,"mantab, kontennya, makin",,premium,False,mantab kontennya makin premium
113,113,113,,,,1.0,5.0,Beritanya terbaru dan terpercaya,,False,id,False,"beritanya, terbaru, dan, terpercaya",,,False,beritanya terbaru dan terpercaya
114,114,114,,,,,4.0,Kompas top banget dah,,False,id,True,"banget, dah",top,kompas,False,kompas top banget dah
115,115,115,,,,,1.0,Auto hide tidak tampil,,False,id,True,"tidak, tampil",hide,auto,False,auto hide tidak tampil
116,116,116,,,,1.0,5.0,"Artikel-artikel berkualitas, harga murah.",,False,id,False,"artikel-artikel, berkualitas, harga, murah",,,False,artikelartikel berkualitas harga murah
117,117,117,,,,,5.0,Luar biasa kompas,,False,af,False,,awesome,kompas,False,luar biasa kompas
118,118,118,,,,,5.0,ka olin mirip pantun,,False,fi,True,"mirip, pantun",olin,ka,False,ka olin mirip pantun
119,119,119,,,,,1.0,sering error. mohon diperbaiki,-1.0,False,id,False,"sering, mohon, diperbaiki",,error,False,sering error mohon diperbaiki
120,120,120,,,,,5.0,Dan nyaman dengan iPad,,False,id,False,"dan, nyaman, dengan",,ipad,False,dan nyaman dengan ipad
121,121,121,,,,,2.0,Belum bisa back menu,-1.0,False,id,True,"belum, bisa",back,menu,False,belum bisa back menu
122,122,122,,,,1.0,5.0,terimakasih sudah memberikan informasi ketika dmn yg lain hanya diam,,False,id,False,"terimakasih, sudah, memberikan, informasi, ketika, lain, hanya, diam",,"dmn, yg",False,terimakasih sudah memberikan informasi ketika dmn yg lain hanya diam
123,123,123,,,,,4.0,saat ini 6 juni 2026 pkl 10.00 wib sampai sekarang kenapa tidak bisa buka kompas ya ?,-1.0,False,id,False,"saat, ini, juni, pkl, wib, sampai, sekarang, kenapa, tidak, bisa, buka",,"kompas, ya",False,saat ini 6 juni 2026 pkl 1000 wib sampai sekarang kenapa tidak bisa buka kompas ya 
124,124,124,,,0.0,,1.0,ga bisa baca berita kalo ga bayar,,False,so,False,"ga, bisa, baca, berita, kalo, ga, bayar",,,False,ga bisa baca berita kalo ga bayar
125,125,125,,,-1.0,,1.0,aplikasi kikir jangan di download 😡,,False,id,False,"aplikasi, kikir, jangan",,"di, download",False,aplikasi kikir jangan di download 
126,126,126,,,-1.0,,1.0,"Jelek bet, cuma buat buka berita harus bayar, gak jelas🤬🤬",,False,id,True,"jelek, cuma, buat, buka, berita, harus, bayar, gak, jelas",bet,,False,jelek bet cuma buat buka berita harus bayar gak jelas
127,127,127,,,,,2.0,"dicoba dulu.. kalo ribet use nya, bye..hapuzz!",,False,sw,True,"dicoba, dulu, kalo, ribet, nya",use,"bye, hapuzz",False,dicoba dulu kalo ribet use nya byehapuzz
128,128,128,,,,,2.0,lagi bermasalah ya aplikasinya? kok ga bisa login dan ga tampil di tiap rubrik berita2nya,-1.0,False,id,False,"lagi, bermasalah, aplikasinya, kok, ga, bisa, login, dan, ga, tampil, tiap, rubrik, berita, nya",,"ya, di",False,lagi bermasalah ya aplikasinya kok ga bisa login dan ga tampil di tiap rubrik berita2nya
129,129,129,,,,,1.0,"ga bisa di baca, lama loading nya",-1.0,False,tl,False,"ga, bisa, baca, lama, nya",,"di, loading",False,ga bisa di baca lama loading nya
130,130,130,,,,1.0,5.0,"Mencerdaskan, Tepercaya dan Memperluas Wawasan. 👍",,False,id,False,"mencerdaskan, tepercaya, dan, memperluas, wawasan",,,False,mencerdaskan tepercaya dan memperluas wawasan 
131,131,131,,,,,1.0,gak sesuai dengan iklannya di produk google play store,,False,id,True,"gak, sesuai, dengan, iklannya, produk","play, store","di, google",False,gak sesuai dengan iklannya di produk google play store
132,132,132,,-1.0,,,1.0,"enggk bisa di kliping ya, sedikit kecewa setelah kita dowload teryata enggk bisa di simpen ketika sudah tidak berlangganan",,False,id,False,"bisa, kliping, sedikit, kecewa, setelah, kita, bisa, ketika, sudah, tidak, berlangganan",,"enggk, di, ya, dowload, teryata, enggk, di, simpen",False,enggk bisa di kliping ya sedikit kecewa setelah kita dowload teryata enggk bisa di simpen ketika sudah tidak berlangganan
133,133,133,,,,1.0,5.0,Aku lihat sih beritanya lengkap 😊😇🙏,,False,id,False,"aku, lihat, sih, beritanya, lengkap",,,False,aku lihat sih beritanya lengkap 
134,134,134,0.0,,,,5.0,Saran.. supaya bisa kompas.id dibaca secara layar landscape,,False,id,True,"saran, supaya, bisa, dibaca, secara, layar",landscape,"kompas, id",False,saran supaya bisa kompasid dibaca secara layar landscape
135,135,135,,,0.0,,2.0,apa harus langganan untuk baca berita?,,False,id,False,"apa, harus, langganan, untuk, baca, berita",,,False,apa harus langganan untuk baca berita
136,136,136,,,,,3.0,absolute cinema kembangkan lebih bagus lagi,,False,id,True,"kembangkan, lebih, bagus, lagi","absolute, cinema",,False,absolute cinema kembangkan lebih bagus lagi
137,137,137,,,,,5.0,lansia sangat membutuhkan berita terimakasih Kompas,,False,id,False,"lansia, sangat, membutuhkan, berita, terimakasih",,kompas,False,lansia sangat membutuhkan berita terimakasih kompas
138,138,138,,,,,2.0,Sering kelogout sendiri dan masuknya susah.,-1.0,False,id,False,"sering, sendiri, dan, masuknya, susah",,kelogout,False,sering kelogout sendiri dan masuknya susah
139,139,139,,,,1.0,5.0,Yang terbaik dari berita terbaik,,False,en,False,,"best, the, best","on, nwes",False,yang terbaik dari berita terbaik
140,140,140,,,,1.0,4.0,"Sangat enak dibaca nggak pake mikir, langsung dicerna",,False,id,False,"sangat, enak, dibaca, nggak, pake, mikir, langsung, dicerna",,,False,sangat enak dibaca nggak pake mikir langsung dicerna
141,141,141,,,,,5.0,Tetap S3mangat Kompas meningkatkan literasi indonesia,,False,id,False,"tetap, meningkatkan, literasi, indonesia",,"s, mangat, kompas",False,tetap s3mangat kompas meningkatkan literasi indonesia
142,142,142,,,,1.0,4.0,saya selalu tertarik dengan tulisan tulisan orang hebat yg dimuat oleh kompas.id. faktual dan aktual.,,False,id,False,"saya, selalu, tertarik, dengan, tulisan, tulisan, orang, hebat, dimuat, oleh, faktual, dan, aktual",,"yg, kompas, id",False,saya selalu tertarik dengan tulisan tulisan orang hebat yg dimuat oleh kompasid faktual dan aktual
143,143,143,,,,1.0,5.0,"Aktual, faktual, terpercaya, dan tidak memancing opini publik.",,False,id,False,"aktual, faktual, terpercaya, dan, tidak, memancing, opini, publik",,,False,aktual faktual terpercaya dan tidak memancing opini publik
144,144,144,,,-1.0,,1.0,"KECEWA BERLANGGANAN, seharusnya kompas biasa dan kompas .id gak perlu dipisah2 aksesnya. Bisa aja akal2in cari duitnya",,False,id,False,"kecewa, berlangganan, seharusnya, biasa, dan, gak, perlu, dipisah, aksesnya, bisa, aja, akal, cari, duitnya",,"kompas, kompas, id, in",False,kecewa berlangganan seharusnya kompas biasa dan kompas id gak perlu dipisah2 aksesnya bisa aja akal2in cari duitnya
145,145,145,-1.0,,,,5.0,Mohon untuk ada optimalisasi tampilan vertikal tab. Terimakasih,,False,id,False,"mohon, untuk, ada, optimalisasi, tampilan, vertikal, terimakasih",,tab,False,mohon untuk ada optimalisasi tampilan vertikal tab terimakasih
146,146,146,,,,,4.0,"sejak thn1981 diMedan.. sy sdh baca harian kompas, .... karena bs melengkapi kliping koran sy u literatur",,False,id,False,"sejak, thn, sdh, baca, harian, karena, melengkapi, kliping, koran, literatur",,"dimedan, sy, kompas, bs, sy, u",False,sejak thn1981 dimedan sy sdh baca harian kompas  karena bs melengkapi kliping koran sy u literatur
147,147,147,,,,-1.0,1.0,"berita tidak update,, saya cari artikel tentang teknologi, berita yg mucul 3 bulan lalu",,False,id,False,"berita, tidak, saya, cari, artikel, tentang, teknologi, berita, bulan, lalu",,"update, yg, mucul",False,berita tidak update saya cari artikel tentang teknologi berita yg mucul 3 bulan lalu
148,148,148,1.0,,,,5.0,"aplikasi berita yang sangat menarik, interface yg sangat ringan dan bener2 bermanfaat bgt",,False,id,True,"aplikasi, berita, yang, sangat, menarik, sangat, ringan, dan, bener, bermanfaat, bgt",interface,yg,False,aplikasi berita yang sangat menarik interface yg sangat ringan dan bener2 bermanfaat bgt
149,149,149,-1.0,,-1.0,,1.0,"Kebanyakan iklan, beritanya ngak berlanjut hanya sepenggal",,False,id,False,"kebanyakan, iklan, beritanya, ngak, berlanjut, hanya, sepenggal",,,False,kebanyakan iklan beritanya ngak berlanjut hanya sepenggal
150,150,150,,,,,1.0,Aplikasi paling gagal yg pernah aku instalm,,False,id,False,"aplikasi, paling, gagal, pernah, aku",,"yg, instalm",False,aplikasi paling gagal yg pernah aku instalm
151,151,151,,,1.0,,5.0,Saya baru berlangganan untuk setahun murah banget dengan harga 139.000 saja. Akhirnya saya bisa baca opini dengan leluasan,,False,id,False,"saya, baru, berlangganan, untuk, setahun, murah, banget, dengan, harga, saja, akhirnya, saya, bisa, baca, opini, dengan",,leluasan,False,saya baru berlangganan untuk setahun murah banget dengan harga 139000 saja akhirnya saya bisa baca opini dengan leluasan
152,152,152,,,-1.0,,2.0,Jangan download berita berbayar semua cari duit,,False,id,False,"jangan, berita, berbayar, semua, cari, duit",,download,False,jangan download berita berbayar semua cari duit
153,153,153,,,1.0,,5.0,I love this. kalau harganya tetap 100 ribu per tahun bakalan tetap langganan.,,False,id,True,"kalau, harganya, tetap, ribu, tahun, bakalan, tetap, langganan","love, this","i, per",False,i love this kalau harganya tetap 100 ribu per tahun bakalan tetap langganan
154,154,154,,,,1.0,5.0,Kompas tetap yang terbaik dan terpercaya,,False,id,False,"tetap, yang, terbaik, dan, terpercaya",,kompas,False,kompas tetap yang terbaik dan terpercaya
155,155,155,,,,,4.0,di hp samsung epaper tidak bisa dibaca secara horosontal,-1.0,False,id,False,"samsung, tidak, bisa, dibaca, secara",,"di, hp, epaper, horosontal",False,di hp samsung epaper tidak bisa dibaca secara horosontal
156,156,156,,-1.0,,,4.0,next smoga ada pilihan suara g transate.. bosen cuman itu²,,False,id,True,"smoga, ada, pilihan, suara, bosen, cuman, itu",next,"g, transate",False,next smoga ada pilihan suara g transate bosen cuman itu²
157,157,157,,,,1.0,5.0,Bagus beritanya utk mengisi otak yg kosong.,,False,id,False,"bagus, beritanya, utk, mengisi, otak, kosong",,yg,False,bagus beritanya utk mengisi otak yg kosong
158,158,158,-1.0,,,,3.0,ada bagian tertentu yang tombol audionya gk keliatan kak,,False,id,False,"ada, bagian, tertentu, yang, tombol, keliatan, kak",,"audionya, gk",False,ada bagian tertentu yang tombol audionya gk keliatan kak
159,159,159,,,,,5.0,"gacor, semoga bisa memberikan Pendidikan kepada penulis-penulis muda. terutama yang memiliki keterbatasan.",,False,id,False,"semoga, bisa, memberikan, pendidikan, kepada, penulis-penulis, muda, terutama, yang, memiliki, keterbatasan",,gacor,False,gacor semoga bisa memberikan pendidikan kepada penulispenulis muda terutama yang memiliki keterbatasan
160,160,160,1.0,,,1.0,5.0,"sangat mudah digunakan, berita mendalam",,False,id,False,"sangat, mudah, digunakan, berita, mendalam",,,False,sangat mudah digunakan berita mendalam
161,161,161,,,,1.0,5.0,"Bernas, selalu peduli dengan masalah aktual dengan analisa yang mengedepankan nilai-nilai kemanusiaan.",,False,id,False,"selalu, peduli, dengan, masalah, aktual, dengan, analisa, yang, mengedepankan, nilai-nilai, kemanusiaan",,bernas,False,bernas selalu peduli dengan masalah aktual dengan analisa yang mengedepankan nilainilai kemanusiaan
162,162,162,,,,,5.0,"Aplikasi sangat bagus, lengkap. CS sangat cepat dalam merespon. Terima kasih",1.0,False,id,False,"aplikasi, sangat, bagus, lengkap, sangat, cepat, dalam, merespon, terima, kasih",,cs,False,aplikasi sangat bagus lengkap cs sangat cepat dalam merespon terima kasih
163,163,163,,,,1.0,4.0,Kompas sebuah nama media cetak & elektronik yang tidak asing lagi pemberitaannya tajam terpercaya dan berimbang.,,False,id,False,"sebuah, nama, cetak, elektronik, yang, tidak, asing, lagi, tajam, terpercaya, dan, berimbang",,"kompas, media, pemberitaannya",False,kompas sebuah nama media cetak  elektronik yang tidak asing lagi pemberitaannya tajam terpercaya dan berimbang
164,164,164,,,,1.0,4.0,Akses berita aktual dan terpercaya dari Kompas,,False,id,False,"akses, berita, aktual, dan, terpercaya, dari",,kompas,False,akses berita aktual dan terpercaya dari kompas
165,165,165,1.0,,,1.0,5.0,"Lebih update dengan isu-isu aktual. Keren sih. Tampilannya juga enak, easy reading lah",,False,id,True,"lebih, dengan, isu-isu, aktual, keren, sih, tampilannya, juga, enak, lah","easy, reading",update,False,lebih update dengan isuisu aktual keren sih tampilannya juga enak easy reading lah
166,166,166,,,,,5.0,Sangat bagus dan sangat bermanfaat.,,False,id,False,"sangat, bagus, dan, sangat, bermanfaat",,,False,sangat bagus dan sangat bermanfaat
167,167,167,,,,1.0,5.0,informasi yg mantab terpercaya mendidik masa depan kita,,False,id,False,"informasi, mantab, terpercaya, mendidik, masa, depan, kita",,yg,False,informasi yg mantab terpercaya mendidik masa depan kita
168,168,168,,,,1.0,5.0,cerdas menyikapi peristiwa dengan sumber referensi terpercaya,,False,id,False,"cerdas, menyikapi, peristiwa, dengan, sumber, referensi, terpercaya",,,False,cerdas menyikapi peristiwa dengan sumber referensi terpercaya
169,169,169,,,,,5.0,Kompas.id : Baca Berita Lengkap Aplikasi Terbaik 💯,,False,id,False,"baca, berita, lengkap, aplikasi, terbaik",,"kompas, id",False,kompasid  baca berita lengkap aplikasi terbaik 
170,170,170,1.0,,,1.0,5.0,"ok baru nyoba... isi berita nya bagus, berkualitas. aplikasi nya nyaman digunakan, user friendly.",,False,id,True,"baru, nyoba, isi, berita, nya, bagus, berkualitas, aplikasi, nya, nyaman, digunakan","user, friendly",ok,False,ok baru nyoba isi berita nya bagus berkualitas aplikasi nya nyaman digunakan user friendly
171,171,171,,,,,5.0,"Mudah2 an Kompas bisa tetap berusaha berpikir kritis demi kebaikan, keadilan & kemakmuran bersama/masyarakat Indonesia.",,False,id,False,"mudah, bisa, tetap, berusaha, berpikir, kritis, demi, kebaikan, keadilan, kemakmuran, bersama, masyarakat, indonesia",,"an, kompas",False,mudah2 an kompas bisa tetap berusaha berpikir kritis demi kebaikan keadilan  kemakmuran bersamamasyarakat indonesia
172,172,172,,,,,5.0,Membaca berita jadi lebih mudah,,False,id,False,"membaca, berita, jadi, lebih, mudah",,,False,membaca berita jadi lebih mudah
173,173,173,,,,1.0,5.0,"kompas independen dan terpercaya ,",,False,id,False,"independen, dan, terpercaya",,kompas,False,kompas independen dan terpercaya 
174,174,174,,,,1.0,5.0,"Waktu yang menyenangkan, bacaan yang bagus, surat kabar terbaik.",,False,en,False,,"good, time, good, read, best, newspaper",,False,waktu yang menyenangkan bacaan yang bagus surat kabar terbaik
175,175,175,,,,1.0,5.0,Kompas.id menyajikan berita yg up to date dan terpercaya.,,False,id,True,"menyajikan, berita, dan, terpercaya",date,"kompas, id, yg, up, to",False,kompasid menyajikan berita yg up to date dan terpercaya
176,176,176,,,,,4.0,"perlu perbaikan perihal menampilkan gambar pada artikel. jika di zoom, seringkali malah pindah ke gambar berikutnya.",-1.0,False,id,False,"perlu, perbaikan, perihal, menampilkan, gambar, pada, artikel, jika, seringkali, malah, pindah, gambar, berikutnya",,"di, zoom, ke",False,perlu perbaikan perihal menampilkan gambar pada artikel jika di zoom seringkali malah pindah ke gambar berikutnya
177,177,177,,,,,1.0,"Kebanyakan bug, artikel suka balik sendiri ke awal menu. CS nya sama sekali tdk kooperatif. Sdh kayak paling bener aja.",-1.0,False,id,False,"kebanyakan, artikel, suka, balik, sendiri, awal, nya, sama, sekali, tdk, kooperatif, sdh, kayak, paling, bener, aja",,"bug, ke, menu, cs",False,kebanyakan bug artikel suka balik sendiri ke awal menu cs nya sama sekali tdk kooperatif sdh kayak paling bener aja
178,178,178,,,,,5.0,Kok aku nggak bisa mendownload koran kompas ?,-1.0,False,id,False,"kok, aku, nggak, bisa, mendownload, koran",,kompas,False,kok aku nggak bisa mendownload koran kompas 
179,179,179,,1.0,,,5.0,"Keren, bahkan ada audionya kalau kita pengen denger berita saat gak pegang smartphone.",,False,id,False,"keren, bahkan, ada, kalau, kita, pengen, denger, berita, saat, gak, pegang, smartphone",,audionya,False,keren bahkan ada audionya kalau kita pengen denger berita saat gak pegang smartphone
180,180,180,,,,1.0,5.0,Selalu menikmati membaca berita di kompas.id karena berita yang disajikan update dan akurat,,False,id,False,"selalu, menikmati, membaca, berita, karena, berita, yang, disajikan, dan, akurat",,"di, kompas, id, update",False,selalu menikmati membaca berita di kompasid karena berita yang disajikan update dan akurat
181,181,181,,,,,5.0,Aplikasi ini juga sangat bagus sekali untuk digunakan sebagai pengganti koran,,False,id,False,"aplikasi, ini, juga, sangat, bagus, sekali, untuk, digunakan, sebagai, pengganti, koran",,,False,aplikasi ini juga sangat bagus sekali untuk digunakan sebagai pengganti koran
182,182,182,,,,,4.0,sy kasi bintang 4 tar kalo bgs tak tambai mks,,False,id,True,"kasi, bintang, kalo, tak",bgs,"sy, tar, tambai, mks",False,sy kasi bintang 4 tar kalo bgs tak tambai mks
183,183,183,,,-1.0,,1.0,segala pakai berbayar buat baca berita aja.di buat gratis aja baca berita nya. biar masyarakat Indonesia semua gemar membaca.,,False,id,False,"segala, pakai, berbayar, buat, baca, berita, aja, buat, gratis, aja, baca, berita, nya, biar, masyarakat, indonesia, semua, gemar, membaca",,di,False,segala pakai berbayar buat baca berita ajadi buat gratis aja baca berita nya biar masyarakat indonesia semua gemar membaca
184,184,184,,,,-1.0,1.0,Infonya gk akuat. Malu2 in aja,,False,id,False,"infonya, malu, aja",,"gk, akuat, in",False,infonya gk akuat malu2 in aja
185,185,185,,,,,4.0,"baru gabung, sementara bintang 4 dl",,False,id,False,"baru, gabung, sementara, bintang",,dl,False,baru gabung sementara bintang 4 dl
186,186,186,,,,,5.0,Dengan cara Ini saya rasa lebihmenarik dan cepat,,False,id,False,"dengan, cara, ini, saya, rasa, dan, cepat",,lebihmenarik,False,dengan cara ini saya rasa lebihmenarik dan cepat
187,187,187,,,,1.0,5.0,berita yang cepat dan bisa di percaya,,False,id,False,"berita, yang, cepat, dan, bisa, percaya",,di,False,berita yang cepat dan bisa di percaya
188,188,188,,,,-1.0,1.0,Belum bisa dikatakan netral dalam hal pemberitaan. masih keberpihakan sebelah. itu intinya.,,False,id,False,"belum, bisa, dikatakan, netral, dalam, hal, pemberitaan, masih, keberpihakan, sebelah, itu, intinya",,,False,belum bisa dikatakan netral dalam hal pemberitaan masih keberpihakan sebelah itu intinya
189,189,189,,,-1.0,1.0,5.0,"sangat membantu untuk mengupdate berita terkini, sayang nya harus berlangganan",,False,id,False,"sangat, membantu, untuk, berita, terkini, sayang, nya, harus, berlangganan",,mengupdate,False,sangat membantu untuk mengupdate berita terkini sayang nya harus berlangganan
190,190,190,,,,1.0,3.0,Ulasannya bagus manambah pengalaman bagi kita,,False,id,False,"ulasannya, bagus, pengalaman, bagi, kita",,manambah,False,ulasannya bagus manambah pengalaman bagi kita
191,191,191,1.0,1.0,,,5.0,interface halamannya enak dibaca dan suka dengan fitur text to speech,,False,id,True,"halamannya, enak, dibaca, dan, suka, dengan, fitur","interface, text, speech",to,False,interface halamannya enak dibaca dan suka dengan fitur text to speech
192,192,192,,,,,5.0,semua informasi ada dalam genggaman,,False,id,False,"semua, informasi, ada, dalam, genggaman",,,False,semua informasi ada dalam genggaman
193,193,193,,0.0,,,5.0,Permis mau bertny apakah bisa print ya koran e paapernya,,False,id,True,"mau, apakah, bisa, koran",print,"permis, bertny, ya, e, paapernya",False,permis mau bertny apakah bisa print ya koran e paapernya
194,194,194,,,,1.0,5.0,best for search a news update,,False,en,False,,"best, for, search, news","a, update",False,best for search a news update
195,195,195,,,0.0,,2.0,"Kalau boleh saran,seharusnya kalau kami mau membaca buku/artikel tidak usah berbayar,supaya orang yang ingin berliterasi tidak harus ada hambatan",,False,id,False,"kalau, boleh, saran, seharusnya, kalau, kami, mau, membaca, buku, artikel, tidak, usah, berbayar, supaya, orang, yang, ingin, tidak, harus, ada, hambatan",,berliterasi,False,kalau boleh saranseharusnya kalau kami mau membaca bukuartikel tidak usah berbayarsupaya orang yang ingin berliterasi tidak harus ada hambatan
196,196,196,,,,1.0,5.0,"Up date kok,meski 5 W dan I H layak terus di jadikan ajangNya",,False,id,True,"kok, meski, dan, layak, terus, jadikan",date,"up, w, i, h, di, ajangnya",False,up date kokmeski 5 w dan i h layak terus di jadikan ajangnya
197,197,197,,,,1.0,5.0,Jelas dan bagus untuk berita,,False,id,False,"jelas, dan, bagus, untuk, berita",,,False,jelas dan bagus untuk berita
198,198,198,,,,,1.0,"Lumayan bagus, maaf baru buka",,False,id,False,"lumayan, bagus, maaf, baru, buka",,,False,lumayan bagus maaf baru buka
199,199,199,,,-1.0,,5.0,Berhubung saya harus bayar setengah juta saya hapus,,False,id,False,"berhubung, saya, harus, bayar, setengah, juta, saya, hapus",,,False,berhubung saya harus bayar setengah juta saya hapus
200,200,200,,,,,5.0,"Asal jangan memprsilit aja tak masalah,",,False,id,False,"asal, jangan, aja, tak, masalah",,memprsilit,False,asal jangan memprsilit aja tak masalah
201,201,201,,,,,5.0,Sangat membatu sekali semoga makin bagus lagi kedepan nya,,False,id,False,"sangat, membatu, sekali, semoga, makin, bagus, lagi, kedepan, nya",,,False,sangat membatu sekali semoga makin bagus lagi kedepan nya
202,202,202,,,,,5.0,aplikasinya bagus untuk membaca berita,,False,id,False,"aplikasinya, bagus, untuk, membaca, berita",,,False,aplikasinya bagus untuk membaca berita
203,203,203,,,,,5.0,Mantap bisa membantu untuk melihat kejadian dunia.,,False,id,False,"mantap, bisa, membantu, untuk, melihat, kejadian, dunia",,,False,mantap bisa membantu untuk melihat kejadian dunia
204,204,204,-1.0,,,,5.0,"di bagian fotografi kenapa gak dipisahkan foto cerita, galeri foto dan klinik foto..? seperti di web, lebih enak..",,False,id,False,"bagian, fotografi, kenapa, gak, dipisahkan, foto, cerita, galeri, foto, dan, klinik, foto, seperti, lebih, enak",,"di, di, web",False,di bagian fotografi kenapa gak dipisahkan foto cerita galeri foto dan klinik foto seperti di web lebih enak
205,205,205,,,,1.0,5.0,Makin keren dengan berita tepercaya dan bisa diandalkan,,False,id,False,"makin, keren, dengan, berita, tepercaya, dan, bisa, diandalkan",,,False,makin keren dengan berita tepercaya dan bisa diandalkan
206,206,206,,1.0,,,5.0,"ada format koran cetak, sangat menarik",,False,id,False,"ada, koran, cetak, sangat, menarik",,format,False,ada format koran cetak sangat menarik
207,207,207,,,,,2.0,Kenapa tidak bisa berlanggann yah...? Mungkin bisa kasih solusi.. ?,,False,id,False,"kenapa, tidak, bisa, yah, mungkin, bisa, kasih, solusi",,berlanggann,False,kenapa tidak bisa berlanggann yah mungkin bisa kasih solusi 
208,208,208,,,,,5.0,"DL cepat, simpel buat bacaan harian dimana saja bisa dilakukan",1.0,False,id,False,"cepat, simpel, buat, bacaan, harian, dimana, saja, bisa, dilakukan",,dl,False,dl cepat simpel buat bacaan harian dimana saja bisa dilakukan
209,209,209,,,,1.0,5.0,berita-beritanya sangat update dan faktual disertai data-data yg sangat akurat....ulasannya menarik dan mendalam...,,False,id,False,"berita-beritanya, sangat, dan, faktual, disertai, sangat, akurat, ulasannya, menarik, dan, mendalam",,"update, data-data, yg",False,beritaberitanya sangat update dan faktual disertai datadata yg sangat akuratulasannya menarik dan mendalam
210,210,210,,,,1.0,5.0,Kompas sangat bagus beri infor Masi,,False,id,False,"sangat, bagus, beri, masi",,"kompas, infor",False,kompas sangat bagus beri infor masi
211,211,211,,,,,2.0,Aku beri nilai dua bintang dulu nanti kalau hasilnya baik aku kasih tambah nilai lagi,,False,id,False,"aku, beri, nilai, dua, bintang, dulu, nanti, kalau, hasilnya, baik, aku, kasih, tambah, nilai, lagi",,,False,aku beri nilai dua bintang dulu nanti kalau hasilnya baik aku kasih tambah nilai lagi
212,212,212,,,,1.0,5.0,"Jurnalisme bermutu dan kritis, mantap, maju terus KOMPAS.",,False,id,False,"jurnalisme, bermutu, dan, kritis, mantap, maju, terus",,kompas,False,jurnalisme bermutu dan kritis mantap maju terus kompas
213,213,213,,,,1.0,5.0,Menyajikan berita secara faktual dan aktual.,,False,id,False,"menyajikan, berita, secara, faktual, dan, aktual",,,False,menyajikan berita secara faktual dan aktual
214,214,214,,,,1.0,4.0,aplikasinya sangat bagus dan efisien dalam memberikan informasi dari dalam dan luar negeri,,False,id,False,"aplikasinya, sangat, bagus, dan, efisien, dalam, memberikan, informasi, dari, dalam, dan, luar, negeri",,,False,aplikasinya sangat bagus dan efisien dalam memberikan informasi dari dalam dan luar negeri
215,215,215,,,,1.0,5.0,"Tercepat, akurat, dan terdepan 👉",,False,id,False,"tercepat, akurat, dan, terdepan",,,False,tercepat akurat dan terdepan 
216,216,216,,,-1.0,,1.0,"Terlalu mahal, perbulan 50k, mending beli quota cuma 20k",,False,id,True,"terlalu, mahal, perbulan, mending, beli, cuma",quota,"k, k",False,terlalu mahal perbulan 50k mending beli quota cuma 20k
217,217,217,,,,1.0,3.0,memuat berita berta yang akurat,,False,id,True,"memuat, berita, yang, akurat",berta,,False,memuat berita berta yang akurat
218,218,218,,,,1.0,5.0,Media yg baik dan objektif,,False,id,False,"baik, dan, objektif",,"media, yg",False,media yg baik dan objektif
219,219,219,,,,1.0,5.0,kompas sangat memperbarui pengetahuan 👍,,False,id,False,"sangat, memperbarui, pengetahuan",,kompas,False,kompas sangat memperbarui pengetahuan 
220,220,220,,,,1.0,5.0,"Kompas menyajikan berita aktual, tajam terpercaya, Bravo Kompas🙏",,False,id,False,"menyajikan, berita, aktual, tajam, terpercaya",,"kompas, bravo, kompas",False,kompas menyajikan berita aktual tajam terpercaya bravo kompas
221,221,221,,,,1.0,5.0,berita terupdate sehingga menjadi sumber informasi yang akurat dalam mendapatkan informasi dan berita terbaru.,,False,id,False,"berita, terupdate, sehingga, menjadi, sumber, informasi, yang, akurat, dalam, mendapatkan, informasi, dan, berita, terbaru",,,False,berita terupdate sehingga menjadi sumber informasi yang akurat dalam mendapatkan informasi dan berita terbaru
222,222,222,,,,,2.0,Saya bisa tau semua berita,,False,id,False,"saya, bisa, tau, semua, berita",,,False,saya bisa tau semua berita
223,223,223,,,,1.0,5.0,Terimakasih untuk informasi yang selalu valid kompas..,,False,id,False,"terimakasih, untuk, informasi, yang, selalu",,"valid, kompas",False,terimakasih untuk informasi yang selalu valid kompas
224,224,224,,,,1.0,5.0,kompas termasuk media yang memberikan informasi terpercaya,,False,id,False,"termasuk, yang, memberikan, informasi, terpercaya",,"kompas, media",False,kompas termasuk media yang memberikan informasi terpercaya
225,225,225,1.0,,,,5.0,"Baru mulai berlangganan, tampilan aplikasi lumayan bagus",,False,id,False,"baru, mulai, berlangganan, tampilan, aplikasi, lumayan, bagus",,,False,baru mulai berlangganan tampilan aplikasi lumayan bagus
226,226,226,1.0,,,,5.0,fitur2nya sangat mudah dipahami bagi awam.,,False,id,False,"fitur, nya, sangat, mudah, dipahami, bagi, awam",,,False,fitur2nya sangat mudah dipahami bagi awam
227,227,227,,,,-1.0,2.0,Berita nya kok gk lengkap,,False,id,False,"berita, nya, kok, lengkap",,gk,False,berita nya kok gk lengkap
228,228,228,,,,1.0,5.0,berita yang sangat akurat dan independen,,False,id,False,"berita, yang, sangat, akurat, dan, independen",,,False,berita yang sangat akurat dan independen
229,229,229,,,,,5.0,sangat membantu .tetap evaluasi agar lbh baik lg,,False,id,False,"sangat, membantu, tetap, evaluasi, agar, lbh, baik",,lg,False,sangat membantu tetap evaluasi agar lbh baik lg
230,230,230,,,0.0,1.0,5.0,"Untuk news sudah bagus sekali, di harapkan supaya aplikasi ini bisa di baca gratis.",,False,id,True,"untuk, sudah, bagus, sekali, harapkan, supaya, aplikasi, ini, bisa, baca, gratis",news,"di, di",False,untuk news sudah bagus sekali di harapkan supaya aplikasi ini bisa di baca gratis
231,231,231,,,,1.0,5.0,liputan nasional nya update dan bagus .,,False,id,False,"liputan, nasional, nya, dan, bagus",,update,False,liputan nasional nya update dan bagus 
232,232,232,,,,,5.0,Wow keren banget. Bisa mendapatkan banyak informasi dari aplikasi ini,,False,id,False,"keren, banget, bisa, mendapatkan, banyak, informasi, dari, aplikasi, ini",,wow,False,wow keren banget bisa mendapatkan banyak informasi dari aplikasi ini
233,233,233,,,-1.0,,1.0,"Uninstall, mau baca aja disuruh langganan. Masih ada situs berita online yang gratis.",,False,id,False,"mau, baca, aja, disuruh, langganan, masih, ada, situs, berita, yang, gratis",,"uninstall, online",False,uninstall mau baca aja disuruh langganan masih ada situs berita online yang gratis
234,234,234,,,,,3.0,Kompas Id mantap. Semoga lebih ditingkatkan lagi untuk fiturnya.,,False,id,False,"mantap, semoga, lebih, ditingkatkan, lagi, untuk, fiturnya",,"kompas, id",False,kompas id mantap semoga lebih ditingkatkan lagi untuk fiturnya
235,235,235,1.0,0.0,,,4.0,"Tampilan sangat enak dibaca, hanya saja mesin pencarian berita bisa lebih baik. Tidak ada filter untuk mengetahui berita paling populer/terbaru.",,False,id,False,"tampilan, sangat, enak, dibaca, hanya, saja, mesin, pencarian, berita, bisa, lebih, baik, tidak, ada, untuk, mengetahui, berita, paling, populer, terbaru",,filter,False,tampilan sangat enak dibaca hanya saja mesin pencarian berita bisa lebih baik tidak ada filter untuk mengetahui berita paling populerterbaru
236,236,236,,,,,5.0,Melihat membaca dan mendengarkan acara di Kompas dengan baik.,,False,id,False,"melihat, membaca, dan, mendengarkan, acara, dengan, baik",,"di, kompas",False,melihat membaca dan mendengarkan acara di kompas dengan baik
237,237,237,,,1.0,,5.0,Bisa baca berita tanpa diganggu iklan,,False,id,False,"bisa, baca, berita, tanpa, diganggu, iklan",,,False,bisa baca berita tanpa diganggu iklan
238,238,238,,,,1.0,5.0,sangat bermanfaat... semoga berita update terus setiap saat..,,False,id,False,"sangat, bermanfaat, semoga, berita, terus, setiap, saat",,update,False,sangat bermanfaat semoga berita update terus setiap saat
239,239,239,,,,1.0,5.0,"Kompas adalah media informasi terbaik menurut saya, saya membacanya sejak dari koran, sekarang online media, informasi terbaik mantap terpercaya.",,False,id,False,"adalah, informasi, terbaik, menurut, saya, saya, membacanya, sejak, dari, koran, sekarang, informasi, terbaik, mantap, terpercaya",,"kompas, media, online, media",False,kompas adalah media informasi terbaik menurut saya saya membacanya sejak dari koran sekarang online media informasi terbaik mantap terpercaya
240,240,240,,,,,5.0,*KOMPAS* sekarang bisa ketemui lewat kang _ANDROID_ digunung gunung terima kasih KOMPAS,,False,id,False,"sekarang, bisa, lewat, kang, android, gunung, terima, kasih",,"kompas, ketemui, digunung, kompas",False,kompas sekarang bisa ketemui lewat kang _android_ digunung gunung terima kasih kompas
241,241,241,,,,1.0,5.0,Beritanya lengkap dan up to date,,False,id,True,"beritanya, lengkap, dan",date,"up, to",False,beritanya lengkap dan up to date
242,242,242,,,,1.0,5.0,Terpercaya dan terdepan dalam penyampaian berita.,,False,id,False,"terpercaya, dan, terdepan, dalam, penyampaian, berita",,,False,terpercaya dan terdepan dalam penyampaian berita
243,243,243,,,,1.0,5.0,Beritanya sangat akurat lugas & dg bahasanya sangat di pahami semua kalangan👍🏽,,False,id,False,"beritanya, sangat, akurat, lugas, bahasanya, sangat, pahami, semua, kalangan",,"dg, di",False,beritanya sangat akurat lugas  dg bahasanya sangat di pahami semua kalangan
244,244,244,,,,1.0,4.0,keren mudah dimengerti bahasa beritanya,,False,id,False,"keren, mudah, dimengerti, bahasa, beritanya",,,False,keren mudah dimengerti bahasa beritanya
245,245,245,,,,1.0,3.0,Memnberikan informasi cepat dan akurat,,False,id,False,"informasi, cepat, dan, akurat",,memnberikan,False,memnberikan informasi cepat dan akurat
246,246,246,,,-1.0,,1.0,Mau berlangganan tapi mekanisme pembayarannya kurang lancar,,False,id,False,"mau, berlangganan, tapi, mekanisme, pembayarannya, kurang, lancar",,,False,mau berlangganan tapi mekanisme pembayarannya kurang lancar
247,247,247,,,,1.0,5.0,bagus . beritanya aktual . semoga makin sukses . 👍,,False,id,False,"bagus, beritanya, aktual, semoga, makin, sukses",,,False,bagus  beritanya aktual  semoga makin sukses  
248,248,248,,,,,5.0,"Aplikasi nya bagus, tidak ada masalah dan sangat lancar saat digunakan.",1.0,False,id,False,"aplikasi, nya, bagus, tidak, ada, masalah, dan, sangat, lancar, saat, digunakan",,,False,aplikasi nya bagus tidak ada masalah dan sangat lancar saat digunakan
249,249,249,,,1.0,1.0,5.0,"Keren bgt Kompas, sering2 promo langganan. Suka dgn berita2 ulasan yg lengkap dan detail",,False,id,False,"keren, bgt, sering, promo, langganan, suka, dgn, berita, ulasan, lengkap, dan",,"kompas, yg, detail",False,keren bgt kompas sering2 promo langganan suka dgn berita2 ulasan yg lengkap dan detail
250,250,250,,,,1.0,5.0,menarik dan memperkaya wawasan semoga tetap independent kompas,,False,id,True,"menarik, dan, memperkaya, wawasan, semoga, tetap",independent,kompas,False,menarik dan memperkaya wawasan semoga tetap independent kompas
251,251,251,,,-1.0,,1.0,"Kenapa bayar utk membaca, ngak mampu ya",,False,id,False,"kenapa, bayar, utk, membaca, ngak, mampu",,ya,False,kenapa bayar utk membaca ngak mampu ya
252,252,252,,,,,5.0,Ampliksai ini pasang saja saya beri reting bintang lima Amplikasi,,False,id,False,"ini, pasang, saja, saya, beri, bintang, lima",,"ampliksai, reting, amplikasi",False,ampliksai ini pasang saja saya beri reting bintang lima amplikasi
253,253,253,,,,1.0,5.0,berita yg sangat uptudate dan independen,,False,id,False,"berita, sangat, dan, independen",,"yg, uptudate",False,berita yg sangat uptudate dan independen
254,254,254,,,,,5.0,"Untuk Developer Harian Kompas. Kompas.id : Baca Berita Lengkap Sangat Bermanfaat, Terus Tingkatkan Fitur Dan Kualitas Di Dalam Aplikasi.",,False,id,True,"untuk, harian, baca, berita, lengkap, sangat, bermanfaat, terus, tingkatkan, fitur, dan, kualitas, dalam, aplikasi",developer,"kompas, kompas, id, di",False,untuk developer harian kompas kompasid  baca berita lengkap sangat bermanfaat terus tingkatkan fitur dan kualitas di dalam aplikasi
255,255,255,,,,,1.0,saya sudah bayar berlangganan tetapi tidak bisa akses,-1.0,False,id,False,"saya, sudah, bayar, berlangganan, tetapi, tidak, bisa, akses",,,False,saya sudah bayar berlangganan tetapi tidak bisa akses
256,256,256,,-1.0,,,1.0,Masak pencarian berita nggak urut dari yang terbaru,,False,id,False,"masak, pencarian, berita, nggak, urut, dari, yang, terbaru",,,False,masak pencarian berita nggak urut dari yang terbaru
257,257,257,,,,,5.0,Alhamdu Lillah Semoga Mengerti Aamiiin,,False,id,False,"semoga, mengerti",,"alhamdu, lillah, aamiiin",False,alhamdu lillah semoga mengerti aamiiin
258,258,258,,,,,2.0,"Ga usah pake pake email dan kata sandi boss...saya baru, kalo pake ginian lebih baik keluar maaaff",-1.0,False,id,False,"ga, usah, pake, pake, dan, kata, sandi, saya, baru, kalo, pake, lebih, baik, keluar",,"email, boss, ginian, maaaff",False,ga usah pake pake email dan kata sandi bosssaya baru kalo pake ginian lebih baik keluar maaaff
259,259,259,,,,1.0,5.0,"GOOD Apps, ada e paper yg 100 % sama dgn koran fisik, dan info² ter update",,False,id,True,"ada, sama, dgn, koran, fisik, dan, ter","good, paper","apps, e, yg, info, update",False,good apps ada e paper yg 100  sama dgn koran fisik dan info² ter update
260,260,260,,,-1.0,,1.0,"mau baca cerpen karya sastra aja harus berlangganan, makin terbatas ya sekarang",,False,id,False,"mau, baca, cerpen, karya, sastra, aja, harus, berlangganan, makin, terbatas, sekarang",,ya,False,mau baca cerpen karya sastra aja harus berlangganan makin terbatas ya sekarang
261,261,261,,,,1.0,5.0,"Saya adalah pelanggan setia Kompas.id, bagus beritanya",,False,id,False,"saya, adalah, pelanggan, setia, bagus, beritanya",,"kompas, id",False,saya adalah pelanggan setia kompasid bagus beritanya
262,262,262,,,-1.0,,4.0,Harus mbayar user gratisan jangan download,,False,id,True,"harus, gratisan, jangan",user,"mbayar, download",False,harus mbayar user gratisan jangan download
263,263,263,,,,1.0,4.0,Aplikasi ini sangat penting dalam proses mengikuti perkembangan informasi nasional,,False,id,False,"aplikasi, ini, sangat, penting, dalam, proses, mengikuti, perkembangan, informasi, nasional",,,False,aplikasi ini sangat penting dalam proses mengikuti perkembangan informasi nasional
264,264,264,,,,1.0,5.0,"Kerenn,,bisa dpt berita setiap hari lewat kompas gak perlu beli koran",,False,id,False,"bisa, dpt, berita, setiap, hari, lewat, gak, perlu, beli, koran",,"kerenn, kompas",False,kerennbisa dpt berita setiap hari lewat kompas gak perlu beli koran
265,265,265,1.0,,,1.0,5.0,ulasan kompas sangat enak dibaca dan dicerna. tampilan digital menarik dan e-paper nya selayaknya baca koran kompas spt dulu.,,False,id,True,"ulasan, sangat, enak, dibaca, dan, dicerna, tampilan, menarik, dan, nya, selayaknya, baca, koran, spt, dulu",e-paper,"kompas, digital, kompas",False,ulasan kompas sangat enak dibaca dan dicerna tampilan digital menarik dan epaper nya selayaknya baca koran kompas spt dulu
266,266,266,,,0.0,,1.0,Kasih free trial kek 3 hari minimal biar ngerasain suka atau enggaknya dengan app-nya,,False,id,True,"kasih, kek, hari, minimal, biar, ngerasain, suka, atau, dengan, app-nya","free, trial",enggaknya,False,kasih free trial kek 3 hari minimal biar ngerasain suka atau enggaknya dengan appnya
267,267,267,,,,1.0,5.0,"Berita Update, penulisan & penyampaian terukur serta terarah..recommended u/ berlangganan berita era digital saat ini",,False,id,True,"berita, penulisan, penyampaian, terukur, serta, terarah, berlangganan, berita, saat, ini",recommended,"update, u, era, digital",False,berita update penulisan  penyampaian terukur serta terarahrecommended u berlangganan berita era digital saat ini
268,268,268,,,,1.0,5.0,Ini bagus banget. Bagus untuk kita menambah wawasan pengetahuan kita,,False,id,False,"ini, bagus, banget, bagus, untuk, kita, menambah, wawasan, pengetahuan, kita",,,False,ini bagus banget bagus untuk kita menambah wawasan pengetahuan kita
269,269,269,,,,1.0,5.0,banyak ilmu yang bermanfaat. terima kasih Kompas,,False,id,False,"banyak, ilmu, yang, bermanfaat, terima, kasih",,kompas,False,banyak ilmu yang bermanfaat terima kasih kompas
270,270,270,,,,,5.0,"Bacaan dari usia SMA, blm tergantikan",,False,id,False,"bacaan, dari, usia, sma, tergantikan",,blm,False,bacaan dari usia sma blm tergantikan
271,271,271,,,,,5.0,Kompas selalu menjadi pilihan utama,,False,id,False,"selalu, menjadi, pilihan, utama",,kompas,False,kompas selalu menjadi pilihan utama
272,272,272,,,,,5.0,Terimakasih untuk segala pengalaman yang telah jauh membawa saya dalam pengajaran,,False,id,False,"terimakasih, untuk, segala, pengalaman, yang, telah, jauh, membawa, saya, dalam, pengajaran",,,False,terimakasih untuk segala pengalaman yang telah jauh membawa saya dalam pengajaran
273,273,273,,,,,5.0,Satu kata utk Kompas.id: keren,,False,id,False,"satu, kata, utk, keren",,"kompas, id",False,satu kata utk kompasid keren
274,274,274,,,,1.0,5.0,"Apapun medianya, Kompas masih bisa disebut salah satu barometer jurnalik Indonesia, selamat.",,False,id,False,"apapun, masih, bisa, disebut, salah, satu, indonesia, selamat",,"medianya, kompas, barometer, jurnalik",False,apapun medianya kompas masih bisa disebut salah satu barometer jurnalik indonesia selamat
275,275,275,,,,,1.0,Tidak bisa bantu ya buka,,False,id,False,"tidak, bisa, bantu, buka",,ya,False,tidak bisa bantu ya buka
276,276,276,,,,1.0,5.0,berita dan featurenya bagus dan mendalam. sering muncul berita investigasi yg mendalam dan berbeda dari lainnya. benar2 jurnalisme berkualitas.,,False,id,False,"berita, dan, bagus, dan, mendalam, sering, muncul, berita, investigasi, mendalam, dan, berbeda, dari, lainnya, benar, jurnalisme, berkualitas",,"featurenya, yg",False,berita dan featurenya bagus dan mendalam sering muncul berita investigasi yg mendalam dan berbeda dari lainnya benar2 jurnalisme berkualitas
277,277,277,,,,1.0,5.0,"Memperoleh informasi terbaru, dapat dipercaya dan semua aspek kehidupan dengan mudah.",,False,id,False,"memperoleh, informasi, terbaru, dapat, dipercaya, dan, semua, aspek, kehidupan, dengan, mudah",,,False,memperoleh informasi terbaru dapat dipercaya dan semua aspek kehidupan dengan mudah
278,278,278,,,,1.0,4.0,Beritanya selaku aktual sesuai facta,,False,id,False,"beritanya, selaku, aktual, sesuai",,facta,False,beritanya selaku aktual sesuai facta
279,279,279,,,,,5.0,Ingin gabung sebagai pembawa perubahan untuk berita-berita bermanfaat.,,False,id,False,"ingin, gabung, sebagai, pembawa, perubahan, untuk, berita-berita, bermanfaat",,,False,ingin gabung sebagai pembawa perubahan untuk beritaberita bermanfaat
280,280,280,,,,,5.0,tetap menjunjung tinggi kerahasiaan data pribadi,,False,id,False,"tetap, menjunjung, tinggi, kerahasiaan, pribadi",,data,False,tetap menjunjung tinggi kerahasiaan data pribadi
281,281,281,,,,,5.0,Keluhan langsung ditindak lanjuti.. mantap 👍,1.0,False,id,False,"keluhan, langsung, ditindak, lanjuti, mantap",,,False,keluhan langsung ditindak lanjuti mantap 
282,282,282,,,,1.0,5.0,"saatnya baca berita yg akurat, terpercaya,..",,False,id,False,"saatnya, baca, berita, akurat, terpercaya",,yg,False,saatnya baca berita yg akurat terpercaya
283,283,283,,,,1.0,4.0,"ok bagus berita nya,,, lanjutkan saja,,,siiip..josss",,False,id,False,"bagus, berita, nya, lanjutkan, saja",,"ok, siiip, josss",False,ok bagus berita nya lanjutkan sajasiiipjosss
284,284,284,,,,,3.0,Kito cobo mace kak berita sape tau ade paeda ee,,False,id,False,"kito, kak, berita, sape, tau, ade",,"cobo, mace, paeda, ee",False,kito cobo mace kak berita sape tau ade paeda ee
285,285,285,,,,1.0,5.0,"Mendalam, berimbang, dan mendudukan persoalan untuk mendapatkan solusi tanpa menghakimi pihak2 yg menciptakan persoalan.",,False,id,False,"mendalam, berimbang, dan, persoalan, untuk, mendapatkan, solusi, tanpa, menghakimi, pihak, menciptakan, persoalan",,"mendudukan, yg",False,mendalam berimbang dan mendudukan persoalan untuk mendapatkan solusi tanpa menghakimi pihak2 yg menciptakan persoalan
286,286,286,,,,1.0,5.0,Wawasan makin bertambah klo baca Kompas,,False,id,False,"wawasan, makin, bertambah, klo, baca",,kompas,False,wawasan makin bertambah klo baca kompas
287,287,287,,,,1.0,5.0,Ter..update dan bisa dipercaya dr zaman koran ya nice,,False,id,True,"ter, dan, bisa, dipercaya, zaman, koran",nice,"update, dr, ya",False,terupdate dan bisa dipercaya dr zaman koran ya nice
288,288,288,,,,,5.0,Google the best mohon bantuan agar lancar,,False,en,True,"mohon, bantuan, agar, lancar","the, best",google,False,google the best mohon bantuan agar lancar
289,289,289,,,,1.0,5.0,Memang kt.perlu angkat jempol buat Kompas berita yg akurat dan terukur..selamat buat Koompas ya?,,False,id,False,"memang, perlu, angkat, jempol, buat, berita, akurat, dan, terukur, selamat, buat",,"kt, kompas, yg, koompas, ya",False,memang ktperlu angkat jempol buat kompas berita yg akurat dan terukurselamat buat koompas ya
290,290,290,,,,1.0,4.0,"Beritanya tersajih lebih lengkap,saran kalau bisa sertakan video pendeknya",,False,id,False,"beritanya, lebih, lengkap, saran, kalau, bisa, sertakan, pendeknya",,"tersajih, video",False,beritanya tersajih lebih lengkapsaran kalau bisa sertakan video pendeknya
291,291,291,,,,,4.0,udah bagus... perlu lebih di sempurnakan.,,False,id,False,"udah, bagus, perlu, lebih, sempurnakan",,di,False,udah bagus perlu lebih di sempurnakan
292,292,292,,,,,5.0,Saya kasi bintang 5 👍,,False,tl,False,"saya, kasi, bintang",,,False,saya kasi bintang 5 
293,293,293,,,,,5.0,apk nya bagus banget sampe mau kayang,,False,tl,False,"apk, nya, bagus, banget, sampe, mau",,kayang,False,apk nya bagus banget sampe mau kayang
294,294,294,,,,1.0,5.0,"Puas, dg isi berita terpercaya",,False,id,False,"puas, isi, berita, terpercaya",,dg,False,puas dg isi berita terpercaya
295,295,295,,,-1.0,,1.0,Berbayar mending baca di tempat lain,,False,id,False,"berbayar, mending, baca, tempat, lain",,di,False,berbayar mending baca di tempat lain
296,296,296,,,,1.0,5.0,"Mendapatkan informasi yg lengkap setiap pagi dari politik, ekonomi, olah raga dan apa yg menjadi issue yg terbaru.",,False,id,True,"mendapatkan, informasi, lengkap, setiap, pagi, dari, politik, ekonomi, olah, raga, dan, apa, menjadi, terbaru",issue,"yg, yg, yg",False,mendapatkan informasi yg lengkap setiap pagi dari politik ekonomi olah raga dan apa yg menjadi issue yg terbaru
297,297,297,,,,1.0,5.0,"Berita nya akurat, enak dibaca",,False,id,False,"berita, nya, akurat, enak, dibaca",,,False,berita nya akurat enak dibaca
298,298,298,,,,,5.0,iaaa bagus agar tau berita lewat kompas,,False,id,False,"bagus, agar, tau, berita, lewat",,"iaaa, kompas",False,iaaa bagus agar tau berita lewat kompas
299,299,299,,,,0.0,5.0,ditambah lagi dong ulasan berita daerah Jawa Tengah.,,False,id,False,"ditambah, lagi, dong, ulasan, berita, daerah, jawa, tengah",,,False,ditambah lagi dong ulasan berita daerah jawa tengah
300,300,300,,,,,4.0,coba dulu. Bagus no uninstal dan tamba bintang.,,False,id,False,"coba, dulu, bagus, dan, bintang",,"no, uninstal, tamba",False,coba dulu bagus no uninstal dan tamba bintang
301,301,301,,,-1.0,,1.0,"baca berita aja bayar harus langganan, gimana mau pintar masyarakatnya",,False,id,False,"baca, berita, aja, bayar, harus, langganan, gimana, mau, pintar, masyarakatnya",,,False,baca berita aja bayar harus langganan gimana mau pintar masyarakatnya
302,302,302,,,,,5.0,"karena sy seneng baca berita,jd ya mantap bngt ini apl,ga bakal kètinggalan informasi👍",,False,id,True,"karena, seneng, baca, berita, mantap, ini, ga, bakal, informasi",apl,"sy, jd, ya, bngt, kètinggalan",False,karena sy seneng baca beritajd ya mantap bngt ini aplga bakal kètinggalan informasi
303,303,303,,,-1.0,,1.0,"Mau baca berita aja berbayar??? Lebih baik cari cara lain,di internet sekarang banyak cara dan gak bayar.",,False,id,False,"mau, baca, berita, aja, berbayar, lebih, baik, cari, cara, lain, sekarang, banyak, cara, dan, gak, bayar",,"di, internet",False,mau baca berita aja berbayar lebih baik cari cara laindi internet sekarang banyak cara dan gak bayar
304,304,304,,,,,5.0,Sangat membantu aktivitas kami. thanks,,False,id,True,"sangat, membantu, aktivitas, kami",thanks,,False,sangat membantu aktivitas kami thanks
305,305,305,,,,,5.0,Tetaplah menjadi media yang netral (tidak memihak) dan profesional.,,False,id,False,"tetaplah, menjadi, yang, netral, tidak, memihak, dan, profesional",,media,False,tetaplah menjadi media yang netral tidak memihak dan profesional
306,306,306,,,,,5.0,Kompas.id.baca Berita lengkap.:Amplikasi yang seperti ini saya pasang Amplikasi ini saya beri reting bintang lima,,False,id,False,"baca, berita, lengkap, yang, seperti, ini, saya, pasang, ini, saya, beri, bintang, lima",,"kompas, id, amplikasi, amplikasi, reting",False,kompasidbaca berita lengkapamplikasi yang seperti ini saya pasang amplikasi ini saya beri reting bintang lima
307,307,307,,-1.0,,,2.0,Percuma ada aplikasi kalo mau baca masih dilempar ke browser webview,,False,id,False,"percuma, ada, aplikasi, kalo, mau, baca, masih, dilempar",,"ke, browser, webview",False,percuma ada aplikasi kalo mau baca masih dilempar ke browser webview
308,308,308,,,,1.0,5.0,"berita update. ulasan berimbang, dapat dipercaya, dan memperkaya wawasan. bukan sekadar clickbait. bahasanya pun bagus.",,False,id,True,"berita, ulasan, berimbang, dapat, dipercaya, dan, memperkaya, wawasan, bukan, sekadar, bahasanya, pun, bagus",clickbait,update,False,berita update ulasan berimbang dapat dipercaya dan memperkaya wawasan bukan sekadar clickbait bahasanya pun bagus
309,309,309,,,-1.0,,1.0,"Saya unisntal aplikas kompas... banyak aplikasi lain yg gk mintak berlangganan baca artikelnya ...seperti detik, republika dll.",,False,id,False,"saya, banyak, aplikasi, lain, berlangganan, baca, artikelnya, seperti, detik, republika, dll",,"unisntal, aplikas, kompas, yg, gk, mintak",False,saya unisntal aplikas kompas banyak aplikasi lain yg gk mintak berlangganan baca artikelnya seperti detik republika dll
310,310,310,,,,1.0,5.0,beritanya sangat aktual dan terpercaya,,False,id,False,"beritanya, sangat, aktual, dan, terpercaya",,,False,beritanya sangat aktual dan terpercaya
311,311,311,,,,-1.0,4.0,"Baik juga, cuman beritanya kurang akurat..",,False,id,False,"baik, juga, cuman, beritanya, kurang, akurat",,,False,baik juga cuman beritanya kurang akurat
312,312,312,,,,,5.0,"Pimpinan kompas, almarhum bp yacob utama sgt tinggi perhatian kpd karyawannya, sy kagum kepadanys",,False,id,False,"pimpinan, almarhum, utama, tinggi, perhatian, kpd, karyawannya, kagum",,"kompas, bp, yacob, sgt, sy, kepadanys",False,pimpinan kompas almarhum bp yacob utama sgt tinggi perhatian kpd karyawannya sy kagum kepadanys
313,313,313,,,,-1.0,1.0,Jadi ini ya media nasional sialan itu yg suka blackcampaign pak anies,,False,id,False,"jadi, ini, nasional, sialan, itu, suka, pak, anies",,"ya, media, yg, blackcampaign",False,jadi ini ya media nasional sialan itu yg suka blackcampaign pak anies
314,314,314,,,,1.0,5.0,Bagus banget rekemond buat baca koran and apknya gratis topo deh buat kompas.id👍,,False,id,True,"bagus, banget, buat, baca, koran, gratis, deh, buat",and,"rekemond, apknya, topo, kompas, id",False,bagus banget rekemond buat baca koran and apknya gratis topo deh buat kompasid
315,315,315,,,,-1.0,1.0,KOMPAS Punya dendam apaan ama pak Anis,,False,id,False,"punya, dendam, apaan, ama, pak, anis",,kompas,False,kompas punya dendam apaan ama pak anis
316,316,316,,,,-1.0,1.0,Parah sih kompas. Gak nyambung antara foto sama beritanya. Bawa ke Dewan Pers aja pak.,,False,id,False,"parah, sih, gak, nyambung, antara, foto, sama, beritanya, bawa, dewan, pers, aja, pak",,"kompas, ke",False,parah sih kompas gak nyambung antara foto sama beritanya bawa ke dewan pers aja pak
317,317,317,,,,,1.0,Pengen kasih bintang 1 aja boleh kan,,False,id,False,"pengen, kasih, bintang, aja, boleh, kan",,,False,pengen kasih bintang 1 aja boleh kan
318,318,318,,,,1.0,5.0,Merawat jurnalisme dengan pemberitaan yang berkualitas.,,False,id,False,"merawat, jurnalisme, dengan, pemberitaan, yang, berkualitas",,,False,merawat jurnalisme dengan pemberitaan yang berkualitas
319,319,319,,,,1.0,5.0,"Yaaxchaa kalau cari berita yang terhangat dan terpercaya disini ni , Aplikasi ini tempatnya,",,False,id,False,"kalau, cari, berita, yang, terhangat, dan, terpercaya, disini, aplikasi, ini, tempatnya",,"yaaxchaa, ni",False,yaaxchaa kalau cari berita yang terhangat dan terpercaya disini ni  aplikasi ini tempatnya
320,320,320,,,,1.0,5.0,keren aplikasinya. baca berita nya lengkap,,False,id,False,"keren, aplikasinya, baca, berita, nya, lengkap",,,False,keren aplikasinya baca berita nya lengkap
321,321,321,,,,1.0,5.0,"Mantap Kompas, selalu berinovasi. Konten berkualitas terus semakin mudah diakses!",,False,id,False,"mantap, selalu, berinovasi, konten, berkualitas, terus, semakin, mudah, diakses",,kompas,False,mantap kompas selalu berinovasi konten berkualitas terus semakin mudah diakses
322,322,322,,,,,5.0,"Aplikasi bagus, meskipun kadang kadang saat memperpanjang langganan, kadang kadang ada masalah, sehingga harus menghubungi Costumer Service",,False,id,True,"aplikasi, bagus, meskipun, kadang, kadang, saat, memperpanjang, langganan, kadang, kadang, ada, masalah, sehingga, harus, menghubungi",service,costumer,False,aplikasi bagus meskipun kadang kadang saat memperpanjang langganan kadang kadang ada masalah sehingga harus menghubungi costumer service
323,323,323,,,,1.0,5.0,Masya allah aplikasinya bagus untuk pembaca berita dan terjamin kualitasnya insya allah,,False,id,False,"masya, allah, aplikasinya, bagus, untuk, pembaca, berita, dan, terjamin, kualitasnya, insya, allah",,,False,masya allah aplikasinya bagus untuk pembaca berita dan terjamin kualitasnya insya allah
324,324,324,,,,1.0,5.0,Lebih lengkap dan lebih informatif,,False,id,False,"lebih, lengkap, dan, lebih, informatif",,,False,lebih lengkap dan lebih informatif
325,325,325,,,,,3.0,Saya suka dengan Harian Kompas,,False,id,False,"saya, suka, dengan, harian",,kompas,False,saya suka dengan harian kompas
326,326,326,,,,1.0,5.0,Semakin update dg berita terkini.,,False,id,False,"semakin, berita, terkini",,"update, dg",False,semakin update dg berita terkini
327,327,327,,,,1.0,5.0,"Memang beda, konsisten menyajikan fakta dan data. Thanks",,False,id,True,"memang, beda, konsisten, menyajikan, fakta, dan",thanks,data,False,memang beda konsisten menyajikan fakta dan data thanks
328,328,328,,,,1.0,5.0,Kompas berita independen teraktual dan profesional,,False,id,False,"berita, independen, dan, profesional",,"kompas, teraktual",False,kompas berita independen teraktual dan profesional
329,329,329,,,,,5.0,Kompas. Id untuk tahu berita yang menarik. Selengkapnya saya baca Koran Kompas yang mana kami sudah berlangganan sejak 1973. Terimakasih.,,False,id,False,"untuk, tahu, berita, yang, menarik, selengkapnya, saya, baca, koran, yang, mana, kami, sudah, berlangganan, sejak, terimakasih",,"kompas, id, kompas",False,kompas id untuk tahu berita yang menarik selengkapnya saya baca koran kompas yang mana kami sudah berlangganan sejak 1973 terimakasih
330,330,330,,,,1.0,5.0,inisangat membantu sy trutama mendptkan berita ygup tothat.sysangat butuhdhn beritaataunews ygterbaru jelasnarasumbernya dandpt dipercaya.,,False,id,False,"membantu, berita, dipercaya",,"inisangat, sy, trutama, mendptkan, ygup, tothat, sysangat, butuhdhn, beritaataunews, ygterbaru, jelasnarasumbernya, dandpt",False,inisangat membantu sy trutama mendptkan berita ygup tothatsysangat butuhdhn beritaataunews ygterbaru jelasnarasumbernya dandpt dipercaya
331,331,331,,,,,4.0,"Sudah pilih opsi berlangganan, sudah konfirmasi berlangganan, tapi di aplikasi masih belum berlangganan.",-1.0,False,id,False,"sudah, pilih, opsi, berlangganan, sudah, konfirmasi, berlangganan, tapi, aplikasi, masih, belum, berlangganan",,di,False,sudah pilih opsi berlangganan sudah konfirmasi berlangganan tapi di aplikasi masih belum berlangganan
332,332,332,,,,,5.0,"Syam sul bahrieon,,alham Dulilah terimakasih",,False,id,False,"syam, sul, terimakasih",,"bahrieon, alham, dulilah",False,syam sul bahrieonalham dulilah terimakasih
333,333,333,,,,0.0,4.0,Cukup baik berita nya namun tingkatkan lagi yg lebih update 😊,,False,id,False,"cukup, baik, berita, nya, namun, tingkatkan, lagi, lebih",,"yg, update",False,cukup baik berita nya namun tingkatkan lagi yg lebih update 
334,334,334,,,,1.0,5.0,Untk mengetahui berita2 terpenting dalam kehidupan sehari-hari dan juga bisa digunakan sebagai alat bantu.,,False,id,False,"untk, mengetahui, berita, terpenting, dalam, kehidupan, sehari-hari, dan, juga, bisa, digunakan, sebagai, alat, bantu",,,False,untk mengetahui berita2 terpenting dalam kehidupan seharihari dan juga bisa digunakan sebagai alat bantu
335,335,335,,,,-1.0,1.0,"Berita nya gak update apalagi tentang club sepakbola. Tidak ada update transfer pemain, isu transfer.",,False,id,True,"berita, nya, gak, apalagi, tentang, sepakbola, tidak, ada, pemain, isu",club,"update, update, transfer, transfer",False,berita nya gak update apalagi tentang club sepakbola tidak ada update transfer pemain isu transfer
336,336,336,,,,1.0,5.0,Aplikasi ini bisa menjadi referensi untuk baca berita dari Indonesia lho!,,False,id,False,"aplikasi, ini, bisa, menjadi, referensi, untuk, baca, berita, dari, indonesia, lho",,,False,aplikasi ini bisa menjadi referensi untuk baca berita dari indonesia lho
337,337,337,,,,1.0,5.0,Aplikasi mudah digunakan dan isi berita update terpercaya,,False,id,False,"aplikasi, mudah, digunakan, dan, isi, berita, terpercaya",,update,False,aplikasi mudah digunakan dan isi berita update terpercaya
338,338,338,,,,,1.0,Sudah berlangganan berbayar. Tapi fitur premium tidak aktif. Tolong diberesin dong. Ada bugs di aplikasi.,-1.0,False,id,True,"sudah, berlangganan, berbayar, tapi, fitur, tidak, aktif, tolong, dong, ada, aplikasi",bugs,"premium, diberesin, di",False,sudah berlangganan berbayar tapi fitur premium tidak aktif tolong diberesin dong ada bugs di aplikasi
339,339,339,,,,,1.0,Teramat sangat tidak memuaskan sekali,,False,id,False,"teramat, sangat, tidak, memuaskan, sekali",,,False,teramat sangat tidak memuaskan sekali
340,340,340,,0.0,-1.0,,1.0,"harus bayar, tidak ada versi trial. kita mau baca berita offline",,False,id,True,"harus, bayar, tidak, ada, versi, kita, mau, baca, berita",trial,offline,False,harus bayar tidak ada versi trial kita mau baca berita offline
341,341,341,,,,,1.0,Sangat baik dimana kita berada bisa ngikutin berita,,False,id,False,"sangat, baik, dimana, kita, berada, bisa, ngikutin, berita",,,False,sangat baik dimana kita berada bisa ngikutin berita
342,342,342,-1.0,,-1.0,,1.0,Webnya full iklan. Jijik lihatnya. Cari duit ampe begitunya amat. Tolol tim kalian.,,False,id,True,"webnya, iklan, jijik, cari, duit, ampe, amat, tolol, tim, kalian",full,"lihatnya, begitunya",False,webnya full iklan jijik lihatnya cari duit ampe begitunya amat tolol tim kalian
343,343,343,,,,,2.0,Daftar akun kompas.id langsung di spam promo investasi dong nomer WA kuh?kok bisa?,,False,id,False,"daftar, akun, langsung, promo, investasi, dong, nomer, kuh, kok, bisa",,"kompas, id, di, spam, wa",False,daftar akun kompasid langsung di spam promo investasi dong nomer wa kuhkok bisa
344,344,344,-1.0,,,,1.0,Ribet bacanya. Krng praktis tata letak dlm setiap rubrik,,False,id,False,"ribet, bacanya, praktis, tata, letak, dlm, setiap, rubrik",,krng,False,ribet bacanya krng praktis tata letak dlm setiap rubrik
345,345,345,,,,,5.0,Seperti membaca koran Kompas sesungguhnya....,,False,id,False,"seperti, membaca, koran, sesungguhnya",,kompas,False,seperti membaca koran kompas sesungguhnya
346,346,346,,,,,5.0,Baca ungkapan kompas.id jadi saya senang untuk melihatnya terima kasih kompas.id,,False,id,False,"baca, ungkapan, jadi, saya, senang, untuk, melihatnya, terima, kasih",,"kompas, id, kompas, id",False,baca ungkapan kompasid jadi saya senang untuk melihatnya terima kasih kompasid
347,347,347,,,,1.0,4.0,"Beritanya akurat, sederhana dan jelas",,False,id,False,"beritanya, akurat, sederhana, dan, jelas",,,False,beritanya akurat sederhana dan jelas
348,348,348,1.0,,,,5.0,"Kompatibel dan mudah digunakan, perlu ditingkatkan terus.",,False,id,False,"kompatibel, dan, mudah, digunakan, perlu, ditingkatkan, terus",,,False,kompatibel dan mudah digunakan perlu ditingkatkan terus
349,349,349,,,,1.0,5.0,Paling ditunggu kompas minggu cerpen dan TTS ya yg sangat menghibur..,,False,id,False,"paling, ditunggu, minggu, cerpen, dan, tts, sangat, menghibur",,"kompas, ya, yg",False,paling ditunggu kompas minggu cerpen dan tts ya yg sangat menghibur
350,350,350,,,,,5.0,"Sangat membantu dalam membaca koran Kompas, tanpa harus membeli koran fisik",,False,id,False,"sangat, membantu, dalam, membaca, koran, tanpa, harus, membeli, koran, fisik",,kompas,False,sangat membantu dalam membaca koran kompas tanpa harus membeli koran fisik
351,351,351,,,,,1.0,"Sudah berlangganan berbayar, tapi tetap tidak bisa akses fitur premiumnya. Customer service sulit dihubungi, respon sangat lambat.",-1.0,False,id,True,"sudah, berlangganan, berbayar, tapi, tetap, tidak, bisa, akses, fitur, sulit, dihubungi, respon, sangat, lambat","customer, service",premiumnya,False,sudah berlangganan berbayar tapi tetap tidak bisa akses fitur premiumnya customer service sulit dihubungi respon sangat lambat
352,352,352,,,,1.0,5.0,Saya percaya sajian2 Kompas yang profesional dan independen,,False,id,False,"saya, percaya, sajian, yang, profesional, dan, independen",,kompas,False,saya percaya sajian2 kompas yang profesional dan independen
353,353,353,,,,,3.0,Saya dari dulu selalu baca kompas,,False,id,False,"saya, dari, dulu, selalu, baca",,kompas,False,saya dari dulu selalu baca kompas
354,354,354,,,,,5.0,Mantap kompas slalu yg terbaik,,False,id,False,"mantap, slalu, terbaik",,"kompas, yg",False,mantap kompas slalu yg terbaik
355,355,355,,,,1.0,5.0,Saya suka membaca berita di aplikasi ini dan turut berlangganan. Koran Kompas memang mengusung jurnalisme berkualitas.,,False,id,False,"saya, suka, membaca, berita, aplikasi, ini, dan, turut, berlangganan, koran, memang, mengusung, jurnalisme, berkualitas",,"di, kompas",False,saya suka membaca berita di aplikasi ini dan turut berlangganan koran kompas memang mengusung jurnalisme berkualitas
356,356,356,,,,,5.0,Sangat bermanfaat dan bacaan setiap hari,,False,id,False,"sangat, bermanfaat, dan, bacaan, setiap, hari",,,False,sangat bermanfaat dan bacaan setiap hari
357,357,357,,,,,1.0,Gak bisa baca buku ketika mode android gelap,,False,id,False,"gak, bisa, baca, buku, ketika, android, gelap",,mode,False,gak bisa baca buku ketika mode android gelap
358,358,358,,,,1.0,5.0,Beritanya objektif dan seimbang .,,False,id,False,"beritanya, objektif, dan, seimbang",,,False,beritanya objektif dan seimbang 
359,359,359,,,,,1.0,"sdh brlangganan, gak bisa bca e paper. dan selalu diarahkan via ke google play. jelek😡",-1.0,False,id,True,"sdh, gak, bisa, bca, dan, selalu, diarahkan, jelek","paper, play","brlangganan, e, via, ke, google",False,sdh brlangganan gak bisa bca e paper dan selalu diarahkan via ke google play jelek
360,360,360,-1.0,,,,2.0,Kompas id gak bisa landscape ya?,,False,id,True,"gak, bisa",landscape,"kompas, id, ya",False,kompas id gak bisa landscape ya
361,361,361,,,,1.0,5.0,Kompas sangat penting untuk dibaca sintaksisnya apik.,,False,id,False,"sangat, penting, untuk, dibaca, apik",,"kompas, sintaksisnya",False,kompas sangat penting untuk dibaca sintaksisnya apik
362,362,362,,,,,5.0,"Sdh lbh 50th membaca Kompas cetak, di era IT stop berlangganan mngikuti kemajuan tekhnologi",,False,id,True,"sdh, lbh, membaca, cetak, berlangganan, kemajuan",stop,"th, kompas, di, era, it, mngikuti, tekhnologi",False,sdh lbh 50th membaca kompas cetak di era it stop berlangganan mngikuti kemajuan tekhnologi
363,363,363,,,,,1.0,koran digitalnya berbayar pdhl udah didownload tp ga bisa dibuka males bgt kalo hrs nonton iklan justru gpp,-1.0,False,id,True,"koran, berbayar, udah, didownload, ga, bisa, dibuka, bgt, kalo, nonton, iklan, justru, gpp",males,"digitalnya, pdhl, tp, hrs",False,koran digitalnya berbayar pdhl udah didownload tp ga bisa dibuka males bgt kalo hrs nonton iklan justru gpp
364,364,364,,,0.0,,5.0,Saran : harusnya buat paket Rp. 1000. Jadi enak buat test test dulu. Kalau sor baru..lanjut,,False,id,True,"saran, harusnya, buat, paket, jadi, enak, buat, dulu, kalau, baru, lanjut","test, test, sor",rp,False,saran  harusnya buat paket rp 1000 jadi enak buat test test dulu kalau sor barulanjut
365,365,365,,,,1.0,5.0,Sangat bagus dan bisa dipercaya,,False,id,False,"sangat, bagus, dan, bisa, dipercaya",,,False,sangat bagus dan bisa dipercaya
366,366,366,,-1.0,-1.0,,1.0,Saya jengkel dgn Kompas e paper. Saya mau berhenti saja setelah sejak 1967 langganan Kompas,,False,id,True,"saya, jengkel, dgn, saya, mau, berhenti, saja, setelah, sejak, langganan",paper,"kompas, e, kompas",False,saya jengkel dgn kompas e paper saya mau berhenti saja setelah sejak 1967 langganan kompas
367,367,367,,,,,4.0,KOMPAS MATA HATI KATA HATI,,False,sw,False,"mata, hati, kata, hati",,kompas,False,kompas mata hati kata hati
368,368,368,,,1.0,,5.0,"Bagus, Daripada langganan koran Kompas yang hardcopy lebih baik yang digital, Bisa dibawa dan dibaca dimana-mana 🙂...",,False,id,False,"bagus, daripada, langganan, koran, yang, lebih, baik, yang, bisa, dibawa, dan, dibaca, dimana-mana",,"kompas, hardcopy, digital",False,bagus daripada langganan koran kompas yang hardcopy lebih baik yang digital bisa dibawa dan dibaca dimanamana 
369,369,369,,,-1.0,,1.0,Saya tak suka aja aplikasi berita tapi berbayar 🙄,,False,id,False,"saya, tak, suka, aja, aplikasi, berita, tapi, berbayar",,,False,saya tak suka aja aplikasi berita tapi berbayar 
370,370,370,,,,,5.0,Terima kasih atas bantuan dan pertolongannya,,False,id,False,"terima, kasih, atas, bantuan, dan",,pertolongannya,False,terima kasih atas bantuan dan pertolongannya
371,371,371,,,,1.0,5.0,"Bagus, mendalam, dan terpercaya, cepat, represehtatif",,False,id,False,"bagus, mendalam, dan, terpercaya, cepat",,represehtatif,False,bagus mendalam dan terpercaya cepat represehtatif
372,372,372,,,,1.0,5.0,Banyak informasi baru yang up to date dan terpercaya sumbernya. Saya suka baca kompas sejak usia 12 tahun,,False,id,True,"banyak, informasi, baru, yang, dan, terpercaya, sumbernya, saya, suka, baca, sejak, usia, tahun",date,"up, to, kompas",False,banyak informasi baru yang up to date dan terpercaya sumbernya saya suka baca kompas sejak usia 12 tahun
373,373,373,,,,,1.0,Susah download walaupun kuota penuh... tapi saya merasa koneksi internet dan kuota saya mencukupi.. ini aneh... tujuan saya update..🙏,-1.0,False,id,False,"susah, walaupun, kuota, penuh, tapi, saya, merasa, koneksi, dan, kuota, saya, mencukupi, ini, aneh, tujuan, saya",,"download, internet, update",False,susah download walaupun kuota penuh tapi saya merasa koneksi internet dan kuota saya mencukupi ini aneh tujuan saya update
374,374,374,,,0.0,,1.0,Bagaimana cara berhenti berlangganan.... Ga ketemu caranya,,False,id,False,"bagaimana, cara, berhenti, berlangganan, ga, ketemu, caranya",,,False,bagaimana cara berhenti berlangganan ga ketemu caranya
375,375,375,,,,1.0,1.0,Akurat dlm pemberitsanx dan sangat di percaya,,False,id,False,"akurat, dlm, dan, sangat, percaya",,"pemberitsanx, di",False,akurat dlm pemberitsanx dan sangat di percaya
376,376,376,,,,,1.0,Sudah dilakukan pembayaran tapi status masih belum aktif. Kecewa dengan Kompas,-1.0,False,id,False,"sudah, dilakukan, pembayaran, tapi, masih, belum, aktif, kecewa, dengan",,"status, kompas",False,sudah dilakukan pembayaran tapi status masih belum aktif kecewa dengan kompas
377,377,377,,,,,5.0,Klu cari lowongan kerja dibagian apa?,,False,id,False,"klu, cari, lowongan, kerja, dibagian, apa",,,False,klu cari lowongan kerja dibagian apa
378,378,378,,,,1.0,5.0,Sangat membantu mendapatkan informasi dan tulisan yg mencerahkan,,False,id,False,"sangat, membantu, mendapatkan, informasi, dan, tulisan, mencerahkan",,yg,False,sangat membantu mendapatkan informasi dan tulisan yg mencerahkan
379,379,379,,,,,5.0,Selalu terdepan dalam kualitas untuk kepuasan pelanggan,,False,id,False,"selalu, terdepan, dalam, kualitas, untuk, kepuasan, pelanggan",,,False,selalu terdepan dalam kualitas untuk kepuasan pelanggan
380,380,380,,,,1.0,5.0,"Berita aktual dan terpercaya , kompas tetap yang terbaik , netralitas adalah kunci keadilan ,,,",,False,id,False,"berita, aktual, dan, terpercaya, tetap, yang, terbaik, netralitas, adalah, kunci, keadilan",,kompas,False,berita aktual dan terpercaya  kompas tetap yang terbaik  netralitas adalah kunci keadilan 
381,381,381,,,,,5.0,بسم الله الرحمن الرحيم Mengulas serta menyampaikan wacana dengan jernih.,,False,id,False,"الله, mengulas, serta, menyampaikan, wacana, dengan, jernih",,"بسم, الرحمن, الرحيم",False,بسم الله الرحمن الرحيم mengulas serta menyampaikan wacana dengan jernih
382,382,382,,,,-1.0,1.0,Khusus covid media knp memberi berita yg sll menyeramkan pdhl 95% covid bs sembuh dan kurang pemberitaan,,False,id,False,"khusus, knp, memberi, berita, menyeramkan, sembuh, dan, kurang, pemberitaan",,"covid, media, yg, sll, pdhl, covid, bs",False,khusus covid media knp memberi berita yg sll menyeramkan pdhl 95 covid bs sembuh dan kurang pemberitaan
383,383,383,,,,1.0,5.0,"Berita Lengkap, Ulasan dengan bahasa yg tinggi, ciri dari kompas tdk pernah berubah",,False,id,False,"berita, lengkap, ulasan, dengan, bahasa, tinggi, ciri, dari, tdk, pernah, berubah",,"yg, kompas",False,berita lengkap ulasan dengan bahasa yg tinggi ciri dari kompas tdk pernah berubah
384,384,384,,,,1.0,5.0,Informasi yg up to date hingga tidak termakan berita hoax,,False,id,True,"informasi, hingga, tidak, termakan, berita, hoax",date,"yg, up, to",False,informasi yg up to date hingga tidak termakan berita hoax
385,385,385,,,,1.0,5.0,Beritanya dari zaman dulu sampai sekarang dapat dipercayadan terkemuka,,False,id,False,"beritanya, dari, zaman, dulu, sampai, sekarang, dapat, terkemuka",,dipercayadan,False,beritanya dari zaman dulu sampai sekarang dapat dipercayadan terkemuka
386,386,386,,,,,5.0,Indonesia peta Indonesia malam 🌃 dan informasi kompas tv online streaming Sidoarjo Jawa timur Indonesia,,False,id,False,"indonesia, peta, indonesia, malam, dan, informasi, sidoarjo, jawa, timur, indonesia",,"kompas, tv, online, streaming",False,indonesia peta indonesia malam  dan informasi kompas tv online streaming sidoarjo jawa timur indonesia
387,387,387,,,,1.0,5.0,"Kompas menurut gue dah lama di Indonesia dan berbagai sumber berita akurat,terpercaya",,False,id,False,"menurut, gue, dah, lama, indonesia, dan, berbagai, sumber, berita, akurat, terpercaya",,"kompas, di",False,kompas menurut gue dah lama di indonesia dan berbagai sumber berita akuratterpercaya
388,388,388,,,,0.0,3.0,"Beritakan yg benar/ril bukan pencitraan, iklan jangan berlebihan",,False,id,False,"beritakan, benar, bukan, pencitraan, iklan, jangan, berlebihan",,"yg, ril",False,beritakan yg benarril bukan pencitraan iklan jangan berlebihan
389,389,389,,,,-1.0,1.0,Tidak bersikap netral sebagai pemberi berita. Beritanya hoak semua demi kepentingan pihak tertentu,,False,id,False,"tidak, bersikap, netral, sebagai, pemberi, berita, beritanya, semua, demi, kepentingan, pihak, tertentu",,hoak,False,tidak bersikap netral sebagai pemberi berita beritanya hoak semua demi kepentingan pihak tertentu
390,390,390,,,,1.0,5.0,Membaca harian kompas lbh oercaya daripd google indonesia,,False,id,False,"membaca, harian, lbh, indonesia",,"kompas, oercaya, daripd, google",False,membaca harian kompas lbh oercaya daripd google indonesia
391,391,391,,,0.0,,2.0,kira in bisa baca berlanggan dulu 50.000 rupiah,,False,id,False,"kira, bisa, baca, dulu, rupiah",,"in, berlanggan",False,kira in bisa baca berlanggan dulu 50000 rupiah
392,392,392,,,,,2.0,Agak nge lag gitu ya,-1.0,False,tl,False,"agak, nge, gitu",,"lag, ya",False,agak nge lag gitu ya
393,393,393,,,,,5.0,Memberi arah agar tepat tujuan/sasaran secara pasti,,False,id,False,"memberi, arah, agar, tepat, tujuan, sasaran, secara, pasti",,,False,memberi arah agar tepat tujuansasaran secara pasti
394,394,394,,,,,1.0,Aplikasi ini jelik banget!!!!!!!!!!!!!!!!!!!!!!!!!!!!!!!!!!!!!!!!!!!!!!!!!!!!!!!!!!!!!!!!!!!!!!!!!!!!!!!!!!!@!!!!!!!!!!!!!!!!!!!!!!!!!!!!!!!!!!!!!!!!!!!!!!!!!!!!!!!!!!!!!!!!!!tapi bo'ong hayuk papali papali *,,False,id,False,"aplikasi, ini, banget, tapi",,"jelik, bo'ong, hayuk, papali, papali",False,aplikasi ini jelik bangettapi boong hayuk papali papali 
395,395,395,,,,1.0,5.0,"Harian Kompas salah surat kabar yang berani mengungkap kebenaran, tidak memihak dan berpihak",,False,id,False,"harian, salah, surat, kabar, yang, berani, mengungkap, kebenaran, tidak, memihak, dan, berpihak",,kompas,False,harian kompas salah surat kabar yang berani mengungkap kebenaran tidak memihak dan berpihak
396,396,396,,,,1.0,5.0,"Walaupun berbayar, content content nya sangat bagus di banding yang lain. Good apps",,False,id,True,"walaupun, berbayar, nya, sangat, bagus, banding, yang, lain","content, content, good","di, apps",False,walaupun berbayar content content nya sangat bagus di banding yang lain good apps
397,397,397,,,,,5.0,Hebat. Sangat bermanfaat untuk dibaca dan dipelajari.,,False,id,False,"hebat, sangat, bermanfaat, untuk, dibaca, dan, dipelajari",,,False,hebat sangat bermanfaat untuk dibaca dan dipelajari
398,398,398,,,,-1.0,1.0,NETRALAH.........DALAM MEMBERIKAN BERITA JANGAN PRO KE PEMERINTAH JUGA JANGAN JUGA PRO KE PIHAK OPOSISI...PAYAH....AUTO UNINSTAL...,,False,id,False,"dalam, memberikan, berita, jangan, pemerintah, juga, jangan, juga, pihak, oposisi, payah",,"netralah, pro, ke, pro, ke, auto, uninstal",False,netralahdalam memberikan berita jangan pro ke pemerintah juga jangan juga pro ke pihak oposisipayahauto uninstal
399,399,399,,0.0,,,5.0,Memuaskan. Apa epaper tak bisa full warna,,False,id,True,"memuaskan, apa, tak, bisa, warna",full,epaper,False,memuaskan apa epaper tak bisa full warna
400,400,400,,,-1.0,-1.0,1.0,Berita sampah aja pake berbayar.. ajiggg,,False,id,False,"berita, sampah, aja, pake, berbayar",,ajiggg,False,berita sampah aja pake berbayar ajiggg
401,401,401,,,,1.0,5.0,Beritanya selalu terbaru dan kopeten dan bersifat netral.bagus,,False,id,False,"beritanya, selalu, terbaru, dan, dan, bersifat, netral, bagus",,kopeten,False,beritanya selalu terbaru dan kopeten dan bersifat netralbagus
402,402,402,,,,1.0,4.0,Berita2 di kompas singkat dan akurat,,False,id,False,"berita, singkat, dan, akurat",,"di, kompas",False,berita2 di kompas singkat dan akurat
403,403,403,,,,,3.0,Buka mau baca kok sulit,-1.0,False,id,False,"buka, mau, baca, kok, sulit",,,False,buka mau baca kok sulit
404,404,404,,,,1.0,5.0,Informasi yg Akurat..Kompas..berita terupdate..sangat berguna Good Job,,False,id,True,"informasi, akurat, berita, terupdate, sangat, berguna","good, job","yg, kompas",False,informasi yg akuratkompasberita terupdatesangat berguna good job
405,405,405,,0.0,,,4.0,Mohon dong tambahkan fitur kompaskarier seperti kompas website .. Itu saja ulasan saya tolong di respon secepat ny,,False,id,False,"mohon, dong, tambahkan, fitur, seperti, itu, saja, ulasan, saya, tolong, respon, secepat",,"kompaskarier, kompas, website, di, ny",False,mohon dong tambahkan fitur kompaskarier seperti kompas website  itu saja ulasan saya tolong di respon secepat ny
406,406,406,,,-1.0,,1.0,"Membaca berita berbayar, masih banyak cara lain mendapatkan berita gratis. Jangan download app ini, app berbayar 👎👎👎👎👎",,False,id,False,"membaca, berita, berbayar, masih, banyak, cara, lain, mendapatkan, berita, gratis, jangan, ini, berbayar",,"download, app, app",False,membaca berita berbayar masih banyak cara lain mendapatkan berita gratis jangan download app ini app berbayar 
407,407,407,,,,0.0,5.0,Berita yang benar²... jangan berita HOAkompas yaa,,False,id,False,"berita, yang, benar, jangan, berita, yaa",,hoakompas,False,berita yang benar² jangan berita hoakompas yaa
408,408,408,,,-1.0,,1.0,"Dapat voucher dr tukar poin bli bli, ternyata ga bisa pake...sama aja mubazir....",,False,id,False,"dapat, voucher, tukar, poin, ternyata, ga, bisa, pake, sama, aja, mubazir",,"dr, bli, bli",False,dapat voucher dr tukar poin bli bli ternyata ga bisa pakesama aja mubazir
409,409,409,,,,1.0,4.0,Semoga aku puas baca harian kompas Kompas tv independen terpercaya,,False,id,False,"semoga, aku, puas, baca, harian, independen, terpercaya",,"kompas, kompas, tv",False,semoga aku puas baca harian kompas kompas tv independen terpercaya
410,410,410,,,,,1.0,Sudah beli google play tapi tidak bisa akses. Knp ya ?,-1.0,False,id,True,"sudah, beli, tapi, tidak, bisa, akses, knp",play,"google, ya",False,sudah beli google play tapi tidak bisa akses knp ya 
411,411,411,,,,,1.0,Hari gini ga ada yg gratis 😂😂😂,,False,id,False,"hari, gini, ga, ada, gratis",,yg,False,hari gini ga ada yg gratis 
412,412,412,,,,,3.0,Sy baru install. Semoga baik,,False,id,False,"baru, semoga, baik",,"sy, install",False,sy baru install semoga baik
413,413,413,,,,,5.0,Tanggal. 29 / 7 / 2020 Jam. 16:21🇮🇩❤📌.oke,,False,id,False,"tanggal, jam",,oke,False,tanggal 29  7  2020 jam 1621oke
414,414,414,,,,-1.0,1.0,Media abal2....isinya ga jelas ....,,False,id,False,"abal, isinya, ga, jelas",,media,False,media abal2isinya ga jelas 
415,415,415,,,,-1.0,1.0,"Beritanya mulai banyak yg hoax, tdk akurat, jadi sebel membacanya",,False,id,False,"beritanya, mulai, banyak, hoax, tdk, akurat, jadi, sebel, membacanya",,yg,False,beritanya mulai banyak yg hoax tdk akurat jadi sebel membacanya
416,416,416,,,,-1.0,1.0,Asal masukan media tanpa diklarifikasi,,False,id,False,"asal, masukan, tanpa",,"media, diklarifikasi",False,asal masukan media tanpa diklarifikasi
417,417,417,,,,-1.0,1.0,"Clickbait, isi tidak sesuai fakta, provokatif, berlebihan, hiperbola, ditambah bumbu",,False,id,True,"isi, tidak, sesuai, fakta, provokatif, berlebihan, ditambah, bumbu",clickbait,hiperbola,False,clickbait isi tidak sesuai fakta provokatif berlebihan hiperbola ditambah bumbu
418,418,418,,,,-1.0,1.0,"Berita a****g, gak netral dan tdk mendidik",,False,id,False,"berita, gak, netral, dan, tdk, mendidik",,"a, g",False,berita ag gak netral dan tdk mendidik
419,419,419,,,,1.0,5.0,Berbayar sih tapi berbobot. Maju terus kompas,,False,id,False,"berbayar, sih, tapi, berbobot, maju, terus",,kompas,False,berbayar sih tapi berbobot maju terus kompas
420,420,420,,,,0.0,5.0,"Semoga KOMPAS bisa menyajikan berita yg Akurat , Netral , terUpDate , sehingga dapat dijadikan acuan/pedoman semua masyarakat indonesia 🙏",,False,id,False,"semoga, bisa, menyajikan, berita, akurat, netral, terupdate, sehingga, dapat, dijadikan, acuan, pedoman, semua, masyarakat, indonesia",,"kompas, yg",False,semoga kompas bisa menyajikan berita yg akurat  netral  terupdate  sehingga dapat dijadikan acuanpedoman semua masyarakat indonesia 
421,421,421,,,,,1.0,"Cczeher,nya c km n pin oli, fkompas",,False,hu,False,"nya, oli",,"cczeher, c, km, n, pin, fkompas",False,cczehernya c km n pin oli fkompas
422,422,422,,,,-1.0,1.0,Ciee mau ikutan buat HOAkompas ky aplikasi sebelah...,,False,id,False,"mau, ikutan, buat, aplikasi, sebelah",,"ciee, hoakompas, ky",False,ciee mau ikutan buat hoakompas ky aplikasi sebelah
423,423,423,,,,,3.0,"Untuk sementara bintang 3 dulu ya, semoga bisa baik ke bibtang 5",,False,id,False,"untuk, sementara, bintang, dulu, semoga, bisa, baik",,"ya, ke, bibtang",False,untuk sementara bintang 3 dulu ya semoga bisa baik ke bibtang 5
424,424,424,,,,,4.0,Semoga tetap berpegang pada independen.,,False,id,False,"semoga, tetap, berpegang, pada, independen",,,False,semoga tetap berpegang pada independen
425,425,425,,,,-1.0,1.0,Beritanya mulai gak singkron banyak hoaxnya payahhh,,False,id,False,"beritanya, mulai, gak, banyak",,"singkron, hoaxnya, payahhh",False,beritanya mulai gak singkron banyak hoaxnya payahhh
426,426,426,,,,,1.0,Gw instal tp boong.. Hahahaha ha..,,False,tl,False,"gw, instal",,"tp, boong, hahahaha, ha",False,gw instal tp boong hahahaha ha
427,427,427,,,,1.0,5.0,Berita menarik dan e book nya layak dibaca....,,False,id,True,"berita, menarik, dan, nya, layak, dibaca",book,e,False,berita menarik dan e book nya layak dibaca
428,428,428,,,,-1.0,2.0,Kurang Updete Sperti Di Google,,False,id,False,"kurang, sperti",,"updete, di, google",False,kurang updete sperti di google
429,429,429,,,,,1.0,Kecewa..🙈🙉🙊💩.. Mending pindah kesebelah... Bukan KOMPAS yg dulu😝,,False,id,False,"kecewa, mending, pindah, bukan, dulu",,"kesebelah, kompas, yg",False,kecewa mending pindah kesebelah bukan kompas yg dulu
430,430,430,,,0.0,,5.0,Bagaimanan scan uji coba gratis langganan aesuai koran hari ini,,False,id,False,"uji, coba, gratis, langganan, koran, hari, ini",,"bagaimanan, scan, aesuai",False,bagaimanan scan uji coba gratis langganan aesuai koran hari ini
431,431,431,,,,,1.0,Lupa password tidak ada solusi,-1.0,False,id,False,"lupa, tidak, ada, solusi",,password,False,lupa password tidak ada solusi
432,432,432,,,,1.0,5.0,Bagus nih update terus dilanjut terus bang,,False,id,False,"bagus, nih, terus, dilanjut, terus",,"update, bang",False,bagus nih update terus dilanjut terus bang
433,433,433,,,,1.0,5.0,Koran ditinggalkan ada applikasi News Yang. Lebih memukau mampu terpercaya dalam menghadirkan Berita Dunia,,False,id,True,"koran, ditinggalkan, ada, applikasi, yang, lebih, memukau, mampu, terpercaya, dalam, menghadirkan, berita, dunia",news,,False,koran ditinggalkan ada applikasi news yang lebih memukau mampu terpercaya dalam menghadirkan berita dunia
434,434,434,,,,,1.0,"ternyata mau baca koran aja ribet pakai masuk"" akun sgala,padahal dah pake kuota data...hmmm",-1.0,False,id,False,"ternyata, mau, baca, koran, aja, ribet, pakai, masuk, akun, padahal, dah, pake, kuota",,"sgala, data, hmmm",False,ternyata mau baca koran aja ribet pakai masuk akun sgalapadahal dah pake kuota datahmmm
435,435,435,,,,0.0,2.0,Beritanya di update lagi makasih,,False,id,False,"beritanya, lagi, makasih",,"di, update",False,beritanya di update lagi makasih
436,436,436,,,,1.0,4.0,"Kompas 3 T : top, tepat dan terpecaya",,False,id,True,"tepat, dan",top,"kompas, t, terpecaya",False,kompas 3 t  top tepat dan terpecaya
437,437,437,,,-1.0,,1.0,Mahal om 50rb per bulan,,False,id,False,"mahal, bulan",,"om, rb, per",False,mahal om 50rb per bulan
438,438,438,,,,1.0,5.0,Ok bos sy puas degan britanya,,False,tl,False,"bos, puas, degan",,"ok, sy, britanya",False,ok bos sy puas degan britanya
439,439,439,,,-1.0,,1.0,Baca berita kok harus bayar...?!,,False,id,False,"baca, berita, kok, harus, bayar",,,False,baca berita kok harus bayar
440,440,440,,,,1.0,4.0,"Bagus , beritanya dpt dipercaya",,False,id,False,"bagus, beritanya, dpt, dipercaya",,,False,bagus  beritanya dpt dipercaya
441,441,441,,,,,5.0,Kompas memang tiada dua nya,,False,id,False,"memang, tiada, dua, nya",,kompas,False,kompas memang tiada dua nya
442,442,442,,,,1.0,5.0,Jurnalisme berkualitas dan terpercaya ada dalam genggaman,,False,id,False,"jurnalisme, berkualitas, dan, terpercaya, ada, dalam, genggaman",,,False,jurnalisme berkualitas dan terpercaya ada dalam genggaman
443,443,443,,,-1.0,,1.0,"Maaf, terpaksa di uninstall masih banyak app lain yg memberi tanpa mengharapkan imbalan.",,False,id,False,"maaf, terpaksa, masih, banyak, lain, memberi, tanpa, mengharapkan, imbalan",,"di, uninstall, app, yg",False,maaf terpaksa di uninstall masih banyak app lain yg memberi tanpa mengharapkan imbalan
444,444,444,,,,,1.0,"Punya saya tidak bisa berlangganan,padahal udah di isi pulsa 55.000 apa masalah nya ini? Mau dilanggani atau tidak?",-1.0,False,id,False,"punya, saya, tidak, bisa, berlangganan, padahal, udah, isi, pulsa, apa, masalah, nya, ini, mau, atau, tidak",,"di, dilanggani",False,punya saya tidak bisa berlanggananpadahal udah di isi pulsa 55000 apa masalah nya ini mau dilanggani atau tidak
445,445,445,,,,1.0,5.0,ngikuti kompas nambah wawasan pengetahusn kita.,,False,id,False,"nambah, wawasan, kita",,"ngikuti, kompas, pengetahusn",False,ngikuti kompas nambah wawasan pengetahusn kita
446,446,446,,,-1.0,,1.0,Ketika mengetahui harus berbayar..langsung hapus..masih banyak konten berita yang gratis..thanks,,False,id,True,"ketika, mengetahui, harus, berbayar, langsung, hapus, masih, banyak, konten, berita, yang, gratis",thanks,,False,ketika mengetahui harus berbayarlangsung hapusmasih banyak konten berita yang gratisthanks
447,447,447,,,,,5.0,Sa sdh konfirmasi pembayaran lwt browser kok buka epaper di apps gak bisa.. tolong petunjuknya,-1.0,False,id,False,"sdh, konfirmasi, pembayaran, kok, buka, gak, bisa, tolong, petunjuknya",,"sa, lwt, browser, epaper, di, apps",False,sa sdh konfirmasi pembayaran lwt browser kok buka epaper di apps gak bisa tolong petunjuknya
448,448,448,,,,,5.0,Berita nasional masalah politik pasca pemilu,,False,id,False,"berita, nasional, masalah, politik, pasca, pemilu",,,False,berita nasional masalah politik pasca pemilu
449,449,449,,,,,5.0,Aku merasa senang bisa bergabung dengan semua disini,,False,id,False,"aku, merasa, senang, bisa, bergabung, dengan, semua, disini",,,False,aku merasa senang bisa bergabung dengan semua disini
450,450,450,,,,,3.0,belum di goba sementara bintang 3 dl.,,False,id,False,"belum, sementara, bintang",,"di, goba, dl",False,belum di goba sementara bintang 3 dl
451,451,451,,,,1.0,5.0,"Berita terkini dan selalu update, membuka wawasan berpikir.",,False,id,False,"berita, terkini, dan, selalu, membuka, wawasan, berpikir",,update,False,berita terkini dan selalu update membuka wawasan berpikir
452,452,452,,,,-1.0,2.0,"beberapa berita, sangat tidak netral. mungkin meraih pundi pundi uang, lewat situ kali ya?",,False,id,False,"beberapa, berita, sangat, tidak, netral, mungkin, meraih, pundi, pundi, uang, lewat, situ, kali",,ya,False,beberapa berita sangat tidak netral mungkin meraih pundi pundi uang lewat situ kali ya
453,453,453,,,,,1.0,lebih mudah masa awal dulu buka kompas id. sekarang ribet.,-1.0,False,id,False,"lebih, mudah, masa, awal, dulu, buka, sekarang, ribet",,"kompas, id",False,lebih mudah masa awal dulu buka kompas id sekarang ribet
454,454,454,,,,1.0,4.0,"cepat,akurat dan terintegrasi secara berkesinambungan.",,False,id,False,"cepat, akurat, dan, terintegrasi, secara, berkesinambungan",,,False,cepatakurat dan terintegrasi secara berkesinambungan
455,455,455,,,,-1.0,5.0,Artikel judul masih sering berulang ( double ).,,False,id,True,"artikel, judul, masih, sering, berulang",double,,False,artikel judul masih sering berulang  double 
456,456,456,,,,1.0,5.0,bisa baca berita setiap hari. terima kasih,,False,id,False,"bisa, baca, berita, setiap, hari, terima, kasih",,,False,bisa baca berita setiap hari terima kasih
457,457,457,,,,0.0,4.0,test dlu semoga independen beritanya,,False,id,True,"semoga, independen, beritanya",test,dlu,False,test dlu semoga independen beritanya
458,458,458,,,,,1.0,"masa harus login dulu payahhh, uninstal deh jadinya",-1.0,False,id,False,"masa, harus, login, dulu, deh, jadinya",,"payahhh, uninstal",False,masa harus login dulu payahhh uninstal deh jadinya
459,459,459,,,,,4.0,suka untuk ikut berita. tapi bintangnya saya tambahkan jadi 5 klo aplikasinya bagus dan terpercaya,,False,id,False,"suka, untuk, ikut, berita, tapi, bintangnya, saya, tambahkan, jadi, klo, aplikasinya, bagus, dan, terpercaya",,,False,suka untuk ikut berita tapi bintangnya saya tambahkan jadi 5 klo aplikasinya bagus dan terpercaya
460,460,460,,,,0.0,3.0,mohon beritanya supaya lebih jelas dan akurat ya.. trimksh.,,False,id,False,"mohon, beritanya, supaya, lebih, jelas, dan, akurat",,"ya, trimksh",False,mohon beritanya supaya lebih jelas dan akurat ya trimksh
461,461,461,,,,1.0,5.0,"mantap berita yg aktual dan terjamin,maju terusss",,False,id,False,"mantap, berita, aktual, dan, terjamin, maju",,"yg, terusss",False,mantap berita yg aktual dan terjaminmaju terusss
462,462,462,,,0.0,,5.0,"kak tolong bantu ,Punya voucher kompas yang satu bulan tapu gimana cara aktivasiin kode voucher nya?",,False,id,False,"kak, tolong, bantu, punya, voucher, yang, satu, bulan, gimana, cara, kode, voucher, nya",,"kompas, tapu, aktivasiin",False,kak tolong bantu punya voucher kompas yang satu bulan tapu gimana cara aktivasiin kode voucher nya
463,463,463,,,-1.0,,1.0,masa maw liat berita harus pakai paket berlangganan....sy uinstal aja...aplikasi gak berguna,,False,id,True,"masa, liat, berita, harus, pakai, paket, berlangganan, aja, aplikasi, gak, berguna",maw,"sy, uinstal",False,masa maw liat berita harus pakai paket berlangganansy uinstal ajaaplikasi gak berguna
464,464,464,,,,,5.0,"aplikasi tdk bisa dibukaharus dilogging bagaimana caranya ,",-1.0,False,id,False,"aplikasi, tdk, bisa, bagaimana, caranya",,"dibukaharus, dilogging",False,aplikasi tdk bisa dibukaharus dilogging bagaimana caranya 
465,465,465,,,,-1.0,2.0,"berita di menu cetak dan e-paper sering gak update, padahal udah di refresh berkali2",,False,id,True,"berita, cetak, dan, sering, gak, padahal, udah, berkali",e-paper,"di, menu, update, di, refresh",False,berita di menu cetak dan epaper sering gak update padahal udah di refresh berkali2
466,466,466,,,,1.0,5.0,mantab. Kemudahan dalam mencari berita yang mendalam. Salah satu alternatif penangkal hoax,,False,id,False,"mantab, kemudahan, dalam, mencari, berita, yang, mendalam, salah, satu, alternatif, penangkal, hoax",,,False,mantab kemudahan dalam mencari berita yang mendalam salah satu alternatif penangkal hoax
467,467,467,,,,,4.0,"Bagus, terimakasih sangat membantu 👍",,False,id,False,"bagus, terimakasih, sangat, membantu",,,False,bagus terimakasih sangat membantu 
468,468,468,,,,,5.0,Kompas mantap jadi bisa monitoring iklan harian saya smoga banyak peminat,,False,tl,True,"mantap, jadi, bisa, iklan, harian, saya, smoga, banyak, peminat",monitoring,kompas,False,kompas mantap jadi bisa monitoring iklan harian saya smoga banyak peminat
469,469,469,-1.0,,,,3.0,Akan lebih baik lagi kalau ukuran font nya bisa di custom. Di HP saya fontnya terlalu kecil.,,False,id,True,"akan, lebih, baik, lagi, kalau, ukuran, nya, bisa, saya, terlalu, kecil",custom,"font, di, di, hp, fontnya",False,akan lebih baik lagi kalau ukuran font nya bisa di custom di hp saya fontnya terlalu kecil
470,470,470,,,-1.0,,1.0,"Masa harus langganan 50,RB perbulan, SDH makan Kouta, masih kurangkah????",,False,id,False,"masa, harus, langganan, perbulan, sdh, makan, masih",,"rb, kouta, kurangkah",False,masa harus langganan 50rb perbulan sdh makan kouta masih kurangkah
471,471,471,,,-1.0,,1.0,Masa baca berita sedikit aja harus bayar,,False,id,False,"masa, baca, berita, sedikit, aja, harus, bayar",,,False,masa baca berita sedikit aja harus bayar
472,472,472,,,-1.0,,1.0,"Mending baca berita ol sebelah,,, gini2 berlanganan....",,False,id,False,"mending, baca, berita, sebelah, gini",,"ol, berlanganan",False,mending baca berita ol sebelah gini2 berlanganan
473,473,473,,,,,1.0,Ampas mau sign in pakai gogle akun pakai fb maupun buat akun ngak bisa2 tele lh,-1.0,False,id,True,"ampas, mau, pakai, akun, pakai, maupun, buat, akun, ngak, bisa, tele",sign,"in, gogle, fb, lh",False,ampas mau sign in pakai gogle akun pakai fb maupun buat akun ngak bisa2 tele lh
474,474,474,,,,0.0,4.0,Beritakan berita yang benar benar kejadian nyata,,False,id,False,"beritakan, berita, yang, benar, benar, kejadian, nyata",,,False,beritakan berita yang benar benar kejadian nyata
475,475,475,,,,,5.0,Sangat hebat Saya didatangi langsung oleh petugas kompas Saat berkunjung Di gramedia,,False,id,False,"sangat, hebat, saya, didatangi, langsung, oleh, petugas, saat, berkunjung, gramedia",,"kompas, di",False,sangat hebat saya didatangi langsung oleh petugas kompas saat berkunjung di gramedia
476,476,476,,,,,1.0,"Kenapa ya...?? Saya sdh berlangganan, malah aplikasinya baru dibuka keluar lagi dgn sendirinya...???",-1.0,False,id,False,"kenapa, saya, sdh, berlangganan, malah, aplikasinya, baru, dibuka, keluar, lagi, dgn, sendirinya",,ya,False,kenapa ya saya sdh berlangganan malah aplikasinya baru dibuka keluar lagi dgn sendirinya
477,477,477,,,-1.0,,2.0,"Setelah diminta sign in untuk bebas akses, setelah sign in ternyata tetap harus berlangganan☺️ untuk baca berita lengkap. Uninstall deh.",,False,id,True,"setelah, diminta, untuk, bebas, akses, setelah, ternyata, tetap, harus, berlangganan, untuk, baca, berita, lengkap, deh","sign, sign","in, in, uninstall",False,setelah diminta sign in untuk bebas akses setelah sign in ternyata tetap harus berlangganan untuk baca berita lengkap uninstall deh
478,478,478,,,,,5.0,Terima kasih kepada Kompas yg telah memberikan informasi kpd masyarakat. Sukses selalu,,False,id,False,"terima, kasih, kepada, telah, memberikan, informasi, kpd, masyarakat, sukses, selalu",,"kompas, yg",False,terima kasih kepada kompas yg telah memberikan informasi kpd masyarakat sukses selalu
479,479,479,,,,,5.0,Perbesar kontribusi para pembaca dalam penyajian informasi,,False,id,False,"perbesar, kontribusi, para, pembaca, dalam, penyajian, informasi",,,False,perbesar kontribusi para pembaca dalam penyajian informasi
480,480,480,,,,,5.0,Tambah sukses dan lebih inovasi,,False,id,False,"tambah, sukses, dan, lebih, inovasi",,,False,tambah sukses dan lebih inovasi
481,481,481,,,,1.0,5.0,"Oke, beritanya, tingkatkan trus, maju kompas",,False,id,False,"beritanya, tingkatkan, trus, maju",,"oke, kompas",False,oke beritanya tingkatkan trus maju kompas
482,482,482,,,,,5.0,Semoga Kompas tetap menjaga Marwah KEINDONESIAAN,,False,id,False,"semoga, tetap, menjaga, marwah",,"kompas, keindonesiaan",False,semoga kompas tetap menjaga marwah keindonesiaan
483,483,483,,,,,1.0,"Saya sulit untuk membaca isi beritanya. Ber kali2 selalu tidak bisa, 
padahal berita yang saya suka.",-1.0,False,id,False,"saya, sulit, untuk, membaca, isi, beritanya, ber, kali, selalu, tidak, bisa, padahal, berita, yang, saya, suka",,,False,saya sulit untuk membaca isi beritanya ber kali2 selalu tidak bisa padahal berita yang saya suka
484,484,484,,,,,5.0,Pepatatah mengatakan berita itu bukan persis kejadian yg sebenarnya,,False,id,False,"mengatakan, berita, itu, bukan, persis, kejadian, sebenarnya",,"pepatatah, yg",False,pepatatah mengatakan berita itu bukan persis kejadian yg sebenarnya
485,485,485,0.0,,,,4.0,Tampilan gambar dan penulisan untuk minat baca,,False,id,False,"tampilan, gambar, dan, penulisan, untuk, minat, baca",,,False,tampilan gambar dan penulisan untuk minat baca
486,486,486,,,,1.0,5.0,"Saya menyukai berita2 politik di kompas, saya punya kliping kompas sejak 
1994",,False,id,False,"saya, menyukai, berita, politik, saya, punya, kliping, sejak",,"di, kompas, kompas",False,saya menyukai berita2 politik di kompas saya punya kliping kompas sejak 1994
487,487,487,0.0,,,,3.0,"Tulisan fontnya hrs bisa diatur besar kecilnya agar dpt bisa dibaca dgn 
jelas bagi penggunanya.",,False,id,False,"tulisan, bisa, diatur, besar, kecilnya, agar, dpt, bisa, dibaca, dgn, jelas, bagi, penggunanya",,"fontnya, hrs",False,tulisan fontnya hrs bisa diatur besar kecilnya agar dpt bisa dibaca dgn jelas bagi penggunanya
488,488,488,,,,-1.0,1.0,Betita lama sering di muat lg,,False,id,False,"lama, sering, muat",,"betita, di, lg",False,betita lama sering di muat lg
489,489,489,,-1.0,,,1.0,"Knapa buku yg udah di donlot, setiap mo baca kudu donlot dulu..? Boros 
kuota , Mas... Bintang 1 cukuplah.",,False,id,False,"buku, udah, setiap, baca, kudu, dulu, boros, kuota, mas, bintang, cukuplah",,"knapa, yg, di, donlot, mo, donlot",False,knapa buku yg udah di donlot setiap mo baca kudu donlot dulu boros kuota  mas bintang 1 cukuplah
490,490,490,,,,,5.0,"GK harus nunggu koran pagi dikirim, bangun tidur jam 4.30 bisa menikmati 
berita pagi",,False,id,False,"harus, nunggu, koran, pagi, dikirim, bangun, tidur, jam, bisa, menikmati, berita, pagi",,gk,False,gk harus nunggu koran pagi dikirim bangun tidur jam 430 bisa menikmati berita pagi
491,491,491,,,-1.0,,1.0,"Ribet,.. bayar lagi. Males.. langdung uninstall. Install yg lain masih 
banyak",,False,id,True,"ribet, bayar, lagi, lain, masih, banyak",males,"langdung, uninstall, install, yg",False,ribet bayar lagi males langdung uninstall install yg lain masih banyak
492,492,492,,,-1.0,,3.0,Yah bayar. Langsung uninstall. Padahal beberapa bulan lalu masih gratis.,,False,id,False,"yah, bayar, langsung, padahal, beberapa, bulan, lalu, masih, gratis",,uninstall,False,yah bayar langsung uninstall padahal beberapa bulan lalu masih gratis
493,493,493,,,,1.0,5.0,"Berita terpopuler & terpercaya, thanks",,False,id,True,"berita, terpopuler, terpercaya",thanks,,False,berita terpopuler  terpercaya thanks
494,494,494,,,,,5.0,Bermanfaat untuk menambah wawasan dan infotmasi,,False,id,False,"bermanfaat, untuk, menambah, wawasan, dan",,infotmasi,False,bermanfaat untuk menambah wawasan dan infotmasi
495,495,495,,,,,5.0,Tingkatkan kualitas dan pelayanan nya,,False,id,False,"tingkatkan, kualitas, dan, pelayanan, nya",,,False,tingkatkan kualitas dan pelayanan nya
496,496,496,,,,,5.0,Terima kasih semoga bermanfaat selalu,,False,id,False,"terima, kasih, semoga, bermanfaat, selalu",,,False,terima kasih semoga bermanfaat selalu
497,497,497,,,,,1.0,"ribet sekali bro...! gak bisa bikin yang simpel saja kah. kayak detik gitu 
loh...!",,False,id,False,"ribet, sekali, gak, bisa, bikin, yang, simpel, saja, kah, kayak, detik, gitu, loh",,bro,False,ribet sekali bro gak bisa bikin yang simpel saja kah kayak detik gitu loh
498,498,498,,,-1.0,,1.0,"Komersil banget sekarang.... Padahal dengan kita baca artikel aja kompas 
Uda dapat uang banyak....",,False,id,False,"komersil, banget, sekarang, padahal, dengan, kita, baca, artikel, aja, uda, dapat, uang, banyak",,kompas,False,komersil banget sekarang padahal dengan kita baca artikel aja kompas uda dapat uang banyak
499,499,499,,,,,4.0,"Tambah wawasan, sip deh, makasih",,False,id,False,"tambah, wawasan, deh, makasih",,sip,False,tambah wawasan sip deh makasih
500,500,500,,,,,5.0,Bagus buat mengisi waktu luang,,False,id,False,"bagus, buat, mengisi, waktu, luang",,,False,bagus buat mengisi waktu luang
501,501,501,,,,,4.0,"Mengakses kompas.id sejak 2017 saat masih beta. Sekarang berlangganan 
sampai Juni 2018. Semoga semakin baik.",,False,id,False,"mengakses, sejak, saat, masih, sekarang, berlangganan, sampai, juni, semoga, semakin, baik",,"kompas, id, beta",False,mengakses kompasid sejak 2017 saat masih beta sekarang berlangganan sampai juni 2018 semoga semakin baik
502,502,502,,,,1.0,5.0,Selalu menyajikan berita yg aktual.. intelektual.. terpercaya & independen!,,False,id,False,"selalu, menyajikan, berita, aktual, intelektual, terpercaya, independen",,yg,False,selalu menyajikan berita yg aktual intelektual terpercaya  independen
503,503,503,,,,,5.0,Media tertua dan bergengsi di Jakarta Indonesia.,,False,id,False,"tertua, dan, bergengsi, jakarta, indonesia",,"media, di",False,media tertua dan bergengsi di jakarta indonesia
504,504,504,,,,,3.0,"sejak upgrade versi terakhir, download tidak tersimpan. saya harus download ulang setiap mau baca lagi.",-1.0,False,id,False,"sejak, versi, terakhir, tidak, tersimpan, saya, harus, ulang, setiap, mau, baca, lagi",,"upgrade, download, download",False,sejak upgrade versi terakhir download tidak tersimpan saya harus download ulang setiap mau baca lagi
505,505,505,,,,,5.0,"Terima kasih ada berita kompas yg baru, Semoga beritanya tidak kalah dengan berita babe thks alot",,False,id,True,"terima, kasih, ada, berita, baru, semoga, beritanya, tidak, kalah, dengan, berita",alot,"kompas, yg, babe, thks",False,terima kasih ada berita kompas yg baru semoga beritanya tidak kalah dengan berita babe thks alot
506,506,506,,,,,1.0,harus pakai log in segala norak juga,-1.0,False,id,False,"harus, pakai, segala, norak, juga",,"log, in",False,harus pakai log in segala norak juga
507,507,507,,,,1.0,5.0,"KOMPAS sumber berita terlengkap, akurat, dan terpercaya.****",,False,id,False,"sumber, berita, terlengkap, akurat, dan, terpercaya",,kompas,False,kompas sumber berita terlengkap akurat dan terpercaya
508,508,508,,,,1.0,5.0,"Kompas.id *cermat* memilih berita , *akurat* data2nya, *tepat* sasaran pembacanya, *hebat* design layout penyajiannya. Pokoknya Kompas.id *mantap*.",,False,id,True,"cermat, memilih, berita, akurat, nya, tepat, sasaran, pembacanya, hebat, pokoknya, mantap",design,"kompas, id, data, layout, penyajiannya, kompas, id",False,kompasid cermat memilih berita  akurat data2nya tepat sasaran pembacanya hebat design layout penyajiannya pokoknya kompasid mantap
509,509,509,,,,1.0,5.0,Berita ok. Selalu update trs ya,,False,id,True,"berita, selalu",trs,"ok, update, ya",False,berita ok selalu update trs ya
510,510,510,1.0,,,,5.0,"Keren, desain visualnya meningkatkan minat baca😍 makasih Kompas.id",,False,id,False,"keren, desain, visualnya, meningkatkan, minat, baca, makasih",,"kompas, id",False,keren desain visualnya meningkatkan minat baca makasih kompasid
511,511,511,,,,1.0,5.0,Untuk berita yang akurat ... Kompas oke,,False,id,False,"untuk, berita, yang, akurat",,"kompas, oke",False,untuk berita yang akurat  kompas oke
512,512,512,,,,1.0,5.0,"Untuk bacaan anak muda, dan untuk menambahkan wawasan kita. Kompas adalah pilihan yang tepat. Semoga makin jaya Kompas.Id 😆",,False,id,False,"untuk, bacaan, anak, muda, dan, untuk, menambahkan, wawasan, kita, adalah, pilihan, yang, tepat, semoga, makin, jaya",,"kompas, kompas, id",False,untuk bacaan anak muda dan untuk menambahkan wawasan kita kompas adalah pilihan yang tepat semoga makin jaya kompasid 
513,513,513,,,,,5.0,"Hampir tiap hari tak sempat baca koran, akan dicoba baca yang e.koran yang premium",,False,id,False,"hampir, tiap, hari, tak, sempat, baca, koran, akan, dicoba, baca, yang, koran, yang",,"e, premium",False,hampir tiap hari tak sempat baca koran akan dicoba baca yang ekoran yang premium
514,514,514,,,,,4.0,Kompas pass untuk di baca.,,False,id,True,"untuk, baca",pass,"kompas, di",False,kompas pass untuk di baca
515,515,515,,,,,1.0,"Mantap gan, ana suka, terus berikan yang terbaik untuk bNgsa",,False,id,False,"mantap, gan, suka, terus, berikan, yang, terbaik, untuk",,"ana, bngsa",False,mantap gan ana suka terus berikan yang terbaik untuk bngsa
516,516,516,,,,1.0,5.0,Bersyukur dengan berita yang terpercaya dan bisa dipertanggung jawabkan,,False,id,False,"bersyukur, dengan, berita, yang, terpercaya, dan, bisa, jawabkan",,dipertanggung,False,bersyukur dengan berita yang terpercaya dan bisa dipertanggung jawabkan
517,517,517,,,,,5.0,Lebih mudah dalam mengupdate informasi,,False,id,False,"lebih, mudah, dalam, informasi",,mengupdate,False,lebih mudah dalam mengupdate informasi
518,518,518,,,,1.0,5.0,"Luar biasa, berita-beritanya sangat kredibel, independen, dan terpercaya",,False,id,False,"luar, biasa, berita-beritanya, sangat, kredibel, independen, dan, terpercaya",,,False,luar biasa beritaberitanya sangat kredibel independen dan terpercaya
519,519,519,,,,1.0,5.0,Mantap... Untuk mendapatkan berita terkini dan independen,,False,id,False,"mantap, untuk, mendapatkan, berita, terkini, dan, independen",,,False,mantap untuk mendapatkan berita terkini dan independen
520,520,520,,,,1.0,4.0,"Senang sekali karena beritanya bermutu, netral nasional, mencerdaskan masyarakat dan menambah wawasan.",,False,id,False,"senang, sekali, karena, beritanya, bermutu, netral, nasional, mencerdaskan, masyarakat, dan, menambah, wawasan",,,False,senang sekali karena beritanya bermutu netral nasional mencerdaskan masyarakat dan menambah wawasan
521,521,521,,,,,5.0,Gue pembaca setia kompas. Terima kasih kompas!,,False,id,False,"gue, pembaca, setia, terima, kasih",,"kompas, kompas",False,gue pembaca setia kompas terima kasih kompas
522,522,522,,,,1.0,4.0,Sangat informatif dan berita yg bisa diakui,,False,id,False,"sangat, informatif, dan, berita, bisa, diakui",,yg,False,sangat informatif dan berita yg bisa diakui
523,523,523,,,,1.0,5.0,Anda bisa mendapatkan berita terkini dari Harian Kompas di Kompas.id. Ini adalah aplikasi yang direkomendasikan.,,False,en,False,,"you, can, get, news, from, daily, recommended","upadated, kompas, on, kompas, id, it, s, apps",False,anda bisa mendapatkan berita terkini dari harian kompas di kompasid ini adalah aplikasi yang direkomendasikan
524,524,524,,,,,5.0,Mantap saya sudah daftar member di gramedia pondok indah,,False,id,False,"mantap, saya, sudah, daftar, gramedia, pondok, indah",,"member, di",False,mantap saya sudah daftar member di gramedia pondok indah
525,525,525,,,,0.0,5.0,tingkatkan update annya dgn berita yg lebih informatif,,False,id,False,"tingkatkan, annya, dgn, berita, lebih, informatif",,"update, yg",False,tingkatkan update annya dgn berita yg lebih informatif
526,526,526,,,,,5.0,Sangat memuaskan dan menbuka pikiran kita,,False,id,False,"sangat, memuaskan, dan, pikiran, kita",,menbuka,False,sangat memuaskan dan menbuka pikiran kita
527,527,527,,,-1.0,,2.0,ini ko udah login tapi ko gabisa ya pas buka korannya malah harus daftat membership? tolong infonya dong,,False,id,True,"ini, udah, login, tapi, pas, buka, malah, harus, tolong, infonya, dong",membership,"ko, ko, gabisa, ya, korannya, daftat",False,ini ko udah login tapi ko gabisa ya pas buka korannya malah harus daftat membership tolong infonya dong
528,528,528,,,0.0,,5.0,Semoga koran kompas semakin mudah diakses melalui android dan gratis,0.0,False,id,False,"semoga, koran, semakin, mudah, diakses, melalui, android, dan, gratis",,kompas,False,semoga koran kompas semakin mudah diakses melalui android dan gratis
529,529,529,,,,1.0,5.0,Suka banget baca berita Kompas selalu update dan menghemat waktu tentunya karena bisa baca berita Kompas di mana Saja.,,False,id,False,"suka, banget, baca, berita, selalu, dan, menghemat, waktu, tentunya, karena, bisa, baca, berita, mana, saja",,"kompas, update, kompas, di",False,suka banget baca berita kompas selalu update dan menghemat waktu tentunya karena bisa baca berita kompas di mana saja
530,530,530,,,-1.0,,1.0,Bahkan baca berita aja suruh bayar 🤣🤣🤣,,False,id,False,"bahkan, baca, berita, aja, suruh, bayar",,,False,bahkan baca berita aja suruh bayar 
531,531,531,-1.0,-1.0,,,1.0,Notif untuk mengaktifkan notifikasi sangat mengganggu. Tampilan koran juga semakin jelek. Tumben?,,False,id,False,"untuk, mengaktifkan, notifikasi, sangat, mengganggu, tampilan, koran, juga, semakin, jelek, tumben",,notif,False,notif untuk mengaktifkan notifikasi sangat mengganggu tampilan koran juga semakin jelek tumben
532,532,532,,,,,1.0,"Pas mau masuk sering banget ""aplikasi dalam perbaikan"". Bikin stres",-1.0,False,id,False,"pas, mau, masuk, sering, banget, aplikasi, dalam, perbaikan, bikin, stres",,,False,pas mau masuk sering banget aplikasi dalam perbaikan bikin stres
533,533,533,-1.0,,,,1.0,Navbar bawah di-epaper tidak bisa dihide sehingga menghalangi epaper bagian bawah,,False,id,False,"bawah, tidak, bisa, sehingga, menghalangi, bagian, bawah",,"navbar, di-epaper, dihide, epaper",False,navbar bawah diepaper tidak bisa dihide sehingga menghalangi epaper bagian bawah
534,534,534,-1.0,,,,4.0,Tolong perbaiki tampilan di iPad mini a17 supaya pas tidak terpotong kanan kirinya,,False,id,False,"tolong, perbaiki, tampilan, supaya, pas, tidak, terpotong, kanan, kirinya",,"di, ipad, mini, a",False,tolong perbaiki tampilan di ipad mini a17 supaya pas tidak terpotong kanan kirinya
535,535,535,-1.0,,,,3.0,"diinstall di ipad mini, sisi sebelah kiri terpotong, sudah lama tidak ada perbaikan",,False,id,False,"sisi, sebelah, kiri, terpotong, sudah, lama, tidak, ada, perbaikan",,"diinstall, di, ipad, mini",False,diinstall di ipad mini sisi sebelah kiri terpotong sudah lama tidak ada perbaikan
536,536,536,,,,1.0,5.0,"Berita selau update dan memberikan peluang suara dari pelosok untuk dimuat di media nasional, sangat membatu kami di daerah 3T",,False,id,False,"berita, dan, memberikan, peluang, suara, dari, pelosok, untuk, dimuat, nasional, sangat, membatu, kami, daerah",,"selau, update, di, media, di, t",False,berita selau update dan memberikan peluang suara dari pelosok untuk dimuat di media nasional sangat membatu kami di daerah 3t
537,537,537,,,1.0,,5.0,Tidak mengapa ada iklan yang penting gratis😁🙏,,False,id,False,"tidak, mengapa, ada, iklan, yang, penting, gratis",,,False,tidak mengapa ada iklan yang penting gratis
538,538,538,-1.0,,,,3.0,Kepotong teksnya kalau di iphone 13,,False,id,False,kalau,,"kepotong, teksnya, di, iphone",False,kepotong teksnya kalau di iphone 13
539,539,539,,,,,1.0,Tombol kembali sederhana di bagian atas aplikasi iPad terus-menerus mengalami crash.,-1.0,False,en,False,,"simple, back, button, the, top, keep, crashing","ipad, app, on",False,tombol kembali sederhana di bagian atas aplikasi ipad terusmenerus mengalami crash
540,540,540,,,,,5.0,TTS nya sering internal server error,-1.0,False,no,False,"tts, nya, sering",,"internal, server, error",False,tts nya sering internal server error
541,541,541,-1.0,,,,2.0,Aplikasinya kenapa sekarang tidak menyesuaikan dengan device ya? Terpotong dan tidak smooth. Saya harus selalu buka dari PC,,False,id,True,"aplikasinya, kenapa, sekarang, tidak, menyesuaikan, dengan, terpotong, dan, tidak, saya, harus, selalu, buka, dari","device, smooth","ya, pc",False,aplikasinya kenapa sekarang tidak menyesuaikan dengan device ya terpotong dan tidak smooth saya harus selalu buka dari pc
542,542,542,,-1.0,,,1.0,"Aneh, udh didownload masih harus konek internet. Padahal dipesawat kita baca paper ini",,False,id,True,"aneh, udh, didownload, masih, harus, konek, padahal, kita, baca, ini",paper,"internet, dipesawat",False,aneh udh didownload masih harus konek internet padahal dipesawat kita baca paper ini
543,543,543,,,,,1.0,"Saya sudah melakukan payment untuk 1 tahun, tetapi saya tetap tidak bisa mengakses untuk baca berita, ini bagaimana sih ?",-1.0,False,id,True,"saya, sudah, melakukan, untuk, tahun, tetapi, saya, tetap, tidak, bisa, mengakses, untuk, baca, berita, ini, bagaimana, sih",payment,,False,saya sudah melakukan payment untuk 1 tahun tetapi saya tetap tidak bisa mengakses untuk baca berita ini bagaimana sih 
544,544,544,,,,,1.0,Tidak ada response setelah login melalui Google.,-1.0,False,id,True,"tidak, ada, setelah, login, melalui",response,google,False,tidak ada response setelah login melalui google
545,545,545,,,,,1.0,udah subscribe tapi gabisa log in. tiap log in cuma loading tapi ga masuk ke halaman utama,-1.0,False,id,True,"udah, tapi, tiap, cuma, tapi, ga, masuk, halaman, utama",subscribe,"gabisa, log, in, log, in, loading, ke",False,udah subscribe tapi gabisa log in tiap log in cuma loading tapi ga masuk ke halaman utama
546,546,546,,,,,1.0,"Sudah subscribed bulanan, tapi tidak bisa log in.",-1.0,False,id,True,"sudah, bulanan, tapi, tidak, bisa",subscribed,"log, in",False,sudah subscribed bulanan tapi tidak bisa log in
547,547,547,,,,,5.0,Menyenangkan dengan riset menggunakan kompas.,,False,en,False,,"enjoyable, with, research","by, kompas",False,menyenangkan dengan riset menggunakan kompas
548,548,548,,,,,5.0,Sdh klik yg berlangganan bulanan kenapa status langganan msh tdk aktif ya?,-1.0,False,id,False,"sdh, klik, berlangganan, bulanan, kenapa, langganan, msh, tdk, aktif",,"yg, status, ya",False,sdh klik yg berlangganan bulanan kenapa status langganan msh tdk aktif ya
549,549,549,,,,,1.0,"pas log in mala dibilang blm subs, pdhl sudah subs.",-1.0,False,id,True,"pas, mala, dibilang, sudah","subs, subs","log, in, blm, pdhl",False,pas log in mala dibilang blm subs pdhl sudah subs
550,550,550,,,,,5.0,Mau berhenti langganan koran kompas manual kasihan sama tukang loper korannya saya berlangganan sejak tahun 1990. Jadinya manual kombinasi deh.😀🙏🏼,,False,id,False,"mau, berhenti, langganan, koran, kasihan, sama, tukang, saya, berlangganan, sejak, tahun, jadinya, kombinasi, deh",,"kompas, manual, loper, korannya, manual",False,mau berhenti langganan koran kompas manual kasihan sama tukang loper korannya saya berlangganan sejak tahun 1990 jadinya manual kombinasi deh
551,551,551,,,1.0,,5.0,"dapet diskon member kompas id setahun, jadi update berita terus baca kompas. keren kompas",,False,id,False,"dapet, diskon, setahun, jadi, berita, terus, baca, keren",,"member, kompas, id, update, kompas, kompas",False,dapet diskon member kompas id setahun jadi update berita terus baca kompas keren kompas
552,552,552,,,,1.0,5.0,"Beritanya bernas, mendidik serta eksklusive",,False,id,False,"beritanya, mendidik, serta",,"bernas, eksklusive",False,beritanya bernas mendidik serta eksklusive
553,553,553,,,,1.0,5.0,Penuh dg bacaan yg informatif,,False,id,False,"penuh, bacaan, informatif",,"dg, yg",False,penuh dg bacaan yg informatif
554,554,554,,,,,5.0,Sudah lancar di ipad. Thanks response developer!,1.0,False,ca,True,"sudah, lancar","thanks, response, developer","di, ipad",False,sudah lancar di ipad thanks response developer
555,555,555,,,,1.0,5.0,kompas memberikan informasi terkurasi yang berkualitas sesuai standar Harian kompas yg terjaga selama ini.,,False,id,False,"memberikan, informasi, yang, berkualitas, sesuai, standar, harian, terjaga, selama, ini",,"kompas, terkurasi, kompas, yg",False,kompas memberikan informasi terkurasi yang berkualitas sesuai standar harian kompas yg terjaga selama ini
556,556,556,,,,,5.0,Aplikasinya mudah digunakan dan nggak pernah error sejauh ini.,1.0,False,id,False,"aplikasinya, mudah, digunakan, dan, nggak, pernah, sejauh, ini",,error,False,aplikasinya mudah digunakan dan nggak pernah error sejauh ini
557,557,557,,,,1.0,5.0,Berita berkualitas terpercaya. Bebas dari hoax. Saya baca terus tiap pagi. Terus tingkatkan jurnalisme berkualitas,,False,id,False,"berita, berkualitas, terpercaya, bebas, dari, hoax, saya, baca, terus, tiap, pagi, terus, tingkatkan, jurnalisme, berkualitas",,,False,berita berkualitas terpercaya bebas dari hoax saya baca terus tiap pagi terus tingkatkan jurnalisme berkualitas
558,558,558,,,,1.0,5.0,Terimakasih untuk jurnalisme berkualitasnya. Lanjutkan kompas!,,False,id,False,"terimakasih, untuk, jurnalisme, lanjutkan",,"berkualitasnya, kompas",False,terimakasih untuk jurnalisme berkualitasnya lanjutkan kompas
559,559,559,0.0,,,,5.0,Aplikasi yang keren! Terima kasih. Semoga ke depannya lebih mudah digunakan.,,False,en,False,,"cool, thank, you, hopefully, more, easy, use","app, to",False,aplikasi yang keren terima kasih semoga ke depannya lebih mudah digunakan
560,560,560,,,,1.0,5.0,"Saya sangat suka kompas id, berita nya bagus dan tutur katanya terbaik dari yang terbaik. Aplikasinya nggak pernah keluar sendiri",1.0,False,id,False,"saya, sangat, suka, berita, nya, bagus, dan, tutur, katanya, terbaik, dari, yang, terbaik, aplikasinya, nggak, pernah, keluar, sendiri",,"kompas, id",False,saya sangat suka kompas id berita nya bagus dan tutur katanya terbaik dari yang terbaik aplikasinya nggak pernah keluar sendiri
561,561,561,,,,,4.0,Sudah 2 x status langganan saya selama 1 tahun menjadi tidak berlangganan lagi pdhl baru bberpa bulan saja,-1.0,False,id,False,"sudah, langganan, saya, selama, tahun, menjadi, tidak, berlangganan, lagi, baru, bulan, saja",,"x, status, pdhl, bberpa",False,sudah 2 x status langganan saya selama 1 tahun menjadi tidak berlangganan lagi pdhl baru bberpa bulan saja
562,562,562,,,,,1.0,"Seharusnya kompas tidak menghapus aplikasi versi lama, agar bisa di download juga oleh iOS yg versi lama.",-1.0,False,id,False,"seharusnya, tidak, menghapus, aplikasi, versi, lama, agar, bisa, juga, oleh, versi, lama",,"kompas, di, download, ios, yg",False,seharusnya kompas tidak menghapus aplikasi versi lama agar bisa di download juga oleh ios yg versi lama
563,563,563,,,,,5.0,"Mohon untuk diperbaiki aplikasi ini, karena sering sekali aplikasi tertutup mendadak/crash ketika discroll ke bawah. Utamakan pelayanan terhadap pelanggan.",-1.0,False,id,True,"mohon, untuk, diperbaiki, aplikasi, ini, karena, sering, sekali, aplikasi, tertutup, mendadak, ketika, bawah, utamakan, pelayanan, terhadap, pelanggan",crash,"discroll, ke",False,mohon untuk diperbaiki aplikasi ini karena sering sekali aplikasi tertutup mendadakcrash ketika discroll ke bawah utamakan pelayanan terhadap pelanggan
564,564,564,,,,,2.0,Tolong diperbaiki! Aplikasinya force close setelah scroll. iOS 16.,-1.0,False,en,False,,"please, fix, force, closed, after, scrolling","app, ios",False,tolong diperbaiki aplikasinya force close setelah scroll ios 16
565,565,565,,0.0,,,5.0,Tolong dibuat fitur offline untuk kompas e-paper sehingga bisa tetap dibaca saat perjalanan udara. Tks,,False,id,True,"tolong, dibuat, fitur, untuk, sehingga, bisa, tetap, dibaca, saat, perjalanan, udara, tks",e-paper,"offline, kompas",False,tolong dibuat fitur offline untuk kompas epaper sehingga bisa tetap dibaca saat perjalanan udara tks
566,566,566,,,,,2.0,scroll scroll pasti selalu force closed,-1.0,False,it,True,"pasti, selalu","force, closed","scroll, scroll",False,scroll scroll pasti selalu force closed
567,567,567,,,,,1.0,Wah sdh gak bisa dibuka di iOS 12.5.5 lagi ya. Pilihannya hanya berhenti berlangganan atau beli HP baru?,-1.0,False,id,False,"wah, sdh, gak, bisa, dibuka, lagi, pilihannya, hanya, berhenti, berlangganan, atau, beli, baru",,"di, ios, ya, hp",False,wah sdh gak bisa dibuka di ios 1255 lagi ya pilihannya hanya berhenti berlangganan atau beli hp baru
568,568,568,,,,,5.0,"sebulan setelah mengeluh, kini bisa buka dalam posisi portrait lagi, good job!",1.0,False,id,True,"sebulan, setelah, mengeluh, kini, bisa, buka, dalam, posisi, lagi","portrait, good, job",,False,sebulan setelah mengeluh kini bisa buka dalam posisi portrait lagi good job
569,569,569,,,,,1.0,Aplikasi ga jalan di ipad.. percuma saya sudah langganan setahun.. perbaiki segera,-1.0,False,id,False,"aplikasi, ga, jalan, percuma, saya, sudah, langganan, setahun, perbaiki, segera",,"di, ipad",False,aplikasi ga jalan di ipad percuma saya sudah langganan setahun perbaiki segera
570,570,570,,,,,2.0,Aplikasi seringkali crash untuk device saya (iPhone 11) terpaksa uninstalled karena gak bisa dipakai dan balik ke web.,-1.0,False,id,True,"aplikasi, seringkali, untuk, saya, terpaksa, karena, gak, bisa, dipakai, dan, balik","crash, device","iphone, uninstalled, ke, web",False,aplikasi seringkali crash untuk device saya iphone 11 terpaksa uninstalled karena gak bisa dipakai dan balik ke web
571,571,571,,,,,1.0,"Setiap mau baca disuruh login, pdhl sudah login. Cek status katanya belum berlangganan, padahal bayar terus. Aneh banget deh ih",-1.0,False,id,False,"setiap, mau, baca, disuruh, login, sudah, login, cek, katanya, belum, berlangganan, padahal, bayar, terus, aneh, banget, deh",,"pdhl, status, ih",False,setiap mau baca disuruh login pdhl sudah login cek status katanya belum berlangganan padahal bayar terus aneh banget deh ih
572,572,572,1.0,,,,5.0,Thanks kompas sudah update . Suka dengan designya yeayy,1.0,False,id,True,"sudah, suka, dengan",thanks,"kompas, update, designya, yeayy",False,thanks kompas sudah update  suka dengan designya yeayy
573,573,573,,,,,5.0,"Akhirnya, app yang sekarang bisa dikatakan layak. Setara dengan app milik media sebelah. Keren. Masih bisa ditingkatkan lagi sih.",,False,id,False,"akhirnya, yang, sekarang, bisa, dikatakan, layak, setara, dengan, milik, sebelah, keren, masih, bisa, ditingkatkan, lagi, sih",,"app, app, media",False,akhirnya app yang sekarang bisa dikatakan layak setara dengan app milik media sebelah keren masih bisa ditingkatkan lagi sih
574,574,574,,,,,3.0,"kompas di iPhone / iPad saya gak bisa buka isi berita, mentok di loading screen. Mohon di perbaiki. Terima kasih",-1.0,False,id,True,"saya, gak, bisa, buka, isi, berita, mentok, mohon, perbaiki, terima, kasih",screen,"kompas, di, iphone, ipad, di, loading, di",False,kompas di iphone  ipad saya gak bisa buka isi berita mentok di loading screen mohon di perbaiki terima kasih
575,575,575,1.0,,-1.0,,2.0,"Kalo menurut saya kurang bagus, karena terlalu banyak yg harus berlangganan. Untuk design sih udah ok dan penataan konten.",,False,id,True,"kalo, menurut, saya, kurang, bagus, karena, terlalu, banyak, harus, berlangganan, untuk, sih, udah, dan, penataan, konten",design,"yg, ok",False,kalo menurut saya kurang bagus karena terlalu banyak yg harus berlangganan untuk design sih udah ok dan penataan konten
576,576,576,,,,,1.0,Saya tidak bisa download epaper sejak update di Version 2.0. Sudah dicoba di iPad dan iPhone. Mohon diperbaiki.,-1.0,False,id,True,"saya, tidak, bisa, sejak, sudah, dicoba, dan, mohon, diperbaiki",version,"download, epaper, update, di, di, ipad, iphone",False,saya tidak bisa download epaper sejak update di version 20 sudah dicoba di ipad dan iphone mohon diperbaiki
577,577,577,,,,,1.0,Tolong diperbaiki segera. Terima kasih.,,False,id,False,"tolong, diperbaiki, segera, terima, kasih",,,False,tolong diperbaiki segera terima kasih
578,578,578,,,-1.0,,1.0,"Rugi saya berlangganan premium, e-paper aja gak bisa dibuka",-1.0,False,id,True,"rugi, saya, berlangganan, aja, gak, bisa, dibuka",e-paper,premium,False,rugi saya berlangganan premium epaper aja gak bisa dibuka
579,579,579,,,,,1.0,Setelah update tak bisa dibaca epapernya,-1.0,False,id,False,"setelah, tak, bisa, dibaca",,"update, epapernya",False,setelah update tak bisa dibaca epapernya
580,580,580,,,,,5.0,Setelah update malah gak bisa di download dibuka sama sekali e-paper nya,-1.0,False,id,True,"setelah, malah, gak, bisa, dibuka, sama, sekali, nya",e-paper,"update, di, download",False,setelah update malah gak bisa di download dibuka sama sekali epaper nya
581,581,581,,,,,1.0,Barusan update kok malah epaper nya gak bisa dibuka,-1.0,False,id,False,"barusan, kok, malah, nya, gak, bisa, dibuka",,"update, epaper",False,barusan update kok malah epaper nya gak bisa dibuka
582,582,582,,,,,1.0,Diupdate malah jd g bisa buka epaper (IOS14),-1.0,False,id,False,"diupdate, malah, bisa, buka",,"jd, g, epaper, ios",False,diupdate malah jd g bisa buka epaper ios14
583,583,583,,,,,1.0,Sebelumnya tanggal 15  Novbisa download. Ganti version tgl 17 Nov jadi tidak bisa. Tolong segera perbaiki,-1.0,False,id,True,"sebelumnya, tanggal, ganti, tgl, jadi, tidak, bisa, tolong, segera, perbaiki","version, nov","novbisa, download",False,sebelumnya tanggal 15 novbisa download ganti version tgl 17 nov jadi tidak bisa tolong segera perbaiki
584,584,584,,,,,1.0,Tidak dapat mengunduh dan membuka e-paper setelah upgrade,-1.0,False,en,False,,"cannot, and, open, after","download, epaper, upgrade",False,tidak dapat mengunduh dan membuka epaper setelah upgrade
585,585,585,,,,,4.0,"Mohon untuk di perbaiki, gak bisa download epaper",-1.0,False,id,False,"mohon, untuk, perbaiki, gak, bisa",,"di, download, epaper",False,mohon untuk di perbaiki gak bisa download epaper
586,586,586,0.0,,,,2.0,"Tolong ditambah beberapa fitur yang buat lebihenak baca, seperti dark mode, landscape mode",,False,id,True,"tolong, ditambah, beberapa, fitur, yang, buat, baca, seperti","dark, landscape","lebihenak, mode, mode",False,tolong ditambah beberapa fitur yang buat lebihenak baca seperti dark mode landscape mode
587,587,587,,,,,2.0,Ada error selalu gagal membaca pdf & gak bisa baca e paper,-1.0,False,id,True,"ada, selalu, gagal, membaca, gak, bisa, baca",paper,"error, pdf, e",False,ada error selalu gagal membaca pdf  gak bisa baca e paper
588,588,588,,,,,1.0,"Saya berlangganan E paper di aplikasi ini, tapi susah sekali di download bahkan tidak bisa di download.",-1.0,False,id,True,"saya, berlangganan, aplikasi, ini, tapi, susah, sekali, bahkan, tidak, bisa",paper,"e, di, di, download, di, download",False,saya berlangganan e paper di aplikasi ini tapi susah sekali di download bahkan tidak bisa di download
589,589,589,-1.0,,,,2.0,"Tampilan portrait membuat UI terlihat sempit, dan tidak adanya darkmode cukup mengganggu saat ingin membuka aplikasi di malam hari",,False,id,True,"tampilan, membuat, terlihat, sempit, dan, tidak, adanya, cukup, mengganggu, saat, ingin, membuka, aplikasi, malam, hari",portrait,"ui, darkmode, di",False,tampilan portrait membuat ui terlihat sempit dan tidak adanya darkmode cukup mengganggu saat ingin membuka aplikasi di malam hari
590,590,590,,,,,1.0,sudah bayar berlangganan tapi sampai sekarang masih belum aktif... gak jelas ni aplikasi 👎👎👎👎👎👎👎,-1.0,False,id,False,"sudah, bayar, berlangganan, tapi, sampai, sekarang, masih, belum, aktif, gak, jelas, aplikasi",,ni,False,sudah bayar berlangganan tapi sampai sekarang masih belum aktif gak jelas ni aplikasi 
591,591,591,,,,,5.0,"Untuk akses login lewat google belum bisa mendirect kembali ke apps kompas
Mohon diperbaiki",-1.0,False,id,False,"untuk, akses, login, lewat, belum, bisa, kembali, mohon, diperbaiki",,"google, mendirect, ke, apps, kompas",False,untuk akses login lewat google belum bisa mendirect kembali ke apps kompas mohon diperbaiki
592,592,592,0.0,,,,3.0,Kebanyakan aplikasi berbayar untuk membaca konten sudah mempunyai dark mode dan pengaturan teks. Ditunggu tambahan fitur tersebut.,,False,id,True,"kebanyakan, aplikasi, berbayar, untuk, membaca, konten, sudah, mempunyai, dan, pengaturan, teks, ditunggu, tambahan, fitur, tersebut",dark,mode,False,kebanyakan aplikasi berbayar untuk membaca konten sudah mempunyai dark mode dan pengaturan teks ditunggu tambahan fitur tersebut
593,593,593,0.0,,,,3.0,Mungkin bisa ditingkatkan responsifitas dan mode malam atau tema background menjadi gelap.,,False,id,True,"mungkin, bisa, ditingkatkan, dan, malam, atau, tema, menjadi, gelap",background,"responsifitas, mode",False,mungkin bisa ditingkatkan responsifitas dan mode malam atau tema background menjadi gelap
594,594,594,,,,,1.0,Gagal login pakai google. Tidak bisa akses epaper.,-1.0,False,tl,False,"gagal, login, pakai, tidak, bisa, akses",,"google, epaper",False,gagal login pakai google tidak bisa akses epaper
595,595,595,,,-1.0,,1.0,"Uda langganan 6 bulan, tapi tiap mau download pdf gagal melulu
Mubazir dong...
Benerin bisa ga tolong?",-1.0,False,id,False,"uda, langganan, bulan, tapi, tiap, mau, gagal, melulu, mubazir, dong, bisa, ga, tolong",,"download, pdf, benerin",False,uda langganan 6 bulan tapi tiap mau download pdf gagal melulu mubazir dong benerin bisa ga tolong
596,596,596,,,,,1.0,"Mau klik langganan, tp nggak bisa2. Diperbaiki dong",-1.0,False,id,False,"mau, klik, langganan, nggak, bisa, diperbaiki, dong",,tp,False,mau klik langganan tp nggak bisa2 diperbaiki dong
597,597,597,0.0,,,,5.0,"Menurut saya, Anda bisa memperbarui UI/UX agar lebih ramah pengguna, serta meminimalkan bug dan mempercepat pembaruan. Terima kasih.",0.0,False,en,False,,"think, you, can, your, more, friendly, and, less, bugs, fast, thanks","i, update, ui, ukompas, to, be, update",False,menurut saya anda bisa memperbarui uiux agar lebih ramah pengguna serta meminimalkan bug dan mempercepat pembaruan terima kasih
598,598,598,-1.0,,,,2.0,"Aplikasi terlalu berat, loading lama. enggak bisa landscape juga.",-1.0,False,id,True,"aplikasi, terlalu, berat, lama, enggak, bisa, juga",landscape,loading,False,aplikasi terlalu berat loading lama enggak bisa landscape juga
599,599,599,,,,,5.0,Tolong perbaiki aplikasinya. Saya sudah membeli membership untuk satu tahun.,0.0,False,en,False,,"please, fix, the, already, purchased, the, membership, for, one, year","app, i",False,tolong perbaiki aplikasinya saya sudah membeli membership untuk satu tahun
600,600,600,,,,,1.0,"Sy berlanggan kompas digital premium, aplikasi tdak berjalan di ios 12.1.2, tlg di update segera",-1.0,False,id,False,"aplikasi, tdak, berjalan, segera",,"sy, berlanggan, kompas, digital, premium, di, ios, tlg, di, update",False,sy berlanggan kompas digital premium aplikasi tdak berjalan di ios 1212 tlg di update segera
601,601,601,,,-1.0,,1.0,knp mesti langganan? padahal aplikasi lain yg serupa gk perlu langganan,,False,id,False,"knp, mesti, langganan, padahal, aplikasi, lain, serupa, perlu, langganan",,"yg, gk",False,knp mesti langganan padahal aplikasi lain yg serupa gk perlu langganan
602,602,602,,,,,1.0,"Awalnya, aplikasi itu berjalan dengan baik. Lama-kelamaan kinerjanya memburuk. Sekarang, aplikasi itu terus-menerus mengalami crash",-1.0,False,en,False,,"the, beginning, that, worked, fine, eventually, it's, getting, worse, now, crashes, all, the, time","in, app, it",False,awalnya aplikasi itu berjalan dengan baik lamakelamaan kinerjanya memburuk sekarang aplikasi itu terusmenerus mengalami crash
603,603,603,,1.0,,,5.0,"Oke, aplikasinya bagus. Saya bisa menikmati e-paper di iPad saya. :D",,False,en,False,,"okay, good, can, enjoy","apps, i, epaper, in, my, ipad, d",False,oke aplikasinya bagus saya bisa menikmati epaper di ipad saya d
604,604,604,,,,,5.0,Mohon perbaiki bug-nya; aplikasi terus mengalami crash setelah masuk.,-1.0,False,en,False,,"please, fix, the, the, keep, crashing, after, sign","bug, app, in",False,mohon perbaiki bugnya aplikasi terus mengalami crash setelah masuk
605,605,605,,,,,1.0,Ini gimana sih baru 5detik dibuka crash terus,-1.0,False,id,True,"ini, gimana, sih, baru, detik, dibuka, terus",crash,,False,ini gimana sih baru 5detik dibuka crash terus
606,606,606,,,,,1.0,Tidak berfungsi di iPad Pro dengan iOS terbaru.,-1.0,False,en,False,,"doesn’t, work, with, the, latest","on, ipad, pro, ios",False,tidak berfungsi di ipad pro dengan ios terbaru
607,607,607,,,,,1.0,Kalau ngak siao bikinnaplikasi mending ga usah bikin....begitu buka apps lsg crash...pengalaman ygbmengecewakan.tidak sejalan dengan reputasi harian kompas edisi cetak,-1.0,False,id,True,"kalau, ngak, mending, ga, usah, bikin, begitu, buka, pengalaman, tidak, sejalan, dengan, reputasi, harian, edisi, cetak",crash,"siao, bikinnaplikasi, apps, lsg, ygbmengecewakan, kompas",False,kalau ngak siao bikinnaplikasi mending ga usah bikinbegitu buka apps lsg crashpengalaman ygbmengecewakantidak sejalan dengan reputasi harian kompas edisi cetak
608,608,608,,,,,1.0,"Digunakan di IOS ga berjalan bagus, bisa dibuka tp lgs keluar lagi, berulang kali di reinstall problemnya sama saja",-1.0,False,id,True,"digunakan, ga, berjalan, bagus, bisa, dibuka, keluar, lagi, berulang, kali, sama, saja",reinstall,"di, ios, tp, lgs, di, problemnya",False,digunakan di ios ga berjalan bagus bisa dibuka tp lgs keluar lagi berulang kali di reinstall problemnya sama saja
609,609,609,,,,,5.0,Btw mohon update kompas idnya app biar ios 11.3 bisa terbacaca appnya soalnya sering crash appnya,-1.0,False,id,True,"mohon, biar, bisa, soalnya, sering",crash,"btw, update, kompas, idnya, app, ios, terbacaca, appnya, appnya",False,btw mohon update kompas idnya app biar ios 113 bisa terbacaca appnya soalnya sering crash appnya
610,610,610,,,,,2.0,Setelah update Epaper sama sekali tidak dapat di buka.,-1.0,False,id,False,"setelah, sama, sekali, tidak, dapat, buka",,"update, epaper, di",False,setelah update epaper sama sekali tidak dapat di buka
611,611,611,,,,,1.0,Apss dibuka selalu crash di ios 11.3 pada ipad.,-1.0,False,id,True,"dibuka, selalu, pada",crash,"apss, di, ios, ipad",False,apss dibuka selalu crash di ios 113 pada ipad
612,612,612,,,,,4.0,Di menh buku sering force close. Mohon update app nya. Tks.,-1.0,False,id,True,"buku, sering, mohon, nya, tks","force, close","di, menh, update, app",False,di menh buku sering force close mohon update app nya tks
613,613,613,,,,,3.0,Ga bs close di iPhone x,-1.0,False,it,True,ga,close,"bs, di, iphone, x",False,ga bs close di iphone x
614,614,614,,-1.0,,,3.0,"Aplikasi ini cukup bagus untuk membaca harian kompas, namun sayang belum/tidak bisa untuk akses kompas versi e-paper / digital.",,False,id,True,"aplikasi, ini, cukup, bagus, untuk, membaca, harian, namun, sayang, belum, tidak, bisa, untuk, akses, versi",e-paper,"kompas, kompas, digital",False,aplikasi ini cukup bagus untuk membaca harian kompas namun sayang belumtidak bisa untuk akses kompas versi epaper  digital
615,615,615,,,-1.0,-1.0,1.0,"jadi member premium selama setahun sangat dirugikan, karena menu berita selalu diubah, kenapa cerpen yang harusnya berisi ratusan cerpen malah hanya menampilkan 4 cerpen saja? dimana saya bisa menemukan cerpen lain? terus dimama sajian humaniora? kok ilang? gak jelas, kadang di menu ekonomi ada berita hukum... perbaiki ya!",,False,id,False,"jadi, selama, setahun, sangat, dirugikan, karena, berita, selalu, diubah, kenapa, cerpen, yang, harusnya, berisi, ratusan, cerpen, malah, hanya, menampilkan, cerpen, saja, dimana, saya, bisa, menemukan, cerpen, lain, terus, sajian, humaniora, kok, ilang, gak, jelas, kadang, ekonomi, ada, berita, hukum, perbaiki",,"member, premium, menu, dimama, di, menu, ya",False,jadi member premium selama setahun sangat dirugikan karena menu berita selalu diubah kenapa cerpen yang harusnya berisi ratusan cerpen malah hanya menampilkan 4 cerpen saja dimana saya bisa menemukan cerpen lain terus dimama sajian humaniora kok ilang gak jelas kadang di menu ekonomi ada berita hukum perbaiki ya
616,616,616,,,,1.0,3.0,"aplikasi sering tidak berjalan lancar, ketika aplikasi dibuka yang muncul hanya halaman loading yang sangat lama, dan ujung ujungnya gagal memuat halaman, sering seperti ini, padahal sudah bayar dan langganan untuk satu tahun....sayang sekali, padahal kompas.id adalah salah satu rujukan untuk informasi berita yang kredibel.",-1.0,False,id,False,"aplikasi, sering, tidak, berjalan, lancar, ketika, aplikasi, dibuka, yang, muncul, hanya, halaman, yang, sangat, lama, dan, ujung, ujungnya, gagal, memuat, halaman, sering, seperti, ini, padahal, sudah, bayar, dan, langganan, untuk, satu, tahun, sayang, sekali, padahal, adalah, salah, satu, rujukan, untuk, informasi, berita, yang, kredibel",,"loading, kompas, id",False,aplikasi sering tidak berjalan lancar ketika aplikasi dibuka yang muncul hanya halaman loading yang sangat lama dan ujung ujungnya gagal memuat halaman sering seperti ini padahal sudah bayar dan langganan untuk satu tahunsayang sekali padahal kompasid adalah salah satu rujukan untuk informasi berita yang kredibel
617,617,617,,-1.0,,1.0,4.0,beritanya lengkap sih. tpi gimana sih caranya liat berita-berita di bulan sebelumnya? atau 2-3 bulan yang lalu?? masa harus ngescroll?? capek bgt dong. padahal udh bayar,,False,id,False,"beritanya, lengkap, sih, tpi, gimana, sih, caranya, liat, berita-berita, bulan, sebelumnya, atau, bulan, yang, lalu, masa, harus, capek, bgt, dong, padahal, udh, bayar",,"di, ngescroll",False,beritanya lengkap sih tpi gimana sih caranya liat beritaberita di bulan sebelumnya atau 23 bulan yang lalu masa harus ngescroll capek bgt dong padahal udh bayar
618,618,618,,,-1.0,,4.0,"saya sebenarnya suka sama aplikasi ini jadi bisa membaca artikel baru dengan mudah tapi saya tidak bisa membaca artikel lain lagi karna SAYA SUDAH MEMBACA ARTIKEL DI BULAN INI dan saya disuruh berlangganan yang awalnya 15rb tapi jadi 50rb setelah pembayaran pertama, aku akui aplikasi ini emang bagus banget jadi, aku bakal coba aplikasi ini lagi di lain waktu karna sekarang aku gapunya uang nya :p",,False,id,False,"saya, sebenarnya, suka, sama, aplikasi, ini, jadi, bisa, membaca, artikel, baru, dengan, mudah, tapi, saya, tidak, bisa, membaca, artikel, lain, lagi, karna, saya, sudah, membaca, artikel, bulan, ini, dan, saya, disuruh, berlangganan, yang, awalnya, tapi, jadi, setelah, pembayaran, pertama, aku, akui, aplikasi, ini, emang, bagus, banget, jadi, aku, bakal, coba, aplikasi, ini, lagi, lain, waktu, karna, sekarang, aku, uang, nya",,"di, rb, rb, di, gapunya, p",False,saya sebenarnya suka sama aplikasi ini jadi bisa membaca artikel baru dengan mudah tapi saya tidak bisa membaca artikel lain lagi karna saya sudah membaca artikel di bulan ini dan saya disuruh berlangganan yang awalnya 15rb tapi jadi 50rb setelah pembayaran pertama aku akui aplikasi ini emang bagus banget jadi aku bakal coba aplikasi ini lagi di lain waktu karna sekarang aku gapunya uang nya p
619,619,619,1.0,,-1.0,,3.0,"aplikasi mudah untuk digunakan, cuma agak disayangkan kita sudah berlangganan premium masih dapat iklan digital segede gaban. semoga bisa dijadikan pertimbangan kritis tsb.",,False,id,False,"aplikasi, mudah, untuk, digunakan, cuma, agak, disayangkan, kita, sudah, berlangganan, masih, dapat, iklan, semoga, bisa, dijadikan, pertimbangan, kritis, tsb",,"premium, digital, segede, gaban",False,aplikasi mudah untuk digunakan cuma agak disayangkan kita sudah berlangganan premium masih dapat iklan digital segede gaban semoga bisa dijadikan pertimbangan kritis tsb
620,620,620,,,,,4.0,"mengapa kompas e paper saya suka gagal masuk ??? sering bermasalah padahal saya sengaja berlangganan online agar lebih fleksibel , sudah sering kali mohon perhatian nya admin kompas yg terhormat",-1.0,False,id,True,"mengapa, saya, suka, gagal, masuk, sering, bermasalah, padahal, saya, sengaja, berlangganan, agar, lebih, fleksibel, sudah, sering, kali, mohon, perhatian, nya, admin, terhormat",paper,"kompas, e, online, kompas, yg",False,mengapa kompas e paper saya suka gagal masuk  sering bermasalah padahal saya sengaja berlangganan online agar lebih fleksibel  sudah sering kali mohon perhatian nya admin kompas yg terhormat
621,621,621,,,,,1.0,"Pada awalnya kukasih bintang 4, karena soal fitur kolom komentar yang TDK bisa digunakan. Dan sekarang ini, kukasih bintang 1 karena tidak bisa akses di HP ku. Mohon diperbaiki aplikasinya, admin",-1.0,False,id,False,"pada, awalnya, bintang, karena, soal, fitur, kolom, komentar, yang, tdk, bisa, digunakan, dan, sekarang, ini, bintang, karena, tidak, bisa, akses, mohon, diperbaiki, aplikasinya, admin",,"kukasih, kukasih, di, hp, ku",False,pada awalnya kukasih bintang 4 karena soal fitur kolom komentar yang tdk bisa digunakan dan sekarang ini kukasih bintang 1 karena tidak bisa akses di hp ku mohon diperbaiki aplikasinya admin
622,622,622,1.0,,1.0,,5.0,"Saya berlanganan dengan menggunakan voucher dari My Value, hitungannya jadi gratis dari poin. Kesan pertama saya, memang nyaman baca berita tanpa iklan dan visual yang memenajakan mata, dibanding baca berita gratisan yang penuh iklan.",,False,id,True,"saya, dengan, menggunakan, voucher, dari, hitungannya, jadi, gratis, dari, poin, kesan, pertama, saya, memang, nyaman, baca, berita, tanpa, iklan, dan, yang, mata, dibanding, baca, berita, gratisan, yang, penuh, iklan",value,"berlanganan, my, visual, memenajakan",False,saya berlanganan dengan menggunakan voucher dari my value hitungannya jadi gratis dari poin kesan pertama saya memang nyaman baca berita tanpa iklan dan visual yang memenajakan mata dibanding baca berita gratisan yang penuh iklan
623,623,623,,,,,4.0,"Mohon maaf, saya sudah berlangganan namun susah sekali masuk ketika memasukkan email saya saat ini. Jadi tiba-tiba saja kayak hilang sinyal dan tidak bisa direfresh. Saya udah coba instal ulang tpi malah tidak bisa masuk melalui email saya. Mohon bantuannya!",-1.0,False,id,False,"mohon, maaf, saya, sudah, berlangganan, namun, susah, sekali, masuk, ketika, memasukkan, saya, saat, ini, jadi, tiba-tiba, saja, kayak, hilang, sinyal, dan, tidak, bisa, saya, udah, coba, instal, ulang, tpi, malah, tidak, bisa, masuk, melalui, saya, mohon, bantuannya",,"email, direfresh, email",False,mohon maaf saya sudah berlangganan namun susah sekali masuk ketika memasukkan email saya saat ini jadi tibatiba saja kayak hilang sinyal dan tidak bisa direfresh saya udah coba instal ulang tpi malah tidak bisa masuk melalui email saya mohon bantuannya
624,624,624,,,,1.0,5.0,Salah satu aplikasi yang memuat berbagai macam warta dan rubrik cerita baik dalam lingkup nasional maupun internasional secara lengkap. Dapat menjadi salah satu referensi informasi online.,,False,id,False,"salah, satu, aplikasi, yang, memuat, berbagai, macam, warta, dan, rubrik, cerita, baik, dalam, lingkup, nasional, maupun, internasional, secara, lengkap, dapat, menjadi, salah, satu, referensi, informasi",,online,False,salah satu aplikasi yang memuat berbagai macam warta dan rubrik cerita baik dalam lingkup nasional maupun internasional secara lengkap dapat menjadi salah satu referensi informasi online
625,625,625,1.0,1.0,,1.0,5.0,Tersedia berita dengan tampilan yang nyaman seperti membaca website tapi bedanya disini diberitakan secara lebih mendalam dan juga tanpa iklan yang mengganggu. Ada juga pilihan tampilan seperti koran. Selain itu ada fitur dimana AI bisa membacakan berita untuk kita sehingga kita tinggal mendengarkan saja tanpa harus membaca. Kita juga bisa download ebook gratis disini.,,False,id,False,"tersedia, berita, dengan, tampilan, yang, nyaman, seperti, membaca, tapi, bedanya, disini, diberitakan, secara, lebih, mendalam, dan, juga, tanpa, iklan, yang, mengganggu, ada, juga, pilihan, tampilan, seperti, koran, selain, itu, ada, fitur, dimana, bisa, membacakan, berita, untuk, kita, sehingga, kita, tinggal, mendengarkan, saja, tanpa, harus, membaca, kita, juga, bisa, gratis, disini",,"website, ai, download, ebook",False,tersedia berita dengan tampilan yang nyaman seperti membaca website tapi bedanya disini diberitakan secara lebih mendalam dan juga tanpa iklan yang mengganggu ada juga pilihan tampilan seperti koran selain itu ada fitur dimana ai bisa membacakan berita untuk kita sehingga kita tinggal mendengarkan saja tanpa harus membaca kita juga bisa download ebook gratis disini
626,626,626,,,0.0,,3.0,Sebaiknya sih kalau itu berita digratiskan saja untuk umum kasian kalau disuruh bayar premium dulu kalo buat baca berita jadinya kayak ngga iklas ngasi berita,,False,id,False,"sebaiknya, sih, kalau, itu, berita, saja, untuk, umum, kasian, kalau, disuruh, bayar, dulu, kalo, buat, baca, berita, jadinya, kayak, ngga, berita",,"digratiskan, premium, iklas, ngasi",False,sebaiknya sih kalau itu berita digratiskan saja untuk umum kasian kalau disuruh bayar premium dulu kalo buat baca berita jadinya kayak ngga iklas ngasi berita
627,627,627,0.0,,,,4.0,Tolong sediakan tampilan layout seperti berita digital pada umumnya juga di korannya. Bisa cek di tampilan aplikasi koran tempo. Kita buka koean di ponsel jadi harus repot zoom in zoom out dulu.,,False,id,True,"tolong, sediakan, tampilan, seperti, berita, pada, umumnya, juga, bisa, cek, tampilan, aplikasi, koran, tempo, kita, buka, ponsel, jadi, harus, repot, dulu",out,"layout, digital, di, korannya, di, koean, di, zoom, in, zoom",False,tolong sediakan tampilan layout seperti berita digital pada umumnya juga di korannya bisa cek di tampilan aplikasi koran tempo kita buka koean di ponsel jadi harus repot zoom in zoom out dulu
628,628,628,-1.0,,,,3.0,kenapa tampilan ePaper nya muncul nama file di sebelah kanan yang menutupi teks sehingga menyulitkan membaca. khusus nya di akses menggunakan handphone. sementara di akses di tablet aman aja. mohon info bagaimana cara supaya tidak muncul nama file nya,,False,id,False,"kenapa, tampilan, nya, muncul, nama, sebelah, kanan, yang, menutupi, teks, sehingga, menyulitkan, membaca, khusus, nya, akses, menggunakan, handphone, sementara, akses, aman, aja, mohon, bagaimana, cara, supaya, tidak, muncul, nama, nya",,"epaper, file, di, di, di, di, tablet, info, file",False,kenapa tampilan epaper nya muncul nama file di sebelah kanan yang menutupi teks sehingga menyulitkan membaca khusus nya di akses menggunakan handphone sementara di akses di tablet aman aja mohon info bagaimana cara supaya tidak muncul nama file nya
629,629,629,,,0.0,,2.0,"mohon maaf admin kompas, ijin menyampaikan untuk membuka artikel atau berita dalam kompas harus belangganan, apakah boleh secara GRATIS untuk memudahkan para pelajar dan mahasiswa untuk membaca berita dengan tidak memerlukan biaya. ada gratis tapi hanya untuk tiga kali saja. itu belum cukup puas buat para pelajar dan mahasiswa. Terimakasih",,False,id,False,"mohon, maaf, admin, ijin, menyampaikan, untuk, membuka, artikel, atau, berita, dalam, harus, apakah, boleh, secara, gratis, untuk, memudahkan, para, pelajar, dan, mahasiswa, untuk, membaca, berita, dengan, tidak, memerlukan, biaya, ada, gratis, tapi, hanya, untuk, tiga, kali, saja, itu, belum, cukup, puas, buat, para, pelajar, dan, mahasiswa, terimakasih",,"kompas, kompas, belangganan",False,mohon maaf admin kompas ijin menyampaikan untuk membuka artikel atau berita dalam kompas harus belangganan apakah boleh secara gratis untuk memudahkan para pelajar dan mahasiswa untuk membaca berita dengan tidak memerlukan biaya ada gratis tapi hanya untuk tiga kali saja itu belum cukup puas buat para pelajar dan mahasiswa terimakasih
630,630,630,,,,1.0,3.0,Salam sejahtera kita semuaSemoga mendapat RahmatNya .Saya senang membuka Kompas kerna banyak berita berita yang pentig perlu diketahui sebagai pelajaran bagi kita semoga Kompas Sokses selalu Amiin YRA HjSaniah Tgl 10 Disember 2023,,False,id,False,"salam, sejahtera, kita, mendapat, saya, senang, membuka, banyak, berita, berita, yang, perlu, diketahui, sebagai, pelajaran, bagi, kita, semoga, selalu, amiin, tgl",,"semuasemoga, rahmatnya, kompas, kerna, pentig, kompas, sokses, yra, hjsaniah, disember",False,salam sejahtera kita semuasemoga mendapat rahmatnya saya senang membuka kompas kerna banyak berita berita yang pentig perlu diketahui sebagai pelajaran bagi kita semoga kompas sokses selalu amiin yra hjsaniah tgl 10 disember 2023
631,631,631,,,,1.0,5.0,"Aplikasi Kompas.id ini sangat berguna sekali, semenjak saya menggunakan aplikasi ini, saya bisa mengetahui update berita terbaru, mantep banget guys 🤩🤩👍👍",,False,id,True,"aplikasi, ini, sangat, berguna, sekali, semenjak, saya, menggunakan, aplikasi, ini, saya, bisa, mengetahui, berita, terbaru, banget",guys,"kompas, id, update, mantep",False,aplikasi kompasid ini sangat berguna sekali semenjak saya menggunakan aplikasi ini saya bisa mengetahui update berita terbaru mantep banget guys 
632,632,632,,,,1.0,5.0,"aplikasi berita bagus di tengah banjirnya informasi. baca kompas.id banyak ulasan, mencerahkan, bukan sekadar berita. search engine-nya mungkin bisa diperbaiki supaya pencarian lebih mudah.",,False,id,True,"aplikasi, berita, bagus, tengah, informasi, baca, banyak, ulasan, mencerahkan, bukan, sekadar, berita, engine-nya, mungkin, bisa, diperbaiki, supaya, pencarian, lebih, mudah",search,"di, banjirnya, kompas, id",False,aplikasi berita bagus di tengah banjirnya informasi baca kompasid banyak ulasan mencerahkan bukan sekadar berita search enginenya mungkin bisa diperbaiki supaya pencarian lebih mudah
633,633,633,,,,,5.0,"Konsonan langit yang akan menjadi sebuah takdir cinta kita, menjadikan hamparan bahwa saksi ini, detik ini, secara sinaran ultrafeng yang mulai dinaungi oleh greenday akan menjadi cranberries cinta kita menjadi nyata. Aku sudah mempersembahkan terjun dari helikopter untuk kamu, sayang... by. vicky prasetyo",,False,id,True,"konsonan, langit, yang, akan, menjadi, sebuah, takdir, cinta, kita, menjadikan, hamparan, bahwa, saksi, ini, detik, ini, secara, yang, mulai, dinaungi, oleh, akan, menjadi, cinta, kita, menjadi, nyata, aku, sudah, mempersembahkan, terjun, dari, helikopter, untuk, kamu, sayang, vicky, prasetyo",cranberries,"sinaran, ultrafeng, greenday, by",False,konsonan langit yang akan menjadi sebuah takdir cinta kita menjadikan hamparan bahwa saksi ini detik ini secara sinaran ultrafeng yang mulai dinaungi oleh greenday akan menjadi cranberries cinta kita menjadi nyata aku sudah mempersembahkan terjun dari helikopter untuk kamu sayang by vicky prasetyo
634,634,634,,,,,4.0,bLom melihat ada minusnya ntar kaLo da minusnya siap di komen ya? dan di perbaiki. tapi berusahalah untuk terus menjadi berita terkini,,False,id,False,"melihat, ada, ntar, kalo, siap, komen, dan, perbaiki, tapi, berusahalah, untuk, terus, menjadi, berita, terkini",,"blom, minusnya, da, minusnya, di, ya, di",False,blom melihat ada minusnya ntar kalo da minusnya siap di komen ya dan di perbaiki tapi berusahalah untuk terus menjadi berita terkini
635,635,635,,,,,4.0,"SAYA SUDAH MENCOBA BETBSGAI APLILASI NAMUN ADA SAJA KENDALA YANG SAYA HADAPI DAN MENBACA TAWARAN APLIKASI INI KEKIATANNYA SANGAT BAGUS MAKA SAYA MAU MENCOBANYA, WASSALAM.",,False,id,False,"saya, sudah, mencoba, namun, ada, saja, kendala, yang, saya, hadapi, dan, tawaran, aplikasi, ini, sangat, bagus, maka, saya, mau, mencobanya, wassalam",,"betbsgai, aplilasi, menbaca, kekiatannya",False,saya sudah mencoba betbsgai aplilasi namun ada saja kendala yang saya hadapi dan menbaca tawaran aplikasi ini kekiatannya sangat bagus maka saya mau mencobanya wassalam
636,636,636,,,1.0,1.0,5.0,"Aplikasi yang sangat dibutuhkan bagi kaum anak muda, sangat recommended untuk berlangganan dengan segala fitur kerennya. Dari kompas muda, bahkan game edukatifnya. Luv bgt pokoknya...",,False,id,True,"aplikasi, yang, sangat, dibutuhkan, bagi, kaum, anak, muda, sangat, untuk, berlangganan, dengan, segala, fitur, kerennya, dari, muda, bahkan, bgt, pokoknya",recommended,"kompas, game, edukatifnya, luv",False,aplikasi yang sangat dibutuhkan bagi kaum anak muda sangat recommended untuk berlangganan dengan segala fitur kerennya dari kompas muda bahkan game edukatifnya luv bgt pokoknya
637,637,637,-1.0,,,,5.0,"Untuk edisi e paper, pada setiap halaman, disamping kanan, selalu tertera nomor/angka2. Keberadaan nomor/angka ini menutupi sebagian teks berita, sehingga pembaca kesulitan untuk membaca teks berita. Hal ini sangat menganggu kenyamanan.",,False,id,True,"untuk, edisi, pada, setiap, halaman, disamping, kanan, selalu, tertera, nomor, angka, keberadaan, nomor, angka, ini, menutupi, sebagian, teks, berita, sehingga, pembaca, kesulitan, untuk, membaca, teks, berita, hal, ini, sangat, menganggu, kenyamanan",paper,e,False,untuk edisi e paper pada setiap halaman disamping kanan selalu tertera nomorangka2 keberadaan nomorangka ini menutupi sebagian teks berita sehingga pembaca kesulitan untuk membaca teks berita hal ini sangat menganggu kenyamanan
638,638,638,-1.0,-1.0,,,1.0,"Kekurangan nya: kurang menarik mata dan tidak dapat di salin, kalau boleh sih harusnya bisa di salin karena para Mahasiswa atau Siswa sering memiliki tugas makala",,False,id,False,"kekurangan, nya, kurang, menarik, mata, dan, tidak, dapat, salin, kalau, boleh, sih, harusnya, bisa, salin, karena, para, mahasiswa, atau, siswa, sering, memiliki, tugas",,"di, di, makala",False,kekurangan nya kurang menarik mata dan tidak dapat di salin kalau boleh sih harusnya bisa di salin karena para mahasiswa atau siswa sering memiliki tugas makala
639,639,639,,,,,5.0,sangat cocok bagi Anda ketahui sebelumnya yang hanya bisa pasrah saja dan kapan saja tanpa ada batasan usia kehamilan sekitar pukul penjualan mobil Honda Brio Satya dan darma jaya Cisauk Tangerang Selatan Banten Jakarta DKI Jakarta Jakarta barat Jakarta Selatan Banten dan Jawa timur dan barat komplit,,False,id,False,"sangat, cocok, bagi, anda, ketahui, sebelumnya, yang, hanya, bisa, pasrah, saja, dan, kapan, saja, tanpa, ada, batasan, usia, kehamilan, sekitar, pukul, penjualan, mobil, honda, brio, satya, dan, darma, jaya, tangerang, selatan, banten, jakarta, dki, jakarta, jakarta, barat, jakarta, selatan, banten, dan, jawa, timur, dan, barat, komplit",,cisauk,False,sangat cocok bagi anda ketahui sebelumnya yang hanya bisa pasrah saja dan kapan saja tanpa ada batasan usia kehamilan sekitar pukul penjualan mobil honda brio satya dan darma jaya cisauk tangerang selatan banten jakarta dki jakarta jakarta barat jakarta selatan banten dan jawa timur dan barat komplit
640,640,640,,,,,5.0,"PEMBIARAN PEMERINTAH dengan membibiarkan Galian C di wilayah Bekasi,kecamatan serang baru desa sirna jaya,seakan pemerintah setempat turup mata,kami sebagai warga masyarakat,tida seruju dengan ada nya perusahaan iru,karena sangat mengganggu aktipitas masyarakat,reutama ,jalanan rusak,",,False,id,False,"pemerintah, dengan, galian, wilayah, bekasi, kecamatan, serang, baru, desa, sirna, jaya, seakan, pemerintah, setempat, mata, kami, sebagai, warga, masyarakat, tida, dengan, ada, nya, perusahaan, karena, sangat, mengganggu, masyarakat, jalanan, rusak",,"pembiaran, membibiarkan, c, di, turup, seruju, iru, aktipitas, reutama",False,pembiaran pemerintah dengan membibiarkan galian c di wilayah bekasikecamatan serang baru desa sirna jayaseakan pemerintah setempat turup matakami sebagai warga masyarakattida seruju dengan ada nya perusahaan irukarena sangat mengganggu aktipitas masyarakatreutama jalanan rusak
641,641,641,,,-1.0,,1.0,"Bingung caranya berhenti berlangganan, udah ikuti instruksi tapi ga ketemu langkah yang diarahkan di petunjuk berhenti berlangganan. Ribet. Hal mendasar begini mestinya tinggal klik, selesai. Ga recommended buat yang cuma mau coba-coba.",,False,id,True,"bingung, caranya, berhenti, berlangganan, udah, ikuti, instruksi, tapi, ga, ketemu, langkah, yang, diarahkan, petunjuk, berhenti, berlangganan, ribet, hal, mendasar, begini, mestinya, tinggal, klik, selesai, ga, buat, yang, cuma, mau, coba-coba",recommended,di,False,bingung caranya berhenti berlangganan udah ikuti instruksi tapi ga ketemu langkah yang diarahkan di petunjuk berhenti berlangganan ribet hal mendasar begini mestinya tinggal klik selesai ga recommended buat yang cuma mau cobacoba
642,642,642,,,,,2.0,Nama lengkap Dr Arifuddim MM sangat tertarik berita 2 ulasan sport sepak bola tennis berenang dan juga ulasan politik dalam negeri danluar negeri dan perkembangan sektor Maritim dan pelajaran di negeri kita sebagai salah satu negara maritim terbesar didunia terima kasih Atas perhatian wassalam,,False,id,True,"nama, lengkap, sangat, tertarik, berita, ulasan, sepak, bola, berenang, dan, juga, ulasan, politik, dalam, negeri, negeri, dan, perkembangan, sektor, maritim, dan, pelajaran, negeri, kita, sebagai, salah, satu, negara, maritim, terbesar, didunia, terima, kasih, atas, perhatian, wassalam",tennis,"dr, arifuddim, mm, sport, danluar, di",False,nama lengkap dr arifuddim mm sangat tertarik berita 2 ulasan sport sepak bola tennis berenang dan juga ulasan politik dalam negeri danluar negeri dan perkembangan sektor maritim dan pelajaran di negeri kita sebagai salah satu negara maritim terbesar didunia terima kasih atas perhatian wassalam
643,643,643,,1.0,,,5.0,Baru saya sadari ternyata zoom-in dengan cara tap 2 kali saat membaca e-paper itu berbeda-beda. Kalo tap nya di text konten akan ngezoom-in sesuai ukuran layar. Kalo tap nya di gambar akan menyesuaikan ukuran layar. Mantap dah gak usah repot² ngezoom pake 2 jari. Makin nyaman baca koran sambil tiduran.,,False,id,True,"baru, saya, sadari, ternyata, dengan, cara, kali, saat, membaca, itu, berbeda-beda, kalo, nya, konten, akan, sesuai, ukuran, layar, kalo, nya, gambar, akan, menyesuaikan, ukuran, layar, mantap, dah, gak, usah, repot, pake, jari, makin, nyaman, baca, koran, sambil, tiduran","e-paper, text","zoom-in, tap, tap, di, ngezoom-in, tap, di, ngezoom",False,baru saya sadari ternyata zoomin dengan cara tap 2 kali saat membaca epaper itu berbedabeda kalo tap nya di text konten akan ngezoomin sesuai ukuran layar kalo tap nya di gambar akan menyesuaikan ukuran layar mantap dah gak usah repot² ngezoom pake 2 jari makin nyaman baca koran sambil tiduran
644,644,644,,,-1.0,,1.0,"Sudah berlangganan, tapi tetap tidak bisa akses epaper, lewat shopeepay udah terbayarkan padahal. Rugi malah tidak ada pemberitahuan tidak ada layanan",-1.0,False,id,False,"sudah, berlangganan, tapi, tetap, tidak, bisa, akses, lewat, udah, terbayarkan, padahal, rugi, malah, tidak, ada, pemberitahuan, tidak, ada, layanan",,"epaper, shopeepay",False,sudah berlangganan tapi tetap tidak bisa akses epaper lewat shopeepay udah terbayarkan padahal rugi malah tidak ada pemberitahuan tidak ada layanan
645,645,645,,,-1.0,1.0,5.0,bagus sekali aplikasi nya menbuat kita jadi ga ketinggalan impormasi cuma sayang kita hrs berlangganan dgn mahal di saat ekonomi sprti ini saya rasa itu sngt memberatkan pdhl impormasi itu hak masarakat tapi knpa hrs di bebankan dgn harga yg mahal mungkin hanya beberapa orang aja yg mau berlangganan tdk menjangkau semua kalangan masarakat.,,False,id,False,"bagus, sekali, aplikasi, nya, kita, jadi, ga, ketinggalan, cuma, sayang, kita, berlangganan, dgn, mahal, saat, ekonomi, ini, saya, rasa, itu, memberatkan, itu, hak, tapi, dgn, harga, mahal, mungkin, hanya, beberapa, orang, aja, mau, berlangganan, tdk, menjangkau, semua, kalangan",,"menbuat, impormasi, hrs, di, sprti, sngt, pdhl, impormasi, masarakat, knpa, hrs, di, bebankan, yg, yg, masarakat",False,bagus sekali aplikasi nya menbuat kita jadi ga ketinggalan impormasi cuma sayang kita hrs berlangganan dgn mahal di saat ekonomi sprti ini saya rasa itu sngt memberatkan pdhl impormasi itu hak masarakat tapi knpa hrs di bebankan dgn harga yg mahal mungkin hanya beberapa orang aja yg mau berlangganan tdk menjangkau semua kalangan masarakat
646,646,646,,,,,5.0,"""Media kompas tetaplah menjadi dirimu sendiri dan corong bagi seluruh isi bumi dan langit untuk menyuarakan hal benar kalau itu benar dan salah kalau itu salah walau mimis moncong senjata ada di kepalamu""",,False,id,False,"tetaplah, menjadi, dirimu, sendiri, dan, corong, bagi, seluruh, isi, bumi, dan, langit, untuk, menyuarakan, hal, benar, kalau, itu, benar, dan, salah, kalau, itu, salah, walau, moncong, senjata, ada, kepalamu",,"media, kompas, mimis, di",False,media kompas tetaplah menjadi dirimu sendiri dan corong bagi seluruh isi bumi dan langit untuk menyuarakan hal benar kalau itu benar dan salah kalau itu salah walau mimis moncong senjata ada di kepalamu
647,647,647,0.0,,,1.0,4.0,"Bagus aplikasinya, beritanya selalu terupdate termasuk epapernya meski nggak selalu. Dan kalau bisa tambahkan efek 3D pada epapernya ketika berpindah halaman, agar terlihat seperti asli👍",,False,id,False,"bagus, aplikasinya, beritanya, selalu, terupdate, termasuk, meski, nggak, selalu, dan, kalau, bisa, tambahkan, efek, pada, ketika, berpindah, halaman, agar, terlihat, seperti, asli",,"epapernya, d, epapernya",False,bagus aplikasinya beritanya selalu terupdate termasuk epapernya meski nggak selalu dan kalau bisa tambahkan efek 3d pada epapernya ketika berpindah halaman agar terlihat seperti asli
648,648,648,,,,,2.0,"isinya bagus, cuma setiap bulan saat saya membayar perpanjangan langganan Kompas.id dengan dipotong pulsa Indosat, selalu ada error, dan setiap bulan saya harus menghubungi Customer Service Kompas agar Kompas.id saya bisa diakses dan tidak ada perubahan perbaikan. Mohon bantuannya untuk perbaikan agar setiap saya memperpanjang langganan akses Kompas.id tidak ada kendala lagi dan bisa cukup praktis saat dipotong pulsa Indosat saya setiap bulan. Terima kasih",-1.0,False,id,True,"isinya, bagus, cuma, setiap, bulan, saat, saya, membayar, perpanjangan, langganan, dengan, dipotong, pulsa, indosat, selalu, ada, dan, setiap, bulan, saya, harus, menghubungi, agar, saya, bisa, diakses, dan, tidak, ada, perubahan, perbaikan, mohon, bantuannya, untuk, perbaikan, agar, setiap, saya, memperpanjang, langganan, akses, tidak, ada, kendala, lagi, dan, bisa, cukup, praktis, saat, dipotong, pulsa, indosat, saya, setiap, bulan, terima, kasih","customer, service","kompas, id, error, kompas, kompas, id, kompas, id",False,isinya bagus cuma setiap bulan saat saya membayar perpanjangan langganan kompasid dengan dipotong pulsa indosat selalu ada error dan setiap bulan saya harus menghubungi customer service kompas agar kompasid saya bisa diakses dan tidak ada perubahan perbaikan mohon bantuannya untuk perbaikan agar setiap saya memperpanjang langganan akses kompasid tidak ada kendala lagi dan bisa cukup praktis saat dipotong pulsa indosat saya setiap bulan terima kasih
649,649,649,,,,,1.0,"kl langganan ga bisa langsung masih harus lapor admin untuk aktifasi. ada bug, berupa notifikasi blm dibaca, walau sudah buka semua notifikasi.",-1.0,False,id,False,"langganan, ga, bisa, langsung, masih, harus, lapor, admin, untuk, ada, berupa, notifikasi, dibaca, walau, sudah, buka, semua, notifikasi",,"kl, aktifasi, bug, blm",False,kl langganan ga bisa langsung masih harus lapor admin untuk aktifasi ada bug berupa notifikasi blm dibaca walau sudah buka semua notifikasi
650,650,650,,-1.0,,,2.0,"Update terakhir justru membuat tidak nyaman, setiap membaca 1 artikel selalu kembali ke artikel paling baru/paling atas sehingga harus scroll ke bawah yg kadang2 butuh waktu lama",,False,id,False,"terakhir, justru, membuat, tidak, nyaman, setiap, membaca, artikel, selalu, kembali, artikel, paling, baru, paling, atas, sehingga, harus, bawah, kadang, butuh, waktu, lama",,"update, ke, scroll, ke, yg",False,update terakhir justru membuat tidak nyaman setiap membaca 1 artikel selalu kembali ke artikel paling barupaling atas sehingga harus scroll ke bawah yg kadang2 butuh waktu lama
651,651,651,-1.0,,,,4.0,"Tolong Kompas.id, font-nya setelah update aplikasi Android kok jelek sekali, pusing bacanya. Lebih bagus font sebelumnya. Tolong kembalikan font yang lama. Atau setidak-tidaknya beri kami opsi untuk menggunakan font yang lama. Terimakasih.",,False,id,False,"tolong, font-nya, setelah, aplikasi, android, kok, jelek, sekali, pusing, bacanya, lebih, bagus, sebelumnya, tolong, kembalikan, yang, lama, atau, setidak-tidaknya, beri, kami, opsi, untuk, menggunakan, yang, lama, terimakasih",,"kompas, id, update, font, font, font",False,tolong kompasid fontnya setelah update aplikasi android kok jelek sekali pusing bacanya lebih bagus font sebelumnya tolong kembalikan font yang lama atau setidaktidaknya beri kami opsi untuk menggunakan font yang lama terimakasih
652,652,652,,,,-1.0,1.0,"Independen terpercaya?? yakin ga tuh?Kayaknya kompas udah kehilangan arah. Makin kesini makin kelihatan framing yg disajikan tergantung uang dan kekuasaan.. Yg penting cuan, independensi nomer sekian",,False,id,True,"independen, terpercaya, yakin, ga, tuh, kayaknya, udah, kehilangan, arah, makin, kesini, makin, kelihatan, disajikan, tergantung, uang, dan, kekuasaan, penting, independensi, nomer, sekian",framing,"kompas, yg, yg, cuan",False,independen terpercaya yakin ga tuhkayaknya kompas udah kehilangan arah makin kesini makin kelihatan framing yg disajikan tergantung uang dan kekuasaan yg penting cuan independensi nomer sekian
653,653,653,,,,,1.0,"Kenapa selalu mendapat info bahwa saya belum langganan ya? Padahal sudah bayar langganan. Akhirnya coba batalin layanan, lalu langganan kembali. Hasilnya bisa dan aman. Tetapi keesokan harinya error kembali.",-1.0,False,id,False,"kenapa, selalu, mendapat, bahwa, saya, belum, langganan, padahal, sudah, bayar, langganan, akhirnya, coba, layanan, lalu, langganan, kembali, hasilnya, bisa, dan, aman, tetapi, keesokan, harinya, kembali",,"info, ya, batalin, error",False,kenapa selalu mendapat info bahwa saya belum langganan ya padahal sudah bayar langganan akhirnya coba batalin layanan lalu langganan kembali hasilnya bisa dan aman tetapi keesokan harinya error kembali
654,654,654,,,-1.0,1.0,3.0,"Big love for you! Tapi sayang banget mau apa apa harus premium, baca berita dua kali juga harus premium..🤦 ya kalo e-paper nya premium saya maklumi ya orang koran kerats aja ada harganya. Tapi untuk membaca sebuah berita artikel untuk kedua kalinya kok ya harus banget pake premium. Tapi jujur beritanya bagus bagus 🥲",,False,id,True,"tapi, sayang, banget, mau, apa, apa, harus, baca, berita, dua, kali, juga, harus, kalo, nya, saya, orang, koran, aja, ada, harganya, tapi, untuk, membaca, sebuah, berita, artikel, untuk, kedua, kalinya, kok, harus, banget, pake, tapi, jujur, beritanya, bagus, bagus","big, love, for, you, e-paper","premium, premium, ya, premium, maklumi, ya, kerats, ya, premium",False,big love for you tapi sayang banget mau apa apa harus premium baca berita dua kali juga harus premium ya kalo epaper nya premium saya maklumi ya orang koran kerats aja ada harganya tapi untuk membaca sebuah berita artikel untuk kedua kalinya kok ya harus banget pake premium tapi jujur beritanya bagus bagus 
655,655,655,1.0,1.0,,1.0,5.0,"Sangat suka dengan kualitas sajian berita dan fotonya yang luar biasa. Aplikasinya juga sangat mudah digunakan, dan punya beberapa fitur unik yang sangat berguna, misalnya mengubah text menjadi suara.",,False,id,True,"sangat, suka, dengan, kualitas, sajian, berita, dan, fotonya, yang, luar, biasa, aplikasinya, juga, sangat, mudah, digunakan, dan, punya, beberapa, fitur, unik, yang, sangat, berguna, misalnya, mengubah, menjadi, suara",text,,False,sangat suka dengan kualitas sajian berita dan fotonya yang luar biasa aplikasinya juga sangat mudah digunakan dan punya beberapa fitur unik yang sangat berguna misalnya mengubah text menjadi suara
656,656,656,,,,,1.0,"Saya sudah berlangganan, tapi kenapa sampai sekarang statusnya masih belum aktif? Padahal saya sudah mendapat email bahwa langganan saya sudah berhasil",-1.0,False,id,False,"saya, sudah, berlangganan, tapi, kenapa, sampai, sekarang, statusnya, masih, belum, aktif, padahal, saya, sudah, mendapat, bahwa, langganan, saya, sudah, berhasil",,email,False,saya sudah berlangganan tapi kenapa sampai sekarang statusnya masih belum aktif padahal saya sudah mendapat email bahwa langganan saya sudah berhasil
657,657,657,,,,,5.0,"Saya bekerja sebagai penilai sejak tahun 1981,pernah Menjadi sekretaris Jenderal Asosiasi GAPPI(Gabungan Perusahaan Penilai indonesia).GAPPI telah dibubarkan pemerintah diganti oleh MAPPI yang juga dilahirkan oleh GAPPI",,False,id,False,"saya, bekerja, sebagai, penilai, sejak, tahun, pernah, menjadi, sekretaris, jenderal, asosiasi, gabungan, perusahaan, penilai, indonesia, telah, dibubarkan, pemerintah, diganti, oleh, yang, juga, dilahirkan, oleh",,"gappi, gappi, mappi, gappi",False,saya bekerja sebagai penilai sejak tahun 1981pernah menjadi sekretaris jenderal asosiasi gappigabungan perusahaan penilai indonesiagappi telah dibubarkan pemerintah diganti oleh mappi yang juga dilahirkan oleh gappi
658,658,658,,,1.0,1.0,5.0,"Dapat berita dan ulasan terbaik, di mana pun sesuai waktu yg diperlukan... ndak ribet juga utk jd pelanggan, bisa diatur sesuai kebutuhan. Terima kasih Kompas.id",,False,id,False,"dapat, berita, dan, ulasan, terbaik, mana, pun, sesuai, waktu, diperlukan, ndak, ribet, juga, utk, pelanggan, bisa, diatur, sesuai, kebutuhan, terima, kasih",,"di, yg, jd, kompas, id",False,dapat berita dan ulasan terbaik di mana pun sesuai waktu yg diperlukan ndak ribet juga utk jd pelanggan bisa diatur sesuai kebutuhan terima kasih kompasid
659,659,659,,,,,4.0,Awal saya sudah berlangganan. Trus kemudian tidak perpanjangan. Ketika saya mau langganan kembali Metode ditolak sistem. Padahal sebelum sama. Dipotong pulsa. Mohon solusi.,-1.0,False,id,False,"awal, saya, sudah, berlangganan, trus, kemudian, tidak, perpanjangan, ketika, saya, mau, langganan, kembali, metode, ditolak, sistem, padahal, sebelum, sama, dipotong, pulsa, mohon, solusi",,,False,awal saya sudah berlangganan trus kemudian tidak perpanjangan ketika saya mau langganan kembali metode ditolak sistem padahal sebelum sama dipotong pulsa mohon solusi
660,660,660,,,,,5.0,"Pelayanan admin sangat responsif, awalnya saya terkendala akses padahal sudah berlangganan, tetapi dipandu dengan baik by wa, sekarang alhamdulillah sudah bisa akses tanpa kendala, sukses selalu Kompas.",1.0,False,id,False,"pelayanan, admin, sangat, responsif, awalnya, saya, terkendala, akses, padahal, sudah, berlangganan, tetapi, dipandu, dengan, baik, sekarang, alhamdulillah, sudah, bisa, akses, tanpa, kendala, sukses, selalu",,"by, wa, kompas",False,pelayanan admin sangat responsif awalnya saya terkendala akses padahal sudah berlangganan tetapi dipandu dengan baik by wa sekarang alhamdulillah sudah bisa akses tanpa kendala sukses selalu kompas
661,661,661,,,,,3.0,"Saya masuk di PenulisKompas. Lumayan ribet.😇. untuk masuk ke Kompas.id Berulang"" coba, solusi mudahnya dong. Yg mudah dibuat nda usah ribet, yg sulit dicarikan solusi termudah. Bagaimana spy maju (ke depan), nyatanya apa"" supaya bayar. Kirim karyaku sejak tahun 1990 (puisi, cerpen, opini) belum 1 pun pernah tayang di versi cetak. 1990-2022 artinya 32 tahun. Salam, (Agustinus Andoyo Sulyantoro, S.Pd.) Nama pena: Lintang Alit Wetan",,False,id,True,"saya, masuk, lumayan, ribet, untuk, masuk, berulang, coba, solusi, mudahnya, dong, mudah, dibuat, usah, ribet, sulit, solusi, termudah, bagaimana, maju, depan, nyatanya, apa, supaya, bayar, kirim, sejak, tahun, puisi, cerpen, opini, belum, pun, pernah, tayang, versi, cetak, artinya, tahun, salam, agustinus, nama, pena, lintang, alit, wetan",spy,"di, penuliskompas, ke, kompas, id, yg, nda, yg, dicarikan, ke, karyaku, di, andoyo, sulyantoro, s, pd",False,saya masuk di penuliskompas lumayan ribet untuk masuk ke kompasid berulang coba solusi mudahnya dong yg mudah dibuat nda usah ribet yg sulit dicarikan solusi termudah bagaimana spy maju ke depan nyatanya apa supaya bayar kirim karyaku sejak tahun 1990 puisi cerpen opini belum 1 pun pernah tayang di versi cetak 19902022 artinya 32 tahun salam agustinus andoyo sulyantoro spd nama pena lintang alit wetan
662,662,662,,,,1.0,5.0,"Kompas dari dulu adalah koran yg saya sukai berita dan opininya terpercaya..menjaga Indonesia tetap bersatu dan politisinya dan pemikinya punya moral,logika etika dan integritas...",,False,id,False,"dari, dulu, adalah, koran, saya, sukai, berita, dan, terpercaya, menjaga, indonesia, tetap, bersatu, dan, dan, punya, logika, etika, dan, integritas",,"kompas, yg, opininya, politisinya, pemikinya, moral",False,kompas dari dulu adalah koran yg saya sukai berita dan opininya terpercayamenjaga indonesia tetap bersatu dan politisinya dan pemikinya punya morallogika etika dan integritas
663,663,663,,,,,1.0,"Gimana sih? Sudah langganan e paper tapi giliran mau dibuka suruh langganan lagi. Di klik langganan, keterangan sudah berlangganan. Ini saya yang bego atau gimana",-1.0,False,id,True,"gimana, sih, sudah, langganan, tapi, giliran, mau, dibuka, suruh, langganan, lagi, klik, langganan, keterangan, sudah, berlangganan, ini, saya, yang, bego, atau, gimana",paper,"e, di",False,gimana sih sudah langganan e paper tapi giliran mau dibuka suruh langganan lagi di klik langganan keterangan sudah berlangganan ini saya yang bego atau gimana
664,664,664,,,,,4.0,"Kemarin saya kesulitan membuka aplikasi dan tidak bisa login, baik lwat email ataupun google. Tapi setelah menyampaikan keluhan lewat wa admin kompas akhirnya dibantu dan saya bisa kembali mengakses aplikasi. Terima kasih admin.",1.0,False,id,False,"kemarin, saya, kesulitan, membuka, aplikasi, dan, tidak, bisa, login, baik, ataupun, tapi, setelah, menyampaikan, keluhan, lewat, admin, akhirnya, dibantu, dan, saya, bisa, kembali, mengakses, aplikasi, terima, kasih, admin",,"lwat, email, google, wa, kompas",False,kemarin saya kesulitan membuka aplikasi dan tidak bisa login baik lwat email ataupun google tapi setelah menyampaikan keluhan lewat wa admin kompas akhirnya dibantu dan saya bisa kembali mengakses aplikasi terima kasih admin
665,665,665,,,,,5.0,Aplikasi kerenn.. Min biasanya e-paper saya terbit pukul 1.00 tapi hari ini terbit kok pukul 6 apa karna aplikasi saya yak???,,False,id,True,"aplikasi, biasanya, saya, terbit, pukul, tapi, hari, ini, terbit, kok, pukul, apa, karna, aplikasi, saya, yak",e-paper,"kerenn, min",False,aplikasi kerenn min biasanya epaper saya terbit pukul 100 tapi hari ini terbit kok pukul 6 apa karna aplikasi saya yak
666,666,666,,,,,5.0,Aplikasinya cepet banget dibenahi yang masalah ui buku. Saran saya untuk bukunya diupload seperti komik2 . Biar anak muda makin suka apps nya.,1.0,False,id,False,"aplikasinya, cepet, banget, dibenahi, yang, masalah, buku, saran, saya, untuk, bukunya, diupload, seperti, komik, biar, anak, muda, makin, suka, nya",,"ui, apps",False,aplikasinya cepet banget dibenahi yang masalah ui buku saran saya untuk bukunya diupload seperti komik2  biar anak muda makin suka apps nya
667,667,667,,-1.0,,,1.0,"Dulu epaper bisa dibaca walaupun sedang offline. Sekarang harus online dulu supaya bisa baca. Kalau begitu, buat apa ada fungsi download epaper? Payah sekali. Diupdate malah kualitasnya menurun",,False,id,False,"dulu, bisa, dibaca, walaupun, sedang, sekarang, harus, dulu, supaya, bisa, baca, kalau, begitu, buat, apa, ada, fungsi, payah, sekali, diupdate, malah, kualitasnya, menurun",,"epaper, offline, online, download, epaper",False,dulu epaper bisa dibaca walaupun sedang offline sekarang harus online dulu supaya bisa baca kalau begitu buat apa ada fungsi download epaper payah sekali diupdate malah kualitasnya menurun
668,668,668,,,,1.0,5.0,"Ketimbang Baca TEMPE Bagus Baca KOMPAS. Lebih berimbang, tetap beritika dalam pemberitaan baik bagus dan buruk soal kinerja Pemerintah, kritis dalam penyampaian untuk menegakan jurnalisme yang independen. SALUT. JANGAN SAMPAI SEPERTI TEMPO jadi SAMPAH.",,False,id,False,"ketimbang, baca, tempe, bagus, baca, lebih, berimbang, tetap, dalam, pemberitaan, baik, bagus, dan, buruk, soal, kinerja, pemerintah, kritis, dalam, penyampaian, untuk, jurnalisme, yang, independen, salut, jangan, sampai, seperti, tempo, jadi, sampah",,"kompas, beritika, menegakan",False,ketimbang baca tempe bagus baca kompas lebih berimbang tetap beritika dalam pemberitaan baik bagus dan buruk soal kinerja pemerintah kritis dalam penyampaian untuk menegakan jurnalisme yang independen salut jangan sampai seperti tempo jadi sampah
669,669,669,,,,0.0,5.0,"Aq mnta beritanya kompas. id, lebh di prluaskn lagi sampai dunia biar yng pmbacanya mnkmtmtti lebh Luas oke!!!nmbh.dan jngn di mhlkn biayanya (usullan dari49035 )waslmmuallaikm wr.bk",,False,id,False,"beritanya, lagi, sampai, dunia, biar, yng, luas, dan, biayanya, dari",,"aq, mnta, kompas, id, lebh, di, prluaskn, pmbacanya, mnkmtmtti, lebh, oke, nmbh, jngn, di, mhlkn, usullan, waslmmuallaikm, wr, bk",False,aq mnta beritanya kompas id lebh di prluaskn lagi sampai dunia biar yng pmbacanya mnkmtmtti lebh luas okenmbhdan jngn di mhlkn biayanya usullan dari49035 waslmmuallaikm wrbk
670,670,670,,,-1.0,,1.0,Sangat tidak membantu untuk dapat info secara rinci karena harus berlangganan dulu 😭😭 Saya tidak suka aplikasi ini ... Mohon maaf sebelumnya tapi itu pengalaman saya dengan app ini 🙏,,False,id,False,"sangat, tidak, membantu, untuk, dapat, secara, rinci, karena, harus, berlangganan, dulu, saya, tidak, suka, aplikasi, ini, mohon, maaf, sebelumnya, tapi, itu, pengalaman, saya, dengan, ini",,"info, app",False,sangat tidak membantu untuk dapat info secara rinci karena harus berlangganan dulu  saya tidak suka aplikasi ini  mohon maaf sebelumnya tapi itu pengalaman saya dengan app ini 
671,671,671,,,0.0,,4.0,"saran untuk kompas id , tolong mudah kan proses transaksi berlangganan di situs kompas.id , kalo bisa one clik pay , dan lebih responsif setelah transaksi , kendala utama adalah setelah pembayaran harus menunggu lama untuk dapat di proses , dan juga harus mengisi ulang formulir identitas setiap berlangganan.terimakasih",-1.0,False,id,True,"saran, untuk, tolong, mudah, kan, proses, transaksi, berlangganan, situs, kalo, bisa, dan, lebih, responsif, setelah, transaksi, kendala, utama, adalah, setelah, pembayaran, harus, menunggu, lama, untuk, dapat, proses, dan, juga, harus, mengisi, ulang, formulir, identitas, setiap, berlangganan, terimakasih","one, pay","kompas, id, di, kompas, id, clik, di",False,saran untuk kompas id  tolong mudah kan proses transaksi berlangganan di situs kompasid  kalo bisa one clik pay  dan lebih responsif setelah transaksi  kendala utama adalah setelah pembayaran harus menunggu lama untuk dapat di proses  dan juga harus mengisi ulang formulir identitas setiap berlanggananterimakasih
672,672,672,,,,-1.0,1.0,Ga independen....jadilah media itu ibarat oposisi bagi pemerintah...g selalu pemerintah itu selalu benar....dan g selalu juga rakyat itu salah berimbanglah dalam menulis suatu berita,,False,id,False,"ga, independen, jadilah, itu, ibarat, oposisi, bagi, pemerintah, selalu, pemerintah, itu, selalu, benar, dan, selalu, juga, rakyat, itu, salah, dalam, menulis, suatu, berita",,"media, g, g, berimbanglah",False,ga independenjadilah media itu ibarat oposisi bagi pemerintahg selalu pemerintah itu selalu benardan g selalu juga rakyat itu salah berimbanglah dalam menulis suatu berita
673,673,673,,,,1.0,5.0,"kompas tingkatkan lagi profesionalisme mu,,,, selalu berikan berita berita yg kredible , , dg itu maka masyarakat akan percaya padamu,,,, salam buat kak rosi silalahi",,False,id,False,"tingkatkan, lagi, profesionalisme, selalu, berikan, berita, berita, itu, maka, masyarakat, akan, percaya, padamu, salam, buat, kak, silalahi",,"kompas, mu, yg, kredible, dg, rosi",False,kompas tingkatkan lagi profesionalisme mu selalu berikan berita berita yg kredible   dg itu maka masyarakat akan percaya padamu salam buat kak rosi silalahi
674,674,674,,,,-1.0,1.0,Media tidak berbobot. Menyebarkan hoak. Judulnya tidak sesuai dengan kenyataan. Terbukti kerusuhan di Pekanbaru. Ojol bertindak bukan tidak ada sebab. Salah satu pengemudi ditendang dan dianiaya wajar lah ojol mengamuk. Nyesal saya download aplikasi mu. Kompas,,False,id,False,"tidak, berbobot, menyebarkan, judulnya, tidak, sesuai, dengan, kenyataan, terbukti, kerusuhan, pekanbaru, bertindak, bukan, tidak, ada, sebab, salah, satu, pengemudi, ditendang, dan, dianiaya, wajar, lah, mengamuk, saya, aplikasi",,"media, hoak, di, ojol, ojol, nyesal, download, mu, kompas",False,media tidak berbobot menyebarkan hoak judulnya tidak sesuai dengan kenyataan terbukti kerusuhan di pekanbaru ojol bertindak bukan tidak ada sebab salah satu pengemudi ditendang dan dianiaya wajar lah ojol mengamuk nyesal saya download aplikasi mu kompas
675,675,675,,,1.0,1.0,5.0,"Di tahun berapa kalian tahu kalau kompascom berbeda dengan kompas.id ? Beneran dah adanya kompas.id membuat gw yang ga percaya berita kembali percaya lagi dengan berita karena semua beritanya di buat dengan akurat lengkap sama data-data yang benar2 prinsip jurnalistik tanpa unsur politik. Berbeda dari aplikasi2 berita yang hampir semuanya dibuat agar mancing orang baca biarpun isinya ga bagus, berita di kompas.id dibuat sesuai dengan tujuan berita. Ga rugi sih langganan 50.000 sebulan",,False,id,False,"tahun, berapa, kalian, tahu, kalau, berbeda, dengan, beneran, dah, adanya, membuat, gw, yang, ga, percaya, berita, kembali, percaya, lagi, dengan, berita, karena, semua, beritanya, buat, dengan, akurat, lengkap, sama, yang, benar, prinsip, jurnalistik, tanpa, unsur, politik, berbeda, dari, aplikasi, berita, yang, hampir, semuanya, dibuat, agar, mancing, orang, baca, biarpun, isinya, ga, bagus, berita, dibuat, sesuai, dengan, tujuan, berita, ga, rugi, sih, langganan, sebulan",,"di, kompascom, kompas, id, kompas, id, di, data-data, di, kompas, id",False,di tahun berapa kalian tahu kalau kompascom berbeda dengan kompasid  beneran dah adanya kompasid membuat gw yang ga percaya berita kembali percaya lagi dengan berita karena semua beritanya di buat dengan akurat lengkap sama datadata yang benar2 prinsip jurnalistik tanpa unsur politik berbeda dari aplikasi2 berita yang hampir semuanya dibuat agar mancing orang baca biarpun isinya ga bagus berita di kompasid dibuat sesuai dengan tujuan berita ga rugi sih langganan 50000 sebulan
676,676,676,,,,,5.0,Selamat pagi pak guru yang telah kamu lakukan saat ini aku masih sayang kamu juga harus di lakukan di musim hujan gini masih banyak yang suka kamu tonton di dalam negeri idaman itu yg bikin aku nangis lagi ya allah semoga panjang dapat membuat hidup lebih sehat dan kuat agama,,False,id,False,"selamat, pagi, pak, guru, yang, telah, kamu, lakukan, saat, ini, aku, masih, sayang, kamu, juga, harus, lakukan, musim, hujan, gini, masih, banyak, yang, suka, kamu, tonton, dalam, negeri, idaman, itu, bikin, aku, nangis, lagi, allah, semoga, panjang, dapat, membuat, hidup, lebih, sehat, dan, kuat, agama",,"di, di, di, yg, ya",False,selamat pagi pak guru yang telah kamu lakukan saat ini aku masih sayang kamu juga harus di lakukan di musim hujan gini masih banyak yang suka kamu tonton di dalam negeri idaman itu yg bikin aku nangis lagi ya allah semoga panjang dapat membuat hidup lebih sehat dan kuat agama
677,677,677,,,,1.0,5.0,"Kompas masih belum tercemar oleh pengusaha hitam seperti yang membeli saham detik dan tempo, yg membuat kehilangan etika jurnalistik tidak ada.",,False,id,False,"masih, belum, tercemar, oleh, pengusaha, hitam, seperti, yang, membeli, saham, detik, dan, tempo, membuat, kehilangan, etika, jurnalistik, tidak, ada",,"kompas, yg",False,kompas masih belum tercemar oleh pengusaha hitam seperti yang membeli saham detik dan tempo yg membuat kehilangan etika jurnalistik tidak ada
678,678,678,,,,-1.0,2.0,"Kasih bintang 2 dulu aja.tolong jangan ikut2an berita yg provokasi dan main politik kaya media mainstream tempo, CNN indonesia dan detik ..actual dan real aja beritanya pasti anda bisa jadi bintang 5. Dari dulu aku suka dengan kompas sampai bertahun2 langganan korannya. Please keep honesty with your news ok ..good luck",,False,id,True,"kasih, bintang, dulu, aja, tolong, jangan, ikut, berita, provokasi, dan, politik, kaya, tempo, indonesia, dan, detik, dan, aja, beritanya, pasti, anda, bisa, jadi, bintang, dari, dulu, aku, suka, dengan, sampai, bertahun, langganan","cnn, actual, real, please, keep, honesty, with, your, news, good, luck","an, yg, main, media, mainstream, kompas, korannya, ok",False,kasih bintang 2 dulu ajatolong jangan ikut2an berita yg provokasi dan main politik kaya media mainstream tempo cnn indonesia dan detik actual dan real aja beritanya pasti anda bisa jadi bintang 5 dari dulu aku suka dengan kompas sampai bertahun2 langganan korannya please keep honesty with your news ok good luck
679,679,679,1.0,,1.0,1.0,5.0,"Alasan saya pribadi lebih menyukai baca berita Kompas.id daripada portal berita online gratisan: • Kompas.id arus update beritanya tidak ngebut, jadinya kualitas konten berita Kompas.id dibahasnya lebih mendalam dan gak gegabah. Ini yang paling saya suka 💙. • Tampilan aplikasi Kompas.id bersih dari banner iklan dan gak disusupi video autoplay di dalam artikel. • Iuran langganan 50 ribu sebulan termasuk murah, eh dapet e-koran juga. Mantap.",,False,id,False,"alasan, saya, pribadi, lebih, menyukai, baca, berita, daripada, berita, gratisan, arus, beritanya, tidak, ngebut, jadinya, kualitas, konten, berita, lebih, mendalam, dan, gak, gegabah, ini, yang, paling, saya, suka, tampilan, aplikasi, bersih, dari, iklan, dan, gak, disusupi, dalam, artikel, iuran, langganan, ribu, sebulan, termasuk, murah, dapet, e-koran, juga, mantap",,"kompas, id, portal, online, kompas, id, update, kompas, id, dibahasnya, kompas, id, banner, video, autoplay, di, eh",False,alasan saya pribadi lebih menyukai baca berita kompasid daripada portal berita online gratisan  kompasid arus update beritanya tidak ngebut jadinya kualitas konten berita kompasid dibahasnya lebih mendalam dan gak gegabah ini yang paling saya suka   tampilan aplikasi kompasid bersih dari banner iklan dan gak disusupi video autoplay di dalam artikel  iuran langganan 50 ribu sebulan termasuk murah eh dapet ekoran juga mantap
680,680,680,-1.0,,,,4.0,"Bagus, cantik. Tapi UInya belum konsisten. Aneh aja ada warna biru tua, biru muda, dan gradasi. Mending biru tua sih khas Kompas.",,False,id,False,"bagus, cantik, tapi, belum, konsisten, aneh, aja, ada, warna, biru, tua, biru, muda, dan, gradasi, mending, biru, tua, sih, khas",,"uinya, kompas",False,bagus cantik tapi uinya belum konsisten aneh aja ada warna biru tua biru muda dan gradasi mending biru tua sih khas kompas
681,681,681,,,,1.0,5.0,Kompas sudah terkenal selama puluhan tahun dengan produk jurnalistiknya yang berkelas dan berkualitas. Apalagi di tengah jaman modern saat ini kompas mampu membuat aplikasi digital yang mudah digunakan. Saat wabah ini kompas juga peduli dengan masyarakat karena menggratiskan layanan epaper untuk semua,,False,id,False,"sudah, terkenal, selama, puluhan, tahun, dengan, produk, yang, berkelas, dan, berkualitas, apalagi, tengah, jaman, saat, ini, mampu, membuat, aplikasi, yang, mudah, digunakan, saat, wabah, ini, juga, peduli, dengan, masyarakat, karena, layanan, untuk, semua",,"kompas, jurnalistiknya, di, modern, kompas, digital, kompas, menggratiskan, epaper",False,kompas sudah terkenal selama puluhan tahun dengan produk jurnalistiknya yang berkelas dan berkualitas apalagi di tengah jaman modern saat ini kompas mampu membuat aplikasi digital yang mudah digunakan saat wabah ini kompas juga peduli dengan masyarakat karena menggratiskan layanan epaper untuk semua
682,682,682,,,,,5.0,"Permisi, maaf kalo agak OOT, saya ingin sedikit protes, tadi saya dapat notifikasi dari Kompasiana mengenai survei Kompasiana sendiri, tapi saya tidak bisa login, saya juga berpikir untuk mengisi waktu luang dengan menulis lagi di Kompasiana. Mohon di perbaiki lagi fitur login dan kolom menulis di webnya melalui smartphone, saya tidak bisa login dan menulis tadi, padahal hp ngk kentang wkwkw,, berhubungan Kompasiana tidak punya aplikasi, saya mohon maaf protes di kolom aplikasi ini. 🙏",,False,id,True,"permisi, maaf, kalo, agak, saya, ingin, sedikit, protes, tadi, saya, dapat, notifikasi, dari, mengenai, survei, sendiri, tapi, saya, tidak, bisa, login, saya, juga, berpikir, untuk, mengisi, waktu, luang, dengan, menulis, lagi, mohon, perbaiki, lagi, fitur, login, dan, kolom, menulis, webnya, melalui, smartphone, saya, tidak, bisa, login, dan, menulis, tadi, padahal, kentang, berhubungan, tidak, punya, aplikasi, saya, mohon, maaf, protes, kolom, aplikasi, ini",oot,"kompasiana, kompasiana, di, kompasiana, di, di, hp, ngk, wkwkw, kompasiana, di",False,permisi maaf kalo agak oot saya ingin sedikit protes tadi saya dapat notifikasi dari kompasiana mengenai survei kompasiana sendiri tapi saya tidak bisa login saya juga berpikir untuk mengisi waktu luang dengan menulis lagi di kompasiana mohon di perbaiki lagi fitur login dan kolom menulis di webnya melalui smartphone saya tidak bisa login dan menulis tadi padahal hp ngk kentang wkwkw berhubungan kompasiana tidak punya aplikasi saya mohon maaf protes di kolom aplikasi ini 
683,683,683,,0.0,,1.0,5.0,"Bagus. Akhirnya 'kompas dalam genggaman'. Bisa diajak menjadi teman ngopi di pagi hari. Terkait Aplikasi, apakah TTS bisa digunakan untuk versi online (e-paper)? Jika bisa, bagaimana dengan kupon yang dimaksud, dari mana mendapatkannya? Terima kasih jika berkenan Jawab",,False,id,True,"bagus, akhirnya, dalam, genggaman, bisa, diajak, menjadi, teman, ngopi, pagi, hari, terkait, aplikasi, apakah, tts, bisa, digunakan, untuk, versi, jika, bisa, bagaimana, dengan, kupon, yang, dimaksud, dari, mana, mendapatkannya, terima, kasih, jika, berkenan, jawab",e-paper,"kompas, di, online",False,bagus akhirnya kompas dalam genggaman bisa diajak menjadi teman ngopi di pagi hari terkait aplikasi apakah tts bisa digunakan untuk versi online epaper jika bisa bagaimana dengan kupon yang dimaksud dari mana mendapatkannya terima kasih jika berkenan jawab
684,684,684,,,-1.0,,1.0,Saya sdh berlangganan Kompas Premium + Koran dan sudah di transfer juga pada saat yg sama tpi sampai skrg paket berlangganan saya masih tertahan. Perlu berapa lama untuk diproses sbnrnya berlangganan dikompas... Rugi sehari dong saya.,-1.0,False,id,False,"saya, sdh, berlangganan, koran, dan, sudah, juga, pada, saat, sama, tpi, sampai, skrg, paket, berlangganan, saya, masih, tertahan, perlu, berapa, lama, untuk, diproses, berlangganan, rugi, sehari, dong, saya",,"kompas, premium, di, transfer, yg, sbnrnya, dikompas",False,saya sdh berlangganan kompas premium  koran dan sudah di transfer juga pada saat yg sama tpi sampai skrg paket berlangganan saya masih tertahan perlu berapa lama untuk diproses sbnrnya berlangganan dikompas rugi sehari dong saya
685,685,685,,-1.0,,,4.0,"Saya berlangganan e-paper setiap kali membuka selalu mendownload untuk membaca, sebaiknya sudah bisa tersimpan dalam bentuk softcopy PDF, jadi setiap akan membaca koran e-paper tidak perlu lagi mendownload dan juga tidak akan membuat berat sistem pada aplikasi (untuk saat ini lemot untuk memindah halaman setiap kali membaca e-paper)",-1.0,False,id,True,"saya, berlangganan, setiap, kali, membuka, selalu, mendownload, untuk, membaca, sebaiknya, sudah, bisa, tersimpan, dalam, bentuk, jadi, setiap, akan, membaca, koran, tidak, perlu, lagi, mendownload, dan, juga, tidak, akan, membuat, berat, sistem, pada, aplikasi, untuk, saat, ini, lemot, untuk, memindah, halaman, setiap, kali, membaca","e-paper, e-paper, e-paper","softcopy, pdf",False,saya berlangganan epaper setiap kali membuka selalu mendownload untuk membaca sebaiknya sudah bisa tersimpan dalam bentuk softcopy pdf jadi setiap akan membaca koran epaper tidak perlu lagi mendownload dan juga tidak akan membuat berat sistem pada aplikasi untuk saat ini lemot untuk memindah halaman setiap kali membaca epaper
686,686,686,,,-1.0,1.0,3.0,"Artikelnya kebanyakan berbayar, kurang leluasa untuk membaca padahal beritanya menarik, tau banyak berbayar jadi malas buat membaca. Jadi nilai paling minus dari kompas.id. Bukan nya gak bisa bayar, akan tetapi untuk 50k perbulan menurut saya terlalu expensive buat berita yang bisa dicari bebas di internet.",,False,id,True,"artikelnya, kebanyakan, berbayar, kurang, leluasa, untuk, membaca, padahal, beritanya, menarik, tau, banyak, berbayar, jadi, malas, buat, membaca, jadi, nilai, paling, dari, bukan, nya, gak, bisa, bayar, akan, tetapi, untuk, perbulan, menurut, saya, terlalu, buat, berita, yang, bisa, dicari, bebas",expensive,"minus, kompas, id, k, di, internet",False,artikelnya kebanyakan berbayar kurang leluasa untuk membaca padahal beritanya menarik tau banyak berbayar jadi malas buat membaca jadi nilai paling minus dari kompasid bukan nya gak bisa bayar akan tetapi untuk 50k perbulan menurut saya terlalu expensive buat berita yang bisa dicari bebas di internet
687,687,687,,,-1.0,-1.0,3.0,"Rubrik Jendela tidak disertakan di kemasan cetak. Payah. Padahal saya sudah menginginkan rubrik ini disertakan di kemasan cetak. Kalau mau baca, kudu bayar yang nilainya sampe sejuta. Sangat payah.",,False,id,False,"rubrik, jendela, tidak, disertakan, kemasan, cetak, payah, padahal, saya, sudah, menginginkan, rubrik, ini, disertakan, kemasan, cetak, kalau, mau, baca, kudu, bayar, yang, nilainya, sampe, sejuta, sangat, payah",,"di, di",False,rubrik jendela tidak disertakan di kemasan cetak payah padahal saya sudah menginginkan rubrik ini disertakan di kemasan cetak kalau mau baca kudu bayar yang nilainya sampe sejuta sangat payah
688,688,688,,-1.0,,,2.0,"Kok saya sudah berlangganan perbulan 50ribu ,knp harus tetap mendownload jika membuka e paper ??? Download nya pun harus pertanggal koran yang mau kita lihat dan ketika apliksi di tutup ,pas mau buka lagi kenapa harus mendownload lagi ya ? Padahal kan sudah di download .tolong di perbaiki aplikasinya,kalau kayak begini terus kan membuang quota .",,False,id,True,"kok, saya, sudah, berlangganan, perbulan, ribu, knp, harus, tetap, mendownload, jika, membuka, nya, pun, harus, koran, yang, mau, kita, lihat, dan, ketika, tutup, pas, mau, buka, lagi, kenapa, harus, mendownload, lagi, padahal, kan, sudah, tolong, perbaiki, aplikasinya, kalau, kayak, begini, terus, kan, membuang","paper, quota","e, download, pertanggal, apliksi, di, ya, di, download, di",False,kok saya sudah berlangganan perbulan 50ribu knp harus tetap mendownload jika membuka e paper  download nya pun harus pertanggal koran yang mau kita lihat dan ketika apliksi di tutup pas mau buka lagi kenapa harus mendownload lagi ya  padahal kan sudah di download tolong di perbaiki aplikasinyakalau kayak begini terus kan membuang quota 
689,689,689,,,1.0,1.0,5.0,Ternyata asyik baca berita berkualitas dengan langganan premium di Kompas. Harga terjangkau dan bebas akses ke semua fitur Kompas. Bravo Kompas. 😉👍,,False,id,False,"ternyata, asyik, baca, berita, berkualitas, dengan, langganan, harga, terjangkau, dan, bebas, akses, semua, fitur",,"premium, di, kompas, ke, kompas, bravo, kompas",False,ternyata asyik baca berita berkualitas dengan langganan premium di kompas harga terjangkau dan bebas akses ke semua fitur kompas bravo kompas 
690,690,690,,,0.0,1.0,5.0,"Untuk memproduksi berita bagus perlu biaya besar. Bagi yang tak ingin berlangganan atau membaca berita secara berbayar, bisa lewat aplkasi berita gratisan. Kompas jadi salah satu barometer media massa terpeecaya di tanah air. Maju terus di tengah konvergensi media. Salam.",,False,id,False,"untuk, memproduksi, berita, bagus, perlu, biaya, besar, bagi, yang, tak, ingin, berlangganan, atau, membaca, berita, secara, berbayar, bisa, lewat, berita, gratisan, jadi, salah, satu, massa, tanah, air, maju, terus, tengah, salam",,"aplkasi, kompas, barometer, media, terpeecaya, di, di, konvergensi, media",False,untuk memproduksi berita bagus perlu biaya besar bagi yang tak ingin berlangganan atau membaca berita secara berbayar bisa lewat aplkasi berita gratisan kompas jadi salah satu barometer media massa terpeecaya di tanah air maju terus di tengah konvergensi media salam
691,691,691,,,-1.0,,1.0,Aslinya payah banget... Mo baca berita aja harus berbayar. Mending berita di sebelah aja lah. Padahal hanya ingin lihat iklan aja 😞 harus bayar..,,False,id,False,"aslinya, payah, banget, baca, berita, aja, harus, berbayar, mending, berita, sebelah, aja, lah, padahal, hanya, ingin, lihat, iklan, aja, harus, bayar",,"mo, di",False,aslinya payah banget mo baca berita aja harus berbayar mending berita di sebelah aja lah padahal hanya ingin lihat iklan aja  harus bayar
692,692,692,,-1.0,,,5.0,"Suka baca berita kompas cetak tapi sayang gak bisa tersimpan dokumen berita harian kompas epaper yg telah didownload, untuk nanti dibaca di kesempatan lain misalnya",,False,id,False,"suka, baca, berita, cetak, tapi, sayang, gak, bisa, tersimpan, dokumen, berita, harian, telah, didownload, untuk, nanti, dibaca, kesempatan, lain, misalnya",,"kompas, kompas, epaper, yg, di",False,suka baca berita kompas cetak tapi sayang gak bisa tersimpan dokumen berita harian kompas epaper yg telah didownload untuk nanti dibaca di kesempatan lain misalnya
693,693,693,0.0,,,,4.0,"Saran, alangkah lebih bagusnya lagi kalau diberi fitur mode baca. Jadi 
latarnya berwarna gelap, shg nyaman untuk dibaca di area kurang cahaya",,False,id,False,"saran, alangkah, lebih, bagusnya, lagi, kalau, diberi, fitur, baca, jadi, berwarna, gelap, nyaman, untuk, dibaca, kurang, cahaya",,"mode, latarnya, shg, di, area",False,saran alangkah lebih bagusnya lagi kalau diberi fitur mode baca jadi latarnya berwarna gelap shg nyaman untuk dibaca di area kurang cahaya
694,694,694,,,,,4.0,"Bintang lima kalau ada aplikasi ini di Windows Store. Ingat lebih nyaman baca di PC, Laptop, dan Tablet daripada di HP. Ditunggu di Windows Store dan saya pasti langganan. Go paperless!",0.0,False,id,True,"bintang, lima, kalau, ada, aplikasi, ini, ingat, lebih, nyaman, baca, dan, daripada, ditunggu, dan, saya, pasti, langganan","store, store","di, windows, di, pc, laptop, tablet, di, hp, di, windows, go, paperless",False,bintang lima kalau ada aplikasi ini di windows store ingat lebih nyaman baca di pc laptop dan tablet daripada di hp ditunggu di windows store dan saya pasti langganan go paperless
695,695,695,,,,,3.0,"Secara keseluruhan aplikasinya bagus. Tapi, terkadang suka ngaco. Kalo saya mau baca lagi edisi beberapa minggu lalu, aplikasinya langsung 'force close'. Entah ini karena hp saya atau memang dari aplikasinya. Juga, saya barusan unduh harian Kompas edisi hari ini, tapi pas dibuka malah cuma ada tanda kompas besar di tengah dan layarnya justru gelap. Mohon diperbaiki.",-1.0,False,id,True,"secara, keseluruhan, aplikasinya, bagus, tapi, terkadang, suka, kalo, saya, mau, baca, lagi, edisi, beberapa, minggu, lalu, aplikasinya, langsung, entah, ini, karena, saya, atau, memang, dari, aplikasinya, juga, saya, barusan, unduh, harian, edisi, hari, ini, tapi, pas, dibuka, malah, cuma, ada, tanda, besar, tengah, dan, layarnya, justru, gelap, mohon, diperbaiki","force, close","ngaco, hp, kompas, kompas, di",False,secara keseluruhan aplikasinya bagus tapi terkadang suka ngaco kalo saya mau baca lagi edisi beberapa minggu lalu aplikasinya langsung force close entah ini karena hp saya atau memang dari aplikasinya juga saya barusan unduh harian kompas edisi hari ini tapi pas dibuka malah cuma ada tanda kompas besar di tengah dan layarnya justru gelap mohon diperbaiki
696,696,696,0.0,-1.0,,,2.0,"1. Kenapa di aplikasi perlu download e-paper baru bisa dibaca, sedangkan di browser bisa langsung baca tanpa download? Tidak setiap waktu & semua orang mau/bisa download. Jangan skill issue. 

2. Please enable fitur rotate phone/baca secara landscape! Koran itu luas, buat apa ada 2-page view ketika baca koran tapi ga bisa baca secara landscape?",,False,id,True,"kenapa, aplikasi, perlu, baru, bisa, dibaca, sedangkan, bisa, langsung, baca, tanpa, tidak, setiap, waktu, semua, orang, mau, bisa, jangan, fitur, baca, secara, koran, itu, luas, buat, apa, ada, ketika, baca, koran, tapi, ga, bisa, baca, secara","e-paper, issue, please, enable, rotate, phone, landscape, page, view, landscape","di, download, di, browser, download, download, skill",False,1 kenapa di aplikasi perlu download epaper baru bisa dibaca sedangkan di browser bisa langsung baca tanpa download tidak setiap waktu  semua orang maubisa download jangan skill issue 2 please enable fitur rotate phonebaca secara landscape koran itu luas buat apa ada 2page view ketika baca koran tapi ga bisa baca secara landscape
697,697,697,,,,,1.0,Udah dua hari ini section beranda loading terus dan di section e-paper dikatakan sedang dalam pemeliharaan. Emang sampai perlu dua hari ya untuk maintenance?,-1.0,False,id,True,"udah, dua, hari, ini, beranda, terus, dan, dikatakan, sedang, dalam, pemeliharaan, emang, sampai, perlu, dua, hari, untuk","section, section, e-paper, maintenance","loading, di, ya",False,udah dua hari ini section beranda loading terus dan di section epaper dikatakan sedang dalam pemeliharaan emang sampai perlu dua hari ya untuk maintenance
698,698,698,1.0,,,-1.0,2.0,"Canggih sebetulnya aplikasinya dan nyaman juga membukanya. Namun sayang setelah 2 tahun berlangganan, menurut saya konten materinya cenderung tidak netral dan ada yang mengendalikan dari politik. Terpaksa saya harus uninstall karena zaman seperti sekarang sangat perlu mendapatkan materi pemberitaan yang netral namun tidak mengurangi kualitas.",,False,id,False,"canggih, sebetulnya, aplikasinya, dan, nyaman, juga, membukanya, namun, sayang, setelah, tahun, berlangganan, menurut, saya, konten, materinya, cenderung, tidak, netral, dan, ada, yang, mengendalikan, dari, politik, terpaksa, saya, harus, karena, zaman, seperti, sekarang, sangat, perlu, mendapatkan, materi, pemberitaan, yang, netral, namun, tidak, mengurangi, kualitas",,uninstall,False,canggih sebetulnya aplikasinya dan nyaman juga membukanya namun sayang setelah 2 tahun berlangganan menurut saya konten materinya cenderung tidak netral dan ada yang mengendalikan dari politik terpaksa saya harus uninstall karena zaman seperti sekarang sangat perlu mendapatkan materi pemberitaan yang netral namun tidak mengurangi kualitas
699,699,699,,-1.0,,,2.0,"skrg baca paper yg sudah didownload tetap harus connect internet. susah untuk baca di pesawat. di versi sebelumnya sudah nyaman untuk membaca offline, walaupun readernya tidak otomatis nenghilangkan kontrol yg ada di bawah halaman.",,False,id,True,"skrg, baca, sudah, didownload, tetap, harus, susah, untuk, baca, pesawat, versi, sebelumnya, sudah, nyaman, untuk, membaca, walaupun, tidak, otomatis, kontrol, ada, bawah, halaman","paper, connect","yg, internet, di, di, offline, readernya, nenghilangkan, yg, di",False,skrg baca paper yg sudah didownload tetap harus connect internet susah untuk baca di pesawat di versi sebelumnya sudah nyaman untuk membaca offline walaupun readernya tidak otomatis nenghilangkan kontrol yg ada di bawah halaman
700,700,700,,,,,2.0,"Download dan baca gratisan lancar, setelah sudah bayar langganan semua artikel di click tidak bisa kebuka, kontak CS bilang aplikasi eror dan disuru buka di website, rusak  aplikasinya udah 1 bulan langganan gak kepake jadinya. Krn ribet bgd harus buka web dan log-in2 lagi.",-1.0,False,id,True,"dan, baca, gratisan, lancar, setelah, sudah, bayar, langganan, semua, artikel, tidak, bisa, kontak, bilang, aplikasi, eror, dan, buka, rusak, aplikasinya, udah, bulan, langganan, gak, jadinya, krn, ribet, harus, buka, dan, lagi",click,"download, di, kebuka, cs, disuru, di, website, kepake, bgd, web, log-in",False,download dan baca gratisan lancar setelah sudah bayar langganan semua artikel di click tidak bisa kebuka kontak cs bilang aplikasi eror dan disuru buka di website rusak aplikasinya udah 1 bulan langganan gak kepake jadinya krn ribet bgd harus buka web dan login2 lagi
701,701,701,-1.0,,,,2.0,"Setelah update, waktu baca ePaper dalam model full screen, tampilan pilihan halaman di bagian bawah tidak bisa auto-hide, sehingga artikel di bagian bawah tidak bisa terbaca.",,False,id,True,"setelah, waktu, baca, dalam, tampilan, pilihan, halaman, bagian, bawah, tidak, bisa, sehingga, artikel, bagian, bawah, tidak, bisa, terbaca","full, screen, auto-hide","update, epaper, model, di, di",False,setelah update waktu baca epaper dalam model full screen tampilan pilihan halaman di bagian bawah tidak bisa autohide sehingga artikel di bagian bawah tidak bisa terbaca
702,702,702,,,,,1.0,Aplikasinya tidak bisa digunakan dan konten tidak bisa diakses. Padahal sudah subscribe untuk 1 tahun. Customer service juga sama sekali tidak membantu padahal saya sudah hampir sebulan tidak bisa mengakses aplikasi. kompas sudah terang-terangan tidak peduli sudah merugikan konsumen.,-1.0,False,id,True,"aplikasinya, tidak, bisa, digunakan, dan, konten, tidak, bisa, diakses, padahal, sudah, untuk, tahun, juga, sama, sekali, tidak, membantu, padahal, saya, sudah, hampir, sebulan, tidak, bisa, mengakses, aplikasi, sudah, terang-terangan, tidak, peduli, sudah, merugikan, konsumen","subscribe, customer, service",kompas,False,aplikasinya tidak bisa digunakan dan konten tidak bisa diakses padahal sudah subscribe untuk 1 tahun customer service juga sama sekali tidak membantu padahal saya sudah hampir sebulan tidak bisa mengakses aplikasi kompas sudah terangterangan tidak peduli sudah merugikan konsumen
703,703,703,,,,,3.0,"Pembaruan terbaru telah menghilangkan fitur untuk highlight kata dan menerjemahkannya. Fitur ini sangat bermanfaat bagi orang yang sedang belajar bahasa Indonesia, namun kini tidak lagi tersedia. Tolong kembalikan seperti semula!!!",-1.0,False,en,False,,"latest, has, removed, the, ability, highlight, words, and, this, was, amazing, service, for, people, learning, but, not, anymore, please, change, back","update, to, translate, an, indonesian",False,pembaruan terbaru telah menghilangkan fitur untuk highlight kata dan menerjemahkannya fitur ini sangat bermanfaat bagi orang yang sedang belajar bahasa indonesia namun kini tidak lagi tersedia tolong kembalikan seperti semula
704,704,704,,,,,1.0,"Masih ada subscribe 1 tahun, tapi akun tidak bisa login. Sudah pernah hubungin cs tapi tidak ada perbaikan sama sekali. Terima kasih",-1.0,False,id,True,"masih, ada, tahun, tapi, akun, tidak, bisa, login, sudah, pernah, tapi, tidak, ada, perbaikan, sama, sekali, terima, kasih",subscribe,"hubungin, cs",False,masih ada subscribe 1 tahun tapi akun tidak bisa login sudah pernah hubungin cs tapi tidak ada perbaikan sama sekali terima kasih
705,705,705,-1.0,,,,3.0,"Viewing dr browser baik2 saja, namun tidak dr aplikasi, margin kanan kiri terpotong. Mengganggu sekali. Saya akses dr iPhone 12Pro, iOS 18.2. Mohon bantuannya",,False,id,True,"baik, saja, namun, tidak, aplikasi, kanan, kiri, terpotong, mengganggu, sekali, saya, akses, mohon, bantuannya","viewing, margin","dr, browser, dr, dr, iphone, pro, ios",False,viewing dr browser baik2 saja namun tidak dr aplikasi margin kanan kiri terpotong mengganggu sekali saya akses dr iphone 12pro ios 182 mohon bantuannya
706,706,706,,,-1.0,,1.0,"Ketika bicara era, aplikasi seakan mengikuti tren kapitalis, dalam bahasa Jawa istilahnya ‘“Gruduk Sapen” atau “Rok-rok Asem”.

Apa iya platfom sebesar kompas dengan gedung mewahnya, Gramedia dan mendiang Jakob Oetama tidak memilah masyarakat indonesia secara bijak.

Tidak semua orang Indonesia “beruang”, kami yang dipelosok terjebak pada sistem UMR kadang merasa keberatan dan atas sistem berbayar, sedangkan paket data sudah mencekik, belum lagi BBM pun dikabarkan naik. Pisahkan golongan pembaca yang jelas kaya menengah dan kami kelas bawah supaya informasi dan edukasi merata. Bukankah hal ini sudah termaktub pada kaidah jurnalistik?",,False,id,True,"ketika, bicara, aplikasi, seakan, mengikuti, tren, kapitalis, dalam, bahasa, jawa, istilahnya, atau, rok-rok, asem, apa, iya, sebesar, dengan, gedung, gramedia, dan, mendiang, tidak, memilah, masyarakat, indonesia, secara, bijak, tidak, semua, orang, indonesia, beruang, kami, yang, terjebak, pada, sistem, umr, kadang, merasa, keberatan, dan, atas, sistem, berbayar, sedangkan, paket, sudah, mencekik, belum, lagi, bbm, pun, dikabarkan, naik, pisahkan, golongan, pembaca, yang, jelas, kaya, menengah, dan, kami, kelas, bawah, supaya, informasi, dan, edukasi, merata, bukankah, hal, ini, sudah, termaktub, pada, kaidah, jurnalistik",jakob,"era, gruduk, sapen, platfom, kompas, mewahnya, oetama, dipelosok, data",False,ketika bicara era aplikasi seakan mengikuti tren kapitalis dalam bahasa jawa istilahnya gruduk sapen atau rokrok asem apa iya platfom sebesar kompas dengan gedung mewahnya gramedia dan mendiang jakob oetama tidak memilah masyarakat indonesia secara bijak tidak semua orang indonesia beruang kami yang dipelosok terjebak pada sistem umr kadang merasa keberatan dan atas sistem berbayar sedangkan paket data sudah mencekik belum lagi bbm pun dikabarkan naik pisahkan golongan pembaca yang jelas kaya menengah dan kami kelas bawah supaya informasi dan edukasi merata bukankah hal ini sudah termaktub pada kaidah jurnalistik
707,707,707,,,,1.0,5.0,"Tiap hari saya baca kompas. Rubrik Opininya diisi oleh penulis-penulis yang kredible. Informasi yang saya dapat pun menambah pengetahuan, mempertajam cara pandang. Maju terus kompas!",,False,id,False,"tiap, hari, saya, baca, rubrik, diisi, oleh, penulis-penulis, yang, informasi, yang, saya, dapat, pun, menambah, pengetahuan, mempertajam, cara, pandang, maju, terus",,"kompas, opininya, kredible, kompas",False,tiap hari saya baca kompas rubrik opininya diisi oleh penulispenulis yang kredible informasi yang saya dapat pun menambah pengetahuan mempertajam cara pandang maju terus kompas
708,708,708,,,,,1.0,"Ribet lah, pake ini itu, zaman ura canggih gini hrsnya makin mudah, plug and play aja lah, nggak semua org ahli IT tau",,False,id,True,"ribet, lah, pake, ini, itu, zaman, canggih, gini, makin, mudah, aja, lah, nggak, semua, org, ahli, tau","plug, and, play","ura, hrsnya, it",False,ribet lah pake ini itu zaman ura canggih gini hrsnya makin mudah plug and play aja lah nggak semua org ahli it tau
709,709,709,,,-1.0,,1.0,"Pada 18-Jan-2024 langganan pada applikasi baru, dibayar pakai Gojek Rp360,000 untuk 1 tahun.
Status langganan tetap tidak active pada saat membuka e-paper.
19-Jan-2024 aku coba bula e-paper, ligin melalui Apple dan ditagih oleh Apel Rp,359,000
Check WA online, pembayaran pada 18-Jan-2024 dinyatakan HILANG-dihapus dari starus langganan",-1.0,False,id,True,"pada, langganan, pada, applikasi, baru, dibayar, pakai, gojek, untuk, tahun, langganan, tetap, tidak, pada, saat, membuka, aku, coba, melalui, dan, ditagih, oleh, apel, pembayaran, pada, dinyatakan, hilang-dihapus, dari, langganan","active, e-paper, e-paper, check","jan, rp, status, jan, bula, ligin, apple, rp, wa, online, jan, starus",False,pada 18jan2024 langganan pada applikasi baru dibayar pakai gojek rp360000 untuk 1 tahun status langganan tetap tidak active pada saat membuka epaper 19jan2024 aku coba bula epaper ligin melalui apple dan ditagih oleh apel rp359000 check wa online pembayaran pada 18jan2024 dinyatakan hilangdihapus dari starus langganan
710,710,710,,,,,5.0,"Aplikasi sudah cukup bagus dan stabil, login melalui Apple ID kadang terjadi error, hotline cukup responsif dan membantu melalui WA, hanya yang melalui telpon tidak diangkat. Kecepatan respon cukup baik.",1.0,False,id,False,"aplikasi, sudah, cukup, bagus, dan, stabil, login, melalui, kadang, terjadi, cukup, responsif, dan, membantu, melalui, hanya, yang, melalui, telpon, tidak, diangkat, kecepatan, respon, cukup, baik",,"apple, id, error, hotline, wa",False,aplikasi sudah cukup bagus dan stabil login melalui apple id kadang terjadi error hotline cukup responsif dan membantu melalui wa hanya yang melalui telpon tidak diangkat kecepatan respon cukup baik
711,711,711,,,,,1.0,"kompasID. Kenapa ya? Setelah update, saya mau baca tentang topik Gaya, Kendara, malah apps tidak membuka. Sebagai gantinya malah di""lempar"" ke Safari (browser IOS), dan tidak jalan pula. Mohon perbaikan yaa.... Trims",-1.0,False,id,False,"kenapa, setelah, saya, mau, baca, tentang, topik, gaya, malah, tidak, membuka, sebagai, gantinya, malah, lempar, dan, tidak, jalan, pula, mohon, perbaikan, yaa, trims",,"kompasid, ya, update, kendara, apps, di, ke, safari, browser, ios",False,kompasid kenapa ya setelah update saya mau baca tentang topik gaya kendara malah apps tidak membuka sebagai gantinya malah dilempar ke safari browser ios dan tidak jalan pula mohon perbaikan yaa trims
712,712,712,,0.0,,,4.0,"Satu hal yang kurang: seharusnya ada fitur back to top, biasanya dengan klik tab aktif aplikasi agar bisa kembali ke konten teratas + refresh otomatis",,False,id,True,"satu, hal, yang, kurang, seharusnya, ada, fitur, biasanya, dengan, klik, aktif, aplikasi, agar, bisa, kembali, konten, teratas, otomatis","back, top","to, tab, ke, refresh",False,satu hal yang kurang seharusnya ada fitur back to top biasanya dengan klik tab aktif aplikasi agar bisa kembali ke konten teratas  refresh otomatis
713,713,713,,,,,4.0,"Saya pembaca setia kompas dengan menggunakan device Apple iPad Air lama saya yang update iOS-nya mentok di iOS 12. Dan saya sangat sedih sekali karena update terakhir aplikasi kompas di App Store mengharuskan versi iOS minimal iOS 14. Ini membuat saya tidak bisa lagi mengakses ePaper kompas dengan device saya lagi.

Mohon bantuannya untuk meneruskan support aplikasi kompas untuk iOS 12, agar saya tidak perlu membeli device baru.

Terima kasih.",-1.0,False,id,True,"saya, pembaca, setia, dengan, menggunakan, air, lama, saya, yang, ios-nya, mentok, dan, saya, sangat, sedih, sekali, karena, terakhir, aplikasi, mengharuskan, versi, minimal, ini, membuat, saya, tidak, bisa, lagi, mengakses, dengan, saya, lagi, mohon, bantuannya, untuk, meneruskan, aplikasi, untuk, agar, saya, tidak, perlu, membeli, baru, terima, kasih","device, store, device, support, device","kompas, apple, ipad, update, di, ios, update, kompas, di, app, ios, ios, epaper, kompas, kompas, ios",False,saya pembaca setia kompas dengan menggunakan device apple ipad air lama saya yang update iosnya mentok di ios 12 dan saya sangat sedih sekali karena update terakhir aplikasi kompas di app store mengharuskan versi ios minimal ios 14 ini membuat saya tidak bisa lagi mengakses epaper kompas dengan device saya lagi mohon bantuannya untuk meneruskan support aplikasi kompas untuk ios 12 agar saya tidak perlu membeli device baru terima kasih
714,714,714,,,,1.0,4.0,"Berita di kompas sangat komprehensif dan lengkap. Sangat menginspirasi. Rubrik favorit sa adalah Humaniora dengan pendekatan yang halus namun tetap tajam. Sa pun setiap pagi dapat membaca ePaper kompas, yang kemudian pecahan beritanya pada berbagai artikel di kompas. Sa sangat mengapresiasi kinerja Jurnalistik yang semacam ini. Cuma saran saja, tolong diekspansi ke iOS 12 supaya beberapa kawan sa bisa juga menikmatinya lewat App. Itu saja sih, selebihnya kompas memang Worth it. Terima kasih, kompas. Memang kompas Amanat Hati Nurani Rakyat. Salaam 

- DSAB (Juga Mewakili Angga Bassoni Al Barkah & Ayisha Abdul Basith)",,False,id,True,"berita, sangat, komprehensif, dan, lengkap, sangat, menginspirasi, rubrik, favorit, adalah, humaniora, dengan, pendekatan, yang, halus, namun, tetap, tajam, pun, setiap, pagi, dapat, membaca, yang, kemudian, pecahan, beritanya, pada, berbagai, artikel, sangat, mengapresiasi, kinerja, jurnalistik, yang, semacam, ini, cuma, saran, saja, tolong, supaya, beberapa, kawan, bisa, juga, menikmatinya, lewat, itu, saja, sih, selebihnya, memang, terima, kasih, memang, amanat, hati, nurani, rakyat, juga, mewakili, angga, abdul",worth,"di, kompas, sa, sa, epaper, kompas, di, kompas, sa, diekspansi, ke, ios, sa, app, kompas, it, kompas, kompas, salaam, dsab, bassoni, al, barkah, ayisha, basith",False,berita di kompas sangat komprehensif dan lengkap sangat menginspirasi rubrik favorit sa adalah humaniora dengan pendekatan yang halus namun tetap tajam sa pun setiap pagi dapat membaca epaper kompas yang kemudian pecahan beritanya pada berbagai artikel di kompas sa sangat mengapresiasi kinerja jurnalistik yang semacam ini cuma saran saja tolong diekspansi ke ios 12 supaya beberapa kawan sa bisa juga menikmatinya lewat app itu saja sih selebihnya kompas memang worth it terima kasih kompas memang kompas amanat hati nurani rakyat salaam  dsab juga mewakili angga bassoni al barkah  ayisha abdul basith
715,715,715,,,,,1.0,Saya pengguna baru dan penasaran untuk membaca berita di kompas. Namun sayang ketika saya coba scroll beritanya aplikasi langsung force close. Selain itu agak berat juga ketika scroll.,-1.0,False,id,True,"saya, pengguna, baru, dan, penasaran, untuk, membaca, berita, namun, sayang, ketika, saya, coba, beritanya, aplikasi, langsung, selain, itu, agak, berat, juga, ketika","force, close","di, kompas, scroll, scroll",False,saya pengguna baru dan penasaran untuk membaca berita di kompas namun sayang ketika saya coba scroll beritanya aplikasi langsung force close selain itu agak berat juga ketika scroll
716,716,716,1.0,,,,5.0,"Sekarang sudah bisa portrait, sudah ga laggy pas ganti halaman. Good job deh akhirnya setelah beberapa bulan ngeluh via DM IG, sekarang nyaman lagi baca koran di iPad. Rating saya ubah ke 5. Masih jadi favorit berita kompas sampai sekarang.",1.0,False,id,True,"sekarang, sudah, bisa, sudah, ga, pas, ganti, halaman, deh, akhirnya, setelah, beberapa, bulan, sekarang, nyaman, lagi, baca, koran, saya, ubah, masih, jadi, favorit, berita, sampai, sekarang","portrait, good, job","laggy, ngeluh, via, dm, ig, di, ipad, rating, ke, kompas",False,sekarang sudah bisa portrait sudah ga laggy pas ganti halaman good job deh akhirnya setelah beberapa bulan ngeluh via dm ig sekarang nyaman lagi baca koran di ipad rating saya ubah ke 5 masih jadi favorit berita kompas sampai sekarang
717,717,717,1.0,,,,5.0,"Update 05 May 2022 :

“Setelah komplain via email pertengahan April 2022, hari ini muncul update kompas di appstore, dan kali ini mode potrait sudah dikembalikan utk para pembaca. Bravo tim IT kompas, terima kasih…ratingnya sy naikkan jadi 5* ( dr 2*)”

Update versi ipad terbaru menyebabkan tidak bisa membaca dgn mode potrait, sangat tidak nyaman, harusnya pembaca diberikan pilihan untuk memilihmpottait atau landscape, pdhl udah nyaman dgn kondisi sebelumnya bertahun2",1.0,False,id,True,"setelah, komplain, pertengahan, hari, ini, muncul, dan, kali, ini, sudah, dikembalikan, utk, para, pembaca, tim, terima, kasih, naikkan, jadi, versi, terbaru, menyebabkan, tidak, bisa, membaca, dgn, sangat, tidak, nyaman, harusnya, pembaca, diberikan, pilihan, untuk, atau, udah, nyaman, dgn, kondisi, sebelumnya, bertahun","may, landscape","update, via, email, april, update, kompas, di, appstore, mode, potrait, bravo, it, kompas, ratingnya, sy, dr, update, ipad, mode, potrait, memilihmpottait, pdhl",False,update 05 may 2022  setelah komplain via email pertengahan april 2022 hari ini muncul update kompas di appstore dan kali ini mode potrait sudah dikembalikan utk para pembaca bravo tim it kompas terima kasihratingnya sy naikkan jadi 5  dr 2 update versi ipad terbaru menyebabkan tidak bisa membaca dgn mode potrait sangat tidak nyaman harusnya pembaca diberikan pilihan untuk memilihmpottait atau landscape pdhl udah nyaman dgn kondisi sebelumnya bertahun2
718,718,718,-1.0,,,,1.0,"e-paper gak nyaman dibaca dengan iPad karena update terakhir cuma bisa dibaca dengan mode landscape doang, sebelumnya mode potrait bisa. Payah!",,False,id,True,"gak, nyaman, dibaca, dengan, karena, terakhir, cuma, bisa, dibaca, dengan, doang, sebelumnya, bisa, payah","e-paper, landscape","ipad, update, mode, mode, potrait",False,epaper gak nyaman dibaca dengan ipad karena update terakhir cuma bisa dibaca dengan mode landscape doang sebelumnya mode potrait bisa payah
719,719,719,-1.0,,,1.0,5.0,"Untuk update terakhir posisi di ipad selalu default landscape, padahal orientasi sudah di lock pada posisi potrait. Tolong segera diperbaiki terima kasih.

Selain bug di update terakhir overall untuk epaper sangat membantu dalam membaca koran kompas secara digital. 

Sukses selalu untuk team kompas",,False,id,True,"untuk, terakhir, posisi, selalu, padahal, orientasi, sudah, pada, posisi, tolong, segera, diperbaiki, terima, kasih, selain, terakhir, untuk, sangat, membantu, dalam, membaca, koran, secara, sukses, selalu, untuk","default, landscape, lock, overall, team","update, di, ipad, di, potrait, bug, di, update, epaper, kompas, digital, kompas",False,untuk update terakhir posisi di ipad selalu default landscape padahal orientasi sudah di lock pada posisi potrait tolong segera diperbaiki terima kasih selain bug di update terakhir overall untuk epaper sangat membantu dalam membaca koran kompas secara digital sukses selalu untuk team kompas
720,720,720,,0.0,,,5.0,"Bagaimana caranya mengunduh epaper ke PDF? Seingat saya aplikasi terdahulu bisa dilakukan, namun sejak aplikasi yg baru ini tdk bisa atau mungkin sy belum tahu cara mengunduh epaper PDF?

Saya pelanggan berbayar, agak menyangkan kalau epaper tdk bs sy unduh utk dokumentasi (kliping) digital saya.",,False,id,False,"bagaimana, caranya, mengunduh, saya, aplikasi, terdahulu, bisa, dilakukan, namun, sejak, aplikasi, baru, ini, tdk, bisa, atau, mungkin, belum, tahu, cara, mengunduh, saya, pelanggan, berbayar, agak, kalau, tdk, unduh, utk, dokumentasi, kliping, saya",,"epaper, ke, pdf, seingat, yg, sy, epaper, pdf, menyangkan, epaper, bs, sy, digital",False,bagaimana caranya mengunduh epaper ke pdf seingat saya aplikasi terdahulu bisa dilakukan namun sejak aplikasi yg baru ini tdk bisa atau mungkin sy belum tahu cara mengunduh epaper pdf saya pelanggan berbayar agak menyangkan kalau epaper tdk bs sy unduh utk dokumentasi kliping digital saya
721,721,721,1.0,,,,5.0,"Setelah update ios dan update app kompas, sudah bisa masuk akun dengan lancar, desain dan peforma juga makin bagus. Good Job untuk developernya.",1.0,False,id,True,"setelah, dan, sudah, bisa, masuk, akun, dengan, lancar, desain, dan, juga, makin, bagus, untuk","good, job","update, ios, update, app, kompas, peforma, developernya",False,setelah update ios dan update app kompas sudah bisa masuk akun dengan lancar desain dan peforma juga makin bagus good job untuk developernya
722,722,722,,,,0.0,5.0,"Pembaruan terbarunya ringan dan cepat. Kerja bagus, Kompas. Saya berharap ada lebih banyak variasi konten selain berita, video, e-paper, dan artikel interaktif. Mungkin podcast atau video pendek?",1.0,False,en,False,,"the, new, light, and, fast, good, work, the, device, limit, confusing, would, love, get, more, variety, contents, other, than, news, videos, and, articles, podcasts, and, short, videos, perhaps","update, is, kompas, is, to, if, epaper, interactiver",False,pembaruan terbarunya ringan dan cepat kerja bagus kompas saya berharap ada lebih banyak variasi konten selain berita video epaper dan artikel interaktif mungkin podcast atau video pendek
723,723,723,,,,,2.0,"Berita yang saya buka pada aplikasi selalu tidak terbuka dan ada note belum berlangganan, padahal saya sudah login dan akun saya statusnya sudah berlangganan, ini terjadi setelah update terakhir. mohon ditangani ya

Terima Kasih",-1.0,False,id,True,"berita, yang, saya, buka, pada, aplikasi, selalu, tidak, terbuka, dan, ada, belum, berlangganan, padahal, saya, sudah, login, dan, akun, saya, statusnya, sudah, berlangganan, ini, terjadi, setelah, terakhir, mohon, ditangani, terima, kasih",note,"update, ya",False,berita yang saya buka pada aplikasi selalu tidak terbuka dan ada note belum berlangganan padahal saya sudah login dan akun saya statusnya sudah berlangganan ini terjadi setelah update terakhir mohon ditangani ya terima kasih
724,724,724,,,,,1.0,Setelah update ke iPad OS 15 artikel2nya ga ada yang bisa dibuka. Setiap diklik loading terus ga selesai2. Please fix this…,-1.0,False,id,True,"setelah, artikel, nya, ga, ada, yang, bisa, dibuka, setiap, terus, ga, selesai","please, fix, this","update, ke, ipad, os, diklik, loading",False,setelah update ke ipad os 15 artikel2nya ga ada yang bisa dibuka setiap diklik loading terus ga selesai2 please fix this
725,725,725,,,,,1.0,"! 

QR Code yang Anda masukkan tidak sesuai. Pastikan Anda memindai QR Code pada Harian kompas edisi hari ini.

Selalu qr code dari harian cetak tidak sesuai, padahal adalah edisi terbatu/hari ini. Sudah lebih dari 3 hari begini.",-1.0,False,id,True,"yang, anda, masukkan, tidak, sesuai, pastikan, anda, memindai, pada, harian, edisi, hari, ini, selalu, dari, harian, cetak, tidak, sesuai, padahal, adalah, edisi, hari, ini, sudah, lebih, dari, hari, begini","code, code, code","qr, qr, kompas, qr, terbatu",False, qr code yang anda masukkan tidak sesuai pastikan anda memindai qr code pada harian kompas edisi hari ini selalu qr code dari harian cetak tidak sesuai padahal adalah edisi terbatuhari ini sudah lebih dari 3 hari begini
726,726,726,,-1.0,,,1.0,"- tidak mudah untuk refresh untuk menampilkan beruta terbaru — atau untuk menampilkan berita yang lebih lama
- tidak ada feature filter/sort berdasarkan tanggal terbit
- e-paper tidak dapat mengakses berita yang lebih lama dari sebulan yang lalu
- masih sering terjadi link berita yang error
- terkadang masih memonta login ulang ketika link berita akan dibuka",-1.0,False,id,True,"tidak, mudah, untuk, untuk, menampilkan, terbaru, atau, untuk, menampilkan, berita, yang, lebih, lama, tidak, ada, berdasarkan, tanggal, terbit, tidak, dapat, mengakses, berita, yang, lebih, lama, dari, sebulan, yang, lalu, masih, sering, terjadi, berita, yang, terkadang, masih, login, ulang, ketika, berita, akan, dibuka","feature, sort, e-paper","refresh, beruta, filter, link, error, memonta, link",False, tidak mudah untuk refresh untuk menampilkan beruta terbaru  atau untuk menampilkan berita yang lebih lama  tidak ada feature filtersort berdasarkan tanggal terbit  epaper tidak dapat mengakses berita yang lebih lama dari sebulan yang lalu  masih sering terjadi link berita yang error  terkadang masih memonta login ulang ketika link berita akan dibuka
727,727,727,,-1.0,,,3.0,"kurang puas membaca lewat aplikasi karena pembaruan fitur yang lamban. tema night mode belum bisa berjalan di iphone 12. selain itu, sulit mencari versi berita digital dari tiap berita di halaman koran/epaper.",-1.0,False,id,True,"kurang, puas, membaca, lewat, aplikasi, karena, pembaruan, fitur, yang, lamban, tema, belum, bisa, berjalan, selain, itu, sulit, mencari, versi, berita, dari, tiap, berita, halaman, koran",night,"mode, di, iphone, digital, di, epaper",False,kurang puas membaca lewat aplikasi karena pembaruan fitur yang lamban tema night mode belum bisa berjalan di iphone 12 selain itu sulit mencari versi berita digital dari tiap berita di halaman koranepaper
728,728,728,,-1.0,,,1.0,"Kenapa skg ga ada menu kirim email ya? Bisa tlg di tambah in menu email, karena dgn format pdf lbh mudah di baca.",,False,id,False,"kenapa, ga, ada, kirim, bisa, tambah, karena, dgn, lbh, mudah, baca",,"skg, menu, email, ya, tlg, di, in, menu, email, format, pdf, di",False,kenapa skg ga ada menu kirim email ya bisa tlg di tambah in menu email karena dgn format pdf lbh mudah di baca
729,729,729,-1.0,,,1.0,5.0,"Saya suka tampilan berita epapernya kompas tapi yang buat kesal saya harus pegang dalam kondisi portrait IPAD saya, mohon diupgrade supaya bisa tampilannya landscape ya min. So far sumber berita yang saya gunakan selalu kompas terima kasih, selalu berkarya ya. Sekarang saya kasih bintang 3, kalau nanti sudah landscape saya kasih bintang 4. Joss gandosss...",,False,id,True,"saya, suka, tampilan, berita, tapi, yang, buat, kesal, saya, harus, pegang, dalam, kondisi, saya, mohon, diupgrade, supaya, bisa, tampilannya, sumber, berita, yang, saya, gunakan, selalu, terima, kasih, selalu, berkarya, sekarang, saya, kasih, bintang, kalau, nanti, sudah, saya, kasih, bintang","portrait, landscape, far, landscape","epapernya, kompas, ipad, ya, min, so, kompas, ya, joss, gandosss",False,saya suka tampilan berita epapernya kompas tapi yang buat kesal saya harus pegang dalam kondisi portrait ipad saya mohon diupgrade supaya bisa tampilannya landscape ya min so far sumber berita yang saya gunakan selalu kompas terima kasih selalu berkarya ya sekarang saya kasih bintang 3 kalau nanti sudah landscape saya kasih bintang 4 joss gandosss
730,730,730,,-1.0,,,1.0,"Jangan langganan & download appsnya..sekelas kompas aplikasinya sampah, yakali mau baca berita harus klik link dulu trs bacanya di browser lg..trs gunanya aplikasi buat apa..semoga cepet di takedown apple deh nih aplikasi.",,False,id,True,"jangan, langganan, sekelas, aplikasinya, sampah, mau, baca, berita, harus, klik, dulu, bacanya, gunanya, aplikasi, buat, apa, semoga, cepet, deh, nih, aplikasi","trs, trs, takedown","download, appsnya, kompas, yakali, link, di, browser, lg, di, apple",False,jangan langganan  download appsnyasekelas kompas aplikasinya sampah yakali mau baca berita harus klik link dulu trs bacanya di browser lgtrs gunanya aplikasi buat apasemoga cepet di takedown apple deh nih aplikasi
731,731,731,,-1.0,,,4.0,Suka dengan app ini cuman kadang suka berulang beritanya kalo lagi scrolling seharusnya ke berita yang lebih lama jadinya terbatas membaca berita,,False,id,True,"suka, dengan, ini, cuman, kadang, suka, berulang, beritanya, kalo, lagi, seharusnya, berita, yang, lebih, lama, jadinya, terbatas, membaca, berita",scrolling,"app, ke",False,suka dengan app ini cuman kadang suka berulang beritanya kalo lagi scrolling seharusnya ke berita yang lebih lama jadinya terbatas membaca berita
732,732,732,0.0,0.0,,,2.0,"Tab pilihanku kadang ada kadang engga. bikin lah tab khusus supaya bisa endless scrolling gt kalo milih berita, jd bukan berita hari itu aja. Untuk epaper lebih enak kalo judul berita disitu berupa link dan bisa langsung klik dan berubah menjadi tampilan baca.",,False,id,True,"pilihanku, kadang, ada, kadang, engga, bikin, lah, khusus, supaya, bisa, kalo, milih, berita, bukan, berita, hari, itu, aja, untuk, lebih, enak, kalo, judul, berita, disitu, berupa, dan, bisa, langsung, klik, dan, berubah, menjadi, tampilan, baca","endless, scrolling","tab, tab, gt, jd, epaper, link",False,tab pilihanku kadang ada kadang engga bikin lah tab khusus supaya bisa endless scrolling gt kalo milih berita jd bukan berita hari itu aja untuk epaper lebih enak kalo judul berita disitu berupa link dan bisa langsung klik dan berubah menjadi tampilan baca
733,733,733,,,,1.0,5.0,"Sejak beberapa hari yang lalu, saya mencoba mencari sumber berita seperti ketika membaca koran era dahulu, yang detail dalam penulisannya, demi akurasi informasi yang mau saya peroleh. kompas sepertinya memberikan jawaban itu untuk saya.",,False,id,False,"sejak, beberapa, hari, yang, lalu, saya, mencoba, mencari, sumber, berita, seperti, ketika, membaca, koran, dahulu, yang, dalam, penulisannya, demi, akurasi, informasi, yang, mau, saya, peroleh, sepertinya, memberikan, jawaban, itu, untuk, saya",,"era, detail, kompas",False,sejak beberapa hari yang lalu saya mencoba mencari sumber berita seperti ketika membaca koran era dahulu yang detail dalam penulisannya demi akurasi informasi yang mau saya peroleh kompas sepertinya memberikan jawaban itu untuk saya
734,734,734,,,,,1.0,"Pada awalnya download ePaper kompas sangat lancar. Setelah berjalan 3-4 bulan download menjadi sangat lamban. Terbitan 28 April perlu upaya berkali-kali kadangkala diakhiri pemberitahuan time-out dan akhirnya berhasil download 100% dengan waktu 15-20 menit. 

Cape deh.

Pertimbangkan ulang apabila anda ingin berlangganan.",-1.0,False,id,True,"pada, awalnya, sangat, lancar, setelah, berjalan, bulan, menjadi, sangat, lamban, terbitan, perlu, upaya, berkali-kali, kadangkala, diakhiri, pemberitahuan, dan, akhirnya, berhasil, dengan, waktu, menit, deh, pertimbangkan, ulang, apabila, anda, ingin, berlangganan",time-out,"download, epaper, kompas, download, april, download, cape",False,pada awalnya download epaper kompas sangat lancar setelah berjalan 34 bulan download menjadi sangat lamban terbitan 28 april perlu upaya berkalikali kadangkala diakhiri pemberitahuan timeout dan akhirnya berhasil download 100 dengan waktu 1520 menit cape deh pertimbangkan ulang apabila anda ingin berlangganan
735,735,735,-1.0,1.0,,1.0,4.0,"Aplikasi cukup bagus, news lengkap, mudah download e paper. Tapi sayangnya gabisa tampilan landscape, padahal baca koran lebih enak landscape ya.
Will edit to 5 stars when landscape mode enabled 😊",,False,id,True,"aplikasi, cukup, bagus, lengkap, mudah, tapi, sayangnya, tampilan, padahal, baca, koran, lebih, enak","news, paper, landscape, landscape, will, stars, when, landscape, enabled","download, e, gabisa, ya, edit, to, mode",False,aplikasi cukup bagus news lengkap mudah download e paper tapi sayangnya gabisa tampilan landscape padahal baca koran lebih enak landscape ya will edit to 5 stars when landscape mode enabled 
736,736,736,,0.0,,,4.0,"tolong tambahkan fitur baca nanti di setiap artikel baik di web maupun di aplikasi karena beberapa artikel tidak ada fungsi baca nanti,,terima kasih",,False,id,False,"tolong, tambahkan, fitur, baca, nanti, setiap, artikel, baik, maupun, aplikasi, karena, beberapa, artikel, tidak, ada, fungsi, baca, nanti, terima, kasih",,"di, di, web, di",False,tolong tambahkan fitur baca nanti di setiap artikel baik di web maupun di aplikasi karena beberapa artikel tidak ada fungsi baca nantiterima kasih
737,737,737,,,-1.0,-1.0,4.0,"Rasa nya tidak etis saja jika seseorang merogoh kocek nya untuk berlangganan sebuah portal berita tetapi timbal balik nya tidak sesuai ekspetasi. Saat saya ingin membaca tentang analisa taktik klub sepak bola Barcelona di tutur visual, terima kasih yang saya dapat hanya background para pemain dan judul nya saja",,False,id,True,"rasa, nya, tidak, etis, saja, jika, seseorang, merogoh, nya, untuk, berlangganan, sebuah, berita, tetapi, timbal, balik, nya, tidak, sesuai, saat, saya, ingin, membaca, tentang, analisa, taktik, klub, sepak, bola, barcelona, tutur, terima, kasih, yang, saya, dapat, hanya, para, pemain, dan, judul, nya, saja",background,"kocek, portal, ekspetasi, di, visual",False,rasa nya tidak etis saja jika seseorang merogoh kocek nya untuk berlangganan sebuah portal berita tetapi timbal balik nya tidak sesuai ekspetasi saat saya ingin membaca tentang analisa taktik klub sepak bola barcelona di tutur visual terima kasih yang saya dapat hanya background para pemain dan judul nya saja
738,738,738,-1.0,,,,1.0,"Would like to measure how long kompas will fix the bug 🙄 crash everytime in ipad/ios, and what about landscape view?
Klik!",-1.0,False,en,True,klik,"would, like, measure, how, long, will, fix, the, crash, everytime, and, what, about, landscape, view","to, kompas, bug, in, ipad, ios",False,would like to measure how long kompas will fix the bug  crash everytime in ipadios and what about landscape view klik
739,739,739,,,,,1.0,"Aplikasi saya sudah versi terbaru, namun saya terus diminta untuk mengunduh versi terbaru (yang sebenarnya tidak ada). Setelah mencoba berkali-kali, saya tetap tidak bisa membuka aplikasi maupun membaca korannya. Masalah ini sudah pernah terjadi sebelumnya, dan lama-kelamaan hal ini mulai menjengkelkan.",-1.0,False,en,False,,"date, yet, have, been, prompted, the, latest, version, the, non-exist, after, trying, for, many, times, still, can’t, open, the, and, read, the, paper, this, problem, has, happened, before, and, after, while, getting, irritating","my, app, is, up, to, i, to, download, of, app, i, app, a, it, is",False,aplikasi saya sudah versi terbaru namun saya terus diminta untuk mengunduh versi terbaru yang sebenarnya tidak ada setelah mencoba berkalikali saya tetap tidak bisa membuka aplikasi maupun membaca korannya masalah ini sudah pernah terjadi sebelumnya dan lamakelamaan hal ini mulai menjengkelkan
740,740,740,-1.0,,1.0,,1.0,"Saya mengapresiasi strategi Kompas dalam menawarkan layanan berita berbayar (premium). Sejujurnya, saya lebih memilih membayar daripada harus terus-menerus dibombardir dengan banyak iklan. Namun, saya tidak menemukan opsi berlangganan di dalam aplikasi. Apakah saya harus mendaftar paket berlangganan melalui situs webnya? Aplikasi yang mengalami crash hingga 3 kali dalam waktu 5 menit itu sungguh tidak bisa diterima. Oh ya, apa gunanya membuat aplikasi iPad jika tidak mendukung tampilan landscape dan pengalaman penggunaannya pun terbatas (dibandingkan dengan versi web. Untuk saat ini, mengakses lewat situs web jauh lebih baik daripada menggunakan aplikasinya.",-1.0,False,en,False,,"give, props, for, their, strategy, offering, paid, news, fact, would, gladly, pay, rather, than, blasted, with, lots, advertising, however, didn’t, see, the, subscription, option, from, within, the, should, opt, subscription, plan, from, within, the, application, crashes, times, minutes, unacceptable, yeah, whats, the, point, making, you, can’t, even, support, landscape, viewing, and, limited, experience, compared, version, for, now, more, way, than, accessing, from","i, to, kompas, in, premium, in, i, to, be, of, i, app, i, web, in, is, ouw, of, ipad, app, if, to, web, web, is, a, to, go, app",False,saya mengapresiasi strategi kompas dalam menawarkan layanan berita berbayar premium sejujurnya saya lebih memilih membayar daripada harus terusmenerus dibombardir dengan banyak iklan namun saya tidak menemukan opsi berlangganan di dalam aplikasi apakah saya harus mendaftar paket berlangganan melalui situs webnya aplikasi yang mengalami crash hingga 3 kali dalam waktu 5 menit itu sungguh tidak bisa diterima oh ya apa gunanya membuat aplikasi ipad jika tidak mendukung tampilan landscape dan pengalaman penggunaannya pun terbatas dibandingkan dengan versi web untuk saat ini mengakses lewat situs web jauh lebih baik daripada menggunakan aplikasinya
741,741,741,,0.0,,,5.0,"Kehadiran kompas cukup saya tunggu-tunggu karena saya merupakan pelanggan & pembaca setia koran kompas. Dalam beberapa tahun belakangan semenjak kompas muncul dalam versi digital di toko-toko buku digital saya memilih untuk berlangganan tidak lagi secara fisik namun secara e-papper dimana saya bisa membaca dengan mudah di gawai saya.

Kehadiran kompas merupakan salah satu perwujudan dari perkembangan jaman dimana perubahan-perubahan berjalan mengiringi perkembangan teknologi, terutama dalam perkembangan telephone pintar yang semakin maju.

Lebih baik lagi jika tim kompas mulai memikirkan bagaimana jika applikasi ini dipakai dalam keadaan luring / offline mode. Ini akan sangat bermanfaat bagi para pembaca yang mungkin tidak terkoneksi dengan jaringan dalam beberapa saat dan ingin membaca apa yang sudah di unduh terlebih dahulu sebelumnya

Salam hangat

Pembaca setia kompas",,False,id,True,"kehadiran, cukup, saya, tunggu-tunggu, karena, saya, merupakan, pelanggan, pembaca, setia, koran, dalam, beberapa, tahun, belakangan, semenjak, muncul, dalam, versi, toko-toko, buku, saya, memilih, untuk, berlangganan, tidak, lagi, secara, fisik, namun, secara, dimana, saya, bisa, membaca, dengan, mudah, gawai, saya, kehadiran, merupakan, salah, satu, perwujudan, dari, perkembangan, jaman, dimana, perubahan-perubahan, berjalan, mengiringi, perkembangan, teknologi, terutama, dalam, perkembangan, pintar, yang, semakin, maju, lebih, baik, lagi, jika, tim, mulai, memikirkan, bagaimana, jika, applikasi, ini, dipakai, dalam, keadaan, ini, akan, sangat, bermanfaat, bagi, para, pembaca, yang, mungkin, tidak, terkoneksi, dengan, jaringan, dalam, beberapa, saat, dan, ingin, membaca, apa, yang, sudah, unduh, terlebih, dahulu, sebelumnya, salam, hangat, pembaca, setia","telephone, luring","kompas, kompas, kompas, digital, di, digital, e-papper, di, kompas, kompas, offline, mode, di, kompas",False,kehadiran kompas cukup saya tunggutunggu karena saya merupakan pelanggan  pembaca setia koran kompas dalam beberapa tahun belakangan semenjak kompas muncul dalam versi digital di tokotoko buku digital saya memilih untuk berlangganan tidak lagi secara fisik namun secara epapper dimana saya bisa membaca dengan mudah di gawai saya kehadiran kompas merupakan salah satu perwujudan dari perkembangan jaman dimana perubahanperubahan berjalan mengiringi perkembangan teknologi terutama dalam perkembangan telephone pintar yang semakin maju lebih baik lagi jika tim kompas mulai memikirkan bagaimana jika applikasi ini dipakai dalam keadaan luring  offline mode ini akan sangat bermanfaat bagi para pembaca yang mungkin tidak terkoneksi dengan jaringan dalam beberapa saat dan ingin membaca apa yang sudah di unduh terlebih dahulu sebelumnya salam hangat pembaca setia kompas
742,742,742,,,,,1.0,"Salah satu alasan saya membeli iPad 2017 adalah untuk membaca Kompas, namun saya sangat kecewa dengan aplikasi Kompas. Baru saja diinstal, lalu dibuka, aplikasi itu tiba-tiba tertutup sendiri. Bagaimana saya bisa berlangganan Kompas secara rutin jika begini? Tolong perbaiki masalah ini; aplikasi lain bisa berjalan dengan sangat lancar, masa surat kabar nasional sebesar ini tidak bisa membuat aplikasinya berjalan dengan baik?",-1.0,False,en,False,,"one, reason, buy, reading, very, disappointed, just, then, open, and, close, suddenly, come, how, want, subscribe, regularly, please, fix, them, when, others, runs, very, well, this, big, national, paper, can, not, this, running, well","ipad, is, kompas, on, kompas, apps, install, on, i, to, kompas, apps, is, do, apps",False,salah satu alasan saya membeli ipad 2017 adalah untuk membaca kompas namun saya sangat kecewa dengan aplikasi kompas baru saja diinstal lalu dibuka aplikasi itu tibatiba tertutup sendiri bagaimana saya bisa berlangganan kompas secara rutin jika begini tolong perbaiki masalah ini aplikasi lain bisa berjalan dengan sangat lancar masa surat kabar nasional sebesar ini tidak bisa membuat aplikasinya berjalan dengan baik
743,743,743,,,,,1.0,"Baru testing dengan ipad 2 retina, di ios 11.3.1 selalu nutup ketika baru dibuka, mohon diperbaiki ga ada guna subs dan bayar kalau tidak bisa terpakai..",-1.0,False,id,True,"baru, dengan, selalu, ketika, baru, dibuka, mohon, diperbaiki, ga, ada, guna, dan, bayar, kalau, tidak, bisa, terpakai","testing, subs","ipad, retina, di, ios, nutup",False,baru testing dengan ipad 2 retina di ios 1131 selalu nutup ketika baru dibuka mohon diperbaiki ga ada guna subs dan bayar kalau tidak bisa terpakai
744,744,744,,,,,2.0,"Setelah terbuka di halaman depan, akan selalu crash dan menutup begitu digunakan di iPad Mini dg iOS 11.3.1

Ayo diperbaiki lagi, supaya saya jadi langganan epaper premium. Ayo kompas you can do better",-1.0,False,id,True,"setelah, terbuka, halaman, depan, akan, selalu, dan, menutup, begitu, digunakan, ayo, diperbaiki, lagi, supaya, saya, jadi, langganan, ayo","crash, you, can, better","di, di, ipad, mini, dg, ios, epaper, premium, kompas, do",False,setelah terbuka di halaman depan akan selalu crash dan menutup begitu digunakan di ipad mini dg ios 1131 ayo diperbaiki lagi supaya saya jadi langganan epaper premium ayo kompas you can do better
745,745,745,,,,,3.0,"Saya kurang paham cara melaporkan bug di ios.
Selalu ketika ePaper yang sudah saya unduh, ketika akan dibaca pada mode offline terjadi kesalahan pada pembacaan pdf sehingga memerlukan pengunduhan ulang.",-1.0,False,id,False,"saya, kurang, paham, cara, melaporkan, selalu, ketika, yang, sudah, saya, unduh, ketika, akan, dibaca, pada, terjadi, kesalahan, pada, pembacaan, sehingga, memerlukan, ulang",,"bug, di, ios, epaper, mode, offline, pdf, pengunduhan",False,saya kurang paham cara melaporkan bug di ios selalu ketika epaper yang sudah saya unduh ketika akan dibaca pada mode offline terjadi kesalahan pada pembacaan pdf sehingga memerlukan pengunduhan ulang
746,746,746,-1.0,,,,2.0,"Aplikasi ini sebenarnya bagus, tapi penuh dengan bug dan sering sekali crash. Lagipula, siapa yang lupa menyertakan mode lanskap di aplikasi ini?",-1.0,False,en,False,,"this, good, but, it’s, just, full, bugs, and, crashes, all, time, and, who, forgot, put, landscape, into, the","is, a, app, of, to, mode, app",False,aplikasi ini sebenarnya bagus tapi penuh dengan bug dan sering sekali crash lagipula siapa yang lupa menyertakan mode lanskap di aplikasi ini
747,747,747,,,,,1.0,Tdk bisa dibuka sama sekali di ios v 11. Langsung crash. kompas tdk pernah serius berinvestasi di pembuatan aplikasi. Sangat disayangkan krn kalah jauh dari media digital lainnya.,-1.0,False,id,True,"tdk, bisa, dibuka, sama, sekali, langsung, tdk, pernah, serius, berinvestasi, pembuatan, aplikasi, sangat, disayangkan, krn, kalah, jauh, dari, lainnya",crash,"di, ios, v, kompas, di, media, digital",False,tdk bisa dibuka sama sekali di ios v 11 langsung crash kompas tdk pernah serius berinvestasi di pembuatan aplikasi sangat disayangkan krn kalah jauh dari media digital lainnya
748,748,748,0.0,0.0,,,3.0,"Akan lebih baik jika ketika hp sy dalam posisi horizontal, posisi app ini juga menyesuaikan menjadi horizontal, seperti baca ebook di iBooks. Selain itu mohon dipertimbangkan agar kita bisa buka edisi2 yg lama hingga 10 tahun ke belakang. Sy sedang nyari koran kompas edisi Juni 2004. Thanks.",,False,id,True,"akan, lebih, baik, jika, ketika, dalam, posisi, posisi, ini, juga, menyesuaikan, menjadi, seperti, baca, selain, itu, mohon, dipertimbangkan, agar, kita, bisa, buka, edisi, lama, hingga, tahun, belakang, sedang, nyari, koran, edisi, juni",thanks,"hp, sy, horizontal, app, horizontal, ebook, di, ibooks, yg, ke, sy, kompas",False,akan lebih baik jika ketika hp sy dalam posisi horizontal posisi app ini juga menyesuaikan menjadi horizontal seperti baca ebook di ibooks selain itu mohon dipertimbangkan agar kita bisa buka edisi2 yg lama hingga 10 tahun ke belakang sy sedang nyari koran kompas edisi juni 2004 thanks
749,749,749,-1.0,,,,3.0,"Tolong buatkan versi iPad. Versi ini kl dipakai di iPad, jika tidak di-zoom, tidak bisa terbaca oleh mata yang sehat sekalipun.",,False,id,False,"tolong, buatkan, versi, versi, ini, dipakai, jika, tidak, tidak, bisa, terbaca, oleh, mata, yang, sehat, sekalipun",,"ipad, kl, di, ipad, di-zoom",False,tolong buatkan versi ipad versi ini kl dipakai di ipad jika tidak dizoom tidak bisa terbaca oleh mata yang sehat sekalipun
750,750,750,,,0.0,,,apakah ada paket berlangganan untuk pelajar atau mahasiswa,,False,id,False,"apakah, ada, paket, berlangganan, untuk, pelajar, atau, mahasiswa",,,False,apakah ada paket berlangganan untuk pelajar atau mahasiswa
751,751,751,,,0.0,,,cara perpanjang langganan kompas id bagaimana ya,,False,id,False,"cara, perpanjang, langganan, bagaimana",,"kompas, id, ya",False,cara perpanjang langganan kompas id bagaimana ya
752,752,752,,,0.0,,,bisa tidak bayar langganan pakai pulsa telkomsel,,False,id,False,"bisa, tidak, bayar, langganan, pakai, pulsa, telkomsel",,,False,bisa tidak bayar langganan pakai pulsa telkomsel
753,753,753,,,0.0,,,sudah tidak aktif langganan sejak bulan lalu,,False,id,False,"sudah, tidak, aktif, langganan, sejak, bulan, lalu",,,False,sudah tidak aktif langganan sejak bulan lalu
754,754,754,,,0.0,,,mau tanya soal cara mengaktifkan kode voucher kompas id,,False,id,False,"mau, tanya, soal, cara, mengaktifkan, kode, voucher",,"kompas, id",False,mau tanya soal cara mengaktifkan kode voucher kompas id
755,755,755,,,0.0,,,kapan promo langganan kompas id biasanya diadakan,,False,id,False,"kapan, promo, langganan, biasanya, diadakan",,"kompas, id",False,kapan promo langganan kompas id biasanya diadakan
756,756,756,,,0.0,,,ada paket bundling dengan produk kompas lainnya tidak ya,,False,id,True,"ada, paket, dengan, produk, lainnya, tidak",bundling,"kompas, ya",False,ada paket bundling dengan produk kompas lainnya tidak ya
757,757,757,,,0.0,,,bisa tidak berlangganan kompas id lewat aplikasi di iphone,,False,id,False,"bisa, tidak, berlangganan, lewat, aplikasi",,"kompas, id, di, iphone",False,bisa tidak berlangganan kompas id lewat aplikasi di iphone
758,758,758,,,0.0,,,proses pembayaran langganan bisa lewat transfer bank biasa,,False,id,False,"proses, pembayaran, langganan, bisa, lewat, biasa",,"transfer, bank",False,proses pembayaran langganan bisa lewat transfer bank biasa
759,759,759,,,0.0,,,mau coba berlangganan tapi belum tahu paket mana yang cocok,,False,id,False,"mau, coba, berlangganan, tapi, belum, tahu, paket, mana, yang, cocok",,,False,mau coba berlangganan tapi belum tahu paket mana yang cocok
760,760,760,,,1.0,,,harga langganan kompas id sangat terjangkau untuk kualitas berita sekelas ini,,False,id,False,"harga, langganan, sangat, terjangkau, untuk, kualitas, berita, sekelas, ini",,"kompas, id",False,harga langganan kompas id sangat terjangkau untuk kualitas berita sekelas ini
761,761,761,,,1.0,,,"promo diskon tahunan kemarin sangat membantu, langsung saya ambil",,False,id,False,"promo, diskon, tahunan, kemarin, sangat, membantu, langsung, saya, ambil",,,False,promo diskon tahunan kemarin sangat membantu langsung saya ambil
762,762,762,,,1.0,,,biaya langganan sebanding dengan kedalaman analisis yang didapat,,False,id,False,"biaya, langganan, sebanding, dengan, kedalaman, analisis, yang, didapat",,,False,biaya langganan sebanding dengan kedalaman analisis yang didapat
763,763,763,,,1.0,,,senang banget dapat promo langganan setahun dengan harga yang murah,,False,id,False,"senang, banget, dapat, promo, langganan, setahun, dengan, harga, yang, murah",,,False,senang banget dapat promo langganan setahun dengan harga yang murah
764,764,764,,,1.0,,,murah banget dibanding harus beli koran fisik setiap hari,,False,id,False,"murah, banget, dibanding, harus, beli, koran, fisik, setiap, hari",,,False,murah banget dibanding harus beli koran fisik setiap hari
765,765,765,,,1.0,,,"langganan premium kompas id tidak menyesal, harganya masuk akal",,False,id,False,"langganan, tidak, menyesal, harganya, masuk, akal",,"premium, kompas, id",False,langganan premium kompas id tidak menyesal harganya masuk akal
766,766,766,,,1.0,,,paket langganan tahunan kompas id jauh lebih hemat kalau dihitung per bulannya,,False,id,False,"paket, langganan, tahunan, jauh, lebih, hemat, kalau, dihitung, bulannya",,"kompas, id, per",False,paket langganan tahunan kompas id jauh lebih hemat kalau dihitung per bulannya
767,767,767,,,1.0,,,tidak perlu beli koran fisik lagi karena harga digital jauh lebih murah,,False,id,False,"tidak, perlu, beli, koran, fisik, lagi, karena, harga, jauh, lebih, murah",,digital,False,tidak perlu beli koran fisik lagi karena harga digital jauh lebih murah
768,768,768,,,1.0,,,"harga promo flashnya terjangkau, langsung saya manfaatkan",,False,id,False,"harga, promo, terjangkau, langsung, saya, manfaatkan",,flashnya,False,harga promo flashnya terjangkau langsung saya manfaatkan
769,769,769,,,1.0,,,sudah dua tahun berlangganan dan tidak pernah menyesal soal harganya,,False,id,False,"sudah, dua, tahun, berlangganan, dan, tidak, pernah, menyesal, soal, harganya",,,False,sudah dua tahun berlangganan dan tidak pernah menyesal soal harganya
770,770,770,,,1.0,,,benefit yang didapat jauh melebihi harga yang dibayarkan setiap bulannya,,False,id,True,"yang, didapat, jauh, melebihi, harga, yang, dibayarkan, setiap, bulannya",benefit,,False,benefit yang didapat jauh melebihi harga yang dibayarkan setiap bulannya
771,771,771,0.0,,,,,tolong ditambahkan opsi dark mode agar nyaman dibaca malam hari,,False,id,True,"tolong, ditambahkan, opsi, agar, nyaman, dibaca, malam, hari",dark,mode,False,tolong ditambahkan opsi dark mode agar nyaman dibaca malam hari
772,772,772,0.0,,,,,apakah ada rencana untuk menambahkan mode baca landscape di iPhone,,False,id,True,"apakah, ada, rencana, untuk, menambahkan, baca",landscape,"mode, di, iphone",False,apakah ada rencana untuk menambahkan mode baca landscape di iphone
773,773,773,0.0,,,,,tampilan beranda kompas id menggunakan warna biru khas kompas,,False,id,False,"tampilan, beranda, menggunakan, warna, biru, khas",,"kompas, id, kompas",False,tampilan beranda kompas id menggunakan warna biru khas kompas
774,774,774,0.0,,,,,layout artikel kompas id mengikuti gaya koran pada umumnya,,False,id,False,"artikel, mengikuti, gaya, koran, pada, umumnya",,"layout, kompas, id",False,layout artikel kompas id mengikuti gaya koran pada umumnya
775,775,775,0.0,,,,,navigasi utama ada di bagian bawah layar dengan lima ikon menu,,False,id,False,"navigasi, utama, ada, bagian, bawah, layar, dengan, lima, ikon",,"di, menu",False,navigasi utama ada di bagian bawah layar dengan lima ikon menu
776,776,776,0.0,,,,,tolong sediakan pilihan tema gelap untuk pengguna yang sering baca malam,,False,id,False,"tolong, sediakan, pilihan, tema, gelap, untuk, pengguna, yang, sering, baca, malam",,,False,tolong sediakan pilihan tema gelap untuk pengguna yang sering baca malam
777,777,777,0.0,,,,,apakah bisa ditambahkan opsi untuk mengatur jarak antar baris teks,,False,id,False,"apakah, bisa, ditambahkan, opsi, untuk, mengatur, jarak, antar, baris, teks",,,False,apakah bisa ditambahkan opsi untuk mengatur jarak antar baris teks
778,778,778,0.0,,,,,beranda aplikasi menampilkan berita terbaru dengan thumbnail gambar,,False,id,True,"beranda, aplikasi, menampilkan, berita, terbaru, dengan, gambar",thumbnail,,False,beranda aplikasi menampilkan berita terbaru dengan thumbnail gambar
779,779,779,0.0,,,,,diharapkan ada pilihan warna tema selain putih untuk variasi tampilan,,False,id,False,"diharapkan, ada, pilihan, warna, tema, selain, putih, untuk, variasi, tampilan",,,False,diharapkan ada pilihan warna tema selain putih untuk variasi tampilan
780,780,780,0.0,,,,,semoga ada fitur penyesuaian ukuran teks untuk pengguna dengan keterbatasan penglihatan,,False,id,False,"semoga, ada, fitur, penyesuaian, ukuran, teks, untuk, pengguna, dengan, keterbatasan, penglihatan",,,False,semoga ada fitur penyesuaian ukuran teks untuk pengguna dengan keterbatasan penglihatan
781,781,781,1.0,,,,,tampilan artikel kompas id menggunakan margin yang cukup lega,,False,id,True,"tampilan, artikel, menggunakan, yang, cukup, lega",margin,"kompas, id",False,tampilan artikel kompas id menggunakan margin yang cukup lega
782,782,782,0.0,,,,,apakah orientasi landscape untuk membaca artikel sudah tersedia,,False,id,True,"apakah, orientasi, untuk, membaca, artikel, sudah, tersedia",landscape,,False,apakah orientasi landscape untuk membaca artikel sudah tersedia
783,783,783,1.0,,,,,ikon-ikon menu di kompas id cukup jelas dan mudah dikenali,,False,id,False,"ikon-ikon, cukup, jelas, dan, mudah, dikenali",,"menu, di, kompas, id",False,ikonikon menu di kompas id cukup jelas dan mudah dikenali
784,784,784,1.0,,,,,tampilan foto artikel sudah memenuhi lebar layar dengan baik,,False,id,False,"tampilan, foto, artikel, sudah, memenuhi, lebar, layar, dengan, baik",,,False,tampilan foto artikel sudah memenuhi lebar layar dengan baik
785,785,785,0.0,,,,,tolong pertimbangkan untuk menambahkan pilihan font yang lebih bervariasi,,False,id,False,"tolong, pertimbangkan, untuk, menambahkan, pilihan, yang, lebih, bervariasi",,font,False,tolong pertimbangkan untuk menambahkan pilihan font yang lebih bervariasi
786,786,786,0.0,,,,,diharapkan ada pilihan orientasi landscape saat membaca artikel agar lebih leluasa,,False,id,True,"diharapkan, ada, pilihan, orientasi, saat, membaca, artikel, agar, lebih, leluasa",landscape,,False,diharapkan ada pilihan orientasi landscape saat membaca artikel agar lebih leluasa
787,787,787,1.0,,,,,warna aksen yang digunakan konsisten dengan identitas visual kompas,,False,id,False,"warna, aksen, yang, digunakan, konsisten, dengan, identitas",,"visual, kompas",False,warna aksen yang digunakan konsisten dengan identitas visual kompas
788,788,788,1.0,,,,,"tampilan kompas id bersih dan tidak berantakan, sangat nyaman untuk dibaca",,False,id,False,"tampilan, bersih, dan, tidak, berantakan, sangat, nyaman, untuk, dibaca",,"kompas, id",False,tampilan kompas id bersih dan tidak berantakan sangat nyaman untuk dibaca
789,789,789,1.0,,,,,desain aplikasinya elegan dan profesional sesuai citra koran ternama,,False,id,False,"desain, aplikasinya, elegan, dan, profesional, sesuai, citra, koran, ternama",,,False,desain aplikasinya elegan dan profesional sesuai citra koran ternama
790,790,790,1.0,,,,,"tampilan e-paper sangat mirip koran cetak, nyaman dan familiar",,False,id,True,"tampilan, sangat, mirip, koran, cetak, nyaman, dan","e-paper, familiar",,False,tampilan epaper sangat mirip koran cetak nyaman dan familiar
791,791,791,1.0,,,,,menu navigasi terorganisir dengan baik sehingga tidak membingungkan pengguna baru,,False,id,False,"navigasi, terorganisir, dengan, baik, sehingga, tidak, membingungkan, pengguna, baru",,menu,False,menu navigasi terorganisir dengan baik sehingga tidak membingungkan pengguna baru
792,792,792,1.0,,,,,antarmuka kompas id terasa ringan dan responsif saat berpindah halaman,,False,id,False,"antarmuka, terasa, ringan, dan, responsif, saat, berpindah, halaman",,"kompas, id",False,antarmuka kompas id terasa ringan dan responsif saat berpindah halaman
793,793,793,1.0,,,,,tampilan bersih tanpa iklan membuat fokus membaca jauh lebih terjaga,,False,id,False,"tampilan, bersih, tanpa, iklan, membuat, fokus, membaca, jauh, lebih, terjaga",,,False,tampilan bersih tanpa iklan membuat fokus membaca jauh lebih terjaga
794,794,794,1.0,,,,,desain visual kompas id meningkatkan kenyamanan dan minat baca setiap hari,,False,id,False,"desain, meningkatkan, kenyamanan, dan, minat, baca, setiap, hari",,"visual, kompas, id",False,desain visual kompas id meningkatkan kenyamanan dan minat baca setiap hari
795,795,795,,0.0,,,,tolong tambahkan fitur bookmark agar bisa menyimpan artikel untuk dibaca nanti,,False,id,False,"tolong, tambahkan, fitur, agar, bisa, menyimpan, artikel, untuk, dibaca, nanti",,bookmark,False,tolong tambahkan fitur bookmark agar bisa menyimpan artikel untuk dibaca nanti
796,796,796,,0.0,,,,apakah notifikasi breaking news bisa diatur agar tidak terlalu sering,,False,id,True,"apakah, notifikasi, bisa, diatur, agar, tidak, terlalu, sering","breaking, news",,False,apakah notifikasi breaking news bisa diatur agar tidak terlalu sering
797,797,797,,0.0,,,,mohon ditambahkan fitur berbagi artikel langsung ke whatsapp dengan satu klik,,False,id,False,"mohon, ditambahkan, fitur, berbagi, artikel, langsung, whatsapp, dengan, satu, klik",,ke,False,mohon ditambahkan fitur berbagi artikel langsung ke whatsapp dengan satu klik
798,798,798,,0.0,,,,apakah e-paper edisi lama bisa diakses dari arsip kompas id,,False,id,True,"apakah, edisi, lama, bisa, diakses, dari, arsip",e-paper,"kompas, id",False,apakah epaper edisi lama bisa diakses dari arsip kompas id
799,799,799,,0.0,,,,tolong tambahkan fitur highlight teks saat membaca artikel,,False,id,True,"tolong, tambahkan, fitur, teks, saat, membaca, artikel",highlight,,False,tolong tambahkan fitur highlight teks saat membaca artikel
800,800,800,,0.0,,,,apakah ada fitur untuk mengikuti topik atau penulis tertentu secara khusus,,False,id,False,"apakah, ada, fitur, untuk, mengikuti, topik, atau, penulis, tertentu, secara, khusus",,,False,apakah ada fitur untuk mengikuti topik atau penulis tertentu secara khusus
801,801,801,,0.0,,,,tolong sediakan fitur download artikel agar bisa dibaca saat tidak ada internet,,False,id,False,"tolong, sediakan, fitur, artikel, agar, bisa, dibaca, saat, tidak, ada",,"download, internet",False,tolong sediakan fitur download artikel agar bisa dibaca saat tidak ada internet
802,802,802,,1.0,,,,"kliping artikel berjalan dengan baik, memudahkan saya menyimpan referensi",,False,id,False,"kliping, artikel, berjalan, dengan, baik, memudahkan, saya, menyimpan, referensi",,,False,kliping artikel berjalan dengan baik memudahkan saya menyimpan referensi
803,803,803,,,,,,"e-paper kompas id benar-benar identik dengan koran cetak, saya suka",,False,id,True,"benar-benar, identik, dengan, koran, cetak, saya, suka",e-paper,"kompas, id",False,epaper kompas id benarbenar identik dengan koran cetak saya suka
804,804,804,,1.0,,,,fitur audio sangat berguna untuk multitasking saat tidak bisa baca layar,,False,id,False,"fitur, sangat, berguna, untuk, saat, tidak, bisa, baca, layar",,"audio, multitasking",False,fitur audio sangat berguna untuk multitasking saat tidak bisa baca layar
805,805,805,,1.0,,,,pencarian artikel di kompas id akurat dan hasilnya relevan dengan kata kunci,,False,id,False,"pencarian, artikel, akurat, dan, hasilnya, relevan, dengan, kata, kunci",,"di, kompas, id",False,pencarian artikel di kompas id akurat dan hasilnya relevan dengan kata kunci
806,806,806,,1.0,,,,fitur bookmark artikel memudahkan saya kembali ke bacaan yang belum selesai,,False,id,False,"fitur, artikel, memudahkan, saya, kembali, bacaan, yang, belum, selesai",,"bookmark, ke",False,fitur bookmark artikel memudahkan saya kembali ke bacaan yang belum selesai
807,807,807,,1.0,,,,"bisa baca e-paper edisi kemarin lewat arsip, fitur yang sangat berguna",,False,id,True,"bisa, baca, edisi, kemarin, lewat, arsip, fitur, yang, sangat, berguna",e-paper,,False,bisa baca epaper edisi kemarin lewat arsip fitur yang sangat berguna
808,808,808,,1.0,,,,"tts-nya bisa berjalan sambil layar mati, sangat praktis saat berolahraga",,False,id,False,"tts-nya, bisa, berjalan, sambil, layar, mati, sangat, praktis, saat, berolahraga",,,False,ttsnya bisa berjalan sambil layar mati sangat praktis saat berolahraga
809,809,809,,1.0,,,,e-paper kompas id bisa di-zoom dengan lancar tanpa pecah kualitas gambarnya,,False,id,True,"bisa, dengan, lancar, tanpa, pecah, kualitas, gambarnya",e-paper,"kompas, id, di-zoom",False,epaper kompas id bisa dizoom dengan lancar tanpa pecah kualitas gambarnya
810,810,810,,1.0,,,,"suka banget ada fitur dengarkan berita, cocok buat yang sibuk tapi mau update info",,False,id,False,"suka, banget, ada, fitur, dengarkan, berita, cocok, buat, yang, sibuk, tapi, mau",,"update, info",False,suka banget ada fitur dengarkan berita cocok buat yang sibuk tapi mau update info
811,811,811,,1.0,,,,fitur subscribe topik membuat berita yang relevan langsung tersaji di beranda,,False,id,True,"fitur, topik, membuat, berita, yang, relevan, langsung, tersaji, beranda",subscribe,di,False,fitur subscribe topik membuat berita yang relevan langsung tersaji di beranda
812,812,812,,1.0,,,,fitur simpan untuk baca nanti sangat berguna ketika tidak ada waktu baca sekarang,,False,id,False,"fitur, simpan, untuk, baca, nanti, sangat, berguna, ketika, tidak, ada, waktu, baca, sekarang",,,False,fitur simpan untuk baca nanti sangat berguna ketika tidak ada waktu baca sekarang
813,813,813,,1.0,,,,"e-paper kompas id bisa diakses kapan saja, tidak harus pagi seperti koran fisik",,False,id,True,"bisa, diakses, kapan, saja, tidak, harus, pagi, seperti, koran, fisik",e-paper,"kompas, id",False,epaper kompas id bisa diakses kapan saja tidak harus pagi seperti koran fisik
814,814,814,,1.0,,,,notifikasi harian dari kompas id membantu saya tidak ketinggalan berita pagi,,False,id,False,"notifikasi, harian, dari, membantu, saya, tidak, ketinggalan, berita, pagi",,"kompas, id",False,notifikasi harian dari kompas id membantu saya tidak ketinggalan berita pagi
815,815,815,,1.0,,,,kliping artikel sudah tersimpan rapi dan bisa diakses kapan saja tanpa internet,,False,id,False,"kliping, artikel, sudah, tersimpan, rapi, dan, bisa, diakses, kapan, saja, tanpa",,internet,False,kliping artikel sudah tersimpan rapi dan bisa diakses kapan saja tanpa internet
816,816,816,,1.0,,,,"ada fitur rekomendasi artikel berdasarkan riwayat baca, sangat relevan dan berguna",,False,id,False,"ada, fitur, rekomendasi, artikel, berdasarkan, riwayat, baca, sangat, relevan, dan, berguna",,,False,ada fitur rekomendasi artikel berdasarkan riwayat baca sangat relevan dan berguna
817,817,817,,1.0,,,,e-paper bisa dibaca dalam mode landscape dengan nyaman di tablet,,False,id,True,"bisa, dibaca, dalam, dengan, nyaman","e-paper, landscape","mode, di, tablet",False,epaper bisa dibaca dalam mode landscape dengan nyaman di tablet
818,818,818,,1.0,,,,fitur pencarian dengan filter tanggal sangat membantu saat riset berita lama,,False,id,False,"fitur, pencarian, dengan, tanggal, sangat, membantu, saat, riset, berita, lama",,filter,False,fitur pencarian dengan filter tanggal sangat membantu saat riset berita lama
819,819,819,,,,,,setelah update terbaru aplikasi kompas id jauh lebih stabil dan tidak pernah crash,1.0,False,id,True,"setelah, terbaru, aplikasi, jauh, lebih, stabil, dan, tidak, pernah",crash,"update, kompas, id",False,setelah update terbaru aplikasi kompas id jauh lebih stabil dan tidak pernah crash
820,820,820,,,,,,performa aplikasi konsisten cepat bahkan saat koneksi internet sedang tidak stabil,1.0,False,id,False,"performa, aplikasi, konsisten, cepat, bahkan, saat, koneksi, sedang, tidak, stabil",,internet,False,performa aplikasi konsisten cepat bahkan saat koneksi internet sedang tidak stabil
821,821,821,,,,,,terima kasih kompas id sudah memperbaiki bug login yang mengganggu sebelumnya,1.0,False,id,False,"terima, kasih, sudah, memperbaiki, login, yang, mengganggu, sebelumnya",,"kompas, id, bug",False,terima kasih kompas id sudah memperbaiki bug login yang mengganggu sebelumnya
822,822,822,,,,,,aplikasi tidak pernah force close sekalipun dalam sebulan penggunaan terakhir,1.0,False,id,True,"aplikasi, tidak, pernah, sekalipun, dalam, sebulan, penggunaan, terakhir","force, close",,False,aplikasi tidak pernah force close sekalipun dalam sebulan penggunaan terakhir
823,823,823,,,,,,"sesudah reinstall langsung bisa masuk akun tanpa hambatan, terima kasih timnya",1.0,False,id,True,"sesudah, langsung, bisa, masuk, akun, tanpa, hambatan, terima, kasih, timnya",reinstall,,False,sesudah reinstall langsung bisa masuk akun tanpa hambatan terima kasih timnya
824,824,824,,,,,,loading halaman sangat cepat bahkan ketika membuka berita dengan banyak gambar sekaligus,1.0,False,id,False,"halaman, sangat, cepat, bahkan, ketika, membuka, berita, dengan, banyak, gambar, sekaligus",,loading,False,loading halaman sangat cepat bahkan ketika membuka berita dengan banyak gambar sekaligus
825,825,825,,,1.0,,,akun premium langsung aktif dan bisa diakses segera setelah proses pembayaran selesai,1.0,False,id,False,"akun, langsung, aktif, dan, bisa, diakses, segera, setelah, proses, pembayaran, selesai",,premium,False,akun premium langsung aktif dan bisa diakses segera setelah proses pembayaran selesai
826,826,826,,,,,,hotline kompas id cukup responsif ketika saya melaporkan kendala akses berlangganan,1.0,False,id,False,"cukup, responsif, ketika, saya, melaporkan, kendala, akses, berlangganan",,"hotline, kompas, id",False,hotline kompas id cukup responsif ketika saya melaporkan kendala akses berlangganan
827,827,827,,,,,,sinkronisasi data akun antara web dan aplikasi berjalan lancar tanpa kendala,1.0,False,id,False,"sinkronisasi, akun, antara, dan, aplikasi, berjalan, lancar, tanpa, kendala",,"data, web",False,sinkronisasi data akun antara web dan aplikasi berjalan lancar tanpa kendala
828,828,828,,,,,,update terbaru kompas id terasa lebih smooth dan tidak ada lag saat digunakan,1.0,False,id,True,"terbaru, terasa, lebih, dan, tidak, ada, saat, digunakan",smooth,"update, kompas, id, lag",False,update terbaru kompas id terasa lebih smooth dan tidak ada lag saat digunakan
829,829,829,,,,1.0,5.0,Berita beragam. Ulasan lengkap.,,False,id,False,"berita, beragam, ulasan, lengkap",,,False,berita beragam ulasan lengkap
830,830,830,,,,1.0,5.0,"Tajam, independen dan terpercaya",,False,id,False,"tajam, independen, dan, terpercaya",,,False,tajam independen dan terpercaya
831,831,831,,,,1.0,5.0,"lebih terpercaya, mudah diakses",,False,id,False,"lebih, terpercaya, mudah, diakses",,,False,lebih terpercaya mudah diakses
832,832,832,,,,1.0,5.0,cukup membantu menambah informasi,,False,id,False,"cukup, membantu, menambah, informasi",,,False,cukup membantu menambah informasi
833,833,833,,,,1.0,4.0,kompas trupdet dan terpercaya,,False,id,False,"dan, terpercaya",,"kompas, trupdet",False,kompas trupdet dan terpercaya
834,834,834,,,,1.0,5.0,beritanya sangat sy suka,,False,id,False,"beritanya, sangat, suka",,sy,False,beritanya sangat sy suka
835,835,835,,,,,5.0,Wahh keren banget aplikasinya,,False,id,False,"wahh, keren, banget, aplikasinya",,,False,wahh keren banget aplikasinya
836,836,836,,,,1.0,4.0,Bagus dan menambah wawasan,,False,id,False,"bagus, dan, menambah, wawasan",,,False,bagus dan menambah wawasan
837,837,837,,,,1.0,5.0,Beritanya up-to-date dan akurat,,False,id,True,"beritanya, dan, akurat",up-to-date,,False,beritanya uptodate dan akurat
838,838,838,,,,,5.0,Gak bisa beri komentar,-1.0,False,id,False,"gak, bisa, beri, komentar",,,False,gak bisa beri komentar
839,839,839,,,,,5.0,"Mudah, cepat, dan aktual",,False,id,False,"mudah, cepat, dan, aktual",,,False,mudah cepat dan aktual
840,840,840,,,,1.0,5.0,Bagus untuk tingkatkan literasi,,False,id,False,"bagus, untuk, tingkatkan, literasi",,,False,bagus untuk tingkatkan literasi
841,841,841,,,,1.0,5.0,Sumber informasi yang dipercaya,,False,id,False,"sumber, informasi, yang, dipercaya",,,False,sumber informasi yang dipercaya
842,842,842,,,,,5.0,Bagus ! ... ☺,,False,too_short,False,bagus,,,False,bagus   
843,843,843,,,,,5.0,SANGAT Baik & Bermanfaat?!?,,False,id,False,"sangat, baik, bermanfaat",,,False,sangat baik  bermanfaat
844,844,844,,,,1.0,5.0,Menambah Informasi yg bermutu,,False,id,False,"menambah, informasi, bermutu",,yg,False,menambah informasi yg bermutu
845,845,845,,,,,5.0,Bagus sekali aku suka,,False,id,False,"bagus, sekali, aku, suka",,,False,bagus sekali aku suka
846,846,846,,,-1.0,,1.0,G bisa gratis lg,,False,tl,False,"bisa, gratis",,"g, lg",False,g bisa gratis lg
847,847,847,,,,-1.0,4.0,berita up todate diperlukan.,,False,id,False,"berita, diperlukan",,"up, todate",False,berita up todate diperlukan
848,848,848,,,,,3.0,Ya sk aplikasi ini,,False,sw,False,"aplikasi, ini",,"ya, sk",False,ya sk aplikasi ini
849,849,849,,,,,5.0,Pelanggan setia harian Kompas,,False,id,False,"pelanggan, setia, harian",,kompas,False,pelanggan setia harian kompas
850,850,850,,,,,4.0,Saya pelanggan koran kompas..,,False,id,False,"saya, pelanggan, koran",,kompas,False,saya pelanggan koran kompas
851,851,851,,,,,5.0,Membuka akses tanpa batas,,False,id,False,"membuka, akses, tanpa, batas",,,False,membuka akses tanpa batas
852,852,852,,,1.0,,5.0,"Lenganan sejak 2023. Worth it, lenagganan e-paper lebih murah dari pada lengganan cetak",,False,id,True,"sejak, lebih, murah, dari, pada, cetak","worth, e-paper","lenganan, it, lenagganan, lengganan",False,lenganan sejak 2023 worth it lenagganan epaper lebih murah dari pada lengganan cetak
853,853,853,,,,,3.0,jaringan bagus tapi sulit akses aplikasinya sehingga sulit membaca dalam aplikasi... tolong perbaiki.,-1.0,False,id,False,"jaringan, bagus, tapi, sulit, akses, aplikasinya, sehingga, sulit, membaca, dalam, aplikasi, tolong, perbaiki",,,False,jaringan bagus tapi sulit akses aplikasinya sehingga sulit membaca dalam aplikasi tolong perbaiki
854,854,854,,,,,5.0,mantap banget ya berita kompas lagi,,False,id,False,"mantap, banget, berita, lagi",,"ya, kompas",False,mantap banget ya berita kompas lagi
855,855,855,,,,,2.0,"kompast tolong adakan aplikasi ini versi pc pleaseee, pengen baca di layar yang agak lebar soalnya",,False,id,False,"tolong, adakan, aplikasi, ini, versi, pengen, baca, layar, yang, agak, lebar, soalnya",,"kompast, pc, pleaseee, di",False,kompast tolong adakan aplikasi ini versi pc pleaseee pengen baca di layar yang agak lebar soalnya
856,856,856,,1.0,,,5.0,Saya beri bintang 5 karena tersedianya fasilitas dengar/suara,,False,id,False,"saya, beri, bintang, karena, tersedianya, fasilitas, dengar, suara",,,False,saya beri bintang 5 karena tersedianya fasilitas dengarsuara
857,857,857,,,,,5.0,Bagus sekali. Andai ada paket murah untuk guru honorer.,,False,id,False,"bagus, sekali, andai, ada, paket, murah, untuk, guru, honorer",,,False,bagus sekali andai ada paket murah untuk guru honorer
858,858,858,,,,1.0,5.0,semenjak berlangganan saya semakin mudan update berita berkualitas,,False,id,False,"semenjak, berlangganan, saya, semakin, berita, berkualitas",,"mudan, update",False,semenjak berlangganan saya semakin mudan update berita berkualitas
859,859,859,,,-1.0,,1.0,Cuma baca berita aja harus langganan per bulan. Gimana ini??? Auto uninstall,,False,id,False,"cuma, baca, berita, aja, harus, langganan, bulan, gimana, ini",,"per, auto, uninstall",False,cuma baca berita aja harus langganan per bulan gimana ini auto uninstall
860,860,860,,,,,2.0,"Aplikasi yang baik, sesuai panggilan zaman",,False,id,False,"aplikasi, yang, baik, sesuai, panggilan, zaman",,,False,aplikasi yang baik sesuai panggilan zaman
861,861,861,,,,1.0,5.0,Bagus banget. Berita dari kompas memang top,,False,id,True,"bagus, banget, berita, dari, memang",top,kompas,False,bagus banget berita dari kompas memang top
862,862,862,,,,,5.0,"Biar negara subur rakyat makmur ,semua koroptor di basmi apapun setatus jabatan nya.",,False,id,False,"biar, negara, subur, rakyat, makmur, semua, apapun, jabatan, nya",,"koroptor, di, basmi, setatus",False,biar negara subur rakyat makmur semua koroptor di basmi apapun setatus jabatan nya
863,863,863,,,,-1.0,1.0,Beritanya tidak update kalau kita nyari yg terbaru tentang timnas yg muncul berita timnas 2023,,False,id,False,"beritanya, tidak, kalau, kita, nyari, terbaru, tentang, timnas, muncul, berita, timnas",,"update, yg, yg",False,beritanya tidak update kalau kita nyari yg terbaru tentang timnas yg muncul berita timnas 2023
864,864,864,,,1.0,,5.0,bintang 5 karena dapat berlangganan gratis wkwkwk,,False,id,False,"bintang, karena, dapat, berlangganan, gratis, wkwkwk",,,False,bintang 5 karena dapat berlangganan gratis wkwkwk
865,865,865,,,,,5.0,Terimakasih sudah banyak membantu pekerjaanku,,False,id,False,"terimakasih, sudah, banyak, membantu, pekerjaanku",,,False,terimakasih sudah banyak membantu pekerjaanku
866,866,866,1.0,,,1.0,5.0,"bagus sekali beritanya, aplikasi nya mudah digunakan,",,False,id,False,"bagus, sekali, beritanya, aplikasi, nya, mudah, digunakan",,,False,bagus sekali beritanya aplikasi nya mudah digunakan
867,867,867,,,,1.0,5.0,sangat bermanfaat untuk mendapatkan informasi yg uptodate. patut untuk dicoba..,,False,id,False,"sangat, bermanfaat, untuk, mendapatkan, informasi, patut, untuk, dicoba",,"yg, uptodate",False,sangat bermanfaat untuk mendapatkan informasi yg uptodate patut untuk dicoba
868,868,868,-1.0,,,,4.0,"Tolong ePaper nya diperbaiki lagi, ada yang menutupi tulisan nya",,False,id,False,"tolong, nya, diperbaiki, lagi, ada, yang, menutupi, tulisan, nya",,epaper,False,tolong epaper nya diperbaiki lagi ada yang menutupi tulisan nya
869,869,869,,,-1.0,,1.0,Uninstall... Aplikasi Sampah.. mau baca aja udh disuruh Bayar!! 😤,,False,id,False,"aplikasi, sampah, mau, baca, aja, udh, disuruh, bayar",,uninstall,False,uninstall aplikasi sampah mau baca aja udh disuruh bayar 
870,870,870,,,,,5.0,Ok sangat perlu di ketahui ok ws,,False,id,False,"sangat, perlu, ketahui",,"ok, di, ok, ws",False,ok sangat perlu di ketahui ok ws
871,871,871,,,,1.0,4.0,ulasan berita nya menarik puaaaaan!,,False,id,False,"ulasan, berita, nya, menarik",,puaaaaan,False,ulasan berita nya menarik puaaaaan
872,872,872,-1.0,,,,1.0,knp naama file nya muncul di belakang,,False,id,False,"knp, nya, muncul, belakang",,"naama, file, di",False,knp naama file nya muncul di belakang
873,873,873,,,,1.0,5.0,beritanya terbaru tdk diulang ulang,,False,id,False,"beritanya, terbaru, tdk, diulang, ulang",,,False,beritanya terbaru tdk diulang ulang
874,874,874,,,,1.0,5.0,Bacaannya sangat menambah pengetahuan dan informasi,,False,id,False,"bacaannya, sangat, menambah, pengetahuan, dan, informasi",,,False,bacaannya sangat menambah pengetahuan dan informasi
875,875,875,,,,,1.0,"Sudah bayar, tapi tidak terbaca langganan. Gimana sih ini kompas",-1.0,False,id,False,"sudah, bayar, tapi, tidak, terbaca, langganan, gimana, sih, ini",,kompas,False,sudah bayar tapi tidak terbaca langganan gimana sih ini kompas
876,876,876,,,,1.0,4.0,bagus beritanya kita juga bisa berinteraksi dengan yg laen,,False,id,False,"bagus, beritanya, kita, juga, bisa, berinteraksi, dengan, laen",,yg,False,bagus beritanya kita juga bisa berinteraksi dengan yg laen
877,877,877,,,1.0,,5.0,"Terbaik untuk platform berita dijital berbayar. Aku sendiri sudah berhenti langganan versi kertasnya, beralih ke dijital.",,False,id,False,"terbaik, untuk, berita, berbayar, aku, sendiri, sudah, berhenti, langganan, versi, kertasnya, beralih",,"platform, dijital, ke, dijital",False,terbaik untuk platform berita dijital berbayar aku sendiri sudah berhenti langganan versi kertasnya beralih ke dijital
878,878,878,,,,-1.0,1.0,pemberitaan kalian sudah tidak berimbang drun,,False,id,False,"pemberitaan, kalian, sudah, tidak, berimbang",,drun,False,pemberitaan kalian sudah tidak berimbang drun
879,879,879,,,,,1.0,"Bego, Baca2 berita GK ada waktu buat ini njing..",,False,id,False,"bego, baca, berita, ada, waktu, buat, ini",,"gk, njing",False,bego baca2 berita gk ada waktu buat ini njing
880,880,880,,,,,4.0,ini bila kabar ini benar Indonesa ta kenapa komentarnya di sembunyikan Kamu paling tidak suka kaku tida bisa ikut komentar,,False,id,False,"ini, bila, kabar, ini, benar, kenapa, komentarnya, sembunyikan, kamu, paling, tidak, suka, kaku, tida, bisa, ikut, komentar",,"indonesa, ta, di",False,ini bila kabar ini benar indonesa ta kenapa komentarnya di sembunyikan kamu paling tidak suka kaku tida bisa ikut komentar
881,881,881,,,,,5.0,Terima kasih Kompas . Mengisi waktu luang jadi berguna !,,False,id,False,"terima, kasih, mengisi, waktu, luang, jadi, berguna",,kompas,False,terima kasih kompas  mengisi waktu luang jadi berguna 
882,882,882,,,,,5.0,Semoga Aplikasi Ini Bermanfaat Untuk Kita Semua dan Keluarga,,False,id,False,"semoga, aplikasi, ini, bermanfaat, untuk, kita, semua, dan, keluarga",,,False,semoga aplikasi ini bermanfaat untuk kita semua dan keluarga
883,883,883,,,,1.0,5.0,"Kompas, profesional dalam menyajikan berita. Bahasanya enak dinikmati.",,False,id,False,"profesional, dalam, menyajikan, berita, bahasanya, enak, dinikmati",,kompas,False,kompas profesional dalam menyajikan berita bahasanya enak dinikmati
884,884,884,,,,1.0,2.0,Isi berita anda bagus n bermanfaat buat yg mengerti n suka dgn kebenaran berita atau informasinya.Terima kasih.,,False,id,False,"isi, berita, anda, bagus, bermanfaat, buat, mengerti, suka, dgn, kebenaran, berita, atau, informasinya, terima, kasih",,"n, yg, n",False,isi berita anda bagus n bermanfaat buat yg mengerti n suka dgn kebenaran berita atau informasinyaterima kasih
885,885,885,,,,1.0,5.0,"berita bariatif, positif dan berbobot",,False,id,False,"berita, positif, dan, berbobot",,bariatif,False,berita bariatif positif dan berbobot
886,886,886,,,,,5.0,Selama saya menggunakan aplikasi ini sangat bagus,,False,id,False,"selama, saya, menggunakan, aplikasi, ini, sangat, bagus",,,False,selama saya menggunakan aplikasi ini sangat bagus
887,887,887,,,0.0,,5.0,"utk berlangganan, fasilitas pembayaran nya bisa ditambah, misalnya dgn voucher google play.",,False,id,True,"utk, berlangganan, fasilitas, pembayaran, nya, bisa, ditambah, misalnya, dgn, voucher",play,google,False,utk berlangganan fasilitas pembayaran nya bisa ditambah misalnya dgn voucher google play
888,888,888,,,,,4.0,"Saya suka Kompas, saya cinta Kompas.",,False,sl,False,,like,"o, kompas, ilove, kompass",False,saya suka kompas saya cinta kompas
889,889,889,,,,1.0,5.0,"terdepan dlm berita, good job.",,False,nl,True,"terdepan, dlm, berita","good, job",,False,terdepan dlm berita good job
890,890,890,,,,1.0,5.0,Kompas tetap kritis dan keren,,False,id,False,"tetap, kritis, dan, keren",,kompas,False,kompas tetap kritis dan keren
891,891,891,,,,0.0,5.0,tetap pertahankan netral dan anti clickbait,,False,id,True,"tetap, pertahankan, netral, dan",clickbait,anti,False,tetap pertahankan netral dan anti clickbait
892,892,892,,,-1.0,,1.0,"Nonton berita kok bayar,,mending dwnld apk yg lain",,False,id,False,"nonton, berita, kok, bayar, mending, apk, lain",,"dwnld, yg",False,nonton berita kok bayarmending dwnld apk yg lain
893,893,893,,,,1.0,5.0,Betul betul bebas dan indipendent. Netral dan objektif. Tidak tercemar kepentingan politik.,,False,id,False,"betul, betul, bebas, dan, netral, dan, objektif, tidak, tercemar, kepentingan, politik",,indipendent,False,betul betul bebas dan indipendent netral dan objektif tidak tercemar kepentingan politik
894,894,894,,,,-1.0,1.0,"Berita gak valid yang terbaru mengenai 1 keluarga kelaparan, yang disalahkan agama islam. Penistaan ini",,False,id,False,"berita, gak, yang, terbaru, mengenai, keluarga, kelaparan, yang, disalahkan, agama, islam, penistaan, ini",,valid,False,berita gak valid yang terbaru mengenai 1 keluarga kelaparan yang disalahkan agama islam penistaan ini
895,895,895,,,,1.0,4.0,"Berita yg di keluwarkan kepublik sangat terpercaya, trimakadih kompas tv",,False,id,False,"berita, sangat, terpercaya",,"yg, di, keluwarkan, kepublik, trimakadih, kompas, tv",False,berita yg di keluwarkan kepublik sangat terpercaya trimakadih kompas tv
896,896,896,,,-1.0,,3.0,"Knp kok hrs brlangganan 50 rb /bln, Kami buka kn sdh harus tersambung net..",,False,id,False,"knp, kok, bln, kami, buka, sdh, harus, tersambung",,"hrs, brlangganan, rb, kn, net",False,knp kok hrs brlangganan 50 rb bln kami buka kn sdh harus tersambung net
897,897,897,,,-1.0,,1.0,Masak iya bisa baca artikelnya cuma 5 setiap bulan sedih banget login juga ngak bisa-bisa 😢,-1.0,False,id,False,"masak, iya, bisa, baca, artikelnya, cuma, setiap, bulan, sedih, banget, login, juga, ngak, bisa-bisa",,,False,masak iya bisa baca artikelnya cuma 5 setiap bulan sedih banget login juga ngak bisabisa 
898,898,898,,,,1.0,4.0,berita yang akurat kompas sangat terpercaya dan disukai masyarakat,,False,id,False,"berita, yang, akurat, sangat, terpercaya, dan, disukai, masyarakat",,kompas,False,berita yang akurat kompas sangat terpercaya dan disukai masyarakat
899,899,899,,,,,5.0,berita anget baru pulang kerja nobi ain malem jam:0304,,False,id,False,"berita, baru, pulang, kerja, malem, jam",,"anget, nobi, ain",False,berita anget baru pulang kerja nobi ain malem jam0304
900,900,900,,,,,2.0,"Saya sudah berlangganan, tapi muncul tulisan belum berlangganan. Akibatnya saya tdk bsa membaca epaper",-1.0,False,id,False,"saya, sudah, berlangganan, tapi, muncul, tulisan, belum, berlangganan, akibatnya, saya, tdk, membaca",,"bsa, epaper",False,saya sudah berlangganan tapi muncul tulisan belum berlangganan akibatnya saya tdk bsa membaca epaper
901,901,901,,,,,1.0,Mohon maaf anda tidak adil.,,False,id,False,"mohon, maaf, anda, tidak, adil",,,False,mohon maaf anda tidak adil
902,902,902,,,,1.0,5.0,Sangat membantu sekali dalam mengetahui berita perkembangan negara yang kita cintai ini,,False,id,False,"sangat, membantu, sekali, dalam, mengetahui, berita, perkembangan, negara, yang, kita, cintai, ini",,,False,sangat membantu sekali dalam mengetahui berita perkembangan negara yang kita cintai ini
903,903,903,,,,1.0,5.0,Berita terbaru tercakup secara keseluruhan dalam aplikasi ini !!!!!!!!!,,False,id,False,"berita, terbaru, tercakup, secara, keseluruhan, dalam, aplikasi, ini",,,False,berita terbaru tercakup secara keseluruhan dalam aplikasi ini 
904,904,904,,,,,5.0,Semangat mantap didepan memimpin media Indonesia,,False,id,False,"semangat, mantap, didepan, memimpin, indonesia",,media,False,semangat mantap didepan memimpin media indonesia
905,905,905,,,,,5.0,"Sangat bagus dan sangat membantu untuk,mencari berita.",,False,id,False,"sangat, bagus, dan, sangat, membantu, untuk, mencari, berita",,,False,sangat bagus dan sangat membantu untukmencari berita
906,906,906,,,,1.0,5.0,Baca tiap hari untuk beritayang berkualitas. Andalan,,False,id,False,"baca, tiap, hari, untuk, berkualitas, andalan",,beritayang,False,baca tiap hari untuk beritayang berkualitas andalan
907,907,907,,,,1.0,3.0,memang kompas beritanya baik kami sangat dapat informasi yg lebih,,False,id,False,"memang, beritanya, baik, kami, sangat, dapat, informasi, lebih",,"kompas, yg",False,memang kompas beritanya baik kami sangat dapat informasi yg lebih
908,908,908,,,,1.0,5.0,"Ayah saya berlangganan kompas cetak sejak tahun 90 an, dan kami berlangganan yang versi ini. Kompas, selalu terpercaya.",,False,id,False,"ayah, saya, berlangganan, cetak, sejak, tahun, dan, kami, berlangganan, yang, versi, ini, selalu, terpercaya",,"kompas, an, kompas",False,ayah saya berlangganan kompas cetak sejak tahun 90 an dan kami berlangganan yang versi ini kompas selalu terpercaya
909,909,909,,,,1.0,5.0,"Beritanya selalu up-to-date, selalu memuat artikel (ekonomi, politik dll) yang berbobot.",,False,id,True,"beritanya, selalu, selalu, memuat, artikel, ekonomi, politik, dll, yang, berbobot",up-to-date,,False,beritanya selalu uptodate selalu memuat artikel ekonomi politik dll yang berbobot
910,910,910,,,,,5.0,"Aplikasi terbaik sepanjang masa, update terbaru lebih kencang dan smooth",1.0,False,id,True,"aplikasi, terbaik, sepanjang, masa, terbaru, lebih, kencang, dan",smooth,update,False,aplikasi terbaik sepanjang masa update terbaru lebih kencang dan smooth
911,911,911,,,,1.0,5.0,Di saat media lain diisi berita clickbait dan banyak yg tidak penting. Di sini masih tetap mempertahankan isinya.,,False,id,True,"saat, lain, diisi, berita, dan, banyak, tidak, penting, sini, masih, tetap, mempertahankan, isinya",clickbait,"di, media, yg, di",False,di saat media lain diisi berita clickbait dan banyak yg tidak penting di sini masih tetap mempertahankan isinya
912,912,912,,,,,1.0,Masih adakah media yg netral ???,,False,id,False,"masih, adakah, netral",,"media, yg",False,masih adakah media yg netral 
913,913,913,,,,,3.0,Maaf dikasih bintang tiga aja dulu takut eror apksinya,,False,id,False,"maaf, dikasih, bintang, tiga, aja, dulu, takut, eror",,apksinya,False,maaf dikasih bintang tiga aja dulu takut eror apksinya
914,914,914,,,-1.0,,1.0,Baca berita kok bayar... Masih banyak yg lainnya kok berita..,,False,id,False,"baca, berita, kok, bayar, masih, banyak, lainnya, kok, berita",,yg,False,baca berita kok bayar masih banyak yg lainnya kok berita
915,915,915,,,,1.0,3.0,Tambah cerdas sebab banyak membaca,,False,id,False,"tambah, cerdas, sebab, banyak, membaca",,,False,tambah cerdas sebab banyak membaca
916,916,916,,,,-1.0,1.0,Ulasan dan beritanya kurang menarik,,False,id,False,"ulasan, dan, beritanya, kurang, menarik",,,False,ulasan dan beritanya kurang menarik
917,917,917,,,,-1.0,1.0,"Kompas gak kredible, persis kayak metro tipu, terlalu memaksakan framing dan kelihatan punya hidden agenda untuk satu golongan. Memecah belah...",,False,id,True,"gak, persis, kayak, tipu, terlalu, memaksakan, dan, kelihatan, punya, untuk, satu, golongan, memecah, belah","framing, hidden","kompas, kredible, metro, agenda",False,kompas gak kredible persis kayak metro tipu terlalu memaksakan framing dan kelihatan punya hidden agenda untuk satu golongan memecah belah
918,918,918,,,,,5.0,Semoga menjadi digital news yg memberikan informasi membangun bagi kalangan masyarakat.,,False,id,True,"semoga, menjadi, memberikan, informasi, membangun, bagi, kalangan, masyarakat",news,"digital, yg",False,semoga menjadi digital news yg memberikan informasi membangun bagi kalangan masyarakat
919,919,919,,,,,5.0,Terimakasih keluhan saya sdh ditindaklanjuti...,1.0,False,id,False,"terimakasih, keluhan, saya, sdh, ditindaklanjuti",,,False,terimakasih keluhan saya sdh ditindaklanjuti
920,920,920,,,-1.0,,1.0,Udah langganan Potong 50rb..e paper ngga bisa dibaca...payah,-1.0,False,tl,True,"udah, langganan, potong, ngga, bisa, dibaca, payah",paper,"rb, e",False,udah langganan potong 50rbe paper ngga bisa dibacapayah
921,921,921,,,,,4.0,Aplikasi kompas.id tak bisa diakses lagi. Menyebalkan. Saga coba ulang apl baru normal,-1.0,False,id,True,"aplikasi, tak, bisa, diakses, lagi, menyebalkan, coba, ulang, baru",apl,"kompas, id, saga, normal",False,aplikasi kompasid tak bisa diakses lagi menyebalkan saga coba ulang apl baru normal
922,922,922,,,,1.0,5.0,kompas beritanya sangat baik dan penuh pengetahuan,,False,id,False,"beritanya, sangat, baik, dan, penuh, pengetahuan",,kompas,False,kompas beritanya sangat baik dan penuh pengetahuan
923,923,923,,,,,5.0,kurio menerima berita kotak markus uti,,False,id,False,"menerima, berita, kotak, markus",,"kurio, uti",False,kurio menerima berita kotak markus uti
924,924,924,,,,1.0,5.0,beritanya sangat akurat dan obyektif,,False,id,False,"beritanya, sangat, akurat, dan, obyektif",,,False,beritanya sangat akurat dan obyektif
925,925,925,,,,1.0,4.0,"Yang penting, tidak hoax, akurat dan nyata.",,False,id,False,"yang, penting, tidak, hoax, akurat, dan, nyata",,,False,yang penting tidak hoax akurat dan nyata
926,926,926,,,-1.0,,1.0,Buset apaan nih.. ko ga bisa dibuka.. harus berlangganan.. bayar pula.. mending detik,-1.0,False,id,False,"buset, apaan, nih, ga, bisa, dibuka, harus, berlangganan, bayar, pula, mending, detik",,ko,False,buset apaan nih ko ga bisa dibuka harus berlangganan bayar pula mending detik
927,927,927,,,,,1.0,Email udah ada mau baca nggak bisa silahkan login bebas akses gitu terus menerus hapus aja ribet,-1.0,False,id,False,"udah, ada, mau, baca, nggak, bisa, silahkan, login, bebas, akses, gitu, terus, menerus, hapus, aja, ribet",,email,False,email udah ada mau baca nggak bisa silahkan login bebas akses gitu terus menerus hapus aja ribet
928,928,928,,,,,2.0,"Harus log in, tetapi kok tidak ada kolom untuk log in?",-1.0,False,id,False,"harus, tetapi, kok, tidak, ada, kolom, untuk",,"log, in, log, in",False,harus log in tetapi kok tidak ada kolom untuk log in
929,929,929,,,,1.0,4.0,bagus berita nya . . mantaplah,,False,id,False,"bagus, berita, nya",,mantaplah,False,bagus berita nya   mantaplah
930,930,930,,,,1.0,5.0,Beritanya engkap dan memberi pencerahan,,False,id,False,"beritanya, dan, memberi, pencerahan",,engkap,False,beritanya engkap dan memberi pencerahan
931,931,931,,0.0,,,5.0,tolong d up date kompas karirnya.trimakasih,,False,id,True,"tolong, karirnya, trimakasih",date,"d, up, kompas",False,tolong d up date kompas karirnyatrimakasih
932,932,932,,-1.0,,,1.0,Ko gk ada kompas karier nya sih???,,False,id,False,"ada, karier, nya, sih",,"ko, gk, kompas",False,ko gk ada kompas karier nya sih
933,933,933,,,,,5.0,Membaca berita singkat sebelum berangkat sekolah,,False,id,False,"membaca, berita, singkat, sebelum, berangkat, sekolah",,,False,membaca berita singkat sebelum berangkat sekolah
934,934,934,,,,,1.0,"Mau baca aja harus login dulu, maksa bgt.. payah.. langsung uninstall",-1.0,False,id,False,"mau, baca, aja, harus, login, dulu, maksa, bgt, payah, langsung",,uninstall,False,mau baca aja harus login dulu maksa bgt payah langsung uninstall
935,935,935,,,,,3.0,Coba dulu klw bagus tmbah lgi bntg nya,,False,id,False,"coba, dulu, bagus, nya",,"klw, tmbah, lgi, bntg",False,coba dulu klw bagus tmbah lgi bntg nya
936,936,936,,,,1.0,5.0,Sangat membantu mendapatkan berita yg kredibel,,False,id,False,"sangat, membantu, mendapatkan, berita, kredibel",,yg,False,sangat membantu mendapatkan berita yg kredibel
937,937,937,,0.0,,,5.0,ga ada pilihan ke kompas one,,False,id,True,"ga, ada, pilihan",one,"ke, kompas",False,ga ada pilihan ke kompas one
938,938,938,,,,1.0,5.0,"berita update, disertai analisa dan tulisan yg berkualitas. tambah lebih banyak ulasan dan berita olahraga.",,False,id,False,"berita, disertai, analisa, dan, tulisan, berkualitas, tambah, lebih, banyak, ulasan, dan, berita, olahraga",,"update, yg",False,berita update disertai analisa dan tulisan yg berkualitas tambah lebih banyak ulasan dan berita olahraga
939,939,939,-1.0,,,,2.0,Setelah diupdate ukuran tampilan malah jadi tidak sesuai dengan screen ipad mini.,,False,id,True,"setelah, diupdate, ukuran, tampilan, malah, jadi, tidak, sesuai, dengan",screen,"ipad, mini",False,setelah diupdate ukuran tampilan malah jadi tidak sesuai dengan screen ipad mini
940,940,940,,,,,5.0,"Banyak fitur baru jadi makin enak bacanya, keren kompas!",,False,id,False,"banyak, fitur, baru, jadi, makin, enak, bacanya, keren",,kompas,False,banyak fitur baru jadi makin enak bacanya keren kompas
941,941,941,,,,,2.0,sedikit kecewa karena aplikasi kadang menutup sendiri ketika lagi baca berita. padahal udah berlangganan.,-1.0,False,id,False,"sedikit, kecewa, karena, aplikasi, kadang, menutup, sendiri, ketika, lagi, baca, berita, padahal, udah, berlangganan",,,False,sedikit kecewa karena aplikasi kadang menutup sendiri ketika lagi baca berita padahal udah berlangganan
942,942,942,0.0,,,,4.0,Lebih baik jika bisa membaca koran cetak secara lamdscape,,False,id,False,"lebih, baik, jika, bisa, membaca, koran, cetak, secara",,lamdscape,False,lebih baik jika bisa membaca koran cetak secara lamdscape
943,943,943,,,,,5.0,"Seneng deh sekarang sudah bisa baca e-paper dengan lancar. Tadinya mau download e-paper aja susah. Good job, kompas 👍🏻",1.0,False,id,True,"seneng, deh, sekarang, sudah, bisa, baca, dengan, lancar, tadinya, mau, aja, susah","e-paper, e-paper, good, job","download, kompas",False,seneng deh sekarang sudah bisa baca epaper dengan lancar tadinya mau download epaper aja susah good job kompas 
944,944,944,-1.0,,,,2.0,Not sure why the app force me to use in landscape mode.  Makes it hard to read the articles,,False,en,False,,"not, sure, why, the, force, use, landscape, makes, hard, read, the, articles","app, me, to, in, mode, it, to",False,not sure why the app force me to use in landscape mode makes it hard to read the articles
945,945,945,,,,,1.0,Its not working...after installed only shown white screen,-1.0,False,en,False,,"its, not, working, after, installed, only, shown, white, screen",,False,its not workingafter installed only shown white screen
946,946,946,,,,,2.0,Tidak bs masuk / sign in ke aplikasi melalui email dari aplikasi di iPhone. Mohon diperbaiki,-1.0,False,id,True,"tidak, masuk, aplikasi, melalui, dari, aplikasi, mohon, diperbaiki",sign,"bs, in, ke, email, di, iphone",False,tidak bs masuk  sign in ke aplikasi melalui email dari aplikasi di iphone mohon diperbaiki
947,947,947,,,,,1.0,Tidak bisa dibuka e-papernya dengan ipad setelah update. Mohon segera....diperbaiki,-1.0,False,id,False,"tidak, bisa, dibuka, dengan, setelah, mohon, segera, diperbaiki",,"e-papernya, ipad, update",False,tidak bisa dibuka epapernya dengan ipad setelah update mohon segeradiperbaiki
948,948,948,,,,,1.0,Epaper nggak bisa dibuka setelah update,-1.0,False,id,False,"nggak, bisa, dibuka, setelah",,"epaper, update",False,epaper nggak bisa dibuka setelah update
949,949,949,,,,,1.0,"Sejak upgrade tidak bisa di gunakan untuk baca ePaper, harap segera di perbaiki karena saya hanya subscribe versi digital",-1.0,False,id,True,"sejak, tidak, bisa, gunakan, untuk, baca, harap, segera, perbaiki, karena, saya, hanya, versi",subscribe,"upgrade, di, epaper, di, digital",False,sejak upgrade tidak bisa di gunakan untuk baca epaper harap segera di perbaiki karena saya hanya subscribe versi digital
950,950,950,,,,,1.0,Pasca update ga bs baca epaper,-1.0,False,ca,False,"pasca, ga, baca",,"update, bs, epaper",False,pasca update ga bs baca epaper
951,951,951,,,,,5.0,"It’s not work at ios14, please fix it",-1.0,False,en,False,,"it’s, not, work, please, fix","at, ios, it",False,its not work at ios14 please fix it
952,952,952,,,,,1.0,application crash on 11.3 on first time login after installing application,-1.0,False,en,True,login,"application, crash, first, time, after, installing, application","on, on",False,application crash on 113 on first time login after installing application
953,953,953,,,,,1.0,After i try to slide it it just exit the apps,-1.0,False,en,False,,"after, try, slide, just, exit, the","i, to, it, it, apps",False,after i try to slide it it just exit the apps
954,954,954,,,,,1.0,Crash everytime under iOS 11,-1.0,False,en,False,,"crash, everytime, under",ios,False,crash everytime under ios 11
955,955,955,,,,,1.0,"sy sdh bayar minggu lalu langganan Kompas id di indomaret atas instruksi kalian dng no akunnya, hr ini buka Kompas id bilangnya belum berlangganan, terus apa hrs bayar lagi?",-1.0,False,id,False,"sdh, bayar, minggu, lalu, langganan, indomaret, atas, instruksi, kalian, dng, akunnya, ini, buka, belum, berlangganan, terus, apa, bayar, lagi",,"sy, kompas, id, di, no, hr, kompas, id, bilangnya, hrs",False,sy sdh bayar minggu lalu langganan kompas id di indomaret atas instruksi kalian dng no akunnya hr ini buka kompas id bilangnya belum berlangganan terus apa hrs bayar lagi
956,956,956,,,,1.0,4.0,"sy pernah menjadi pelanggan kompas selama lebih dari 15 tahun, terutama ktk kompas msh blm digital. di atas thn 2015 sy berhenti berlanggana krn kompas kehilangan daya kritis. akhir2 ini sy mulai melihat kompas punya kekuatan kembali untuk lebih kritis kpd pmrnth. semoga negara bangsa ini kembali ke rel yg benar.",,False,id,False,"pernah, menjadi, pelanggan, selama, lebih, dari, tahun, terutama, msh, atas, thn, berhenti, krn, kehilangan, daya, kritis, akhir, ini, mulai, melihat, punya, kekuatan, kembali, untuk, lebih, kritis, kpd, semoga, negara, bangsa, ini, kembali, rel, benar",,"sy, kompas, ktk, kompas, blm, digital, di, sy, berlanggana, kompas, sy, kompas, pmrnth, ke, yg",False,sy pernah menjadi pelanggan kompas selama lebih dari 15 tahun terutama ktk kompas msh blm digital di atas thn 2015 sy berhenti berlanggana krn kompas kehilangan daya kritis akhir2 ini sy mulai melihat kompas punya kekuatan kembali untuk lebih kritis kpd pmrnth semoga negara bangsa ini kembali ke rel yg benar
957,957,957,,,-1.0,,1.0,Aplikasinya gak jelas. sudah langganan premium tapi iklan berlangganan tetap muncul dan ketika membuka notifikasi berita premium malah diarahkan ke pembayaran. langganan kompas bukannya dapat berita tapi dapat emosi,-1.0,False,id,False,"aplikasinya, gak, jelas, sudah, langganan, tapi, iklan, berlangganan, tetap, muncul, dan, ketika, membuka, notifikasi, berita, malah, diarahkan, pembayaran, langganan, bukannya, dapat, berita, tapi, dapat, emosi",,"premium, premium, ke, kompas",False,aplikasinya gak jelas sudah langganan premium tapi iklan berlangganan tetap muncul dan ketika membuka notifikasi berita premium malah diarahkan ke pembayaran langganan kompas bukannya dapat berita tapi dapat emosi
958,958,958,,,,0.0,3.0,"pandangan saya pribadi, berita ekonomi sekalian di tingkatkan layaknya koran bisnis, memuat berita berita bisnis yg lebih detail. dg motto, 1 koran kompas semua kehidupan di muka bumi dalam 1 genggaman",,False,id,False,"pandangan, saya, pribadi, berita, ekonomi, sekalian, tingkatkan, layaknya, koran, bisnis, memuat, berita, berita, bisnis, lebih, koran, semua, kehidupan, muka, bumi, dalam, genggaman",,"di, yg, detail, dg, motto, kompas, di",False,pandangan saya pribadi berita ekonomi sekalian di tingkatkan layaknya koran bisnis memuat berita berita bisnis yg lebih detail dg motto 1 koran kompas semua kehidupan di muka bumi dalam 1 genggaman
959,959,959,,,,-1.0,1.0,Kompas memilih jadi partisan di politik Indonesia sejak 2023. Pers bukan lagi jadi pilar ke 4 demokrasi. Kompas mencoret sejarah panjangnya sebagai satu2nya media terpercaya. Ironi,,False,id,True,"memilih, jadi, politik, indonesia, sejak, pers, bukan, lagi, jadi, pilar, demokrasi, mencoret, sejarah, panjangnya, sebagai, satu, nya, terpercaya, ironi",partisan,"kompas, di, ke, kompas, media",False,kompas memilih jadi partisan di politik indonesia sejak 2023 pers bukan lagi jadi pilar ke 4 demokrasi kompas mencoret sejarah panjangnya sebagai satu2nya media terpercaya ironi
960,960,960,,,,1.0,5.0,Aplikasi ini sangat membantuku peroleh informasi. Penghargaan yang amat banyak kompas dapatkan membuatnya terpercaya. Apalagi sudah lama ia berkecimpung menampung amanat rakyat. Recomended sekali. Rubrik sastra yang tersedia pun cukup memuaskan. Kita bisa baca karya berkualitas dengan mudah.,,False,id,False,"aplikasi, ini, sangat, membantuku, peroleh, informasi, penghargaan, yang, amat, banyak, dapatkan, membuatnya, terpercaya, apalagi, sudah, lama, berkecimpung, menampung, amanat, rakyat, sekali, rubrik, sastra, yang, tersedia, pun, cukup, memuaskan, kita, bisa, baca, karya, berkualitas, dengan, mudah",,"kompas, ia, recomended",False,aplikasi ini sangat membantuku peroleh informasi penghargaan yang amat banyak kompas dapatkan membuatnya terpercaya apalagi sudah lama ia berkecimpung menampung amanat rakyat recomended sekali rubrik sastra yang tersedia pun cukup memuaskan kita bisa baca karya berkualitas dengan mudah
961,961,961,,,-1.0,,3.0,"padahal produk jurnalistik mah jangan pake bayar kalau mau lebih menguntungkan, kan menyediakan informasi bagi khalayak masyarakat, nah uang nya dimana ya itu nanti dari orang yang pasang iklan, kalau bayar gini kan terbatas aksesnya, makanya tidak populer, tapi kembali lagi terserah kalian",,False,id,False,"padahal, produk, jurnalistik, mah, jangan, pake, bayar, kalau, mau, lebih, menguntungkan, kan, menyediakan, informasi, bagi, khalayak, masyarakat, nah, uang, nya, dimana, itu, nanti, dari, orang, yang, pasang, iklan, kalau, bayar, gini, kan, terbatas, aksesnya, makanya, tidak, populer, tapi, kembali, lagi, terserah, kalian",,ya,False,padahal produk jurnalistik mah jangan pake bayar kalau mau lebih menguntungkan kan menyediakan informasi bagi khalayak masyarakat nah uang nya dimana ya itu nanti dari orang yang pasang iklan kalau bayar gini kan terbatas aksesnya makanya tidak populer tapi kembali lagi terserah kalian
962,962,962,,,,-1.0,1.0,"Saya kurang suka akan Harian kompas, Krn beritanya yg terkadang membuat saya jengkel dan puncak daripada eskalasi selama ketidak sukaan saya thdp media ini ada soal berita ttg jahatnya korupsi tetapi ditulis ""Korupsi Bukan Lagi Kejahatan Luar Biasa"" dg memuat photo ARB... Yg Seolah² menunjukan kesan bhw yg mengatakan itu adalah ARB",,False,id,True,"saya, kurang, suka, akan, harian, krn, beritanya, terkadang, membuat, saya, jengkel, dan, puncak, daripada, selama, ketidak, saya, ini, ada, soal, berita, ttg, jahatnya, korupsi, tetapi, ditulis, korupsi, bukan, lagi, kejahatan, luar, biasa, memuat, seolah, menunjukan, kesan, bhw, mengatakan, itu, adalah","photo, arb, arb","kompas, yg, eskalasi, sukaan, thdp, media, dg, yg, yg",False,saya kurang suka akan harian kompas krn beritanya yg terkadang membuat saya jengkel dan puncak daripada eskalasi selama ketidak sukaan saya thdp media ini ada soal berita ttg jahatnya korupsi tetapi ditulis korupsi bukan lagi kejahatan luar biasa dg memuat photo arb yg seolah² menunjukan kesan bhw yg mengatakan itu adalah arb
963,963,963,,,,0.0,5.0,"Tolong kompas beritakan lebih banyak tentang sawit. Kami petani sawit dizalimi oleh kebijakan pajak pemerintah yg tinggi (pe,bk dan fo dmo ) dan pengabaian pemerintah terhadap kami dgn harga murah yg ditetapkan sepihak oleh pabrik sawit tanpa adanya sanksi thd mereka.",,False,id,False,"tolong, beritakan, lebih, banyak, tentang, sawit, kami, petani, sawit, oleh, kebijakan, pajak, pemerintah, tinggi, dan, dan, pengabaian, pemerintah, terhadap, kami, dgn, harga, murah, ditetapkan, sepihak, oleh, pabrik, sawit, tanpa, adanya, sanksi, mereka",,"kompas, dizalimi, yg, pe, bk, fo, dmo, yg, thd",False,tolong kompas beritakan lebih banyak tentang sawit kami petani sawit dizalimi oleh kebijakan pajak pemerintah yg tinggi pebk dan fo dmo  dan pengabaian pemerintah terhadap kami dgn harga murah yg ditetapkan sepihak oleh pabrik sawit tanpa adanya sanksi thd mereka
964,964,964,,,-1.0,,1.0,"Buat baca berita harus berlangganan 50k, padahal berita yg sama dapat dengan mudah dicari di internet lainnya dengan mudah dan gratis",,False,id,False,"buat, baca, berita, harus, berlangganan, padahal, berita, sama, dapat, dengan, mudah, dicari, lainnya, dengan, mudah, dan, gratis",,"k, yg, di, internet",False,buat baca berita harus berlangganan 50k padahal berita yg sama dapat dengan mudah dicari di internet lainnya dengan mudah dan gratis
965,965,965,-1.0,,,,5.0,"Kenapa sejak revisi Mei 2021, kok ngga bisa landscape? Sebelumnya bisa. Padahal bbrp infografik Kompas disajikan landscape, jika bisa preview landscape, resolusi print screen nya akan lebih bagus utk keperluan sharing. Kalau ngga, semua infografis tolong dibikin portrait saja. Tq.",,False,id,True,"kenapa, sejak, revisi, mei, kok, ngga, bisa, sebelumnya, bisa, padahal, bbrp, disajikan, jika, bisa, resolusi, nya, akan, lebih, bagus, utk, keperluan, kalau, ngga, semua, infografis, tolong, dibikin, saja","landscape, landscape, landscape, print, screen, sharing, portrait","infografik, kompas, preview, tq",False,kenapa sejak revisi mei 2021 kok ngga bisa landscape sebelumnya bisa padahal bbrp infografik kompas disajikan landscape jika bisa preview landscape resolusi print screen nya akan lebih bagus utk keperluan sharing kalau ngga semua infografis tolong dibikin portrait saja tq
966,966,966,,,,,5.0,"mohon info, kenapa setelah update aplikasi tidak dpt membaca e-paper? Selalu kluar minta dilakukan langganan trus(posisi sy sdh berlangganan), per tgl 4 juli mendapatkan update lagi. skrng br bs berjalan secara normal. terimakasih responnya",1.0,False,id,True,"mohon, kenapa, setelah, aplikasi, tidak, dpt, membaca, selalu, minta, dilakukan, langganan, trus, posisi, sdh, berlangganan, tgl, juli, mendapatkan, lagi, berjalan, secara, terimakasih, responnya",e-paper,"info, update, kluar, sy, per, update, skrng, br, bs, normal",False,mohon info kenapa setelah update aplikasi tidak dpt membaca epaper selalu kluar minta dilakukan langganan trusposisi sy sdh berlangganan per tgl 4 juli mendapatkan update lagi skrng br bs berjalan secara normal terimakasih responnya
967,967,967,,,,,5.0,Wah ini paling ok karena saya dulu kerja di toko buku Gramedia grup kompas sangat perhatian dgn rakyat kecil terutama karyawannya sangat diperhatikan masa depannya waktu pak Jacob utama masih ada 30 tahun saya kerja disini is ok th1979 SD 2008 nl Nopember terimakasih pak Jakob semoga amal baiknya diterima Alloh yme,,False,id,True,"wah, ini, paling, karena, saya, dulu, kerja, toko, buku, gramedia, grup, sangat, perhatian, dgn, rakyat, kecil, terutama, karyawannya, sangat, diperhatikan, masa, depannya, waktu, pak, utama, masih, ada, tahun, saya, kerja, disini, nopember, terimakasih, pak, semoga, amal, baiknya, diterima, alloh, yme",jakob,"ok, di, kompas, jacob, is, ok, th, sd, nl",False,wah ini paling ok karena saya dulu kerja di toko buku gramedia grup kompas sangat perhatian dgn rakyat kecil terutama karyawannya sangat diperhatikan masa depannya waktu pak jacob utama masih ada 30 tahun saya kerja disini is ok th1979 sd 2008 nl nopember terimakasih pak jakob semoga amal baiknya diterima alloh yme
968,968,968,,-1.0,,,2.0,sudah punya accont berlanganan..tapi tetap tidak bisa buka kompas e-paper ..ini ..menyebalkan....aneh nya.lagi klo mau baca koran harus download...dan seleaai download...file tidak.bisa di buka....sungguh..ini meyebalkan. ..saya kecewa.,-1.0,False,id,True,"sudah, punya, tapi, tetap, tidak, bisa, buka, ini, menyebalkan, aneh, nya, lagi, klo, mau, baca, koran, harus, dan, tidak, bisa, buka, sungguh, ini, saya, kecewa",e-paper,"accont, berlanganan, kompas, download, seleaai, download, file, di, meyebalkan",False,sudah punya accont berlanganantapi tetap tidak bisa buka kompas epaper ini menyebalkananeh nyalagi klo mau baca koran harus downloaddan seleaai downloadfile tidakbisa di bukasungguhini meyebalkan saya kecewa
969,969,969,,,,,5.0,kompas id bikin memori internal saya penuh. seharusnya waktu dwonload berada di sd card. sampai saat ini masih begitu. sedangkan aplikasi yang lain sudah bisa melakukan change tempat memori ke sd card ketika didwonload. kalau begini saya terpaksa berhenti berlangganan koran kompas digital. sorry.,-1.0,False,id,True,"bikin, memori, saya, penuh, seharusnya, waktu, berada, sampai, saat, ini, masih, begitu, sedangkan, aplikasi, yang, lain, sudah, bisa, melakukan, tempat, memori, ketika, kalau, begini, saya, terpaksa, berhenti, berlangganan, koran","card, change, card, sorry","kompas, id, internal, dwonload, di, sd, ke, sd, didwonload, kompas, digital",False,kompas id bikin memori internal saya penuh seharusnya waktu dwonload berada di sd card sampai saat ini masih begitu sedangkan aplikasi yang lain sudah bisa melakukan change tempat memori ke sd card ketika didwonload kalau begini saya terpaksa berhenti berlangganan koran kompas digital sorry
970,970,970,,-1.0,,,1.0,"Kalo aplikasi ditutup dan mau baca epaper lagi, walaupun sudah didownload sebelumnya. Jadi bikin penuh storage dan memory HP. Masih lbh baik Kiosk Kompas. Mohon pengembang memperhatikan hal ini. Tks.",,False,id,True,"kalo, aplikasi, ditutup, dan, mau, baca, lagi, walaupun, sudah, didownload, sebelumnya, jadi, bikin, penuh, dan, masih, lbh, baik, mohon, pengembang, memperhatikan, hal, ini, tks","storage, memory, kiosk","epaper, hp, kompas",False,kalo aplikasi ditutup dan mau baca epaper lagi walaupun sudah didownload sebelumnya jadi bikin penuh storage dan memory hp masih lbh baik kiosk kompas mohon pengembang memperhatikan hal ini tks
971,971,971,,0.0,,,5.0,"epaper kompos ini sangat baik untuk penikmat koran dengan inovasi digitalisasi. Namun, dengan segala hormat untuk beberapa masukan ada bagus epaper ini di kemas dalam bentuk pdf agar bisa di unduh langsung dan bisa dipermanenkan dalam partisi pengguna. Layaknya harian dalam bentuk fisik bisa juga digunakan sebagai koleksi untuk referensi. Mohon maaf yang sebesar besar apabila menyinggung. Terimakasih",,False,id,False,"kompos, ini, sangat, baik, untuk, penikmat, koran, dengan, inovasi, digitalisasi, namun, dengan, segala, hormat, untuk, beberapa, masukan, ada, bagus, ini, kemas, dalam, bentuk, agar, bisa, unduh, langsung, dan, bisa, dalam, partisi, pengguna, layaknya, harian, dalam, bentuk, fisik, bisa, juga, digunakan, sebagai, koleksi, untuk, referensi, mohon, maaf, yang, sebesar, besar, apabila, menyinggung, terimakasih",,"epaper, epaper, di, pdf, di, dipermanenkan",False,epaper kompos ini sangat baik untuk penikmat koran dengan inovasi digitalisasi namun dengan segala hormat untuk beberapa masukan ada bagus epaper ini di kemas dalam bentuk pdf agar bisa di unduh langsung dan bisa dipermanenkan dalam partisi pengguna layaknya harian dalam bentuk fisik bisa juga digunakan sebagai koleksi untuk referensi mohon maaf yang sebesar besar apabila menyinggung terimakasih
972,972,972,,,-1.0,,1.0,"Akhirnya saya uninstall aplikasi ini, mau baca harus berlangganan, masih 
banyak aplikasi berita online yg lebih up to date tapi tidak pake syarat",,False,id,True,"akhirnya, saya, aplikasi, ini, mau, baca, harus, berlangganan, masih, banyak, aplikasi, berita, lebih, tapi, tidak, pake, syarat",date,"uninstall, online, yg, up, to",False,akhirnya saya uninstall aplikasi ini mau baca harus berlangganan masih banyak aplikasi berita online yg lebih up to date tapi tidak pake syarat
973,973,973,,,,,4.0,Lebih mudah baca Kompas dalam satu genggaman dan gampang dibawa-bawa kemana saja. Ke depan harian surat kabar akan seperti ini. Trims,,False,id,False,"lebih, mudah, baca, dalam, satu, genggaman, dan, gampang, dibawa-bawa, kemana, saja, depan, harian, surat, kabar, akan, seperti, ini, trims",,"kompas, ke",False,lebih mudah baca kompas dalam satu genggaman dan gampang dibawabawa kemana saja ke depan harian surat kabar akan seperti ini trims
974,974,974,-1.0,,,,5.0,"tampilan di ipad mini 7 mode potrait masih terpotong dibagian pinggir kanan kirinya jadi ga menarik untuk dibuka, mohon di perbaiki",,False,id,False,"tampilan, masih, terpotong, dibagian, pinggir, kanan, kirinya, jadi, ga, menarik, untuk, dibuka, mohon, perbaiki",,"di, ipad, mini, mode, potrait, di",False,tampilan di ipad mini 7 mode potrait masih terpotong dibagian pinggir kanan kirinya jadi ga menarik untuk dibuka mohon di perbaiki
975,975,975,,,,,5.0,Health Safety Security spirituality environment friendly cashflow family gathering universe world class market leader nicher surprissed augmented corporate culture brand image intrapreneurship aamiin,,False,en,True,aamiin,"health, safety, security, spirituality, environment, friendly, family, gathering, universe, world, class, market, leader, augmented, corporate, culture, image","cashflow, nicher, surprissed, brand, intrapreneurship",False,health safety security spirituality environment friendly cashflow family gathering universe world class market leader nicher surprissed augmented corporate culture brand image intrapreneurship aamiin
976,976,976,,,,1.0,5.0,"Membaca kompas Online sungguh refreshing,mengobati kerinduan membaca jurnalisme yg sebenarnya,karya wartawan yg diedit oleh editor yg bener2 editor.
Setelah lelah membaca media online lain yg judulnya cm click bait,apalagi isinya yg suka ngasal,kadang copas,boro2 diedit dg layak.
Mantap!",,False,id,True,"membaca, sungguh, mengobati, kerinduan, membaca, jurnalisme, sebenarnya, karya, wartawan, diedit, oleh, bener, setelah, lelah, membaca, lain, judulnya, apalagi, isinya, suka, kadang, copas, boro, diedit, layak, mantap",click,"kompas, online, refreshing, yg, yg, editor, yg, editor, media, online, yg, cm, bait, yg, ngasal, dg",False,membaca kompas online sungguh refreshingmengobati kerinduan membaca jurnalisme yg sebenarnyakarya wartawan yg diedit oleh editor yg bener2 editor setelah lelah membaca media online lain yg judulnya cm click baitapalagi isinya yg suka ngasalkadang copasboro2 diedit dg layak mantap
977,977,977,,,-1.0,,1.0,"Update terbaru selalu selalu selalu saja force close. Anehnya, itu terjadi saat aplikasi dibuka dengan posisi akun terlog-in. Jika aplikasi di uninstall & reinstall dan dibuka tanpa login akun aplikasi terbuka normal, tapi kan akses terbatas dalam membuka artikel-artikelnya dikarenakan pakai mode free. Berasa rugi banget langganan yearly subscribe. Sudah komplain via WA ke CS kompas tapi cuma dibilang ""coba akses via browser saja"". Tidak solutif sama sekali. Mohon perhatian",-1.0,False,id,True,"terbaru, selalu, selalu, selalu, saja, anehnya, itu, terjadi, saat, aplikasi, dibuka, dengan, posisi, akun, jika, aplikasi, dan, dibuka, tanpa, login, akun, aplikasi, terbuka, tapi, kan, akses, terbatas, dalam, membuka, artikel-artikelnya, dikarenakan, pakai, berasa, rugi, banget, langganan, sudah, komplain, tapi, cuma, dibilang, coba, akses, saja, tidak, sama, sekali, mohon, perhatian","force, close, reinstall, free, yearly, subscribe","update, terlog-in, di, uninstall, normal, mode, via, wa, ke, cs, kompas, via, browser, solutif",False,update terbaru selalu selalu selalu saja force close anehnya itu terjadi saat aplikasi dibuka dengan posisi akun terlogin jika aplikasi di uninstall  reinstall dan dibuka tanpa login akun aplikasi terbuka normal tapi kan akses terbatas dalam membuka artikelartikelnya dikarenakan pakai mode free berasa rugi banget langganan yearly subscribe sudah komplain via wa ke cs kompas tapi cuma dibilang coba akses via browser saja tidak solutif sama sekali mohon perhatian
978,978,978,,,,1.0,5.0,"Di tengah jurnalisme kentang dan berita pendek-pendek, saya memilih kompas sebagai andalan. Beritanya tidak setengah2, dan selalu cover both side. Wajar berbayar, karena kerja2 jurnalisme berkualitas patut diapresiasi.",,False,id,True,"tengah, jurnalisme, kentang, dan, berita, pendek-pendek, saya, memilih, sebagai, andalan, beritanya, tidak, setengah, dan, selalu, wajar, berbayar, karena, kerja, jurnalisme, berkualitas, patut, diapresiasi","cover, both, side","di, kompas",False,di tengah jurnalisme kentang dan berita pendekpendek saya memilih kompas sebagai andalan beritanya tidak setengah2 dan selalu cover both side wajar berbayar karena kerja2 jurnalisme berkualitas patut diapresiasi
979,979,979,,,,,4.0,"Ketika saya ingin buka webpage kompas di Safari (iPadOS), selalu ke redirect ke App kompas, terus di appnya error dan webpagenya tidak pernah muncul (katanya ‘Ups artikel tidak ditemukan’).

Jadi saya ga pernah bisa buka webpage kompas di iPad soalnya selalu di redirect. Misalnya tadi saya barusan mau lihat “Promosi-kompas” terus hal tersebut terjadi lagi. Ini tidak terjadi pada semua link kompas di Safari tapi mayoritas begitu.",-1.0,False,id,True,"ketika, saya, ingin, buka, selalu, terus, dan, tidak, pernah, muncul, katanya, artikel, tidak, ditemukan, jadi, saya, ga, pernah, bisa, buka, soalnya, selalu, misalnya, tadi, saya, barusan, mau, lihat, promosi-kompas, terus, hal, tersebut, terjadi, lagi, ini, tidak, terjadi, pada, semua, tapi, mayoritas, begitu","webpage, redirect, webpage, redirect","kompas, di, safari, ipados, ke, ke, app, kompas, di, appnya, error, webpagenya, ups, kompas, di, ipad, di, link, kompas, di, safari",False,ketika saya ingin buka webpage kompas di safari ipados selalu ke redirect ke app kompas terus di appnya error dan webpagenya tidak pernah muncul katanya ups artikel tidak ditemukan jadi saya ga pernah bisa buka webpage kompas di ipad soalnya selalu di redirect misalnya tadi saya barusan mau lihat promosikompas terus hal tersebut terjadi lagi ini tidak terjadi pada semua link kompas di safari tapi mayoritas begitu
980,980,980,-1.0,,,,2.0,"Ukuran teks kecil banget, apalagi untuk mata plus. Tolong dibuat feature untuk mengatur ukuran teks. Setting ukuran teks di iPhone nggak ngaruh...",,False,id,True,"ukuran, teks, kecil, banget, apalagi, untuk, mata, tolong, dibuat, untuk, mengatur, ukuran, teks, ukuran, teks, nggak","feature, setting","plus, di, iphone, ngaruh",False,ukuran teks kecil banget apalagi untuk mata plus tolong dibuat feature untuk mengatur ukuran teks setting ukuran teks di iphone nggak ngaruh
981,981,981,-1.0,,,,3.0,"Secara fungsi, aplikasi sudah berjalan optimal pada perangkat saya yang sudah berbasis iOS 12 namun ada beberapa kekurangan yang bisa diperbaiki. Contoh icon aplikasi kompas di homescreen yang masih kurang bagus. Kemudian entah kenapa tampilan font saat membaca berita tidak lebih nyaman jika dibandingkan mengakses langsung lewat web. Lalu saran saja sepertinya di perbaikan selanjutnya, user diberikan fungsi untuk mengubah ukuran font.",1.0,False,id,True,"secara, fungsi, aplikasi, sudah, berjalan, pada, perangkat, saya, yang, sudah, berbasis, namun, ada, beberapa, kekurangan, yang, bisa, diperbaiki, contoh, aplikasi, yang, masih, kurang, bagus, kemudian, entah, kenapa, tampilan, saat, membaca, berita, tidak, lebih, nyaman, jika, dibandingkan, mengakses, langsung, lewat, lalu, saran, saja, sepertinya, perbaikan, selanjutnya, diberikan, fungsi, untuk, mengubah, ukuran",user,"optimal, ios, icon, kompas, di, homescreen, font, web, di, font",False,secara fungsi aplikasi sudah berjalan optimal pada perangkat saya yang sudah berbasis ios 12 namun ada beberapa kekurangan yang bisa diperbaiki contoh icon aplikasi kompas di homescreen yang masih kurang bagus kemudian entah kenapa tampilan font saat membaca berita tidak lebih nyaman jika dibandingkan mengakses langsung lewat web lalu saran saja sepertinya di perbaikan selanjutnya user diberikan fungsi untuk mengubah ukuran font
982,982,982,,-1.0,,,3.0,"Menarik ini aplikasi. Sayang untuk tombol “back” ke menu awal untuk epaper tidak ada. Jadi harus keluar dari aplikasi, masuk lagi, baru bisa dapat menu-menu di awal. Tolong diperbaiki ya. 
Tabik",,False,id,True,"menarik, ini, aplikasi, sayang, untuk, tombol, awal, untuk, tidak, ada, jadi, harus, keluar, dari, aplikasi, masuk, lagi, baru, bisa, dapat, awal, tolong, diperbaiki",back,"ke, menu, epaper, menu-menu, di, ya, tabik",False,menarik ini aplikasi sayang untuk tombol back ke menu awal untuk epaper tidak ada jadi harus keluar dari aplikasi masuk lagi baru bisa dapat menumenu di awal tolong diperbaiki ya tabik
983,983,983,,,0.0,,,belum memutuskan untuk berlangganan atau tidak,,False,id,False,"belum, memutuskan, untuk, berlangganan, atau, tidak",,,False,belum memutuskan untuk berlangganan atau tidak
984,984,984,,,0.0,,,kompas id memang perlu berlangganan untuk akses penuh,,False,id,False,"memang, perlu, berlangganan, untuk, akses, penuh",,"kompas, id",False,kompas id memang perlu berlangganan untuk akses penuh
985,985,985,,,0.0,,,ada tidak paket langganan yang bisa dibayar per minggu,,False,id,False,"ada, tidak, paket, langganan, yang, bisa, dibayar, minggu",,per,False,ada tidak paket langganan yang bisa dibayar per minggu
986,986,986,,,0.0,,,untuk berlangganan apakah harus punya kartu kredit,,False,id,False,"untuk, berlangganan, apakah, harus, punya, kartu, kredit",,,False,untuk berlangganan apakah harus punya kartu kredit
987,987,987,,,1.0,,,"worth it banget berlangganan, berita berkualitas tanpa iklan sama sekali",,False,id,True,"banget, berlangganan, berita, berkualitas, tanpa, iklan, sama, sekali",worth,it,False,worth it banget berlangganan berita berkualitas tanpa iklan sama sekali
988,988,988,,,1.0,,,tanpa iklan setelah berlangganan membuat pengalaman baca jauh lebih nyaman,,False,id,False,"tanpa, iklan, setelah, berlangganan, membuat, pengalaman, baca, jauh, lebih, nyaman",,,False,tanpa iklan setelah berlangganan membuat pengalaman baca jauh lebih nyaman
989,989,989,,,1.0,,,"bisa baca e-paper gratis sudah termasuk dalam paket langganan, keren",,False,id,True,"bisa, baca, gratis, sudah, termasuk, dalam, paket, langganan, keren",e-paper,,False,bisa baca epaper gratis sudah termasuk dalam paket langganan keren
990,990,990,0.0,,,,,semoga ke depannya bisa ada pilihan ukuran font yang lebih besar,,False,id,False,"semoga, depannya, bisa, ada, pilihan, ukuran, yang, lebih, besar",,"ke, font",False,semoga ke depannya bisa ada pilihan ukuran font yang lebih besar
991,991,991,0.0,,,,,font yang digunakan di kompas id terasa formal seperti koran cetak,,False,id,False,"yang, digunakan, terasa, seperti, koran, cetak",,"font, di, kompas, id, formal",False,font yang digunakan di kompas id terasa formal seperti koran cetak
992,992,992,1.0,,,,,tampilan beranda kompas id menggunakan grid yang cukup teratur dan tidak padat,,False,id,False,"tampilan, beranda, menggunakan, yang, cukup, teratur, dan, tidak, padat",,"kompas, id, grid",False,tampilan beranda kompas id menggunakan grid yang cukup teratur dan tidak padat
993,993,993,0.0,,,,,diharapkan ada mode baca fokus yang menyembunyikan elemen navigasi saat membaca,,False,id,False,"diharapkan, ada, baca, fokus, yang, menyembunyikan, elemen, navigasi, saat, membaca",,mode,False,diharapkan ada mode baca fokus yang menyembunyikan elemen navigasi saat membaca
994,994,994,1.0,,,,,"navigasi antarmukanya intuitif, mudah menemukan berita yang dicari",,False,id,False,"navigasi, intuitif, mudah, menemukan, berita, yang, dicari",,antarmukanya,False,navigasi antarmukanya intuitif mudah menemukan berita yang dicari
995,995,995,1.0,,,,,layout artikel sangat rapi dan enak untuk dibaca berlama-lama,,False,id,False,"artikel, sangat, rapi, dan, enak, untuk, dibaca, berlama-lama",,layout,False,layout artikel sangat rapi dan enak untuk dibaca berlamalama
996,996,996,1.0,,,,,"font yang dipilih kompas id pas di mata, tidak terlalu kecil dan tidak terlalu besar",,False,id,False,"yang, dipilih, pas, mata, tidak, terlalu, kecil, dan, tidak, terlalu, besar",,"font, kompas, id, di",False,font yang dipilih kompas id pas di mata tidak terlalu kecil dan tidak terlalu besar
997,997,997,1.0,,,,,"tampilan gambar artikel proporsional dan tidak pecah, enak dilihat",,False,id,False,"tampilan, gambar, artikel, proporsional, dan, tidak, pecah, enak, dilihat",,,False,tampilan gambar artikel proporsional dan tidak pecah enak dilihat
998,998,998,,0.0,,,,apakah fitur kliping artikel bisa digunakan tanpa koneksi internet,,False,id,False,"apakah, fitur, kliping, artikel, bisa, digunakan, tanpa, koneksi",,internet,False,apakah fitur kliping artikel bisa digunakan tanpa koneksi internet
999,999,999,,0.0,,,,semoga ada fitur pencarian dengan filter berdasarkan tanggal terbit,,False,id,False,"semoga, ada, fitur, pencarian, dengan, berdasarkan, tanggal, terbit",,filter,False,semoga ada fitur pencarian dengan filter berdasarkan tanggal terbit
1000,1000,1000,,1.0,,,,fitur text to speech kompas id sangat membantu saat berkendara,,False,id,True,"fitur, sangat, membantu, saat, berkendara","text, speech","to, kompas, id",False,fitur text to speech kompas id sangat membantu saat berkendara
1001,1001,1001,,1.0,,,,notifikasi breaking news dari kompas id selalu tepat waktu dan tidak terlambat,,False,id,True,"notifikasi, dari, selalu, tepat, waktu, dan, tidak, terlambat","breaking, news","kompas, id",False,notifikasi breaking news dari kompas id selalu tepat waktu dan tidak terlambat
1002,1002,1002,,1.0,,,,fitur kliping digital menggantikan kebiasaan saya gunting koran fisik dulu,,False,id,False,"fitur, kliping, menggantikan, kebiasaan, saya, gunting, koran, fisik, dulu",,digital,False,fitur kliping digital menggantikan kebiasaan saya gunting koran fisik dulu
1003,1003,1003,,,,,,aplikasi terasa ringan di hp saya dan tidak membuat baterai cepat habis,1.0,False,id,False,"aplikasi, terasa, ringan, saya, dan, tidak, membuat, baterai, cepat, habis",,"di, hp",False,aplikasi terasa ringan di hp saya dan tidak membuat baterai cepat habis
1004,1004,1004,,,,1.0,5.0,kompas selalu mengedepankan akurasi,,False,id,False,"selalu, mengedepankan, akurasi",,kompas,False,kompas selalu mengedepankan akurasi
1005,1005,1005,,,,1.0,5.0,informatif dan dapat diandalkan,,False,id,False,"informatif, dan, dapat, diandalkan",,,False,informatif dan dapat diandalkan
1006,1006,1006,,,,1.0,5.0,"Ok. bagus pemberitaan nya,",,False,id,False,"bagus, pemberitaan, nya",,ok,False,ok bagus pemberitaan nya
1007,1007,1007,,,,1.0,5.0,"Informatif, akurat, dan terpercaya",,False,id,False,"informatif, akurat, dan, terpercaya",,,False,informatif akurat dan terpercaya
1008,1008,1008,,,,,5.0,Sangat membantu.Super sekali 👍,,False,id,False,"sangat, membantu, sekali",,super,False,sangat membantusuper sekali 
1009,1009,1009,,,,1.0,5.0,Aplikasi Berita yang Akurat,,False,id,False,"aplikasi, berita, yang, akurat",,,False,aplikasi berita yang akurat
1010,1010,1010,,,,1.0,5.0,"baik, update dan netral",,False,id,False,"baik, dan, netral",,update,False,baik update dan netral
1011,1011,1011,,,,1.0,5.0,"Jurnalisme mencerahkan, Independen... Terpercaya!!..",,False,id,False,"jurnalisme, mencerahkan, independen, terpercaya",,,False,jurnalisme mencerahkan independen terpercaya
1012,1012,1012,,,,,5.0,Kompas memang serba pas...,,False,id,False,"memang, serba, pas",,kompas,False,kompas memang serba pas
1013,1013,1013,,,,1.0,5.0,Beritanya detail dan akurat,,False,id,False,"beritanya, dan, akurat",,detail,False,beritanya detail dan akurat
1014,1014,1014,,,-1.0,,1.0,"Menjebak, berhenti langganannya menyulitkan.",,False,id,False,"menjebak, berhenti, menyulitkan",,langganannya,False,menjebak berhenti langganannya menyulitkan
1015,1015,1015,,,,1.0,5.0,Berita update dan terkini,,False,id,False,"berita, dan, terkini",,update,False,berita update dan terkini
1016,1016,1016,,,,1.0,5.0,sangat informatif dan menghibur,,False,id,False,"sangat, informatif, dan, menghibur",,,False,sangat informatif dan menghibur
1017,1017,1017,,,,,5.0,"Alhamdulillah saya suka kompas,",,False,id,False,"alhamdulillah, saya, suka",,kompas,False,alhamdulillah saya suka kompas
1018,1018,1018,,,,,5.0,Setiap hari baca koran,,False,id,False,"setiap, hari, baca, koran",,,False,setiap hari baca koran
1019,1019,1019,,,,-1.0,1.0,Beritanya sdh tidak netral,,False,id,False,"beritanya, sdh, tidak, netral",,,False,beritanya sdh tidak netral
1020,1020,1020,,,,0.0,1.0,pemberitaan yg berimbang dong.,,False,id,False,"pemberitaan, berimbang, dong",,yg,False,pemberitaan yg berimbang dong
1021,1021,1021,,,,-1.0,1.0,"uda ngak subjektif,terlalu berpihak",,False,id,False,"uda, ngak, subjektif, terlalu, berpihak",,,False,uda ngak subjektifterlalu berpihak
1022,1022,1022,,,-1.0,,1.0,Tai app bayar berak,,False,id,False,"tai, bayar, berak",,app,False,tai app bayar berak
1023,1023,1023,,,,,5.0,Sangat terbaik dan bagus,,False,id,False,"sangat, terbaik, dan, bagus",,,False,sangat terbaik dan bagus
1024,1024,1024,,,,,3.0,Mulanya bintang 3 dulu.,,False,tl,False,"mulanya, bintang, dulu",,,False,mulanya bintang 3 dulu
1025,1025,1025,,-1.0,,,1.0,Dowoad berulang ulang e-paper,,False,id,True,"berulang, ulang",e-paper,dowoad,False,dowoad berulang ulang epaper
1026,1026,1026,,,,1.0,5.0,Aplikasinya bagus dan infomatif,,False,id,False,"aplikasinya, bagus, dan",,infomatif,False,aplikasinya bagus dan infomatif
1027,1027,1027,0.0,,,,5.0,Request fitur dark mode,,False,fr,True,fitur,"request, dark",mode,False,request fitur dark mode
1028,1028,1028,,,,,1.0,"udah langganan 1 tahun, tapi tiba2 gak bisa akses e-paper. Udah 2× ini kocak.",-1.0,False,id,True,"udah, langganan, tahun, tapi, tiba, gak, bisa, akses, udah, ini, kocak",e-paper,,False,udah langganan 1 tahun tapi tiba2 gak bisa akses epaper udah 2 ini kocak
1029,1029,1029,,,,-1.0,1.0,nyari berita bola terbaru yg muncul berita tahun 2023 ga update,,False,id,False,"nyari, berita, bola, terbaru, muncul, berita, tahun, ga",,"yg, update",False,nyari berita bola terbaru yg muncul berita tahun 2023 ga update
1030,1030,1030,,,0.0,,1.0,ternyata berbayar untuk baca beritanya,,False,id,False,"ternyata, berbayar, untuk, baca, beritanya",,,False,ternyata berbayar untuk baca beritanya
1031,1031,1031,,,-1.0,,1.0,Aplikasi matre.. ujung2nya di suruh berlangganan,,False,id,False,"aplikasi, ujung, nya, suruh, berlangganan",,"matre, di",False,aplikasi matre ujung2nya di suruh berlangganan
1032,1032,1032,,,,1.0,5.0,sangat membantu saya mengetahui informasi terkini dan membuka pemikiran saya melalui opini-opini penulis,,False,id,False,"sangat, membantu, saya, mengetahui, informasi, terkini, dan, membuka, pemikiran, saya, melalui, opini-opini, penulis",,,False,sangat membantu saya mengetahui informasi terkini dan membuka pemikiran saya melalui opiniopini penulis
1033,1033,1033,0.0,,,,5.0,Tolong perbaiki mode tab nya. Tampilannya tidak bisa vertikal sempurna. Terimakasih,,False,id,False,"tolong, perbaiki, nya, tampilannya, tidak, bisa, vertikal, sempurna, terimakasih",,"mode, tab",False,tolong perbaiki mode tab nya tampilannya tidak bisa vertikal sempurna terimakasih
1034,1034,1034,1.0,,,,4.0,enak dan teratur untuk dibaca,,False,id,False,"enak, dan, teratur, untuk, dibaca",,,False,enak dan teratur untuk dibaca
1035,1035,1035,,1.0,,,5.0,Ada fitur text to speech dan semua fitur yang disediakan sangat memudahkan dan memuaskan user.,,False,id,True,"ada, fitur, dan, semua, fitur, yang, disediakan, sangat, memudahkan, dan, memuaskan","text, speech, user",to,False,ada fitur text to speech dan semua fitur yang disediakan sangat memudahkan dan memuaskan user
1036,1036,1036,,,,,3.0,udah nyoba trial yang 3 hari kok tetep ga bisa akses fitur premium ya?,-1.0,False,id,True,"udah, nyoba, yang, hari, kok, tetep, ga, bisa, akses, fitur",trial,"premium, ya",False,udah nyoba trial yang 3 hari kok tetep ga bisa akses fitur premium ya
1037,1037,1037,,,,,1.0,Aplikasinya jelek buruk dan lemot,-1.0,False,id,False,"aplikasinya, jelek, buruk, dan, lemot",,,False,aplikasinya jelek buruk dan lemot
1038,1038,1038,,,1.0,,5.0,Pas dapat diskon menjadi member,,False,id,False,"pas, dapat, diskon, menjadi",,member,False,pas dapat diskon menjadi member
1039,1039,1039,,,,1.0,5.0,sangat mencerahkan dengan berita independen,,False,id,False,"sangat, mencerahkan, dengan, berita, independen",,,False,sangat mencerahkan dengan berita independen
1040,1040,1040,,,,,5.0,saya menyukai apk ini cocok untuk membaca beritanya,,False,id,False,"saya, menyukai, apk, ini, cocok, untuk, membaca, beritanya",,,False,saya menyukai apk ini cocok untuk membaca beritanya
1041,1041,1041,,,,,5.0,"Saya sangat,kecewa susah masuknya Apl ini,ada apa..??",-1.0,False,id,True,"saya, sangat, kecewa, susah, masuknya, ini, ada, apa",apl,,False,saya sangatkecewa susah masuknya apl iniada apa
1042,1042,1042,,,,,5.0,Berita gus samsudin hari ini,,False,id,False,"berita, gus, hari, ini",,samsudin,False,berita gus samsudin hari ini
1043,1043,1043,,,,1.0,5.0,berita nya aktual dan mudah di mengerti,,False,id,False,"berita, nya, aktual, dan, mudah, mengerti",,di,False,berita nya aktual dan mudah di mengerti
1044,1044,1044,,,-1.0,,2.0,tapi mahal langganannya andai sekali bayar dan harga 30ribu mantap tuh,,False,id,False,"tapi, mahal, andai, sekali, bayar, dan, harga, ribu, mantap, tuh",,langganannya,False,tapi mahal langganannya andai sekali bayar dan harga 30ribu mantap tuh
1045,1045,1045,,,0.0,,5.0,biaya langganannya dimurahin dikit dong kalo buat mahasiswa hehe,,False,id,False,"biaya, dikit, dong, kalo, buat, mahasiswa, hehe",,"langganannya, dimurahin",False,biaya langganannya dimurahin dikit dong kalo buat mahasiswa hehe
1046,1046,1046,,,,1.0,5.0,"Sementara ini aku suka banget sama aplikasi satu ini karena menyediakan berbagai macam informasi, berita yang bisa menambah literasi saya.",,False,id,False,"sementara, ini, aku, suka, banget, sama, aplikasi, satu, ini, karena, menyediakan, berbagai, macam, informasi, berita, yang, bisa, menambah, literasi, saya",,,False,sementara ini aku suka banget sama aplikasi satu ini karena menyediakan berbagai macam informasi berita yang bisa menambah literasi saya
1047,1047,1047,,,,1.0,5.0,Sangat bagus isinya Kompas memang is the best,,False,tl,True,"sangat, bagus, isinya, memang","the, best","kompas, is",False,sangat bagus isinya kompas memang is the best
1048,1048,1048,,,,1.0,5.0,"Beritanya cepat, lengkap dan akurat",,False,id,False,"beritanya, cepat, lengkap, dan, akurat",,,False,beritanya cepat lengkap dan akurat
1049,1049,1049,,,,,3.0,Tidak bisa dibuka tap verifikasi macet melulu,-1.0,False,id,False,"tidak, bisa, dibuka, verifikasi, macet, melulu",,tap,False,tidak bisa dibuka tap verifikasi macet melulu
1050,1050,1050,,,,1.0,3.0,"beritanya cukup baik, sangat informatip",,False,id,False,"beritanya, cukup, baik, sangat",,informatip,False,beritanya cukup baik sangat informatip
1051,1051,1051,-1.0,,,,2.0,"ada iklan yang nyuruh pengguna harus berlangganan, cukup gede sih dan penempatannya juga di situ 🔥",,False,id,False,"ada, iklan, yang, nyuruh, pengguna, harus, berlangganan, cukup, gede, sih, dan, juga, situ",,"penempatannya, di",False,ada iklan yang nyuruh pengguna harus berlangganan cukup gede sih dan penempatannya juga di situ 
1052,1052,1052,,,,1.0,5.0,Berita2 yg kredibel dapat dpercaya,,False,id,False,"berita, kredibel, dapat",,"yg, dpercaya",False,berita2 yg kredibel dapat dpercaya
1053,1053,1053,,,,,4.0,so far so good lah,,False,so,True,lah,"far, good","so, so",False,so far so good lah
1054,1054,1054,,,,1.0,5.0,"suka, berita seimbang. . kompas selalu di hati.",,False,id,False,"suka, berita, seimbang, selalu, hati",,"kompas, di",False,suka berita seimbang  kompas selalu di hati
1055,1055,1055,,,,,5.0,"luarbiasa . mantap . dan menyenangkan. mudah , dan konsolidasi",,False,id,False,"luarbiasa, mantap, dan, menyenangkan, mudah, dan, konsolidasi",,,False,luarbiasa  mantap  dan menyenangkan mudah  dan konsolidasi
1056,1056,1056,,,,,5.0,Sangat baik terhadap keluhan pengguna,1.0,False,id,False,"sangat, baik, terhadap, keluhan, pengguna",,,False,sangat baik terhadap keluhan pengguna
1057,1057,1057,,,,1.0,5.0,berita yg aktual & seimbang,,False,id,False,"berita, aktual, seimbang",,yg,False,berita yg aktual  seimbang
1058,1058,1058,,-1.0,,,2.0,Sayangnya lembaran yang mau di-kliping tidak bisa di-downlaod seperti dulu.,,False,id,False,"sayangnya, lembaran, yang, mau, di-kliping, tidak, bisa, seperti, dulu",,di-downlaod,False,sayangnya lembaran yang mau dikliping tidak bisa didownlaod seperti dulu
1059,1059,1059,,,,,1.0,tidak mau baca koran boros .,,False,id,False,"tidak, mau, baca, koran, boros",,,False,tidak mau baca koran boros 
1060,1060,1060,,,,1.0,5.0,artikel-artikelx menarik dan enak dibaca,,False,id,False,"menarik, dan, enak, dibaca",,artikel-artikelx,False,artikelartikelx menarik dan enak dibaca
1061,1061,1061,,,,,3.0,"Pasti Bisa dibaca dari Koran... Lebih bagus, Baca yang Koran Analog alias Kertas...",,False,id,False,"pasti, bisa, dibaca, dari, koran, lebih, bagus, baca, yang, koran, alias, kertas",,analog,False,pasti bisa dibaca dari koran lebih bagus baca yang koran analog alias kertas
1062,1062,1062,,,,1.0,5.0,Berita yang disajikan sangat membantu publik memperoleh informasi yang menarik akurat dan terpercaya,,False,id,False,"berita, yang, disajikan, sangat, membantu, publik, memperoleh, informasi, yang, menarik, akurat, dan, terpercaya",,,False,berita yang disajikan sangat membantu publik memperoleh informasi yang menarik akurat dan terpercaya
1063,1063,1063,,,,1.0,5.0,"Konten berisi informasi yang substansial, update, menarik, menambah wawasan",,False,id,False,"konten, berisi, informasi, yang, substansial, menarik, menambah, wawasan",,update,False,konten berisi informasi yang substansial update menarik menambah wawasan
1064,1064,1064,,,,,1.0,nggak jelas MASUK aplikasi Ulang terus,-1.0,False,id,False,"nggak, jelas, masuk, aplikasi, ulang, terus",,,False,nggak jelas masuk aplikasi ulang terus
1065,1065,1065,,,,1.0,5.0,"Enak memang membaca berita dari Kompas ini., beritanya selalu Update dan masih bisa dipercaya ketimbang bebarapa media lainnya.",,False,id,False,"enak, memang, membaca, berita, dari, ini, beritanya, selalu, dan, masih, bisa, dipercaya, ketimbang, lainnya",,"kompas, update, bebarapa, media",False,enak memang membaca berita dari kompas ini beritanya selalu update dan masih bisa dipercaya ketimbang bebarapa media lainnya
1066,1066,1066,,,0.0,1.0,5.0,Bacaan yg bagus...ttpi hrus rela brlngganan,,False,id,False,"bacaan, bagus, rela",,"yg, ttpi, hrus, brlngganan",False,bacaan yg bagusttpi hrus rela brlngganan
1067,1067,1067,,,-1.0,,1.0,"uninstalll, gratisnya cm 5kali artikel hbs itu suruh langganan 50rb/bln",,False,id,False,"kali, artikel, hbs, itu, suruh, langganan, bln",,"uninstalll, gratisnya, cm, rb",False,uninstalll gratisnya cm 5kali artikel hbs itu suruh langganan 50rbbln
1068,1068,1068,,,,,4.0,Cara masuk nya susah ya,-1.0,False,id,False,"cara, masuk, nya, susah",,ya,False,cara masuk nya susah ya
1069,1069,1069,0.0,,,,4.0,Bagus cuma tidak ada pilihan font,,False,id,False,"bagus, cuma, tidak, ada, pilihan",,font,False,bagus cuma tidak ada pilihan font
1070,1070,1070,,,,1.0,5.0,"Terima kasih Kompas. id selalu menyajikan berita terbaik, valid dan bebas hoaks",,False,id,False,"terima, kasih, selalu, menyajikan, berita, terbaik, dan, bebas, hoaks",,"kompas, id, valid",False,terima kasih kompas id selalu menyajikan berita terbaik valid dan bebas hoaks
1071,1071,1071,,,,,5.0,Beritakanlah kabar yang baik serta positif.Lenyapkanlah segala kejahatan secara adil.Supaya Indonesia menjadi Negara Adil Makmur dan sentosa.,,False,id,False,"kabar, yang, baik, serta, positif, segala, kejahatan, secara, adil, supaya, indonesia, menjadi, negara, adil, makmur, dan, sentosa",,"beritakanlah, lenyapkanlah",False,beritakanlah kabar yang baik serta positiflenyapkanlah segala kejahatan secara adilsupaya indonesia menjadi negara adil makmur dan sentosa
1072,1072,1072,,,,-1.0,1.0,"Dah download tapi masih bingung memahaminya, krn berita sama foto nya ga nyambung.",,False,id,False,"dah, tapi, masih, bingung, memahaminya, krn, berita, sama, foto, nya, ga, nyambung",,download,False,dah download tapi masih bingung memahaminya krn berita sama foto nya ga nyambung
1073,1073,1073,,,,-1.0,1.0,"media sampah..melakukan penggiringan opini publik untuk membeci seseorang....udah kotor DAN TIDAK NETRAL...benci boleh, kalau memfitnah, udah sangat jahat",,False,id,False,"sampah, melakukan, opini, publik, untuk, seseorang, udah, kotor, dan, tidak, netral, benci, boleh, kalau, memfitnah, udah, sangat, jahat",,"media, penggiringan, membeci",False,media sampahmelakukan penggiringan opini publik untuk membeci seseorangudah kotor dan tidak netralbenci boleh kalau memfitnah udah sangat jahat
1074,1074,1074,,,,,5.0,Suka bisa baca berita dimna saja,,False,id,False,"suka, bisa, baca, berita, saja",,dimna,False,suka bisa baca berita dimna saja
1075,1075,1075,,,1.0,1.0,5.0,"Membantu banget, bisa baca koran di mana pun, bahkan saat tidak terkoneksi internet. Biaya langganan terjangkau.",,False,id,False,"membantu, banget, bisa, baca, koran, mana, pun, bahkan, saat, tidak, terkoneksi, biaya, langganan, terjangkau",,"di, internet",False,membantu banget bisa baca koran di mana pun bahkan saat tidak terkoneksi internet biaya langganan terjangkau
1076,1076,1076,,,,1.0,5.0,Kompas selalu up date dalam pemberitaan.,,False,id,True,"selalu, dalam, pemberitaan",date,"kompas, up",False,kompas selalu up date dalam pemberitaan
1077,1077,1077,,,,1.0,5.0,"Aplikasinya bagus. Kompas sepuluh menyajikan informasi yang menarik, keren dan berkualitas",,False,id,False,"aplikasinya, bagus, sepuluh, menyajikan, informasi, yang, menarik, keren, dan, berkualitas",,kompas,False,aplikasinya bagus kompas sepuluh menyajikan informasi yang menarik keren dan berkualitas
1078,1078,1078,,,,1.0,4.0,Situs media baca berita yang lengkap,,False,id,False,"situs, baca, berita, yang, lengkap",,media,False,situs media baca berita yang lengkap
1079,1079,1079,,,,0.0,3.0,Berberitalah dg berimbang dan proporsional. Jgn jd corong penguasa. Bela kepentingan rakyat di atas segalanya. Sukses slalu,,False,id,False,"berimbang, dan, proporsional, jgn, corong, penguasa, bela, kepentingan, rakyat, atas, segalanya, sukses, slalu",,"berberitalah, dg, jd, di",False,berberitalah dg berimbang dan proporsional jgn jd corong penguasa bela kepentingan rakyat di atas segalanya sukses slalu
1080,1080,1080,,,,1.0,5.0,Kompas mantap Berita ya netral,,False,id,False,"mantap, berita, netral",,"kompas, ya",False,kompas mantap berita ya netral
1081,1081,1081,,,,,1.0,Sudah langgan di web tapi ternyata gak bisa akses e paper di aplikasi,-1.0,False,id,True,"sudah, tapi, ternyata, gak, bisa, akses, aplikasi",paper,"langgan, di, web, e, di",False,sudah langgan di web tapi ternyata gak bisa akses e paper di aplikasi
1082,1082,1082,,,,1.0,4.0,Media Kompas baik suratkabarnya maupun KompasTV terpercaya informasinya.,,False,id,False,"baik, maupun, terpercaya, informasinya",,"media, kompas, suratkabarnya, kompastv",False,media kompas baik suratkabarnya maupun kompastv terpercaya informasinya
1083,1083,1083,,,,,5.0,Saya senang dengan adanya aplikasi ini,,False,id,False,"saya, senang, dengan, adanya, aplikasi, ini",,,False,saya senang dengan adanya aplikasi ini
1084,1084,1084,,,,-1.0,1.0,"Jika memang Kompasiana adalah anak perusahaan anda, penulis nya harus di saring lagi .... Semakin lama semakin ga berahlak ...",,False,id,False,"jika, memang, adalah, anak, perusahaan, anda, penulis, nya, harus, saring, lagi, semakin, lama, semakin, ga",,"kompasiana, di, berahlak",False,jika memang kompasiana adalah anak perusahaan anda penulis nya harus di saring lagi  semakin lama semakin ga berahlak 
1085,1085,1085,,,-1.0,,1.0,"Buruk banget, berita doang pake bayar. Ngapain juga, mending nonton TV, masih banyak akses berita di tempat lain",,False,id,False,"buruk, banget, berita, doang, pake, bayar, ngapain, juga, mending, nonton, masih, banyak, akses, berita, tempat, lain",,"tv, di",False,buruk banget berita doang pake bayar ngapain juga mending nonton tv masih banyak akses berita di tempat lain
1086,1086,1086,,,,,4.0,Aku langganan kompas sejak masih stm teknik jatinegara 1978,,False,id,False,"aku, langganan, sejak, masih, stm, teknik, jatinegara",,kompas,False,aku langganan kompas sejak masih stm teknik jatinegara 1978
1087,1087,1087,,,,,4.0,Ada berita apa la ?,,False,id,False,"ada, berita, apa",,la,False,ada berita apa la 
1088,1088,1088,,,,,2.0,"Slmt pagi , smg smua sht",,False,sq,True,"pagi, smua",smg,"slmt, sht",False,slmt pagi  smg smua sht
1089,1089,1089,,,,-1.0,1.0,media politik.. media tidak netral..!!,,False,id,False,"politik, tidak, netral",,"media, media",False,media politik media tidak netral
1090,1090,1090,,,,,3.0,Ini jaman canggih barita harus bunuj,,False,id,False,"ini, jaman, canggih, harus",,"barita, bunuj",False,ini jaman canggih barita harus bunuj
1091,1091,1091,,,,-1.0,1.0,"Wartawannya bisa dibayar, dewan redaksi menutupi.",,False,id,False,"bisa, dibayar, dewan, redaksi, menutupi",,wartawannya,False,wartawannya bisa dibayar dewan redaksi menutupi
1092,1092,1092,,,,,5.0,Bintang lima untuk kompas yang sudah menemani saya sejak kecil,,False,id,False,"bintang, lima, untuk, yang, sudah, menemani, saya, sejak, kecil",,kompas,False,bintang lima untuk kompas yang sudah menemani saya sejak kecil
1093,1093,1093,,,-1.0,,3.0,"males banget dah,pake langganan segala.. kenapa ga berikut kuota internet aja sih.",,False,id,True,"banget, dah, pake, langganan, segala, kenapa, ga, berikut, kuota, aja, sih",males,internet,False,males banget dahpake langganan segala kenapa ga berikut kuota internet aja sih
1094,1094,1094,,,-1.0,,1.0,emang nih masa baca berita mesti bayar,,False,id,False,"emang, nih, masa, baca, berita, mesti, bayar",,,False,emang nih masa baca berita mesti bayar
1095,1095,1095,,,,,3.0,saya blm terlalu sering baca kompas.id jd baru mulai star,,False,id,True,"saya, terlalu, sering, baca, baru, mulai",star,"blm, kompas, id, jd",False,saya blm terlalu sering baca kompasid jd baru mulai star
1096,1096,1096,,,,1.0,4.0,"surat kabar yg patut jadi rujukan, independen dan dapat dipercaya",,False,id,False,"surat, kabar, patut, jadi, rujukan, independen, dan, dapat, dipercaya",,yg,False,surat kabar yg patut jadi rujukan independen dan dapat dipercaya
1097,1097,1097,,,,,1.0,gak bisa di baca.. gak brmanfaat,-1.0,False,id,False,"gak, bisa, baca, gak",,"di, brmanfaat",False,gak bisa di baca gak brmanfaat
1098,1098,1098,,,,0.0,5.0,Buat berita yg realita dan kongktit,,False,id,False,"buat, berita, realita, dan",,"yg, kongktit",False,buat berita yg realita dan kongktit
1099,1099,1099,,,,1.0,5.0,"Dapat membaca berita Nasional sampai berita perdesaan ,",,False,id,False,"dapat, membaca, berita, nasional, sampai, berita, perdesaan",,,False,dapat membaca berita nasional sampai berita perdesaan 
1100,1100,1100,,,-1.0,,1.0,Payah semua artikel harus berlangganan walaupun artikel bebas..ujung2nya harus langganan!! Mendingan berita online yg lain!!,,False,id,False,"payah, semua, artikel, harus, berlangganan, walaupun, artikel, bebas, ujung, nya, harus, langganan, mendingan, berita, lain",,"online, yg",False,payah semua artikel harus berlangganan walaupun artikel bebasujung2nya harus langganan mendingan berita online yg lain
1101,1101,1101,,,1.0,,1.0,So many news for free,,False,en,False,,"many, news, for, free",so,False,so many news for free
1102,1102,1102,,,,1.0,5.0,Komplit beritanya dan bisa di percaya beritanya.,,False,id,False,"komplit, beritanya, dan, bisa, percaya, beritanya",,di,False,komplit beritanya dan bisa di percaya beritanya
1103,1103,1103,,,,,5.0,Tes dulu aja kali gue enggak juga bisa tidur nyenyak banget sih,,False,id,False,"tes, dulu, aja, kali, gue, enggak, juga, bisa, tidur, nyenyak, banget, sih",,,False,tes dulu aja kali gue enggak juga bisa tidur nyenyak banget sih
1104,1104,1104,,,,,3.0,Agar lebih jelas cepat dari yang lainnya,,False,id,False,"agar, lebih, jelas, cepat, dari, yang, lainnya",,,False,agar lebih jelas cepat dari yang lainnya
1105,1105,1105,,,,1.0,4.0,Berita cepat gak beli koran,,False,id,False,"berita, cepat, gak, beli, koran",,,False,berita cepat gak beli koran
1106,1106,1106,,,,,5.0,Belum selesai donload tp bahahagia,,False,id,False,"belum, selesai",,"donload, tp, bahahagia",False,belum selesai donload tp bahahagia
1107,1107,1107,,,,,5.0,Sangat puas dan sangat bermanfaat,,False,id,False,"sangat, puas, dan, sangat, bermanfaat",,,False,sangat puas dan sangat bermanfaat
1108,1108,1108,,0.0,,,1.0,"Setiap e_paper & buku yg udah d download, jika mau d baca lagi harus 
download ulang.",,False,id,True,"setiap, buku, udah, jika, mau, baca, lagi, harus, ulang",paper,"e, yg, d, download, d, download",False,setiap e_paper  buku yg udah d download jika mau d baca lagi harus download ulang
1109,1109,1109,,,,,1.0,Males.! Dibikin ribet. .. langsung copot lagi,,False,tl,True,"dibikin, ribet, langsung, copot, lagi",males,,False,males dibikin ribet  langsung copot lagi
1110,1110,1110,,,,,5.0,Baca harian kompas sabil ngopi baru asik,,False,id,False,"baca, harian, ngopi, baru, asik",,"kompas, sabil",False,baca harian kompas sabil ngopi baru asik
1111,1111,1111,,,,,5.0,Sudah lama saya harapkan aku bisa membaca SKH Kompas setiap hari.,,False,id,False,"sudah, lama, saya, harapkan, aku, bisa, membaca, setiap, hari",,"skh, kompas",False,sudah lama saya harapkan aku bisa membaca skh kompas setiap hari
1112,1112,1112,,0.0,,,2.0,"Baru download, mau dibaca sudah hilang dan suruh download ulang,, dan itu berkali""... Solusinya gmana ini?",-1.0,False,id,False,"baru, mau, dibaca, sudah, hilang, dan, suruh, ulang, dan, itu, berkali, solusinya, ini",,"download, download, gmana",False,baru download mau dibaca sudah hilang dan suruh download ulang dan itu berkali solusinya gmana ini
1113,1113,1113,,,-1.0,,2.0,Halah ini aplikasi terjeleeeeeeeeek sedunia.masak cuma bisa baca satu halaman doang,,False,id,False,"halah, ini, aplikasi, sedunia, masak, cuma, bisa, baca, satu, halaman, doang",,terjeleeeeeeeeek,False,halah ini aplikasi terjeleeeeeeeeek seduniamasak cuma bisa baca satu halaman doang
1114,1114,1114,,,,,3.0,"khan baru nyoba , jadi 3 bintang dulu yaaaa .... tengkiyuuuuuuuuuuuuu",,False,so,False,"baru, nyoba, jadi, bintang, dulu",,"khan, yaaaa, tengkiyuuuuuuuuuuuuu",False,khan baru nyoba  jadi 3 bintang dulu yaaaa  tengkiyuuuuuuuuuuuuu
1115,1115,1115,,,,,4.0,"akun saya kok gak bisa di buka, terus koran juga gak bisa",-1.0,False,id,False,"akun, saya, kok, gak, bisa, buka, terus, koran, juga, gak, bisa",,di,False,akun saya kok gak bisa di buka terus koran juga gak bisa
1116,1116,1116,,,,1.0,5.0,"Tidak akan bosan dengan apps ini karena konten-konten yang menarik, berita faktual, terkini, dan terpercaya.",,False,id,False,"tidak, akan, bosan, dengan, ini, karena, konten-konten, yang, menarik, berita, faktual, terkini, dan, terpercaya",,apps,False,tidak akan bosan dengan apps ini karena kontenkonten yang menarik berita faktual terkini dan terpercaya
1117,1117,1117,,,,,1.0,Sudah subscribed tp gak bisa log in. CS tdk membantu,-1.0,False,id,True,"sudah, gak, bisa, tdk, membantu",subscribed,"tp, log, in, cs",False,sudah subscribed tp gak bisa log in cs tdk membantu
1118,1118,1118,,,,,5.0,consume quotanya gede banget. sampai jadi nomor 2/3 dipengguna quota bulanan setelah youtube,-1.0,False,id,True,"gede, banget, sampai, jadi, nomor, bulanan, setelah","consume, quota","quotanya, dipengguna, youtube",False,consume quotanya gede banget sampai jadi nomor 23 dipengguna quota bulanan setelah youtube
1119,1119,1119,,,,,1.0,"Sudah ikut berlangganan malah tidak masuk, log in ga jelas",-1.0,False,id,False,"sudah, ikut, berlangganan, malah, tidak, masuk, ga, jelas",,"log, in",False,sudah ikut berlangganan malah tidak masuk log in ga jelas
1120,1120,1120,,,,,5.0,"Sdh baca kompas dari kecil, kenapa harus pindah bacaan ?

Always ter the best ya kompas
 آَمِيـٍـِـنْ يَــارَبَّ الْعَالَمِ",,False,id,True,"sdh, baca, dari, kecil, kenapa, harus, pindah, bacaan, ter","always, the, best","kompas, ya, kompas, آ, م, يـ, ـ, ـن, ي, ــار, ب, ال, ع, ال, م",False,sdh baca kompas dari kecil kenapa harus pindah bacaan  always ter the best ya kompas آميـــن يــارب العالم
1121,1121,1121,,,,,4.0,Aplikasinya bagus. Customer service tidak banyak membantu.,-1.0,False,id,True,"aplikasinya, bagus, tidak, banyak, membantu","customer, service",,False,aplikasinya bagus customer service tidak banyak membantu
1122,1122,1122,,,1.0,1.0,5.0,"Jurnalistik yang berkualitas. Tidak rugi apabila kita berlangganan. Dengan bahasa yang baku dan lugas, namun masih dapat difahami oleh masyarakat.",,False,id,False,"jurnalistik, yang, berkualitas, tidak, rugi, apabila, kita, berlangganan, dengan, bahasa, yang, baku, dan, lugas, namun, masih, dapat, oleh, masyarakat",,difahami,False,jurnalistik yang berkualitas tidak rugi apabila kita berlangganan dengan bahasa yang baku dan lugas namun masih dapat difahami oleh masyarakat
1123,1123,1123,,0.0,,,4.0,Mohon fitur baca audio bisa compatible dengan airpods.,,False,fr,True,"mohon, fitur, baca, bisa, dengan","compatible, airpods",audio,False,mohon fitur baca audio bisa compatible dengan airpods
1124,1124,1124,,,,,5.0,"Setelah di update, app tidak lagi crash. Very good.",1.0,False,id,True,"setelah, tidak, lagi","crash, very, good","di, update, app",False,setelah di update app tidak lagi crash very good
1125,1125,1125,,,,,1.0,mohon bisa kembali pd sistim sebelum nya krn ipadmini 3 sya gk bisa baca kompas digital sejak 3 hr lalu,-1.0,False,id,False,"mohon, bisa, kembali, sistim, sebelum, nya, krn, sya, bisa, baca, sejak, lalu",,"pd, ipadmini, gk, kompas, digital, hr",False,mohon bisa kembali pd sistim sebelum nya krn ipadmini 3 sya gk bisa baca kompas digital sejak 3 hr lalu
1126,1126,1126,,,,,5.0,Keren untuk update barunya. Saya suka,1.0,False,id,False,"keren, untuk, barunya, saya, suka",,update,False,keren untuk update barunya saya suka
1127,1127,1127,,,,,1.0,"Setelah upgrade terakhir, download epaper di apple ipad engga bisa dilakukan.",-1.0,False,id,False,"setelah, terakhir, engga, bisa, dilakukan",,"upgrade, download, epaper, di, apple, ipad",False,setelah upgrade terakhir download epaper di apple ipad engga bisa dilakukan
1128,1128,1128,,,,,5.0,Setelah update 4 hari lalu malah epaper ga bisa dibuka sama sekali,-1.0,False,id,False,"setelah, hari, lalu, malah, ga, bisa, dibuka, sama, sekali",,"update, epaper",False,setelah update 4 hari lalu malah epaper ga bisa dibuka sama sekali
1129,1129,1129,,,,,1.0,Saya tidak bisa unduh epaper bbrp hr ini. Sptnya ada hubungan dg versi ios ipad sy. Tlg segera perbaiki,-1.0,False,id,False,"saya, tidak, bisa, unduh, bbrp, ini, ada, hubungan, versi, segera, perbaiki",,"epaper, hr, sptnya, dg, ios, ipad, sy, tlg",False,saya tidak bisa unduh epaper bbrp hr ini sptnya ada hubungan dg versi ios ipad sy tlg segera perbaiki
1130,1130,1130,-1.0,,,,1.0,Kurang bagus icon nya. Masih ada flek hitam nya. Mohon diperbarui. Di iOS 14 zonk nih bro,,False,id,False,"kurang, bagus, nya, masih, ada, flek, hitam, nya, mohon, diperbarui, nih",,"icon, di, ios, zonk, bro",False,kurang bagus icon nya masih ada flek hitam nya mohon diperbarui di ios 14 zonk nih bro
1131,1131,1131,,,,,1.0,"Awal niatnya mau berlangganan, tapi ketika nyoba aplikasi kompas kurang nyaman lebih tepatnya gk bagus dan banyak kendala.",,False,id,False,"awal, niatnya, mau, berlangganan, tapi, ketika, nyoba, aplikasi, kurang, nyaman, lebih, tepatnya, bagus, dan, banyak, kendala",,"kompas, gk",False,awal niatnya mau berlangganan tapi ketika nyoba aplikasi kompas kurang nyaman lebih tepatnya gk bagus dan banyak kendala
1132,1132,1132,0.0,,,,1.0,Tolong appnyansupaya bisa rotate donk!!!,,False,tl,True,"tolong, bisa, donk",rotate,appnyansupaya,False,tolong appnyansupaya bisa rotate donk
1133,1133,1133,,,,,1.0,Kayanya ga cocok aplikasinya dengan ios terbaru,-1.0,False,id,False,"kayanya, ga, cocok, aplikasinya, dengan, terbaru",,ios,False,kayanya ga cocok aplikasinya dengan ios terbaru
1134,1134,1134,-1.0,,,,1.0,"Udah langganan,Gak bisa landscape . .
Sampah 👍",,False,id,True,"udah, langganan, gak, bisa, sampah",landscape,,False,udah langganangak bisa landscape   sampah 
1135,1135,1135,,,,,5.0,C’est mieux que la dernière version,,False,fr,False,,version,"c’est, mieux, que, la, dernière",False,cest mieux que la dernière version
1136,1136,1136,1.0,,,,5.0,"Menu edisi digital memiliki layout serupa dengan edisi koran cetak. Seolah tebal 32 laman kertas koran cetak diboyong utuh ke sapuhan jemari di layar ponsel. Pengoperasian aplikasi yang simpel dan praktis membuat aksesibilitas dan hobi baca bisa dinikmati tiada batasan tempat, wakti dan ruang. Selamat koran Kompas, tetaplah berinovasi dalam layanan kepada loyal reader kostumer.",,False,id,True,"edisi, memiliki, serupa, dengan, edisi, koran, cetak, seolah, tebal, laman, kertas, koran, cetak, diboyong, utuh, jemari, layar, ponsel, pengoperasian, aplikasi, yang, simpel, dan, praktis, membuat, aksesibilitas, dan, hobi, baca, bisa, dinikmati, tiada, batasan, tempat, dan, ruang, selamat, koran, tetaplah, berinovasi, dalam, layanan, kepada",reader,"menu, digital, layout, ke, sapuhan, di, wakti, kompas, loyal, kostumer",False,menu edisi digital memiliki layout serupa dengan edisi koran cetak seolah tebal 32 laman kertas koran cetak diboyong utuh ke sapuhan jemari di layar ponsel pengoperasian aplikasi yang simpel dan praktis membuat aksesibilitas dan hobi baca bisa dinikmati tiada batasan tempat wakti dan ruang selamat koran kompas tetaplah berinovasi dalam layanan kepada loyal reader kostumer
1137,1137,1137,,-1.0,,,1.0,"Ulasan saya akan tetap bintang satu sampai kemungkinan untuk memilih teks dalam mode artikel dikembalikan. Sangat disayangkan Anda terus memperbarui aplikasi tanpa menghadirkan kembali fitur ini. Jika tidak ada perkembangan, saya terpaksa beralih ke koran lain.",,False,id,False,"ulasan, saya, akan, tetap, bintang, satu, sampai, kemungkinan, untuk, memilih, teks, dalam, artikel, dikembalikan, sangat, disayangkan, anda, terus, memperbarui, aplikasi, tanpa, menghadirkan, kembali, fitur, ini, jika, tidak, ada, perkembangan, saya, terpaksa, beralih, koran, lain",,"mode, ke",False,ulasan saya akan tetap bintang satu sampai kemungkinan untuk memilih teks dalam mode artikel dikembalikan sangat disayangkan anda terus memperbarui aplikasi tanpa menghadirkan kembali fitur ini jika tidak ada perkembangan saya terpaksa beralih ke koran lain
1138,1138,1138,-1.0,,,,4.0,"sudah lumayan, cuma ada masalah di mode gelapnya kadang beberapa artikel masih latar belakang putih, mohon dimaksimalkan untuk mode gelapnya terimakasih.",,False,id,False,"sudah, lumayan, cuma, ada, masalah, gelapnya, kadang, beberapa, artikel, masih, latar, belakang, putih, mohon, untuk, gelapnya, terimakasih",,"di, mode, dimaksimalkan, mode",False,sudah lumayan cuma ada masalah di mode gelapnya kadang beberapa artikel masih latar belakang putih mohon dimaksimalkan untuk mode gelapnya terimakasih
1139,1139,1139,,,,1.0,4.0,"terimakasih atas berita politik, selebritis, tokoh masyarakat dan info kesehatan, traveling tempat - tempat spot wisata di Nusantara dan banyak lagi berita - berita yang menginspirasi tuk menambah wawasan cakrawala berfikir🇮🇩🌹❤️🌿🌱🙏",,False,id,True,"terimakasih, atas, berita, politik, selebritis, tokoh, masyarakat, dan, kesehatan, tempat, tempat, wisata, nusantara, dan, banyak, lagi, berita, berita, yang, menginspirasi, tuk, menambah, wawasan, cakrawala, berfikir",spot,"info, traveling, di",False,terimakasih atas berita politik selebritis tokoh masyarakat dan info kesehatan traveling tempat  tempat spot wisata di nusantara dan banyak lagi berita  berita yang menginspirasi tuk menambah wawasan cakrawala berfikir
1140,1140,1140,,,,,5.0,"KUHP baru ltu utk. Orang orang yang.suka mengganggu, sbg. orang orang..midodereni, boyokku mau di bikin sakit terus, tidak BISA : BERHENTI.",,False,id,False,"kuhp, baru, utk, orang, orang, yang, suka, mengganggu, sbg, orang, orang, mau, bikin, sakit, terus, tidak, bisa, berhenti",,"ltu, midodereni, boyokku, di",False,kuhp baru ltu utk orang orang yangsuka mengganggu sbg orang orangmidodereni boyokku mau di bikin sakit terus tidak bisa  berhenti
1141,1141,1141,,,,1.0,5.0,Selama saya baca beritanya sangat menarik ketika diulik terutama investigasi. Pertahankan untuk redaksinya buat beritanya jangan terjebak dengan blunder masalah dan problematika di Indonesia.,,False,id,False,"selama, saya, baca, beritanya, sangat, menarik, ketika, terutama, investigasi, pertahankan, untuk, buat, beritanya, jangan, terjebak, dengan, masalah, dan, indonesia",,"diulik, redaksinya, blunder, problematika, di",False,selama saya baca beritanya sangat menarik ketika diulik terutama investigasi pertahankan untuk redaksinya buat beritanya jangan terjebak dengan blunder masalah dan problematika di indonesia
1142,1142,1142,,,,1.0,5.0,"Saya berlangganan harian Kompas lebih dari 50 tahun, selain liputan berita nya luas dan aktual, opini dan analisis nya, yang terpenting Kompas konsisten sebagai pelopor penggunaan bahasa Indonesia yg baik dan benar.",,False,id,False,"saya, berlangganan, harian, lebih, dari, tahun, selain, liputan, berita, nya, luas, dan, aktual, opini, dan, analisis, nya, yang, terpenting, konsisten, sebagai, pelopor, penggunaan, bahasa, indonesia, baik, dan, benar",,"kompas, kompas, yg",False,saya berlangganan harian kompas lebih dari 50 tahun selain liputan berita nya luas dan aktual opini dan analisis nya yang terpenting kompas konsisten sebagai pelopor penggunaan bahasa indonesia yg baik dan benar
1143,1143,1143,,,-1.0,,2.0,"Dapet kupon langganan gratis lewat penukaran poin mytsel, berhasil, tapi tetep ga ngaruh, epaper bisa di dowbload kalo langganan yg 50k terus ngapain ada tukar poin dpt voucher berlangganan? Hey segera diperbaiki ini",,False,id,False,"dapet, kupon, langganan, gratis, lewat, penukaran, poin, berhasil, tapi, tetep, ga, bisa, kalo, langganan, terus, ngapain, ada, tukar, poin, dpt, voucher, berlangganan, segera, diperbaiki, ini",,"mytsel, ngaruh, epaper, di, dowbload, yg, k, hey",False,dapet kupon langganan gratis lewat penukaran poin mytsel berhasil tapi tetep ga ngaruh epaper bisa di dowbload kalo langganan yg 50k terus ngapain ada tukar poin dpt voucher berlangganan hey segera diperbaiki ini
1144,1144,1144,,,,1.0,1.0,"Sumber berita berkualitas tetapi yang dibungkus aplikasi sampah. Akun sudah berlangganan tetapi tidak bisa diakses, sudah coba logout dan login kembali dan sudah hapus memori tetap tidak bisa. Sangat mengecewakan.",-1.0,False,id,False,"sumber, berita, berkualitas, tetapi, yang, dibungkus, aplikasi, sampah, akun, sudah, berlangganan, tetapi, tidak, bisa, diakses, sudah, coba, logout, dan, login, kembali, dan, sudah, hapus, memori, tetap, tidak, bisa, sangat, mengecewakan",,,False,sumber berita berkualitas tetapi yang dibungkus aplikasi sampah akun sudah berlangganan tetapi tidak bisa diakses sudah coba logout dan login kembali dan sudah hapus memori tetap tidak bisa sangat mengecewakan
1145,1145,1145,,,,1.0,5.0,"Terima kasih Kompas, telah menjadi sahabat, setiap hariku. Membaca Kompas, seperti membaca Indonesia. Sebab Kompas, termasuk media nasional yang selalu terdepan mewartakan ragam fakta, figur, dan aneka peristiwa secara cepat dan aktual dari daerah-daerah di Indonesia. Tetap jadi kompas, pemberi arah dan jalan dalam mengarungi lautan dan hutan rimba, sebagaimana yang dicitakan Bung Karno. Salam, Merdeka✊🇮🇩",,False,id,False,"terima, kasih, telah, menjadi, sahabat, setiap, hariku, membaca, seperti, membaca, indonesia, sebab, termasuk, nasional, yang, selalu, terdepan, ragam, fakta, figur, dan, aneka, peristiwa, secara, cepat, dan, aktual, dari, daerah-daerah, indonesia, tetap, jadi, pemberi, arah, dan, jalan, dalam, mengarungi, lautan, dan, hutan, rimba, sebagaimana, yang, bung, karno, salam, merdeka",,"kompas, kompas, kompas, media, mewartakan, di, kompas, dicitakan",False,terima kasih kompas telah menjadi sahabat setiap hariku membaca kompas seperti membaca indonesia sebab kompas termasuk media nasional yang selalu terdepan mewartakan ragam fakta figur dan aneka peristiwa secara cepat dan aktual dari daerahdaerah di indonesia tetap jadi kompas pemberi arah dan jalan dalam mengarungi lautan dan hutan rimba sebagaimana yang dicitakan bung karno salam merdeka
1146,1146,1146,,,,1.0,5.0,Kompas Selalu Menjaga Wibawa Pemerintah Walau ada Kritik Dari Kompas Itu Untuk Oknum Kompas selalu menjaga wibawa pemerintah walau ada kritik dan Kompas,,False,id,False,"selalu, menjaga, wibawa, pemerintah, walau, ada, kritik, dari, itu, untuk, oknum, selalu, menjaga, wibawa, pemerintah, walau, ada, kritik, dan",,"kompas, kompas, kompas, kompas",False,kompas selalu menjaga wibawa pemerintah walau ada kritik dari kompas itu untuk oknum kompas selalu menjaga wibawa pemerintah walau ada kritik dan kompas
1147,1147,1147,,,,1.0,5.0,"Sy apresiasi bintang 5 namun tentunya, msh sudi selalu dgn perbaikan dari pendapat netijen lain atau dengan pertimbangan yg efektif. Hehe... Tp sy mau tnya nih, kompasiana aplikasi hp vers belum ad y min..? Soalny pasti ada yg gak selalu pegang laptop untuk tulis sesuatu.. Trims",,False,id,True,"apresiasi, bintang, namun, tentunya, msh, sudi, selalu, dgn, perbaikan, dari, pendapat, lain, atau, dengan, pertimbangan, efektif, hehe, mau, nih, aplikasi, belum, pasti, ada, gak, selalu, pegang, untuk, tulis, sesuatu, trims",vers,"sy, netijen, yg, tp, sy, tnya, kompasiana, hp, ad, y, min, soalny, yg, laptop",False,sy apresiasi bintang 5 namun tentunya msh sudi selalu dgn perbaikan dari pendapat netijen lain atau dengan pertimbangan yg efektif hehe tp sy mau tnya nih kompasiana aplikasi hp vers belum ad y min soalny pasti ada yg gak selalu pegang laptop untuk tulis sesuatu trims
1148,1148,1148,,,,1.0,5.0,"Berita lebih komprehensif, dan tidak memihak dan memang lebih objektif di lapangan Semoga dengan kompas.id terus berkembang kedepannya. Dan layanan semoga di permudahkan bagi semua kalangan masyarakat",,False,id,False,"berita, lebih, komprehensif, dan, tidak, memihak, dan, memang, lebih, objektif, lapangan, semoga, dengan, terus, berkembang, kedepannya, dan, layanan, semoga, bagi, semua, kalangan, masyarakat",,"di, kompas, id, di, permudahkan",False,berita lebih komprehensif dan tidak memihak dan memang lebih objektif di lapangan semoga dengan kompasid terus berkembang kedepannya dan layanan semoga di permudahkan bagi semua kalangan masyarakat
1149,1149,1149,,,,-1.0,1.0,"SAYA KECEWA, BERITA KADALUARSA TERMASUK LOWONGAN KERJA EMANG INI TH BERAPA HELLOOWW.. YG RELEVAN DIKIT DONG BIAR BERMANFAAT BUAT MASYARAKAT INDONESIA. APA G BISA TERMASUK LOWKER DI UPDATE NGIKUTI TH HYA. BAIKNYA DI KLARIFIKASI JGAN MEMUAT BERITA SEPERTI ORANG AWAM TENTANG MEDIA,",,False,id,False,"saya, kecewa, berita, kadaluarsa, termasuk, lowongan, kerja, emang, ini, berapa, relevan, dikit, dong, biar, bermanfaat, buat, masyarakat, indonesia, apa, bisa, termasuk, baiknya, klarifikasi, memuat, berita, seperti, orang, awam, tentang",,"th, hellooww, yg, g, lowker, di, update, ngikuti, th, hya, di, jgan, media",False,saya kecewa berita kadaluarsa termasuk lowongan kerja emang ini th berapa hellooww yg relevan dikit dong biar bermanfaat buat masyarakat indonesia apa g bisa termasuk lowker di update ngikuti th hya baiknya di klarifikasi jgan memuat berita seperti orang awam tentang media
1150,1150,1150,1.0,1.0,1.0,1.0,5.0,"baru saja coba dapat gratisan 3 bulan dari traveloka, sangat keren, tanpa iklan, beritanya daging semua, kalo malas baca bisa dibacain sama sistem, plus bs buka e paper, benar2 value for money",,False,id,True,"baru, saja, coba, dapat, gratisan, bulan, dari, sangat, keren, tanpa, iklan, beritanya, daging, semua, kalo, malas, baca, bisa, sama, sistem, buka, benar","paper, value, for, money","traveloka, dibacain, plus, bs, e",False,baru saja coba dapat gratisan 3 bulan dari traveloka sangat keren tanpa iklan beritanya daging semua kalo malas baca bisa dibacain sama sistem plus bs buka e paper benar2 value for money
1151,1151,1151,,,,1.0,5.0,Semoga tetap konsisten selalu pada jalur nya..jadila untuk bisa di percaya dan bisa mencerdaskan anak bangsa..jgn sampai kaya tetangga sebelah..berita yg tida kradibel..clikbait yg sebentar lagi punah,,False,id,False,"semoga, tetap, konsisten, selalu, pada, jalur, nya, untuk, bisa, percaya, dan, bisa, mencerdaskan, anak, bangsa, jgn, sampai, kaya, tetangga, sebelah, berita, tida, sebentar, lagi, punah",,"jadila, di, yg, kradibel, clikbait, yg",False,semoga tetap konsisten selalu pada jalur nyajadila untuk bisa di percaya dan bisa mencerdaskan anak bangsajgn sampai kaya tetangga sebelahberita yg tida kradibelclikbait yg sebentar lagi punah
1152,1152,1152,,,,0.0,5.0,"Buat yang mau baca e-paper tpi gk mau download terus, bisa diakalin dgn 
kunci app nya di task manager agar cachenya gk dihapus. Caranya klik tombol 
yg di keypad, tombol selain home sma tombol kembali. Terus geser dah, 
karena hp saya xiaomi biasanya tinggal digeser kebawah sampai muncul ikon 
kunci di app itu. Tapi kembali lagi feedback buat kompas, tolong dong app 
nya diupdate, setidaknya klo udah download e-paper diberi waktu minimal 
sehari lah sebelum e-paper itu otomatis kehapus. Lagi pula ini kan buat 
kepuasan pelanggan kompas juga. Tapi kompas keren lah, saya bangga menjadi 
bagian harian kompas",,False,id,True,"buat, yang, mau, baca, tpi, mau, terus, bisa, dgn, kunci, nya, agar, dihapus, caranya, klik, tombol, tombol, selain, sma, tombol, kembali, terus, geser, dah, karena, saya, xiaomi, biasanya, tinggal, digeser, kebawah, sampai, muncul, ikon, kunci, itu, tapi, kembali, lagi, buat, tolong, dong, nya, diupdate, setidaknya, klo, udah, diberi, waktu, minimal, sehari, lah, sebelum, itu, otomatis, lagi, pula, ini, kan, buat, kepuasan, pelanggan, juga, tapi, keren, lah, saya, bangga, menjadi, bagian, harian","e-paper, task, manager, home, feedback, e-paper, e-paper","gk, download, diakalin, app, di, cachenya, gk, yg, di, keypad, hp, di, app, kompas, app, download, kehapus, kompas, kompas, kompas",False,buat yang mau baca epaper tpi gk mau download terus bisa diakalin dgn kunci app nya di task manager agar cachenya gk dihapus caranya klik tombol yg di keypad tombol selain home sma tombol kembali terus geser dah karena hp saya xiaomi biasanya tinggal digeser kebawah sampai muncul ikon kunci di app itu tapi kembali lagi feedback buat kompas tolong dong app nya diupdate setidaknya klo udah download epaper diberi waktu minimal sehari lah sebelum epaper itu otomatis kehapus lagi pula ini kan buat kepuasan pelanggan kompas juga tapi kompas keren lah saya bangga menjadi bagian harian kompas
1153,1153,1153,,,,0.0,5.0,Konten untuk anak muda atau milenial diperbanyak agar para anak muda mau membaca. Promo manfaat kenapa harus download kompas.id harus gencar. Bukan hanya promo cara download. Trik promosi harus diubah deh. Katanya aplikasi premium....,,False,id,False,"konten, untuk, anak, muda, atau, milenial, diperbanyak, agar, para, anak, muda, mau, membaca, promo, manfaat, kenapa, harus, harus, gencar, bukan, hanya, promo, cara, trik, promosi, harus, diubah, deh, katanya, aplikasi",,"download, kompas, id, download, premium",False,konten untuk anak muda atau milenial diperbanyak agar para anak muda mau membaca promo manfaat kenapa harus download kompasid harus gencar bukan hanya promo cara download trik promosi harus diubah deh katanya aplikasi premium
1154,1154,1154,,,,1.0,5.0,"Saya pembaca harian Kompas (cetak) sejak dulu awalnya thn 1962 datang ke Jakarta utk kuliah..saat itu ada Surat kabar (koran)/harian Kompas, Sinar Harapan, Berita Buana, Merdeka. Harian Kompas menyuguhkan pelbagai topik/ bervariasi,... apalagi sekarang ini jauh lebih lengkap dan bisa dibaca melalui media electronic.",,False,id,True,"saya, pembaca, harian, cetak, sejak, dulu, awalnya, thn, datang, jakarta, utk, kuliah, saat, itu, ada, surat, kabar, koran, harian, sinar, harapan, berita, buana, merdeka, harian, menyuguhkan, pelbagai, topik, bervariasi, apalagi, sekarang, ini, jauh, lebih, lengkap, dan, bisa, dibaca, melalui",electronic,"kompas, ke, kompas, kompas, media",False,saya pembaca harian kompas cetak sejak dulu awalnya thn 1962 datang ke jakarta utk kuliahsaat itu ada surat kabar koranharian kompas sinar harapan berita buana merdeka harian kompas menyuguhkan pelbagai topik bervariasi apalagi sekarang ini jauh lebih lengkap dan bisa dibaca melalui media electronic
1155,1155,1155,,,,1.0,5.0,Membaca kompas Minggu (edisi cetak) sejak sekolah menengah pertama. Kini beralih berlangganan edisi digital. Selalu saja merasa dicerdaskan setiap kali membaca artikel kompas.,,False,id,False,"membaca, minggu, edisi, cetak, sejak, sekolah, menengah, pertama, kini, beralih, berlangganan, edisi, selalu, saja, merasa, setiap, kali, membaca, artikel",,"kompas, digital, dicerdaskan, kompas",False,membaca kompas minggu edisi cetak sejak sekolah menengah pertama kini beralih berlangganan edisi digital selalu saja merasa dicerdaskan setiap kali membaca artikel kompas
1156,1156,1156,,,,,1.0,"Padahal sdh perpanjang langganan premium satu tahun. Tpi tdk bisa log in di aplikasi. Hanya bisa baca via browser. Cs sangat tidak bisa membantu. Kecewa berat. Tdk sperti Temp'. Hari ini keluhan lalu dipandu, bisa log in. Pdhal sdh mnjadi pembaca setia sejak mhisswa baca kompas. Aplikasi minta update melulu. Tpi tetap mengecewakan!",-1.0,False,id,True,"padahal, sdh, perpanjang, langganan, satu, tahun, tpi, tdk, bisa, aplikasi, hanya, bisa, baca, sangat, tidak, bisa, membantu, kecewa, berat, tdk, sperti, hari, ini, keluhan, lalu, dipandu, bisa, sdh, pembaca, setia, sejak, baca, aplikasi, minta, melulu, tpi, tetap, mengecewakan",temp,"premium, log, in, di, via, browser, cs, log, in, pdhal, mnjadi, mhisswa, kompas, update",False,padahal sdh perpanjang langganan premium satu tahun tpi tdk bisa log in di aplikasi hanya bisa baca via browser cs sangat tidak bisa membantu kecewa berat tdk sperti temp hari ini keluhan lalu dipandu bisa log in pdhal sdh mnjadi pembaca setia sejak mhisswa baca kompas aplikasi minta update melulu tpi tetap mengecewakan
1157,1157,1157,,,,,2.0,"Sebagai media ternama dan terbesar; kecewa dengan pelayanan hotline kompas via WA. Sepertinya setiap tahun selalu begini, kalau ingin perpanjang langganan. 

Tim hotline ga pernah mengerti masalah. Buat apa kasih promo bundling, tapi ga informatif kepada konsumen. Kasih info jg ga lengkap. Payah! Saya pelanggan kompas sdh lebih dr 15 tahun, dan kali ini urusan digital gini malah diabaikan.",-1.0,False,id,True,"sebagai, ternama, dan, terbesar, kecewa, dengan, pelayanan, sepertinya, setiap, tahun, selalu, begini, kalau, ingin, perpanjang, langganan, tim, ga, pernah, mengerti, masalah, buat, apa, kasih, promo, tapi, ga, informatif, kepada, konsumen, kasih, ga, lengkap, payah, saya, pelanggan, sdh, lebih, tahun, dan, kali, ini, urusan, gini, malah, diabaikan",bundling,"media, hotline, kompas, via, wa, hotline, info, jg, kompas, dr, digital",False,sebagai media ternama dan terbesar kecewa dengan pelayanan hotline kompas via wa sepertinya setiap tahun selalu begini kalau ingin perpanjang langganan tim hotline ga pernah mengerti masalah buat apa kasih promo bundling tapi ga informatif kepada konsumen kasih info jg ga lengkap payah saya pelanggan kompas sdh lebih dr 15 tahun dan kali ini urusan digital gini malah diabaikan
1158,1158,1158,,,,,3.0,Min. Sejak saya instal IOS 16.0.0 dan updatenya 16.0.2. Aplikasi kompas selalu close sendiri kalau scrol berita. Maksimal lebih dari 5 judul berapa tiba2 close. Padahal aplikasi kompas sudah saya update. Saya sudah coba re-instal sama aja.,-1.0,False,id,True,"sejak, saya, instal, dan, aplikasi, selalu, sendiri, kalau, berita, maksimal, lebih, dari, judul, berapa, tiba, padahal, aplikasi, sudah, saya, saya, sudah, coba, re-instal, sama, aja","close, close","min, ios, updatenya, kompas, scrol, kompas, update",False,min sejak saya instal ios 1600 dan updatenya 1602 aplikasi kompas selalu close sendiri kalau scrol berita maksimal lebih dari 5 judul berapa tiba2 close padahal aplikasi kompas sudah saya update saya sudah coba reinstal sama aja
1159,1159,1159,,,,,3.0,"Versi terbaru, kenapa ya, halaman awal (kompas) sering sekali reload dan patah2 kalau scroll ke bawah. iPad Pro / iPadOS 15.4.1.",-1.0,False,id,True,"versi, terbaru, kenapa, halaman, awal, sering, sekali, dan, patah, kalau, bawah",reload,"ya, kompas, scroll, ke, ipad, pro, ipados",False,versi terbaru kenapa ya halaman awal kompas sering sekali reload dan patah2 kalau scroll ke bawah ipad pro  ipados 1541
1160,1160,1160,,,-1.0,,1.0,"Sy mau cekout berlangganan dengan vocer blibli, proses cekout di komoas SUSAH setengah mati, loading melulu, mau dibayar eh malah balik ke halaman depan lagi, hilang vocer saya, katanya udah terpakai pdhl BELUM SEMPET CEKOUT, hangus vocer 70rb. Udah lah aplikasi jelek gak ketulungan PAYAH TOTAL, merugikan calon konsumen, ngga lagi2, kapok beli vocer app nya kompas. TANGGUNG JAWAB",-1.0,False,id,False,"mau, berlangganan, dengan, proses, susah, setengah, mati, melulu, mau, dibayar, malah, balik, halaman, depan, lagi, hilang, saya, katanya, udah, terpakai, belum, sempet, hangus, udah, lah, aplikasi, jelek, gak, payah, merugikan, calon, konsumen, ngga, lagi, kapok, beli, nya, tanggung, jawab",,"sy, cekout, vocer, blibli, cekout, di, komoas, loading, eh, ke, vocer, pdhl, cekout, vocer, rb, ketulungan, total, vocer, app, kompas",False,sy mau cekout berlangganan dengan vocer blibli proses cekout di komoas susah setengah mati loading melulu mau dibayar eh malah balik ke halaman depan lagi hilang vocer saya katanya udah terpakai pdhl belum sempet cekout hangus vocer 70rb udah lah aplikasi jelek gak ketulungan payah total merugikan calon konsumen ngga lagi2 kapok beli vocer app nya kompas tanggung jawab
1161,1161,1161,-1.0,,,,3.0,"Di IOS 14.8 untuk UI di bagian status langganan masih ada tag HTML nya. Informasi yg ditampilin juga bikin bingung, kalau bisa segera diperbaiki soalnya saya sudah berlangganan terus. Untuk yg bagian UI/Ukompas lainnya kalau menurut saya sudah cukup baik",,False,id,False,"untuk, bagian, langganan, masih, ada, nya, informasi, juga, bikin, bingung, kalau, bisa, segera, diperbaiki, soalnya, saya, sudah, berlangganan, terus, untuk, bagian, lainnya, kalau, menurut, saya, sudah, cukup, baik",,"di, ios, ui, di, status, tag, html, yg, ditampilin, yg, ui, ukompas",False,di ios 148 untuk ui di bagian status langganan masih ada tag html nya informasi yg ditampilin juga bikin bingung kalau bisa segera diperbaiki soalnya saya sudah berlangganan terus untuk yg bagian uiukompas lainnya kalau menurut saya sudah cukup baik
1162,1162,1162,0.0,,,,5.0,"Finally, a historic Indonesian newspaper on iPad. This latest version is still a bit unstable (occasional crashes when switching between tabs), but overall a  good app. If only there is a page number in all tabs view so we know where to scroll to go to different pages, that will be helpful.",-1.0,False,en,False,,"finally, historic, newspaper, this, latest, version, still, bit, unstable, occasional, crashes, when, switching, between, tabs, but, overall, good, only, there, page, number, all, tabs, view, know, where, different, pages, that, will, helpful","a, indonesian, on, ipad, is, a, a, app, if, is, a, in, so, we, to, scroll, to, go, to, be",False,finally a historic indonesian newspaper on ipad this latest version is still a bit unstable occasional crashes when switching between tabs but overall a good app if only there is a page number in all tabs view so we know where to scroll to go to different pages that will be helpful
1163,1163,1163,,,,,3.0,"It's a great app. Howevere, there is bug in downloading ePaper. It must be downloaded everytime we quit the app. There was not this problem before the latest update. I hope this review (feedback) is read by the app dev team. Sorry I had to give 3/5 stars.",-1.0,False,en,False,,"it's, great, there, downloading, must, downloaded, everytime, quit, the, there, was, not, this, problem, before, the, latest, hope, this, feedback, read, the, team, sorry, had, give, stars","a, app, howevere, is, bug, in, epaper, it, be, we, app, update, i, review, is, by, app, dev, i, to",False,its a great app howevere there is bug in downloading epaper it must be downloaded everytime we quit the app there was not this problem before the latest update i hope this review feedback is read by the app dev team sorry i had to give 35 stars
1164,1164,1164,,,0.0,,,saya sedang mencoba versi gratisnya dulu sebelum berlangganan,,False,id,False,"saya, sedang, mencoba, versi, dulu, sebelum, berlangganan",,gratisnya,False,saya sedang mencoba versi gratisnya dulu sebelum berlangganan
1165,1165,1165,,,0.0,,,perlu berlangganan premium untuk bisa download e-paper,,False,id,True,"perlu, berlangganan, untuk, bisa",e-paper,"premium, download",False,perlu berlangganan premium untuk bisa download epaper
1166,1166,1166,,,1.0,,,"diskon untuk pengguna baru cukup besar, sangat membantu",,False,id,False,"diskon, untuk, pengguna, baru, cukup, besar, sangat, membantu",,,False,diskon untuk pengguna baru cukup besar sangat membantu
1167,1167,1167,,,1.0,,,iuran bulanan kompas id termasuk paling murah di antara media premium sejenis,,False,id,False,"iuran, bulanan, termasuk, paling, murah, antara, sejenis",,"kompas, id, di, media, premium",False,iuran bulanan kompas id termasuk paling murah di antara media premium sejenis
1168,1168,1168,0.0,,,,,tolong tambahkan mode baca malam agar tidak menyilaukan di tempat gelap,,False,id,False,"tolong, tambahkan, baca, malam, agar, tidak, menyilaukan, tempat, gelap",,"mode, di",False,tolong tambahkan mode baca malam agar tidak menyilaukan di tempat gelap
1169,1169,1169,0.0,,,,,navigasi kategori berita bisa diakses dari menu utama di bawah layar,,False,id,False,"navigasi, kategori, berita, bisa, diakses, dari, utama, bawah, layar",,"menu, di",False,navigasi kategori berita bisa diakses dari menu utama di bawah layar
1170,1170,1170,0.0,,,,,sebaiknya ada pilihan tampilan kompak untuk layar dengan resolusi kecil,,False,id,False,"sebaiknya, ada, pilihan, tampilan, kompak, untuk, layar, dengan, resolusi, kecil",,,False,sebaiknya ada pilihan tampilan kompak untuk layar dengan resolusi kecil
1171,1171,1171,0.0,,,,,tata letak konten di halaman depan menggunakan grid dua kolom,,False,id,False,"tata, letak, konten, halaman, depan, menggunakan, dua, kolom",,"di, grid",False,tata letak konten di halaman depan menggunakan grid dua kolom
1172,1172,1172,0.0,,,,,apakah bisa ditambahkan opsi untuk mengubah kontras tampilan artikel,,False,id,False,"apakah, bisa, ditambahkan, opsi, untuk, mengubah, kontras, tampilan, artikel",,,False,apakah bisa ditambahkan opsi untuk mengubah kontras tampilan artikel
1173,1173,1173,1.0,,,,,antarmuka yang simpel membuat pengalaman membaca tidak terganggu elemen lain,,False,id,False,"antarmuka, yang, simpel, membuat, pengalaman, membaca, tidak, terganggu, elemen, lain",,,False,antarmuka yang simpel membuat pengalaman membaca tidak terganggu elemen lain
1174,1174,1174,1.0,,,,,warna dan tipografi yang dipilih konsisten dan profesional di semua halaman,,False,id,False,"warna, dan, tipografi, yang, dipilih, konsisten, dan, profesional, semua, halaman",,di,False,warna dan tipografi yang dipilih konsisten dan profesional di semua halaman
1175,1175,1175,,0.0,,,,semoga fitur text to speech bisa berjalan di background sambil buka aplikasi lain,,False,id,True,"semoga, fitur, bisa, berjalan, sambil, buka, aplikasi, lain","text, speech, background","to, di",False,semoga fitur text to speech bisa berjalan di background sambil buka aplikasi lain
1176,1176,1176,,0.0,,,,mohon ditambahkan notifikasi pengingat baca harian agar tidak lupa buka aplikasi,,False,id,False,"mohon, ditambahkan, notifikasi, pengingat, baca, harian, agar, tidak, lupa, buka, aplikasi",,,False,mohon ditambahkan notifikasi pengingat baca harian agar tidak lupa buka aplikasi
1177,1177,1177,,1.0,,,,fitur berbagi artikel ke medsos berjalan mulus hanya dengan satu klik,,False,id,False,"fitur, berbagi, artikel, medsos, berjalan, mulus, hanya, dengan, satu, klik",,ke,False,fitur berbagi artikel ke medsos berjalan mulus hanya dengan satu klik
1178,1178,1178,,1.0,,,,fitur pencarian lanjutan dengan filter kategori sangat membantu menemukan berita spesifik,,False,id,False,"fitur, pencarian, lanjutan, dengan, kategori, sangat, membantu, menemukan, berita, spesifik",,filter,False,fitur pencarian lanjutan dengan filter kategori sangat membantu menemukan berita spesifik
1179,1179,1179,,1.0,,,,fitur highlight teks pada artikel memudahkan saya mencatat poin penting,,False,id,True,"fitur, teks, pada, artikel, memudahkan, saya, mencatat, poin, penting",highlight,,False,fitur highlight teks pada artikel memudahkan saya mencatat poin penting
1180,1180,1180,,1.0,,,,fitur tts suaranya jernih dan intonasinya cukup natural untuk didengar lama,,False,id,True,"fitur, tts, suaranya, jernih, dan, cukup, untuk, didengar, lama",natural,intonasinya,False,fitur tts suaranya jernih dan intonasinya cukup natural untuk didengar lama
1181,1181,1181,,,,,,login menggunakan akun google berjalan mulus tanpa perlu verifikasi berulang,1.0,False,id,False,"login, menggunakan, akun, berjalan, mulus, tanpa, perlu, verifikasi, berulang",,google,False,login menggunakan akun google berjalan mulus tanpa perlu verifikasi berulang
1182,1182,1182,,,,,,CS kompas id responsif dan membantu menyelesaikan masalah akses saya dengan cepat,1.0,False,id,False,"responsif, dan, membantu, menyelesaikan, masalah, akses, saya, dengan, cepat",,"cs, kompas, id",False,cs kompas id responsif dan membantu menyelesaikan masalah akses saya dengan cepat
1183,1183,1183,,,,-1.0,,"berita kompas sudah tidak secepat dulu, sering ketinggalan dibanding portal lain",,False,id,False,"berita, sudah, tidak, secepat, dulu, sering, ketinggalan, dibanding, lain",,"kompas, portal",False,berita kompas sudah tidak secepat dulu sering ketinggalan dibanding portal lain
1184,1184,1184,,,,-1.0,,"berita olahraga di kompas sangat lambat update, hasil pertandingan baru muncul beberapa jam kemudian",,False,id,False,"berita, olahraga, sangat, lambat, hasil, pertandingan, baru, muncul, beberapa, jam, kemudian",,"di, kompas, update",False,berita olahraga di kompas sangat lambat update hasil pertandingan baru muncul beberapa jam kemudian
1185,1185,1185,,,,-1.0,,"kecewa banget beritanya sering telat, kompetitor sudah muat duluan baru kompas nyusul",,False,id,False,"kecewa, banget, beritanya, sering, telat, kompetitor, sudah, muat, duluan, baru",,"kompas, nyusul",False,kecewa banget beritanya sering telat kompetitor sudah muat duluan baru kompas nyusul
1186,1186,1186,,,,-1.0,,"artikel tentang teknologi di kompas ketinggalan zaman, isinya basi sudah dibahas media lain minggu lalu",,False,id,False,"artikel, tentang, teknologi, ketinggalan, zaman, isinya, basi, sudah, dibahas, lain, minggu, lalu",,"di, kompas, media",False,artikel tentang teknologi di kompas ketinggalan zaman isinya basi sudah dibahas media lain minggu lalu
1187,1187,1187,,,,-1.0,,"berita daerah kompas sangat minim dan tidak update, kalah jauh dengan portal berita lokal",,False,id,False,"berita, daerah, sangat, minim, dan, tidak, kalah, jauh, dengan, berita, lokal",,"kompas, update, portal",False,berita daerah kompas sangat minim dan tidak update kalah jauh dengan portal berita lokal
1188,1188,1188,,,,-1.0,,"beberapa artikel kompas judulnya misleading dan tidak sesuai isi beritanya, clickbait sekali",,False,id,True,"beberapa, artikel, judulnya, dan, tidak, sesuai, isi, beritanya, sekali","misleading, clickbait",kompas,False,beberapa artikel kompas judulnya misleading dan tidak sesuai isi beritanya clickbait sekali
1189,1189,1189,,,,-1.0,,"isi berita kompas sering tidak akurat, banyak data yang salah dan tidak dicek ulang",,False,id,False,"isi, berita, sering, tidak, akurat, banyak, yang, salah, dan, tidak, dicek, ulang",,"kompas, data",False,isi berita kompas sering tidak akurat banyak data yang salah dan tidak dicek ulang
1190,1190,1190,,,,-1.0,,"jurnalisme kompas menurun drastis, faktanya tidak terverifikasi dan opini disajikan sebagai fakta",,False,id,False,"jurnalisme, menurun, drastis, faktanya, tidak, terverifikasi, dan, opini, disajikan, sebagai, fakta",,kompas,False,jurnalisme kompas menurun drastis faktanya tidak terverifikasi dan opini disajikan sebagai fakta
1191,1191,1191,,,,-1.0,,kompas makin sering muat berita sensasional tanpa verifikasi yang jelas,,False,id,False,"makin, sering, muat, berita, sensasional, tanpa, verifikasi, yang, jelas",,kompas,False,kompas makin sering muat berita sensasional tanpa verifikasi yang jelas
1192,1192,1192,,,,-1.0,,"kualitas tulisan di kompas makin buruk, banyak kesalahan fakta yang lolos dari editor",,False,id,False,"kualitas, tulisan, makin, buruk, banyak, kesalahan, fakta, yang, lolos, dari",,"di, kompas, editor",False,kualitas tulisan di kompas makin buruk banyak kesalahan fakta yang lolos dari editor
1193,1193,1193,,,,-1.0,,"kompas sudah tidak independen lagi, pemberitaannya sangat terasa berpihak",,False,id,False,"sudah, tidak, independen, lagi, sangat, terasa, berpihak",,"kompas, pemberitaannya",False,kompas sudah tidak independen lagi pemberitaannya sangat terasa berpihak
1194,1194,1194,,,,-1.0,,"liputannya tidak berimbang, satu pihak selalu dapat porsi lebih besar dari pihak lainnya",,False,id,False,"tidak, berimbang, satu, pihak, selalu, dapat, porsi, lebih, besar, dari, pihak, lainnya",,liputannya,False,liputannya tidak berimbang satu pihak selalu dapat porsi lebih besar dari pihak lainnya
1195,1195,1195,,,,-1.0,,"kompas makin kehilangan objektivitas, narasumber yang dikutip selalu dari kelompok yang sama",,False,id,False,"makin, kehilangan, narasumber, yang, dikutip, selalu, dari, kelompok, yang, sama",,"kompas, objektivitas",False,kompas makin kehilangan objektivitas narasumber yang dikutip selalu dari kelompok yang sama
1196,1196,1196,,,,-1.0,,"framing berita kompas sangat kentara keberpihakannnya, tidak ada keseimbangan sudut pandang",,False,id,True,"berita, sangat, kentara, tidak, ada, keseimbangan, sudut, pandang",framing,"kompas, keberpihakannnya",False,framing berita kompas sangat kentara keberpihakannnya tidak ada keseimbangan sudut pandang
1197,1197,1197,,,,-1.0,,"sudah tidak ada lagi jurnalisme investigatif yang berani di kompas, semuanya aman dan tidak kritis",,False,id,False,"sudah, tidak, ada, lagi, jurnalisme, yang, berani, semuanya, aman, dan, tidak, kritis",,"investigatif, di, kompas",False,sudah tidak ada lagi jurnalisme investigatif yang berani di kompas semuanya aman dan tidak kritis
1198,1198,1198,,,,-1.0,,"liputan kompas sangat dangkal, tidak ada kedalaman analisis sama sekali",,False,id,False,"liputan, sangat, dangkal, tidak, ada, kedalaman, analisis, sama, sekali",,kompas,False,liputan kompas sangat dangkal tidak ada kedalaman analisis sama sekali
1199,1199,1199,,,,-1.0,,"berita kompas pendek-pendek dan tidak tuntas, banyak pertanyaan yang tidak dijawab",,False,id,False,"berita, pendek-pendek, dan, tidak, tuntas, banyak, pertanyaan, yang, tidak, dijawab",,kompas,False,berita kompas pendekpendek dan tidak tuntas banyak pertanyaan yang tidak dijawab
1200,1200,1200,,,,-1.0,,"rubrik olahraga dan teknologi di kompas sangat kurang, hanya berita utama yang dibahas mendalam",,False,id,False,"rubrik, olahraga, dan, teknologi, sangat, kurang, hanya, berita, utama, yang, dibahas, mendalam",,"di, kompas",False,rubrik olahraga dan teknologi di kompas sangat kurang hanya berita utama yang dibahas mendalam
1201,1201,1201,,,,-1.0,,"kualitas tulisan kompas menurun, analisis yang dulu jadi ciri khasnya kini jarang ditemukan",,False,id,False,"kualitas, tulisan, menurun, analisis, yang, dulu, jadi, ciri, khasnya, kini, jarang, ditemukan",,kompas,False,kualitas tulisan kompas menurun analisis yang dulu jadi ciri khasnya kini jarang ditemukan
1202,1202,1202,,,,0.0,,semoga berita di kompas makin cepat dan selalu terkini setiap harinya,,False,id,False,"semoga, berita, makin, cepat, dan, selalu, terkini, setiap, harinya",,"di, kompas",False,semoga berita di kompas makin cepat dan selalu terkini setiap harinya
1203,1203,1203,,,,0.0,,harap berita olahraga terutama sepak bola bisa lebih sering diupdate,,False,id,False,"harap, berita, olahraga, terutama, sepak, bola, bisa, lebih, sering, diupdate",,,False,harap berita olahraga terutama sepak bola bisa lebih sering diupdate
1204,1204,1204,,,,0.0,,mohon berita teknologi dan startup lokal lebih banyak diliput kompas,,False,id,False,"mohon, berita, teknologi, dan, lokal, lebih, banyak, diliput",,"startup, kompas",False,mohon berita teknologi dan startup lokal lebih banyak diliput kompas
1205,1205,1205,,,,0.0,,semoga kompas bisa tingkatkan kecepatan upload berita terutama saat ada kejadian besar,,False,id,False,"semoga, bisa, tingkatkan, kecepatan, berita, terutama, saat, ada, kejadian, besar",,"kompas, upload",False,semoga kompas bisa tingkatkan kecepatan upload berita terutama saat ada kejadian besar
1206,1206,1206,,,,0.0,,tolong perbanyak liputan berita dari luar pulau jawa agar lebih merata,,False,id,False,"tolong, perbanyak, liputan, berita, dari, luar, pulau, jawa, agar, lebih, merata",,,False,tolong perbanyak liputan berita dari luar pulau jawa agar lebih merata
1207,1207,1207,,,,0.0,,semoga ke depannya kompas bisa muat berita daerah lebih banyak lagi,,False,id,False,"semoga, depannya, bisa, muat, berita, daerah, lebih, banyak, lagi",,"ke, kompas",False,semoga ke depannya kompas bisa muat berita daerah lebih banyak lagi
1208,1208,1208,,,,0.0,,harapannya berita internasional di kompas bisa lebih lengkap dan beragam,,False,id,False,"harapannya, berita, internasional, bisa, lebih, lengkap, dan, beragam",,"di, kompas",False,harapannya berita internasional di kompas bisa lebih lengkap dan beragam
1209,1209,1209,,,,0.0,,minta kompas untuk lebih sering update berita ekonomi dan bisnis harian,,False,id,False,"minta, untuk, lebih, sering, berita, ekonomi, dan, bisnis, harian",,"kompas, update",False,minta kompas untuk lebih sering update berita ekonomi dan bisnis harian
1210,1210,1210,,,,0.0,,semoga kompas tetap konsisten menjaga independensinya dari tekanan manapun,,False,id,False,"semoga, tetap, konsisten, menjaga, dari, tekanan, manapun",,"kompas, independensinya",False,semoga kompas tetap konsisten menjaga independensinya dari tekanan manapun
1211,1211,1211,,,,0.0,,harapannya pemberitaan kompas selalu berimbang dan memberi ruang bagi semua pihak,,False,id,False,"harapannya, pemberitaan, selalu, berimbang, dan, memberi, ruang, bagi, semua, pihak",,kompas,False,harapannya pemberitaan kompas selalu berimbang dan memberi ruang bagi semua pihak
1212,1212,1212,,,,0.0,,semoga kompas terus berpegang pada prinsip jurnalisme yang objektif dan tidak berpihak,,False,id,False,"semoga, terus, berpegang, pada, prinsip, jurnalisme, yang, objektif, dan, tidak, berpihak",,kompas,False,semoga kompas terus berpegang pada prinsip jurnalisme yang objektif dan tidak berpihak
1213,1213,1213,,,,0.0,,mohon kompas untuk terus menjaga keberimbangan dalam setiap liputannya,,False,id,False,"mohon, untuk, terus, menjaga, dalam, setiap",,"kompas, keberimbangan, liputannya",False,mohon kompas untuk terus menjaga keberimbangan dalam setiap liputannya
1214,1214,1214,,,,0.0,,semoga kompas bisa menghadirkan lebih banyak sudut pandang berbeda dalam satu isu,,False,id,False,"semoga, bisa, menghadirkan, lebih, banyak, sudut, pandang, berbeda, dalam, satu, isu",,kompas,False,semoga kompas bisa menghadirkan lebih banyak sudut pandang berbeda dalam satu isu
1215,1215,1215,,,,0.0,,harap kompas tetap berani mengkritik semua pihak tanpa terkecuali,,False,id,False,"harap, tetap, berani, mengkritik, semua, pihak, tanpa, terkecuali",,kompas,False,harap kompas tetap berani mengkritik semua pihak tanpa terkecuali
1216,1216,1216,,,,0.0,,semoga redaksi kompas selalu menjaga standar netralitas dalam pelaporan berita,,False,id,False,"semoga, redaksi, selalu, menjaga, standar, netralitas, dalam, pelaporan, berita",,kompas,False,semoga redaksi kompas selalu menjaga standar netralitas dalam pelaporan berita
1217,1217,1217,,,,0.0,,tolong pastikan setiap berita kompas sudah mendengar semua pihak yang terlibat,,False,id,False,"tolong, pastikan, setiap, berita, sudah, mendengar, semua, pihak, yang, terlibat",,kompas,False,tolong pastikan setiap berita kompas sudah mendengar semua pihak yang terlibat
1218,1218,1218,,,,0.0,,semoga kompas makin banyak memproduksi berita investigatif yang mendalam,,False,id,False,"semoga, makin, banyak, memproduksi, berita, yang, mendalam",,"kompas, investigatif",False,semoga kompas makin banyak memproduksi berita investigatif yang mendalam
1219,1219,1219,,,,0.0,,harapannya liputan kompas semakin tajam dan tidak hanya di permukaan saja,,False,id,False,"harapannya, liputan, semakin, tajam, dan, tidak, hanya, permukaan, saja",,"kompas, di",False,harapannya liputan kompas semakin tajam dan tidak hanya di permukaan saja
1220,1220,1220,,,,0.0,,mohon kompas untuk lebih banyak menyajikan analisis mendalam bukan hanya laporan peristiwa,,False,id,False,"mohon, untuk, lebih, banyak, menyajikan, analisis, mendalam, bukan, hanya, laporan, peristiwa",,kompas,False,mohon kompas untuk lebih banyak menyajikan analisis mendalam bukan hanya laporan peristiwa
1221,1221,1221,,,,0.0,,semoga kompas terus meningkatkan kualitas riset dan verifikasi fakta sebelum terbit,,False,id,False,"semoga, terus, meningkatkan, kualitas, riset, dan, verifikasi, fakta, sebelum, terbit",,kompas,False,semoga kompas terus meningkatkan kualitas riset dan verifikasi fakta sebelum terbit
1222,1222,1222,,,,0.0,,tolong kompas untuk lebih banyak hadirkan perspektif para ahli dalam setiap isu penting,,False,id,False,"tolong, untuk, lebih, banyak, hadirkan, perspektif, para, ahli, dalam, setiap, isu, penting",,kompas,False,tolong kompas untuk lebih banyak hadirkan perspektif para ahli dalam setiap isu penting
1223,1223,1223,,,,0.0,,semoga kompas bisa memperbanyak konten jurnalisme data yang informatif,,False,id,False,"semoga, bisa, memperbanyak, konten, jurnalisme, yang, informatif",,"kompas, data",False,semoga kompas bisa memperbanyak konten jurnalisme data yang informatif
1224,1224,1224,,,,0.0,,harapannya konten opini dan esai di kompas semakin beragam dan mencerminkan banyak suara,,False,id,False,"harapannya, konten, opini, dan, esai, semakin, beragam, dan, mencerminkan, banyak, suara",,"di, kompas",False,harapannya konten opini dan esai di kompas semakin beragam dan mencerminkan banyak suara
1225,1225,1225,,,,0.0,,semoga standar penulisan di kompas terus dijaga dengan baik oleh seluruh jurnalisnya,,False,id,False,"semoga, standar, penulisan, terus, dijaga, dengan, baik, oleh, seluruh",,"di, kompas, jurnalisnya",False,semoga standar penulisan di kompas terus dijaga dengan baik oleh seluruh jurnalisnya
1226,1226,1226,,,,0.0,,tolong kompas tambahkan lebih banyak liputan tentang isu lingkungan dan perubahan iklim,,False,id,False,"tolong, tambahkan, lebih, banyak, liputan, tentang, isu, lingkungan, dan, perubahan, iklim",,kompas,False,tolong kompas tambahkan lebih banyak liputan tentang isu lingkungan dan perubahan iklim
1227,1227,1227,,,,0.0,,semoga rubrik sains dan teknologi di kompas bisa lebih sering diperbarui,,False,id,False,"semoga, rubrik, sains, dan, teknologi, bisa, lebih, sering, diperbarui",,"di, kompas",False,semoga rubrik sains dan teknologi di kompas bisa lebih sering diperbarui
1228,1228,1228,,,,0.0,,mohon kompas lebih banyak meliput isu kesehatan masyarakat terutama di daerah terpencil,,False,id,False,"mohon, lebih, banyak, meliput, isu, kesehatan, masyarakat, terutama, daerah, terpencil",,"kompas, di",False,mohon kompas lebih banyak meliput isu kesehatan masyarakat terutama di daerah terpencil
1229,1229,1229,,,,0.0,,harap kompas tambahkan konten pendidikan yang lebih relevan bagi generasi muda,,False,id,False,"harap, tambahkan, konten, pendidikan, yang, lebih, relevan, bagi, generasi, muda",,kompas,False,harap kompas tambahkan konten pendidikan yang lebih relevan bagi generasi muda
1230,1230,1230,,,,0.0,,semoga kompas bisa memperluas cakupan berita budaya dan seni lokal nusantara,,False,id,False,"semoga, bisa, memperluas, cakupan, berita, budaya, dan, seni, lokal, nusantara",,kompas,False,semoga kompas bisa memperluas cakupan berita budaya dan seni lokal nusantara
1231,1231,1231,,,,0.0,,tolong tambahkan lebih banyak liputan tentang usaha kecil dan menengah di indonesia,,False,id,False,"tolong, tambahkan, lebih, banyak, liputan, tentang, usaha, kecil, dan, menengah, indonesia",,di,False,tolong tambahkan lebih banyak liputan tentang usaha kecil dan menengah di indonesia
1232,1232,1232,,,,0.0,,semoga kompas makin banyak mengangkat kisah inspiratif dari berbagai penjuru indonesia,,False,id,False,"semoga, makin, banyak, mengangkat, kisah, inspiratif, dari, berbagai, penjuru, indonesia",,kompas,False,semoga kompas makin banyak mengangkat kisah inspiratif dari berbagai penjuru indonesia
1233,1233,1233,,,,0.0,,mohon perbanyak konten yang membahas isu sosial dan kemasyarakatan secara mendalam,,False,id,False,"mohon, perbanyak, konten, yang, membahas, isu, sosial, dan, kemasyarakatan, secara, mendalam",,,False,mohon perbanyak konten yang membahas isu sosial dan kemasyarakatan secara mendalam
1234,1234,1234,,,,0.0,,semoga kompas bisa lebih banyak menyajikan berita dalam format visual yang menarik,,False,id,False,"semoga, bisa, lebih, banyak, menyajikan, berita, dalam, yang, menarik",,"kompas, format, visual",False,semoga kompas bisa lebih banyak menyajikan berita dalam format visual yang menarik
1235,1235,1235,,,,0.0,,harap kompas tambahkan lebih banyak infografis untuk memudahkan pemahaman berita kompleks,,False,id,False,"harap, tambahkan, lebih, banyak, infografis, untuk, memudahkan, pemahaman, berita, kompleks",,kompas,False,harap kompas tambahkan lebih banyak infografis untuk memudahkan pemahaman berita kompleks
1236,1236,1236,,,,0.0,,tolong kompas hadirkan lebih banyak konten podcast berita untuk yang lebih suka mendengarkan,,False,id,True,"tolong, hadirkan, lebih, banyak, konten, berita, untuk, yang, lebih, suka, mendengarkan",podcast,kompas,False,tolong kompas hadirkan lebih banyak konten podcast berita untuk yang lebih suka mendengarkan
1237,1237,1237,,,,0.0,,semoga kompas bisa memperbanyak liputan berbentuk video pendek yang mudah dicerna,,False,id,False,"semoga, bisa, memperbanyak, liputan, berbentuk, pendek, yang, mudah, dicerna",,"kompas, video",False,semoga kompas bisa memperbanyak liputan berbentuk video pendek yang mudah dicerna
1238,1238,1238,,,,0.0,,mohon kompas sediakan lebih banyak artikel dengan bahasa yang mudah dipahami semua kalangan,,False,id,False,"mohon, sediakan, lebih, banyak, artikel, dengan, bahasa, yang, mudah, dipahami, semua, kalangan",,kompas,False,mohon kompas sediakan lebih banyak artikel dengan bahasa yang mudah dipahami semua kalangan
1239,1239,1239,,,,0.0,,harapannya kompas bisa menyajikan berita panjang dengan format yang lebih nyaman dibaca,,False,id,False,"harapannya, bisa, menyajikan, berita, panjang, dengan, yang, lebih, nyaman, dibaca",,"kompas, format",False,harapannya kompas bisa menyajikan berita panjang dengan format yang lebih nyaman dibaca
1240,1240,1240,,,,0.0,,semoga kompas bisa menghadirkan seri berita mendalam yang terstruktur untuk isu-isu besar,,False,id,False,"semoga, bisa, menghadirkan, seri, berita, mendalam, yang, terstruktur, untuk, isu-isu, besar",,kompas,False,semoga kompas bisa menghadirkan seri berita mendalam yang terstruktur untuk isuisu besar
1241,1241,1241,,,,-1.0,,"isinya tdk terlalu lengkap, lebih lengkap apl news sebelah",,False,id,True,"isinya, tdk, terlalu, lengkap, lebih, lengkap, sebelah","apl, news",,False,isinya tdk terlalu lengkap lebih lengkap apl news sebelah
1242,1242,1242,,,,,,GoodJob,,False,too_short,False,,,goodjob,False,goodjob
1243,1243,1243,,,,,,mantap,,False,too_short,False,mantap,,,False,mantap
1244,1244,1244,,,,,,"bermanfaat, menambah wawasan",,False,id,False,"bermanfaat, menambah, wawasan",,,False,bermanfaat menambah wawasan
1245,1245,1245,,,,,,mantap dan bermanfaat,,False,id,False,"mantap, dan, bermanfaat",,,False,mantap dan bermanfaat
1246,1247,1247,,,,,,Baik betul-betul baik,,False,id,False,"baik, betul-betul, baik",,,False,baik betulbetul baik
1247,1248,1248,,,,,,keren,,False,too_short,False,keren,,,False,keren
1248,1249,1249,,,,,,kurang lengkap,,False,tl,False,"kurang, lengkap",,,False,kurang lengkap
1249,1250,1250,,,,,,jadi tidak,,False,id,False,"jadi, tidak",,,False,jadi tidak
1250,1251,1251,,,,,,lets me laugh,,False,fr,False,,"lets, laugh",me,False,lets me laugh
1251,1252,1252,,,,,,Mantap dan keren,,False,id,False,"mantap, dan, keren",,,False,mantap dan keren
1252,1254,1254,,,,,,Bagus,,False,too_short,False,bagus,,,False,bagus
1253,1255,1255,,,,,,ok,,False,too_short,False,,,ok,False,ok
1254,1256,1256,,,,,,kompas berita👍,,False,id,False,berita,,kompas,False,kompas berita
1255,1257,1257,,,,,,Baik bwnar mwngikuti,,False,sw,False,baik,,"bwnar, mwngikuti",False,baik bwnar mwngikuti
1256,1258,1258,,,,,,bagus,,False,too_short,False,bagus,,,False,bagus
1257,1260,1260,,,,,,Kompas terbaik,,False,id,False,terbaik,,kompas,False,kompas terbaik
1258,1261,1261,,,,,,good,,False,too_short,False,,good,,False,good
1259,1262,1262,,,,,,keren KOMPAS,,False,no,False,keren,,kompas,False,keren kompas
1260,1263,1263,,,,,,Kreatifitas Tanpa Batas,,False,id,False,"kreatifitas, tanpa, batas",,,False,kreatifitas tanpa batas
1261,1264,1264,,,,,,luar biasa,,False,id,False,"luar, biasa",,,False,luar biasa
1262,1266,1266,,,,,,kerenn kompas,,False,no,False,,,"kerenn, kompas",False,kerenn kompas
1263,1268,1268,,,,,,Patut dijadikan rujukan.,,False,id,False,"patut, dijadikan, rujukan",,,False,patut dijadikan rujukan
1264,1270,1270,,,,,,Terima Kasih Kompas,,False,id,False,"terima, kasih",,kompas,False,terima kasih kompas
1265,1271,1271,,,,,,mantafff,,False,too_short,False,,,mantafff,False,mantafff
1266,1272,1272,,,,,,baik,,False,too_short,False,baik,,,False,baik
1267,1273,1273,,,,,,Enak dibaca,,False,id,False,"enak, dibaca",,,False,enak dibaca
1268,1274,1274,,,,,,berita sll updat,,False,sv,False,berita,,"sll, updat",False,berita sll updat
1269,1275,1275,,,,,,Fontnya resmi banget,,False,id,False,"resmi, banget",,fontnya,False,fontnya resmi banget
1270,1276,1276,,,,,,Mahaaalll,,False,too_short,False,,,mahaaalll,False,mahaaalll
1271,1277,1277,,,,,,bismillah insyaAllah,,False,so,False,"bismillah, insyaallah",,,False,bismillah insyaallah
1272,1279,1279,,,,,,ala men.,,False,id,True,ala,men,,False,ala men
1273,1281,1281,,,,,,menambah wawasan,,False,id,False,"menambah, wawasan",,,False,menambah wawasan
1274,1282,1282,,,,,,suka banget,,False,id,False,"suka, banget",,,False,suka banget
1275,1283,1283,,,,,,Mantul,,False,too_short,False,,,mantul,False,mantul
1276,1285,1285,,,,,,Bermanfaat,,False,too_short,False,bermanfaat,,,False,bermanfaat
1277,1286,1286,,,,,,do your best,,False,es,False,,"your, best",do,False,do your best
1278,1288,1288,,,,,,Top,,False,too_short,False,,top,,False,top
1279,1291,1291,,,,,,Aplikasi tidak lengkap,,False,id,False,"aplikasi, tidak, lengkap",,,False,aplikasi tidak lengkap
1280,1292,1292,,,,,,tetaplah terpercaya,,False,id,False,"tetaplah, terpercaya",,,False,tetaplah terpercaya
1281,1294,1294,,,,,,Dengan Akun Bisnis,,False,id,False,"dengan, akun, bisnis",,,False,dengan akun bisnis
1282,1295,1295,,,,,,pirtli,,False,too_short,False,,,pirtli,False,pirtli
1283,1296,1296,,,,,,. Di,,False,too_short,False,,,di,False, di
1284,1297,1297,,,,,,Berita negeri,,False,id,False,"berita, negeri",,,False,berita negeri
1285,1298,1298,,,,,,aplikasi yang bagus,,False,id,False,"aplikasi, yang, bagus",,,False,aplikasi yang bagus
1286,1300,1300,,,,,,Oke si,,False,hr,False,,,"oke, si",False,oke si
1287,1302,1302,,,,,,great news,,False,en,False,,"great, news",,False,great news
1288,1303,1303,,,,,,mantab,,False,too_short,False,mantab,,,False,mantab
1289,1304,1304,,,,,,Keren,,False,too_short,False,keren,,,False,keren
1290,1305,1305,,,,,,berita terbaik,,False,id,False,"berita, terbaik",,,False,berita terbaik
1291,1308,1308,,,,,,good 👍,,False,too_short,False,,good,,False,good 
1292,1311,1311,,,,,,makasi,,False,too_short,False,,,makasi,False,makasi
1293,1314,1314,,,,,,Tertarik,,False,too_short,False,tertarik,,,False,tertarik
1294,1315,1315,,,,,,"mantap,akurat terpercaya",,False,id,False,"mantap, akurat, terpercaya",,,False,mantapakurat terpercaya
1295,1316,1316,,,,,,cukup bagus,,False,id,False,"cukup, bagus",,,False,cukup bagus
1296,1317,1317,,,,,,𝙎𝙖𝙣𝙜𝙖𝙩 𝙗𝙖𝙜𝙪𝙨,,False,unknown,False,,,"𝙎𝙖𝙣𝙜𝙖𝙩, 𝙗𝙖𝙜𝙪𝙨",False,𝙎𝙖𝙣𝙜𝙖𝙩 𝙗𝙖𝙜𝙪𝙨
1297,1318,1318,,,,,,good bener,,False,cy,True,bener,good,,False,good bener
1298,1320,1320,,,,,,Sementara baru mencoba...,,False,id,False,"sementara, baru, mencoba",,,False,sementara baru mencoba
1299,1323,1323,,,,,,Menarik dan baik.,,False,id,False,"menarik, dan, baik",,,False,menarik dan baik
1300,1325,1325,,,,,,ok banget,,False,no,False,banget,,ok,False,ok banget
1301,1326,1326,,,,,,ya bagus kok,,False,id,False,"bagus, kok",,ya,False,ya bagus kok
1302,1327,1327,,,,,,Informasi informatif,,False,en,False,"informasi, informatif",,,False,informasi informatif
1303,1328,1328,,,,,,Good,,False,too_short,False,,good,,False,good
1304,1329,1329,,,,,,cool,,False,too_short,False,,cool,,False,cool
1305,1332,1332,,,,,,Terima kasih,,False,id,False,"terima, kasih",,,False,terima kasih
1306,1333,1333,,,,,,Ok,,False,too_short,False,,,ok,False,ok
1307,1334,1334,,,,,,minta gratis pak,,False,lt,False,"minta, gratis, pak",,,False,minta gratis pak
1308,1335,1335,,,,,,bagus banget,,False,id,False,"bagus, banget",,,False,bagus banget
1309,1336,1336,,,,,,Mantap,,False,too_short,False,mantap,,,False,mantap
1310,1338,1338,,,,,,bagus sangat informatif,,False,id,False,"bagus, sangat, informatif",,,False,bagus sangat informatif
1311,1339,1339,,,,,,belum coba,,False,id,False,"belum, coba",,,False,belum coba
1312,1340,1340,,,,,,oke juga,,False,hr,False,juga,,oke,False,oke juga
1313,1341,1341,,,,,,"Ringan dibaca, berkualitas.",,False,id,False,"ringan, dibaca, berkualitas",,,False,ringan dibaca berkualitas
1314,1342,1342,,,,,,Baru coba,,False,so,False,"baru, coba",,,False,baru coba
1315,1343,1343,,,,,,Bacaan sehat bergizi...,,False,id,False,"bacaan, sehat, bergizi",,,False,bacaan sehat bergizi
1316,1344,1344,,,,,,Okay banget.,,False,tl,True,banget,okay,,False,okay banget
1317,1345,1345,,,,,,Mantabbbb,,False,too_short,False,,,mantabbbb,False,mantabbbb
1318,1347,1347,,,,,,sudah bagus,,False,id,False,"sudah, bagus",,,False,sudah bagus
1319,1348,1348,,,,,,menarik..,,False,too_short,False,menarik,,,False,menarik
1320,1349,1349,,,,,,berita nya terakurat,,False,id,False,"berita, nya",,terakurat,False,berita nya terakurat
1321,1350,1350,,,,,,mantapppps..,,False,too_short,False,,,mantapppps,False,mantapppps
1322,1353,1353,,,,,,Sangat menambah wawasan,,False,id,False,"sangat, menambah, wawasan",,,False,sangat menambah wawasan
1323,1354,1354,,,,,,Terbaik,,False,too_short,False,terbaik,,,False,terbaik
1324,1356,1356,,,,,,Ok👌,,False,too_short,False,,,ok,False,ok
1325,1358,1358,,,,,,info gratis,,False,en,False,gratis,,info,False,info gratis
1326,1359,1359,,,,,,Sangat baik sekali....,,False,id,False,"sangat, baik, sekali",,,False,sangat baik sekali
1327,1360,1360,,,,,,nice news,,False,pl,False,,"nice, news",,False,nice news
1328,1361,1361,,,,,,coba dulu,,False,ro,False,"coba, dulu",,,False,coba dulu
1329,1362,1362,,,,,,bagus lanjut,,False,id,False,"bagus, lanjut",,,False,bagus lanjut
1330,1364,1364,,,,,,UI/UX-nya bagus. Top,,False,id,True,bagus,top,"ui, ux-nya",False,uiuxnya bagus top
1331,1367,1367,,,,,,cukup trend,,False,ro,False,cukup,,trend,False,cukup trend
1332,1369,1369,,,,,,Good Job,,False,so,False,,"good, job",,False,good job
1333,1371,1371,,,,,,akurat,,False,too_short,False,akurat,,,False,akurat
1334,1373,1373,,,,,,berita dan dan,,False,id,False,"berita, dan, dan",,,False,berita dan dan
1335,1377,1377,,,,,,bagus beritanya,,False,id,False,"bagus, beritanya",,,False,bagus beritanya
1336,1380,1380,,,,,,Best,,False,too_short,False,,best,,False,best
1337,1382,1382,,,,,,Siiiip...,,False,too_short,False,,,siiiip,False,siiiip
1338,1383,1383,,,,,,Menarik,,False,too_short,False,menarik,,,False,menarik
1339,1384,1384,,,,,,Baik,,False,too_short,False,baik,,,False,baik
1340,1386,1386,,,,,,leren beritanya,,False,id,False,beritanya,,leren,False,leren beritanya
1341,1388,1388,,,,,,terpercaya dan meringankan,,False,id,False,"terpercaya, dan, meringankan",,,False,terpercaya dan meringankan
1342,1389,1389,,,,,,Sangat membantu,,False,id,False,"sangat, membantu",,,False,sangat membantu
1343,1391,1391,,,,,,top pokoe,,False,sk,False,,top,pokoe,False,top pokoe
1344,1392,1392,,,,,,bagus menarik,,False,id,False,"bagus, menarik",,,False,bagus menarik
1345,1395,1395,,,,,,SAYA.SLL INGIN.TAHU.BERITA2. TERBARU.SYUKUR.KALAU.ADA.KOMPAS.,,False,id,False,"saya, ingin, tahu, berita, terbaru, syukur, kalau, ada",,"sll, kompas",False,sayasll ingintahuberita2 terbarusyukurkalauadakompas
1346,1396,1396,,,,,,Maikel Jordan Maikel,,False,fi,False,,,"maikel, jordan, maikel",False,maikel jordan maikel
1347,1397,1397,,,,,,bagus sekali.,,False,id,False,"bagus, sekali",,,False,bagus sekali
1348,1398,1398,,,,,,oke,,False,too_short,False,,,oke,False,oke
1349,1399,1399,,,,,,Good 👍,,False,too_short,False,,good,,False,good 
1350,1400,1400,,,,,,Lumayan berkualitas konten-kontennya,,False,id,False,"lumayan, berkualitas, konten-kontennya",,,False,lumayan berkualitas kontenkontennya
1351,1401,1401,,,,,,Tingkatkan lagi,,False,tl,False,"tingkatkan, lagi",,,False,tingkatkan lagi
1352,1402,1402,,,,,,usefull,,False,too_short,False,,,usefull,False,usefull
1353,1404,1404,,,,,,optimal kan lahj,,False,id,False,kan,,"optimal, lahj",False,optimal kan lahj
1354,1405,1405,,,,,,mantao,,False,too_short,False,,,mantao,False,mantao
1355,1410,1410,,,,,,Good Media News,,False,cy,False,,"good, news",media,False,good media news
1356,1412,1412,,,,,,macam betul Jw,,False,id,False,"macam, betul",,jw,False,macam betul jw
1357,1413,1413,,,,,,Semakin mendidik,,False,id,False,"semakin, mendidik",,,False,semakin mendidik
1358,1415,1415,,,,,,Berita terkini,,False,id,False,"berita, terkini",,,False,berita terkini
1359,1418,1418,,,,,,Coba dulu,,False,ro,False,"coba, dulu",,,False,coba dulu
1360,1421,1421,,,,,,Ffre,,False,too_short,False,,,ffre,False,ffre
1361,1422,1422,,,,,,kompas selalu berisi,,False,id,False,"selalu, berisi",,kompas,False,kompas selalu berisi
1362,1423,1423,,,,,,Trimakasih,,False,too_short,False,trimakasih,,,False,trimakasih
1363,1424,1424,,,,,,Pekerjaan serabtn,,False,id,False,pekerjaan,,serabtn,False,pekerjaan serabtn
1364,1426,1426,,,,,,tetap pertahankan....,,False,id,False,"tetap, pertahankan",,,False,tetap pertahankan
1365,1427,1427,,,,,,berita nya terupdate,,False,id,False,"berita, nya, terupdate",,,False,berita nya terupdate
1366,1428,1428,,,,,,Aplikasi bagus,,False,id,False,"aplikasi, bagus",,,False,aplikasi bagus
1367,1430,1430,,,,,,Bagud sekali,,False,id,False,sekali,,bagud,False,bagud sekali
1368,1431,1431,,,,,,Survey abal abal,,False,so,False,"abal, abal",,survey,False,survey abal abal
1369,1432,1432,,,,,,penyajian yang ciamik,,False,id,False,"penyajian, yang, ciamik",,,False,penyajian yang ciamik
1370,1434,1434,,,,,,"Iy e,dan",,False,so,False,dan,,"iy, e",False,iy edan
1371,1440,1440,,,,,,membantu sekali,,False,id,False,"membantu, sekali",,,False,membantu sekali
1372,1441,1441,,,,,,APLIKASI KAPITALIS,,False,lt,False,"aplikasi, kapitalis",,,False,aplikasi kapitalis
1373,1442,1442,,,,,,Parkir basement,,False,id,True,parkir,basement,,False,parkir basement
1374,1443,1443,,,,,,independen,,False,too_short,False,independen,,,False,independen
1375,1445,1445,,,,,,Mbantu,,False,too_short,False,,,mbantu,False,mbantu
1376,1448,1448,,,,,,Mantap membatu,,False,id,False,"mantap, membatu",,,False,mantap membatu
1377,1449,1449,,,,,,nice,,False,too_short,False,,nice,,False,nice
1378,1450,1450,,,,,,berita nya meyakinkan,,False,id,False,"berita, nya, meyakinkan",,,False,berita nya meyakinkan
1379,1453,1453,,,,,,sangat bagus😊,,False,tl,False,"sangat, bagus",,,False,sangat bagus
1380,1456,1456,,,,,,Siap diikuti,,False,id,False,"siap, diikuti",,,False,siap diikuti
1381,1457,1457,,,,,,Jendela dunia !,,False,id,False,"jendela, dunia",,,False,jendela dunia 
1382,1459,1459,,,,,,Baru pertama membuka,,False,id,False,"baru, pertama, membuka",,,False,baru pertama membuka
1383,1460,1460,,,,,,ulasan lebih dalam,,False,id,False,"ulasan, lebih, dalam",,,False,ulasan lebih dalam
1384,1461,1461,,,,,,mantap...,,False,too_short,False,mantap,,,False,mantap
1385,1462,1462,,,,,,Nice,,False,too_short,False,,nice,,False,nice
1386,1465,1465,,,,,,tetap terpercaya,,False,id,False,"tetap, terpercaya",,,False,tetap terpercaya
1387,1466,1466,,,,,,Aplikasihnya bgs ya,,False,id,False,,bgs,"aplikasihnya, ya",False,aplikasihnya bgs ya
1388,1468,1468,,,,,,Media ga kredibel,,False,id,False,"ga, kredibel",,media,False,media ga kredibel
1389,1469,1469,,,,,,Oke,,False,too_short,False,,,oke,False,oke
1390,1470,1470,,,,,,sangat baik,,False,tl,False,"sangat, baik",,,False,sangat baik
1391,1473,1473,,,,,,mantap markotop,,False,id,False,mantap,,markotop,False,mantap markotop
1392,1474,1474,,,,,,keren.,,False,too_short,False,keren,,,False,keren
1393,1476,1476,,,,,,Adi Gunadi(Opsional).*,,False,it,False,"adi, opsional",,gunadi,False,adi gunadiopsional
1394,1477,1477,,,,,,Semangat sedulur,,False,id,False,"semangat, sedulur",,,False,semangat sedulur
1395,1478,1478,,,,,,Ribet,,False,too_short,False,ribet,,,False,ribet
1396,1480,1480,,,,,,bagus berita nya,,False,id,False,"bagus, berita, nya",,,False,bagus berita nya
1397,1481,1481,,,,,,exelent,,False,too_short,False,,,exelent,False,exelent
1398,1482,1482,,,,,,bintang 3 dulu,,False,id,False,"bintang, dulu",,,False,bintang 3 dulu
1399,1483,1483,,,,,,Masih Mantap.,,False,id,False,"masih, mantap",,,False,masih mantap
1400,1484,1484,,,,,,basus,,False,too_short,False,,,basus,False,basus
1401,1486,1486,,,,,,Berita nasional perkembangannya.,,False,id,False,"berita, nasional, perkembangannya",,,False,berita nasional perkembangannya
1402,1488,1488,,,,,,Berhenti berlangganan,,False,id,False,"berhenti, berlangganan",,,False,berhenti berlangganan
1403,1489,1489,,,,,,Mencerdaskan bangsa,,False,id,False,"mencerdaskan, bangsa",,,False,mencerdaskan bangsa
1404,1491,1491,,,,,,Wamena Papua,,False,sw,False,"wamena, papua",,,False,wamena papua
1405,1492,1492,,,,,,Terdepan dan terpercaya,,False,id,False,"terdepan, dan, terpercaya",,,False,terdepan dan terpercaya
1406,1494,1494,,,,,,tolikarah rawan ni,,False,id,False,rawan,,"tolikarah, ni",False,tolikarah rawan ni
1407,1495,1495,,,,,,baguss,,False,too_short,False,,,baguss,False,baguss
1408,1497,1497,,,,,,terpercaya selalu,,False,id,False,"terpercaya, selalu",,,False,terpercaya selalu
1409,1498,1498,,,,,,Andi tangsa,,False,id,False,andi,,tangsa,False,andi tangsa
1410,1501,1501,,,,,,Komporgas bagus,,False,id,False,bagus,,komporgas,False,komporgas bagus
1411,1502,1502,,,,,,top,,False,too_short,False,,top,,False,top
1412,1503,1503,,,,,,HARAPAN SAYA,,False,tl,False,"harapan, saya",,,False,harapan saya
1413,1504,1504,,,,,,bisa dimengerti lengkap,,False,id,False,"bisa, dimengerti, lengkap",,,False,bisa dimengerti lengkap
1414,1505,1505,,,,,,mantab...,,False,too_short,False,mantab,,,False,mantab
1415,1506,1506,,,,,,Tagapsu patat,,False,tl,False,,,"tagapsu, patat",False,tagapsu patat
1416,1507,1507,,,,,,Jelek,,False,too_short,False,jelek,,,False,jelek
1417,1509,1509,,,,,,"berkesan, bagus",,False,id,False,"berkesan, bagus",,,False,berkesan bagus
1418,1510,1510,,,,,,Okeyantap,,False,too_short,False,,,okeyantap,False,okeyantap
1419,1513,1513,,,,,,okey,,False,too_short,False,okey,,,False,okey
1420,1514,1514,,,,,,Lumayan,,False,too_short,False,lumayan,,,False,lumayan
1421,1516,1516,,,,,,Oke good,,False,hr,False,,good,oke,False,oke good
1422,1517,1517,,,,,,manyul,,False,too_short,False,,,manyul,False,manyul
1423,1518,1518,,,,,,Okmanpas.id:baca brit,,False,lv,True,baca,brit,"okmanpas, id",False,okmanpasidbaca brit
1424,1519,1519,,,,,,Oke bye ya,,False,tr,False,,,"oke, bye, ya",False,oke bye ya
1425,1522,1522,,,,,,informatif dan edukatif,,False,da,False,"informatif, dan, edukatif",,,False,informatif dan edukatif
1426,1523,1523,,,,,,harus langganan,,False,tl,False,"harus, langganan",,,False,harus langganan
1427,1524,1524,,,,,,mAntap,,False,too_short,False,mantap,,,False,mantap
1428,1525,1525,,,,,,Super,,False,too_short,False,,,super,False,super
1429,1526,1526,,,,,,Siip,,False,too_short,False,,,siip,False,siip
1430,1527,1527,,,,,,sangat bagus,,False,tl,False,"sangat, bagus",,,False,sangat bagus
1431,1528,1528,,,,,,Berita bagus.,,False,id,False,"berita, bagus",,,False,berita bagus
1432,1529,1529,,,,,,TPN PB OPM,,False,sl,False,,,"tpn, pb, opm",False,tpn pb opm
1433,1531,1531,,,,,,Enak dibacanya,,False,id,False,"enak, dibacanya",,,False,enak dibacanya
1434,1535,1535,,,,,,Bagus 💯,,False,too_short,False,bagus,,,False,bagus 
1435,1537,1537,,,,,,sip. mantap,,False,tl,False,mantap,,sip,False,sip mantap
1436,1538,1538,,,,,,keren!,,False,too_short,False,keren,,,False,keren
1437,1541,1541,,,,,,informatif,,False,too_short,False,informatif,,,False,informatif
1438,1543,1543,,,,,,"Lengkap materinya, mencerdaskan",,False,id,False,"lengkap, materinya, mencerdaskan",,,False,lengkap materinya mencerdaskan
1439,1545,1545,,,,,,great,,False,too_short,False,,great,,False,great
1440,1550,1550,,,,,,Berita KPK,,False,id,False,"berita, kpk",,,False,berita kpk
1441,1552,1552,,,,,,Coba coba dulu,,False,ro,False,"coba, coba, dulu",,,False,coba coba dulu
1442,1553,1553,,,,,,kossong,,False,too_short,False,,,kossong,False,kossong
1443,1554,1554,,,,,,Sangat memuaskan,,False,id,False,"sangat, memuaskan",,,False,sangat memuaskan
1444,1555,1555,,,,,,Holuk,,False,too_short,False,,,holuk,False,holuk
1445,1556,1556,,,,,,Adhityofirdausputra,,False,too_short,False,,,adhityofirdausputra,False,adhityofirdausputra
1446,1559,1559,,,,,,Bingung 😕,,False,too_short,False,bingung,,,False,bingung 
1447,1564,1564,,,,,,kompas pancen top,,False,lv,False,,top,"kompas, pancen",False,kompas pancen top
1448,1565,1565,,,,,,banyak iklanya😇😇😇,,False,id,False,banyak,,iklanya,False,banyak iklanya
1449,1566,1566,,,,,,good bngt,,False,so,False,,good,bngt,False,good bngt
1450,1567,1567,,,,,,mudah dipahami,,False,id,False,"mudah, dipahami",,,False,mudah dipahami
1451,1570,1570,,,,,,Baik .,,False,too_short,False,baik,,,False,baik 
1452,1572,1572,,,,,,2 dulu,,False,too_short,False,dulu,,,False,2 dulu
1453,1575,1575,,,,,,sangat berguna ⭐⭐⭐⭐⭐,,False,id,False,"sangat, berguna",,,False,sangat berguna 
1454,1577,1577,,,,,,Bagus informatif,,False,en,False,"bagus, informatif",,,False,bagus informatif
1455,1580,1580,,,,,,V u,,False,sk,False,,,"v, u",False,v u
1456,1581,1581,,,,,,Bagoos.,,False,too_short,False,,,bagoos,False,bagoos
1457,1582,1582,,,,,,Biasa,,False,too_short,False,biasa,,,False,biasa
1458,1583,1583,,,,,,mantaaap,,False,too_short,False,,,mantaaap,False,mantaaap
1459,1585,1585,,,,,,harus berbayar,,False,id,False,"harus, berbayar",,,False,harus berbayar
1460,1586,1586,,,,,,yah ...,,False,too_short,False,yah,,,False,yah 
1461,1588,1588,,,,,,Kacau,,False,too_short,False,kacau,,,False,kacau
1462,1590,1590,,,,,,Iklan sangat mengganggu,,False,tl,False,"iklan, sangat, mengganggu",,,False,iklan sangat mengganggu
1463,1592,1592,,,,,,Goodi,,False,too_short,False,,,goodi,False,goodi
1464,1595,1595,,,,,,Adyik main hp,,False,id,False,,,"adyik, main, hp",False,adyik main hp
1465,1596,1596,,,,,,"bagus, informatif",,False,en,False,"bagus, informatif",,,False,bagus informatif
1466,1597,1597,,,,,,ya gitu lah,,False,id,False,"gitu, lah",,ya,False,ya gitu lah
1467,1599,1599,,,,,,Sangat bermanfaat,,False,id,False,"sangat, bermanfaat",,,False,sangat bermanfaat
1468,1600,1600,,,,,,Hasbi kadafi,,False,so,False,,,"hasbi, kadafi",False,hasbi kadafi
1469,1604,1604,,,,,,Bagus terima kasih.,,False,id,False,"bagus, terima, kasih",,,False,bagus terima kasih
1470,1609,1609,,,,,,Semakin asyik ....,,False,fi,False,"semakin, asyik",,,False,semakin asyik 
1471,1611,1611,,,,,,"memuaskan, excellent",,False,sv,True,memuaskan,excellent,,False,memuaskan excellent
1472,1612,1612,,,,,,Nice👍,,False,too_short,False,,nice,,False,nice
1473,1613,1613,,,,,,menjunjung netralitas,,False,id,False,"menjunjung, netralitas",,,False,menjunjung netralitas
1474,1614,1614,,,,,,tingkatkan,,False,too_short,False,tingkatkan,,,False,tingkatkan
1475,1616,1616,,,,,,Membantu,,False,too_short,False,membantu,,,False,membantu
1476,1617,1617,,,,,,Bagus.,,False,too_short,False,bagus,,,False,bagus
1477,1619,1619,,,,,,bagus dan informatif,,False,id,False,"bagus, dan, informatif",,,False,bagus dan informatif
1478,1620,1620,,,,,,Okay,,False,too_short,False,,okay,,False,okay
1479,1622,1622,,,,,,highlights tdk berfungsi,,False,de,True,"tdk, berfungsi",highlights,,False,highlights tdk berfungsi
1480,1623,1623,,,,,,very good,,False,af,False,,"very, good",,False,very good
1481,1625,1625,,,,,,Good.oke.news...,,False,hr,False,,"good, news",oke,False,goodokenews
1482,1626,1626,,,,,,Terimakasih informasinya,,False,id,False,"terimakasih, informasinya",,,False,terimakasih informasinya
1483,1627,1627,,,,,,kompas terlalu ok...,,False,id,False,terlalu,,"kompas, ok",False,kompas terlalu ok
1484,1628,1628,,,,,,mntul............,,False,too_short,False,,,mntul,False,mntul
1485,1629,1629,,,,,,All in one,,False,en,False,,"all, one",in,False,all in one
1486,1630,1630,,,,,,Marlina Lina,,False,tl,False,lina,,marlina,False,marlina lina
1487,1631,1631,,,,,,Akurat,,False,too_short,False,akurat,,,False,akurat
1488,1632,1632,,,,,,mantaap,,False,too_short,False,,,mantaap,False,mantaap
1489,1633,1633,,,,,,sangat menambah pengalaman,,False,id,False,"sangat, menambah, pengalaman",,,False,sangat menambah pengalaman
1490,1636,1636,,,,,,Excellence,,False,too_short,False,,excellence,,False,excellence
1491,1638,1638,,,,,,Jempol dah Abis,,False,id,False,"jempol, dah, abis",,,False,jempol dah abis
1492,1639,1639,,,,,,sangattt baik,,False,tl,False,baik,,sangattt,False,sangattt baik
1493,1641,1641,,,,,,good pisaaaan,,False,so,False,,good,pisaaaan,False,good pisaaaan
1494,1642,1642,,,,,,good news,,False,cy,False,,"good, news",,False,good news
1495,1643,1643,,,,,,Bayar,,False,too_short,False,bayar,,,False,bayar
1496,1645,1645,,,,,,tak bagus,,False,id,False,"tak, bagus",,,False,tak bagus
1497,1647,1647,,,,,,politik,,False,too_short,False,politik,,,False,politik
1498,1649,1649,,,,,,berita update,,False,id,False,berita,,update,False,berita update
1499,1650,1650,,,,,,Kompas selalu keren!,,False,id,False,"selalu, keren",,kompas,False,kompas selalu keren
1500,1652,1652,,,,,,Jos,,False,too_short,False,,,jos,False,jos
1501,1653,1653,,,,,,baru coba,,False,so,False,"baru, coba",,,False,baru coba
1502,1655,1655,,,,,,mntap,,False,too_short,False,,,mntap,False,mntap
1503,1656,1656,,,,,,kompas.id,,False,lv,False,,,"kompas, id",False,kompasid
1504,1658,1658,,,,,,Good apk👍,,False,so,True,apk,good,,False,good apk
1505,1659,1659,,,,,,Mantap. Lanjutkan,,False,id,False,"mantap, lanjutkan",,,False,mantap lanjutkan
1506,1660,1660,,,,,,produk jurnalisme terpercaya,,False,id,False,"produk, jurnalisme, terpercaya",,,False,produk jurnalisme terpercaya
1507,1662,1662,,,,,,bagus..saya suka..,,False,tl,False,"bagus, saya, suka",,,False,bagussaya suka
1508,1665,1665,,,,,,Terpercaya,,False,too_short,False,terpercaya,,,False,terpercaya
1509,1667,1667,,,,,,Sangat Bagus 👍👍,,False,tl,False,"sangat, bagus",,,False,sangat bagus 
1510,1670,1670,,,,,,Sangat baik,,False,tl,False,"sangat, baik",,,False,sangat baik
1511,1672,1672,,,,,,tidada oke,,False,so,False,,,"tidada, oke",False,tidada oke
1512,1673,1673,,,,,,Bu,,False,too_short,False,,,bu,False,bu
1513,1674,1674,,,,,,Thangs 👍🏻,,False,too_short,False,,,thangs,False,thangs 
1514,1677,1677,,,,,,pelaut,,False,too_short,False,pelaut,,,False,pelaut
1515,1682,1682,,,,,,mudah diakses,,False,id,False,"mudah, diakses",,,False,mudah diakses
1516,1683,1683,,,,,,Tets test,,False,et,False,,test,tets,False,tets test
1517,1685,1685,,,,,,mò|]¤{■□,,False,too_short,False,,,mò,False,mò
1518,1687,1687,,,,,,transparan dan terpercaya,,False,id,False,"transparan, dan, terpercaya",,,False,transparan dan terpercaya
1519,1688,1688,,,,,,Jarang membaca beritanya,,False,id,False,"jarang, membaca, beritanya",,,False,jarang membaca beritanya
1520,1689,1689,,,,,,Siiiiiiip,,False,too_short,False,,,siiiiiiip,False,siiiiiiip
1521,1690,1690,,,,,,sangat berintegritas,,False,id,False,sangat,,berintegritas,False,sangat berintegritas
1522,1692,1692,,,,,,Hebat,,False,too_short,False,hebat,,,False,hebat
1523,1693,1693,,,,,,Tidak user friendly,,False,no,True,tidak,"user, friendly",,False,tidak user friendly
1524,1695,1695,,,,,,Untuk wacana,,False,id,False,"untuk, wacana",,,False,untuk wacana
1525,1696,1696,,,,,,sangat bagus pemberian,,False,id,False,"sangat, bagus, pemberian",,,False,sangat bagus pemberian
1526,1700,1700,,,,,,coba dululah,,False,ro,False,coba,,dululah,False,coba dululah
1527,1703,1703,,,,,,bagus banget beritanya,,False,id,False,"bagus, banget, beritanya",,,False,bagus banget beritanya
1528,1704,1704,,,,,,apa.betul.indonesia.raya.persdene.4.banyak.atau.kebanyakan.1.wakil.1.yang.dari.jawa.ya.iyaa.,,False,id,False,"apa, betul, indonesia, raya, banyak, atau, kebanyakan, wakil, yang, dari, jawa",,"persdene, ya, iyaa",False,apabetulindonesiarayapersdene4banyakataukebanyakan1wakil1yangdarijawayaiyaa
1529,1705,1705,,,,,,Edukatif,,False,too_short,False,edukatif,,,False,edukatif
1530,1706,1706,,,,,,Bagus untuk berita,,False,id,False,"bagus, untuk, berita",,,False,bagus untuk berita
1531,1710,1710,,,,,,saya suka sekali,,False,id,False,"saya, suka, sekali",,,False,saya suka sekali
1532,1712,1712,,,,,,Koneksi internet terganggu,,False,id,False,"koneksi, terganggu",,internet,False,koneksi internet terganggu
1533,1716,1716,,,,,,istimewa,,False,too_short,False,istimewa,,,False,istimewa
1534,1719,1719,,,,,,T.O.P markotop,,False,sl,False,,,"t, o, p, markotop",False,top markotop
1535,1720,1720,,,,,,Mantap Kompas,,False,id,False,mantap,,kompas,False,mantap kompas
1536,1724,1724,,,,,,Kualitas mantap,,False,id,False,"kualitas, mantap",,,False,kualitas mantap
1537,1725,1725,,,,,,Info penting,,False,en,False,penting,,info,False,info penting
1538,1728,1728,,,,,,Beritanya tdk profesional,,False,id,False,"beritanya, tdk, profesional",,,False,beritanya tdk profesional
1539,1729,1729,,,,,,Tidak merakyat,,False,id,False,"tidak, merakyat",,,False,tidak merakyat
1540,1730,1730,,,,,,Ujaran kebencian,,False,id,False,"ujaran, kebencian",,,False,ujaran kebencian
1541,1732,1732,,,,,,Mantap kompas berita,,False,id,False,"mantap, berita",,kompas,False,mantap kompas berita
1542,1735,1735,,,,,,Jelas akurat independent,,False,id,True,"jelas, akurat",independent,,False,jelas akurat independent
1543,1739,1739,,,,,,monoton banget,,False,tl,False,"monoton, banget",,,False,monoton banget
1544,1740,1740,,,,,,Yes Very Good,,False,en,False,,"yes, very, good",,False,yes very good
1545,1741,1741,,,,,,Good news,,False,cy,False,,"good, news",,False,good news
1546,1742,1742,,,,,,Ciptahadiprana MIUI,,False,ca,False,,,"ciptahadiprana, miui",False,ciptahadiprana miui
1547,1744,1744,,,,,,Bagus sejali mak,,False,id,False,"bagus, mak",,sejali,False,bagus sejali mak
1548,1745,1745,,,,,,Berita terpercaya,,False,id,False,"berita, terpercaya",,,False,berita terpercaya
1549,1746,1746,,,,,,Beritanya bagus,,False,id,False,"beritanya, bagus",,,False,beritanya bagus
1550,1752,1752,,,,,,"Cukup baik,",,False,id,False,"cukup, baik",,,False,cukup baik
1551,1755,1755,,,,,,Sistem pembayaran repottt,,False,id,False,"sistem, pembayaran",,repottt,False,sistem pembayaran repottt
1552,1756,1756,,,,,,ACl GameSopt,,False,ca,False,,acl,gamesopt,False,acl gamesopt
1553,1758,1758,,,,,,(Lima.5 Aplik...POSTING Normal),,False,tl,False,lima,,"aplik, posting, normal",False,lima5 aplikposting normal
1554,1760,1760,,,,,,Terimakasih dah gabung,,False,id,False,"terimakasih, dah, gabung",,,False,terimakasih dah gabung
1555,1761,1761,,,,,,BAGUS,,False,too_short,False,bagus,,,False,bagus
1556,1763,1763,,,,,,Sangay membantu,,False,tl,False,membantu,,sangay,False,sangay membantu
1557,1764,1764,,,,,,Lupa,,False,too_short,False,lupa,,,False,lupa
1558,1765,1765,,,,,,Cocok,,False,too_short,False,cocok,,,False,cocok
1559,1769,1769,,,,,,Berita sll terupdate,,False,id,False,"berita, terupdate",,sll,False,berita sll terupdate
1560,1770,1770,,,,,,Seep,,False,too_short,False,,seep,,False,seep
1561,1772,1772,,,,,,Cakep,,False,too_short,False,cakep,,,False,cakep
1562,1774,1774,,,,,,Sangat bagus,,False,tl,False,"sangat, bagus",,,False,sangat bagus
1563,1775,1775,,,,,,Berita di papua,,False,id,False,"berita, papua",,di,False,berita di papua
1564,1780,1780,,,,,,Otentik,,False,too_short,False,otentik,,,False,otentik
1565,1781,1781,,,,,,Berita nya aktual,,False,id,False,"berita, nya, aktual",,,False,berita nya aktual
1566,1782,1782,,,,,,tampilan terlalu berserakan,,False,id,False,"tampilan, terlalu, berserakan",,,False,tampilan terlalu berserakan
1567,1784,1784,,,,,,Berita inasinak Dunia,,False,id,False,"berita, dunia",,inasinak,False,berita inasinak dunia
1568,1785,1785,,,,,,Kompas ok,,False,lt,False,,,"kompas, ok",False,kompas ok
1569,1786,1786,,,,,,Aplikasi kompas mantap,,False,lt,False,"aplikasi, mantap",,kompas,False,aplikasi kompas mantap
1570,1787,1787,,,,,,Mantep gan,,False,tl,False,gan,,mantep,False,mantep gan
1571,1788,1788,,,,,,Jozzz gandosss....,,False,hu,False,,,"jozzz, gandosss",False,jozzz gandosss
1572,1789,1789,,,,,,Kompasku hebat,,False,id,False,hebat,,kompasku,False,kompasku hebat
1573,1792,1792,,,,,,Berita ba diandalkan,,False,id,False,"berita, diandalkan",,ba,False,berita ba diandalkan
1574,1793,1793,,,,,,Sangat informatif,,False,id,False,"sangat, informatif",,,False,sangat informatif
1575,1794,1794,,,,,,Berimbang dalan berita,,False,id,False,"berimbang, dalan, berita",,,False,berimbang dalan berita
1576,1800,1800,,,,,,Informasi berbayar,,False,id,False,"informasi, berbayar",,,False,informasi berbayar
1577,1801,1801,,,,,,Mnyukai berita2ny aktual,,False,id,False,"berita, aktual",,"mnyukai, ny",False,mnyukai berita2ny aktual
1578,1804,1804,,,,,,Beritanya akurat,,False,id,False,"beritanya, akurat",,,False,beritanya akurat
1579,1806,1806,,,,,,Mencerahkan,,False,too_short,False,mencerahkan,,,False,mencerahkan
1580,1809,1809,,,,,,Sangan membantu informasi,,False,id,False,"membantu, informasi",,sangan,False,sangan membantu informasi
1581,1810,1810,,,,,,Zemalam malam way,,False,so,True,malam,way,zemalam,False,zemalam malam way
1582,1812,1812,,,,,,"Bagus, bisa dipercaya.",,False,id,False,"bagus, bisa, dipercaya",,,False,bagus bisa dipercaya
1583,1814,1814,,,,,,Mantappppp,,False,too_short,False,,,mantappppp,False,mantappppp
1584,1815,1815,,,,,,Ok bgt,,False,hu,False,bgt,,ok,False,ok bgt
1585,1816,1816,,,,,,Olahraga,,False,too_short,False,olahraga,,,False,olahraga
1586,1817,1817,,,,,,Mantapp.,,False,too_short,False,,,mantapp,False,mantapp
1587,1819,1819,,,,,,Melampaui jurnal penelitian,,False,id,False,"melampaui, jurnal, penelitian",,,False,melampaui jurnal penelitian
1588,1820,1820,,,,,,Cukup baik,,False,id,False,"cukup, baik",,,False,cukup baik
1589,1821,1821,,,,,,Good!,,False,too_short,False,,good,,False,good
1590,1822,1822,,,,,,excellent,,False,too_short,False,,excellent,,False,excellent
1591,1824,1824,,,,,,Langsung uninstal lagi,,False,tl,False,"langsung, lagi",,uninstal,False,langsung uninstal lagi
1592,1826,1826,,,,,,NÀMA?SUTIRAH.APP.BATI.BATI.KABUPATEN.TANAH.LAUT.KAPUNG.BETOK.DARAT.DS.ALAM.SUBUR.DI.KALSEL.,,False,id,False,"kabupaten, tanah, laut, darat, alam, subur, kalsel",,"nàma, sutirah, app, bati, bati, kapung, betok, ds, di",False,nàmasutirahappbatibatikabupatentanahlautkapungbetokdaratdsalamsuburdikalsel
1593,1827,1827,,,,,,Bapakasus,,False,too_short,False,,,bapakasus,False,bapakasus
1594,1828,1828,,,,,,Email masih anonymous,,False,id,True,masih,anonymous,email,False,email masih anonymous
1595,1829,1829,,,,,,Bismillah,,False,too_short,False,bismillah,,,False,bismillah
1596,1830,1830,,,,,,Lenisusanti,,False,too_short,False,,,lenisusanti,False,lenisusanti
1597,1831,1831,,,,,,Sering tertutup sendiri,,False,id,False,"sering, tertutup, sendiri",,,False,sering tertutup sendiri
1598,1833,1833,,,,,,Semael,,False,too_short,False,,,semael,False,semael
1599,1836,1836,,,,,,Mahal biaya berlangganannya.,,False,id,False,"mahal, biaya",,berlangganannya,False,mahal biaya berlangganannya
1600,1837,1837,,,,,,Murifad,,False,too_short,False,,,murifad,False,murifad
1601,1838,1838,,,,,,Mantap.....,,False,too_short,False,mantap,,,False,mantap
1602,1839,1839,,,,,,Berita terkini terpercaya,,False,id,False,"berita, terkini, terpercaya",,,False,berita terkini terpercaya
1603,1840,1840,,,,,,Membaca Kompas menyenangkan,,False,id,False,"membaca, menyenangkan",,kompas,False,membaca kompas menyenangkan
1604,1841,1841,,,,,,quite Ok,,False,fr,False,,quite,ok,False,quite ok
1605,1842,1842,,,,,,Mantap imfo2nya,,False,tl,False,"mantap, nya",,imfo,False,mantap imfo2nya
1606,1844,1844,,,,,,Maju terus kompas,,False,lv,False,"maju, terus",,kompas,False,maju terus kompas
1607,1845,1845,,,,,,Informatif,,False,too_short,False,informatif,,,False,informatif
1608,1848,1848,,,,,,Mantab.,,False,too_short,False,mantab,,,False,mantab
1609,1849,1849,,,,,,Dzikir.dan doa2,,False,tr,False,"dzikir, dan, doa",,,False,dzikirdan doa2
1610,1852,1852,,,,,,Freefire,,False,too_short,False,,,freefire,False,freefire
1611,1853,1853,,,,,,"sangat membantu, 👍",,False,id,False,"sangat, membantu",,,False,sangat membantu 
1612,1854,1854,,,,,,Loging,,False,too_short,False,,,loging,False,loging
1613,1857,1857,,,,,,Excelent,,False,too_short,False,,,excelent,False,excelent
1614,1858,1858,,,,,,Selalu update,,False,id,False,selalu,,update,False,selalu update
1615,1859,1859,,,,,,Keren isinya,,False,id,False,"keren, isinya",,,False,keren isinya
1616,1861,1861,,,,,,Aktual not hoax,,False,en,True,"aktual, hoax",not,,False,aktual not hoax
1617,1863,1863,,,,,,Cukup bagus.,,False,id,False,"cukup, bagus",,,False,cukup bagus
1618,1864,1864,,,,,,Bagus dan mencerahkan,,False,id,False,"bagus, dan, mencerahkan",,,False,bagus dan mencerahkan
1619,1865,1865,,,,,,Kompas id top,,False,lv,False,,top,"kompas, id",False,kompas id top
1620,1867,1867,,,,,,Very good,,False,af,False,,"very, good",,False,very good
1621,1868,1868,,,,,,Ases lancar,,False,es,False,lancar,,ases,False,ases lancar
1622,1869,1869,,,,,,Mantaf.. aktual beritanya,,False,id,False,"aktual, beritanya",,mantaf,False,mantaf aktual beritanya
1623,1870,1870,,,,,,Mantep,,False,too_short,False,,,mantep,False,mantep
1624,1871,1871,,,,,,Goodaplikasinwsltter,,False,too_short,False,,,goodaplikasinwsltter,False,goodaplikasinwsltter
1625,1873,1873,,,,,,Keren banget,,False,da,False,"keren, banget",,,False,keren banget
1626,1876,1876,,,,,,Corong pemerintah,,False,id,False,"corong, pemerintah",,,False,corong pemerintah
1627,1877,1877,,,,,,delok rien jeh,,False,sk,False,,,"delok, rien, jeh",False,delok rien jeh
1628,1879,1879,,,,,,Tetap langganan kompas,,False,id,False,"tetap, langganan",,kompas,False,tetap langganan kompas
1629,1880,1880,,,,,,Sexxxxxxx,,False,too_short,False,,,sexxxxxxx,False,sexxxxxxx
1630,1881,1881,,,,,,jadikan yang terbaik.,,False,id,False,"jadikan, yang, terbaik",,,False,jadikan yang terbaik
1631,1884,1884,,,,,,Mantab,,False,too_short,False,mantab,,,False,mantab
1632,1885,1885,,,,,,Akurat dan terpercaya,,False,id,False,"akurat, dan, terpercaya",,,False,akurat dan terpercaya
1633,1889,1889,,,,,,Super Bayar. Thanks.,,False,id,True,bayar,thanks,super,False,super bayar thanks
1634,1892,1892,,,,,,Jelas lengkap,,False,id,False,"jelas, lengkap",,,False,jelas lengkap
1635,1895,1895,,,,,,Teri a,,False,id,False,teri,,a,False,teri a
1636,1896,1896,,,,,,Gak bisa dibuka,,False,id,False,"gak, bisa, dibuka",,,False,gak bisa dibuka
1637,1897,1897,,,,,,Mencerdaskan,,False,too_short,False,mencerdaskan,,,False,mencerdaskan
1638,1900,1900,,,,,,"Akurat&Sangat Informatif,thanks.",,False,id,True,"akurat, sangat, informatif",thanks,,False,akuratsangat informatifthanks
1639,1901,1901,,,,,,Menyenangkan,,False,too_short,False,menyenangkan,,,False,menyenangkan
1640,1903,1903,,,,,,Percobaan,,False,too_short,False,percobaan,,,False,percobaan
1641,1904,1904,,,,,,Cool 👍,,False,too_short,False,,cool,,False,cool 
1642,1905,1905,,,,,,Menambah wawasan,,False,id,False,"menambah, wawasan",,,False,menambah wawasan
1643,1909,1909,,,,,,Independent,,False,too_short,False,,independent,,False,independent
1644,1911,1911,,,,,,Segera cairkan,,False,id,False,"segera, cairkan",,,False,segera cairkan
1645,1912,1912,,,,,,Mantaaap kompas,,False,tl,False,,,"mantaaap, kompas",False,mantaaap kompas
1646,1913,1913,,,,,,GA NETRAL PAYAAAH,,False,tl,False,"ga, netral",,payaaah,False,ga netral payaaah
1647,1914,1914,,,,,,Suka,,False,too_short,False,suka,,,False,suka
1648,1915,1915,,,,,,I like this.,,False,sq,False,,"like, this",i,False,i like this
1649,1916,1916,,,,,,Okey bànget,,False,no,False,okey,,bànget,False,okey bànget
1650,1917,1917,,,,,,Obyektif dan tegas👍👍👍,,False,id,False,"obyektif, dan, tegas",,,False,obyektif dan tegas
1651,1918,1918,,,,,,SMARTFREN,,False,too_short,False,smartfren,,,False,smartfren
1652,1921,1921,,,,,,"D,ok",,False,sl,False,,,"d, ok",False,dok
1653,1922,1922,,,,,,Positif,,False,too_short,False,positif,,,False,positif
1654,1924,1924,,,,,,Opsional,,False,too_short,False,opsional,,,False,opsional
1655,1925,1925,,,,,,Jossgandoss,,False,too_short,False,,,jossgandoss,False,jossgandoss
1656,1926,1926,,,,,,Bayar ga gratis,,False,tl,False,"bayar, ga, gratis",,,False,bayar ga gratis
1657,1927,1927,,,,,,Very nice,,False,cs,False,,"very, nice",,False,very nice
1658,1928,1928,,,,,,Good..thank you..tx.jos,,False,so,False,,"good, thank, you","tx, jos",False,goodthank youtxjos
1659,1929,1929,,,,,,Hobi baca berita,,False,so,False,"hobi, baca, berita",,,False,hobi baca berita
1660,1930,1930,,,,,,luarbiasa,,False,too_short,False,luarbiasa,,,False,luarbiasa
1661,1931,1931,,,,,,Sangat akurat terpercayA,,False,id,False,"sangat, akurat, terpercaya",,,False,sangat akurat terpercaya
1662,1932,1932,,,,,,Bagus...,,False,too_short,False,bagus,,,False,bagus
1663,1934,1934,,,,,,Nggak netral lagi....payah,,False,tl,False,"nggak, netral, lagi, payah",,,False,nggak netral lagipayah
1664,1935,1935,,,,,,Bagud,,False,too_short,False,,,bagud,False,bagud
1665,1936,1936,,,,,,TOL,,False,too_short,False,tol,,,False,tol
1666,1937,1937,,,,,,cnn indonesia,,False,it,True,indonesia,cnn,,False,cnn indonesia
1667,1938,1938,,,,,,mendidik.,,False,too_short,False,mendidik,,,False,mendidik
1668,1942,1942,,,,,,KOMPAS ID,,False,lv,False,,,"kompas, id",False,kompas id
1669,1944,1944,,,,,,Oke.,,False,too_short,False,,,oke,False,oke
1670,1945,1945,,,,,,Wow,,False,too_short,False,,,wow,False,wow
1671,1950,1950,,,,,,Lugas independen terpercaya,,False,id,False,"lugas, independen, terpercaya",,,False,lugas independen terpercaya
1672,1952,1952,,,,,,Betita Pns,,False,id,False,pns,,betita,False,betita pns
1673,1953,1953,,,,,,Mantaap,,False,too_short,False,,,mantaap,False,mantaap
1674,1954,1954,,,,,,Sejak lama update,,False,id,False,"sejak, lama",,update,False,sejak lama update
1675,1956,1956,,,,,,Gak enek bobot'e,,False,hu,False,gak,,"enek, bobot'e",False,gak enek bobote
1676,1957,1957,,,,,,Makn pls,,False,tl,False,,pls,makn,False,makn pls
1677,1958,1958,,,,,,siiip,,False,too_short,False,,,siiip,False,siiip
1678,1959,1959,,,,,,Sangat cocok,,False,tl,False,"sangat, cocok",,,False,sangat cocok
1679,1961,1961,,,,,,Provokator,,False,too_short,False,,,provokator,False,provokator
1680,1962,1962,,,,,,Osss,,False,too_short,False,,,osss,False,osss
1681,1963,1963,,,,,,Luar biasa,,False,id,False,"luar, biasa",,,False,luar biasa
1682,1964,1964,,,,,,Lanjutkan,,False,too_short,False,lanjutkan,,,False,lanjutkan
1683,1965,1965,,,,,,MAJU TERUS KOMPAS,,False,lv,False,"maju, terus",,kompas,False,maju terus kompas
1684,1967,1967,,,,,,INDRA WIJAYA,,False,sw,False,"indra, wijaya",,,False,indra wijaya
1685,1970,1970,,,,,,Beritanya tdk bermutu,,False,id,False,"beritanya, tdk, bermutu",,,False,beritanya tdk bermutu
1686,1972,1972,,,,,,Masih stabil,,False,id,False,"masih, stabil",,,False,masih stabil
1687,1975,1975,,,,,,Jadilah pemersatu bangsa,,False,id,False,"jadilah, pemersatu, bangsa",,,False,jadilah pemersatu bangsa
1688,1977,1977,,,,,,Krg bagus,,False,id,False,bagus,,krg,False,krg bagus
1689,1978,1978,,,,,,Mulai framing berita...,,False,id,True,"mulai, berita",framing,,False,mulai framing berita
1690,1979,1979,,,,,,kompas memang pas,,False,id,False,"memang, pas",,kompas,False,kompas memang pas
1691,1980,1980,,,,,,Media hoaks,,False,id,False,hoaks,,media,False,media hoaks
1692,1982,1982,,,,,,Ulasan berita baik,,False,id,False,"ulasan, berita, baik",,,False,ulasan berita baik
1693,1983,1983,,,,,,Mantabbb,,False,too_short,False,,,mantabbb,False,mantabbb
1694,1984,1984,,,,,,Kurang bagus,,False,tl,False,"kurang, bagus",,,False,kurang bagus
1695,1985,1985,,,,,,bagus🙏,,False,too_short,False,bagus,,,False,bagus
1696,1987,1987,,,,,,Bagus sekali,,False,id,False,"bagus, sekali",,,False,bagus sekali
1697,1990,1990,,,,,,Baru mengunakan,,False,id,False,"baru, mengunakan",,,False,baru mengunakan
1698,1991,1991,,,,,,Akurat dan bermutu,,False,id,False,"akurat, dan, bermutu",,,False,akurat dan bermutu
1699,1995,1995,,,,,,Senang membaca,,False,id,False,"senang, membaca",,,False,senang membaca
1700,1996,1996,,,,,,Terkini dan aktual,,False,id,False,"terkini, dan, aktual",,,False,terkini dan aktual
1701,1997,1997,,,,,,Tetap yg terbaik,,False,id,False,"tetap, terbaik",,yg,False,tetap yg terbaik
1702,1999,1999,,,,,,Good ++,,False,too_short,False,,good,,False,good 
1703,2000,2000,,,,,,ada diskon gk?,,False,id,False,"ada, diskon",,gk,False,ada diskon gk
1704,2003,2003,,,,,,dicoba dulu,,False,ro,False,"dicoba, dulu",,,False,dicoba dulu
1705,2005,2005,,,,,,"Mantap , Bro",,False,tl,False,mantap,,bro,False,mantap  bro
1706,2006,2006,,,,,,"keren kompas,,,,,,,",,False,no,False,keren,,kompas,False,keren kompas
1707,2007,2007,,,,,,Mulai melenceng kau,,False,id,False,"mulai, melenceng, kau",,,False,mulai melenceng kau
1708,2008,2008,,,,,,Coba dl,,False,es,False,coba,,dl,False,coba dl
1709,2009,2009,,,,,,terbaik dan terpercaya,,False,id,False,"terbaik, dan, terpercaya",,,False,terbaik dan terpercaya
1710,2011,2011,,,,,,Flimbf,,False,too_short,False,,,flimbf,False,flimbf
1711,2012,2012,,,,,,bintang lima,,False,tl,False,"bintang, lima",,,False,bintang lima
1712,2015,2015,,,,,,#👍 pajintan,,False,too_short,False,,,pajintan,False, pajintan
1713,2016,2016,,,,,,The end.,,False,en,False,,"the, end",,False,the end
1714,2017,2017,,,,,,Gara-gara Rodiyah,,False,so,False,gara-gara,,rodiyah,False,garagara rodiyah
1715,2019,2019,,,,,,Oke...jelas,,False,hr,False,jelas,,oke,False,okejelas
1716,2020,2020,,,,,,Pencinta harian. Kompas,,False,id,False,"pencinta, harian",,kompas,False,pencinta harian kompas
1717,2022,2022,,,,,,Aktual terpercaya,,False,id,False,"aktual, terpercaya",,,False,aktual terpercaya
1718,2023,2023,,,,,,Tepat akurat,,False,id,False,"tepat, akurat",,,False,tepat akurat
1719,2024,2024,,,,,,Saya menyukai kompas,,False,id,False,"saya, menyukai",,kompas,False,saya menyukai kompas
1720,2025,2025,,,,,,Bagus lah....😃😃,,False,id,False,"bagus, lah",,,False,bagus lah
1721,2026,2026,,,,,,Aku baru,,False,id,False,"aku, baru",,,False,aku baru
1722,2028,2028,,,,,,Cepat & akurat,,False,id,False,"cepat, akurat",,,False,cepat  akurat
1723,2029,2029,,,,,,Kurang akurat,,False,id,False,"kurang, akurat",,,False,kurang akurat
1724,2032,2032,,,,,,Mencerdaskan bangsa.,,False,id,False,"mencerdaskan, bangsa",,,False,mencerdaskan bangsa
1725,2034,2034,,,,,,cukupbaik,,False,too_short,False,,,cukupbaik,False,cukupbaik
1726,2038,2038,,,,,,sangat membanru,,False,id,False,sangat,,membanru,False,sangat membanru
1727,2039,2039,,,,,,kompas mantap,,False,tl,False,mantap,,kompas,False,kompas mantap
1728,2040,2040,,,,,,ulasan,,False,too_short,False,ulasan,,,False,ulasan
1729,2041,2041,,,,,,senang baca opininya...,,False,tl,False,"senang, baca",,opininya,False,senang baca opininya
1730,2042,2042,,,,,,Beritanya tak bombastis,,False,id,False,"beritanya, tak",,bombastis,False,beritanya tak bombastis
1731,2045,2045,,,,,,sip,,False,too_short,False,,,sip,False,sip
1732,2046,2046,,,,,,ini saaaaangat membantu,,False,id,False,"ini, membantu",,saaaaangat,False,ini saaaaangat membantu
1733,2047,2047,,,,,,hebat,,False,too_short,False,hebat,,,False,hebat
