Komentar,UI/UX,Functionality,Subscription & Pricing,Content Quality,Technical & Access
"1. Kenapa di aplikasi perlu download e-paper baru bisa dibaca, sedangkan di browser bisa langsung baca tanpa download? Tidak setiap waktu & semua orang mau/bisa download. Jangan skill issue.

2. Tolong aktifkan fitur rotate phone/baca secara landscape! Koran itu luas, buat apa ada 2-page view ketika baca koran tapi ga bisa baca secara landscape?",0.0,-1.0,,,
"Admin sangat responsif membantu, awalnya aplikasi ga bisa dibuka padahal sudah berlangganan, tapi dipandu dengan baik lewat WA dan sekarang alhamdulillah bisa akses lancar tanpa masalah, sukses terus Kompas.",,,,,1.0
"Admin-nya super responsif banget, awalnya login bermasalah padahal udah bayar, tapi langsung dibantu via WA dan sekarang lancar jaya akses aplikasinya, makasih Kompas!",,,,,1.0
"Admin-nya super responsif banget, awalnya login saya bermasalah padahal udah bayar, tapi langsung dibantu via wa dengan detail, sekarang alhamdulillah akses lancar tanpa hambatan, thanks Kompas!",,,,,1.0
Agak nge lag gitu ya,,,,,-1.0
"Akhirnya, koran bersejarah Indonesia hadir di iPad. Versi terbaru ini masih agak tidak stabil (kadang crash saat berpindah tab), tapi secara keseluruhan aplikasi yang bagus. Andai ada nomor halaman di semua tampilan tab supaya kita tahu harus scroll ke mana untuk pindah halaman, itu akan sangat membantu.",0.0,,,,-1.0
Akses aplikasi pakai google account sangat lancar dan ga perlu verifikasi berkali-kali,,,,,1.0
"Akses login via Google lancar banget, ga perlu verifikasi berkali-kali",,,,,1.0
"Akses pakai akun google sangat lancar, ga perlu verifikasi berkali-kali",,,,,1.0
Akses premium langsung bisa digunakan segera setelah pembayaran berhasil diproses tanpa delay,,,,,1.0
Aktivasi akun premium berjalan lancar dan langsung bisa digunakan setelah pembayaran berhasil diproses.,,,,,1.0
"Akun saya gabisa login padahal masih aktif berlangganan, udah hubungi cs berkali-kali tapi masalahnya ga diperbaiki sama sekali. Kecewa bgt.",,,,,-1.0
"Akun sinkron dengan mulus antara web dan aplikasi, ga ada masalah sama sekali.",,,,,1.0
"Alhamdulillah sekarang login lancar, bug yang bikin repot udah diperbaiki, makasih Kompas ID!",,,,,1.0
"Alhamdulillah setelah update terakhir tanggal 4 Juli, aplikasi sudah bisa diakses dengan normal lagi dan e-paper bisa dibaca lancar tanpa error login. Terima kasih tim support yang cepat merespons dan memperbaiki masalahnya 👍",,,,,1.0
"Alhamdulillah setelah update terakhir tanggal 4 juli, aplikasi sudah bisa diakses normal kembali dan e-paper lancar dibaca. Meski sempat ada kendala akses sebelumnya, tim support kompas cepat merespons dan memperbaikinya. Terima kasih sudah dengarkan feedback pengguna 👍",,,,,1.0
"Alhamdulillah setelah update terakhir tanggal 4 juli, fitur e-paper sudah bisa diakses normal lagi tanpa error login berulang, meski sempat bermasalah sebelumnya. Terima kasih tim Kompas.id atas perbaikannya!",,,,,1.0
"Analisisnya kurang mendalam bgt, liputan kompas cuma sekadar berita permukaan aja tanpa penggalian lebih lanjut",,,,-1.0,
Anda bisa mendapatkan berita terkini dari Kompas Daily di Kompas.id. Aplikasi yang direkomendasikan.,,,,1.0,
"Aneh banget, udah diunduh tapi tetap harus online. Padahal mau baca e-paper di pesawat aja ga bisa offline.",,-1.0,,,
"Antarmuka Kompas.id dirancang dengan sangat nyaman, bikin betah baca berita setiap hari.",1.0,,,,
"Antarmuka Kompas.id rapi dan terstruktur dengan baik, bikin mata ga lelah saat membaca.",1.0,,,,
"Antarmuka aplikasi ini benar-benar enak dipandang, terutama tanpa iklan yang mengganggu, dan desainnya yang bersih bikin mata ga lelah saat baca berita lama-lama dibanding versi gratis yang penuh banner.",1.0,,,,
"Antarmuka aplikasi ini sangat intuitif dan nyaman digunakan, navigasinya jelas dan tidak membingungkan sama sekali.",1.0,,,,
"Antarmuka aplikasi ini sangat nyaman dipandang dan enak untuk dibaca beritanya, desainnya bersih dan tidak membingungkan.",1.0,,,,
Antarmuka aplikasinya cukup menarik dan nyaman dipandang saat dibuka,1.0,,,,
"Antarmuka aplikasinya dirancang dengan rapi, bikin pengguna baru gampang beradaptasi tanpa kebingungan.",1.0,,,,
Antarmuka artikel sangat bersih dan nyaman untuk dibaca dalam waktu lama.,1.0,,,,
Antarmuka yang rapi dan bebas iklan bikin konsentrasi baca jadi terjaga dengan baik.,1.0,,,,
"Antarmukanya intuitif dan enak dipandang, navigasi lancar bikin browsing berita jadi nyaman bgt.",1.0,,,,
"Antarmukanya intuitif dan nyaman digunakan, semoga terus disempurnakan.",1.0,,,,
"Antarmukanya rapi dan nyaman dibaca, navigasinya juga lancar bgt, jadi enak digunakan sehari-hari.",1.0,,,,
"Antarmukanya rapi dan sophisticated, cocok banget sama identitas media berita ternama.",1.0,,,,
"Antarmukanya super clean dan user-friendly, navigasinya lancar banget, bisa baca berita atau pake fitur text-to-speech, plus e-paper nya juga rapi, totally worth it deh!",1.0,,,,
Antarmukanya user-friendly dan gampang dipelajari bahkan untuk pemula.,1.0,,,,
"Apakah Kompas.id bisa tersedia di Windows Store? Lebih mudah diakses dari PC, Laptop, dan Tablet dibanding HP. Ditunggu peluncurannya di platform tersebut.",,,,,0.0
Apakah ada cara untuk membatalkan langganan kompas id melalui aplikasi iphone?,,,0.0,,
Apakah ada cara untuk memperpanjang langganan kompas id?,,,0.0,,
Apakah ada cara untuk menukarkan kode promo kompas id di aplikasi ini,,,0.0,,
Apakah ada diskon khusus atau paket langganan yang lebih terjangkau untuk mahasiswa?,,,0.0,,
Apakah ada fitur arsip untuk mengakses edisi e-paper yang sudah terbit sebelumnya di kompas id,,0.0,,,
Apakah ada fitur download artikel untuk dibaca offline tanpa harus berlangganan dulu?,,0.0,,,
Apakah ada fitur print untuk e-paper agar bisa dicetak langsung dari aplikasi,,0.0,,,
Apakah ada fitur untuk membaca berita secara offline tanpa perlu berlangganan terlebih dahulu?,,0.0,,,
Apakah ada fitur untuk membagikan artikel langsung ke WhatsApp hanya dengan satu klik?,,0.0,,,
"Apakah ada fitur untuk mengakses arsip berita lama hingga puluhan tahun ke belakang, dan apakah tampilan app bisa menyesuaikan ke mode horizontal saat hp diputar?",,0.0,,,
"Apakah ada fitur untuk mengakses edisi arsip Kompas dari tahun-tahun sebelumnya, misalnya hingga 10 tahun lalu? Selain itu, mohon dipertimbangkan agar tampilan aplikasi bisa berorientasi landscape ketika hp diputar horizontal, seperti fitur di aplikasi pembaca e-book lainnya. Terima kasih.",,0.0,,,
"Apakah ada fitur untuk mengunduh e-paper dalam format PDF? Dulu bisa dilakukan tapi sekarang tidak menemukan opsinya, mohon dijelaskan caranya atau tambahkan kembali fitur tersebut untuk keperluan kliping digital saya sebagai pelanggan berbayar.",,0.0,,,
"Apakah ada fitur untuk mengunduh e-paper langsung ke format PDF? Dulu aplikasi lama bisa dilakukan tapi sekarang tidak menemukan opsi tersebut, mohon dijelaskan cara mengaksesnya atau pertimbangkan untuk menambahkan fitur ini kembali mengingat saya pengguna berbayar dan memerlukan e-paper dalam format yang bisa disimpan untuk keperluan dokumentasi.",,0.0,,,
Apakah ada fitur untuk menyesuaikan spasi baris pada teks bacaan,0.0,,,,
Apakah ada fitur untuk menyimpan artikel offline agar tetap bisa dibaca tanpa koneksi internet,,0.0,,,
Apakah ada fitur untuk menyimpan artikel yang sudah diunduh agar tidak perlu download ulang setiap kali membuka aplikasi?,,0.0,,,
Apakah ada fitur untuk print e-paper koran langsung dari aplikasi ini?,,0.0,,,
Apakah ada free trial minimal beberapa hari biar bisa coba dulu sebelum berlangganan?,,,0.0,,
Apakah ada jadwal rutin untuk promo paket berlangganan kompas id,,,0.0,,
Apakah ada kemungkinan fitur orientasi landscape bisa ditambahkan untuk pengalaman membaca di iPhone?,0.0,,,,
Apakah ada kemungkinan kompas.id menyediakan akses gratis atau trial untuk pengguna android?,,,0.0,,
Apakah ada kemungkinan konten kompas bisa diakses gratis melalui aplikasi android?,,,0.0,,
Apakah ada kemungkinan untuk membaca artikel kompas di android tanpa perlu berlangganan berbayar,,,0.0,,
Apakah ada kemungkinan untuk membaca artikel tanpa harus berlangganan berbayar?,,,0.0,,
"Apakah ada kemungkinan untuk membaca artikel tanpa perlu berlangganan berbayar, agar semua orang bisa mengakses konten dengan lebih mudah?",,,0.0,,
Apakah ada kemungkinan untuk membaca berita di aplikasi ini tanpa perlu berlangganan?,,,0.0,,
Apakah ada kemungkinan untuk membuka akses berita tanpa harus berlangganan premium terlebih dahulu?,,,0.0,,
"Apakah ada kemungkinan untuk menyediakan paket langganan gratis yang lebih banyak atau unlimited untuk pelajar dan mahasiswa, mengingat fitur gratis saat ini hanya tiga kali akses saja dan dirasa kurang memadai untuk kebutuhan mereka membaca berita.",,,0.0,,
Apakah ada menu untuk membatalkan langganan di aplikasi ini,,,0.0,,
Apakah ada opsi paket langganan yang lebih terjangkau atau alternatif lain selain membayar untuk akses berita premium di aplikasi ini?,,,0.0,,
Apakah ada opsi paket langganan yang lebih terjangkau untuk pembaca yang ingin akses konten premium tanpa beban biaya terlalu besar?,,,0.0,,
Apakah ada opsi pembayaran langganan selain transfer bank biasa?,,,0.0,,
Apakah ada opsi trial gratis sebelum berlangganan sesuai edisi hari ini,,,0.0,,
Apakah ada opsi untuk membaca berita tanpa perlu berlangganan berbayar?,,,0.0,,
Apakah ada opsi untuk mengatur frekuensi notifikasi breaking news agar tidak terlalu banyak,,0.0,,,
Apakah ada opsi untuk mengatur ukuran thumbnail gambar di halaman beranda aplikasi,0.0,,,,
Apakah ada opsi untuk mengubah tata letak halaman utama menjadi satu kolom?,0.0,,,,
Apakah ada opsi untuk mengubah tata letak konten menjadi satu kolom di halaman utama?,0.0,,,,
Apakah ada paket berlangganan yg harganya sekitar 50 ribu rupiah?,,,0.0,,
Apakah ada paket bundling yang menggabungkan kompas.id dengan produk kompas lainnya,,,0.0,,
Apakah ada paket langganan khusus untuk mahasiswa dengan harga lebih terjangkau?,,,0.0,,
Apakah ada paket langganan yang lebih terjangkau untuk coba-coba dulu sebelum berkomitmen jangka panjang?,,,0.0,,
Apakah ada pilihan metode pembayaran langganan selain transfer bank?,,,0.0,,
Apakah ada pilihan paket langganan yang bisa dibayar mingguan,,,0.0,,
"Apakah ada rencana untuk meluncurkan aplikasi ini di Windows Store? Saya lebih sering membaca di PC dan Tablet, jadi sangat ditunggu ketersediaan di platform tersebut.",,,,,0.0
Apakah ada rencana untuk membuat akses Kompas lebih lancar di perangkat Android dan tersedia gratis?,,,,,0.0
"Apakah aplikasi Kompas.id bisa tersedia di Windows Store? Lebih mudah diakses dari PC, Laptop, dan Tablet dibanding HP.",,,,,0.0
"Apakah aplikasi ini bisa tersedia di Windows Store? Lebih mudah diakses kalau ada di PC, Laptop, dan Tablet juga.",,,,,0.0
"Apakah aplikasi ini bisa tersedia di Windows Store? Lebih nyaman membaca di PC dan Laptop, jadi ditunggu kehadirannya di platform tersebut.",,,,,0.0
"Apakah bisa ada opsi gratis untuk membaca artikel dan buku di aplikasi ini, supaya semua orang bisa akses konten tanpa perlu bayar?",,,0.0,,
"Apakah bisa ada paket berlangganan yg lebih murah, misalnya Rp. 1000, buat coba-coba dulu sebelum ambil paket yg lebih mahal?",,,0.0,,
Apakah bisa ada trial gratis minimal 3 hari buat coba-coba dulu sebelum berlangganan,,,0.0,,
Apakah bisa aplikasi ini dioptimalkan agar lebih stabil dan minim bug? Semoga update berikutnya lebih cepat dan interface lebih mudah digunakan. Terima kasih,,,,,0.0
Apakah bisa aplikasi ini dioptimalkan agar loading lebih cepat dan error server berkurang? Semoga update berikutnya lebih stabil. Terima kasih,,,,,0.0
Apakah bisa bayar langganan pake pulsa telkomsel,,,0.0,,
Apakah bisa coba dulu sebelum bayar langganan 50 ribu?,,,0.0,,
Apakah bisa dikasih trial gratis minimal 3 hari biar bisa coba aplikasinya dulu sebelum berlangganan,,,0.0,,
Apakah bisa ditambahkan animasi transisi halaman pada fitur epaper agar pengalaman membaca lebih mirip dengan membaca koran fisik?,0.0,,,,
Apakah bisa ditambahkan filter pencarian untuk menampilkan berita paling populer atau terbaru?,,0.0,,,
Apakah bisa ditambahkan fitur back to top dengan klik tab aktif dan refresh otomatis untuk kembali ke konten teratas?,,0.0,,,
"Apakah bisa ditambahkan fitur kompaskarier di aplikasi ini seperti yang ada di website kompas? Mohon dipertimbangkan, terima kasih.",,0.0,,,
Apakah bisa ditambahkan fitur reminder notifikasi harian supaya lebih mudah ingat buka aplikasi?,,0.0,,,
"Apakah bisa ditambahkan fitur rotasi layar otomatis saat hp dimiringkan ke posisi horizontal, dan juga memungkinkan akses arsip edisi lama minimal 10 tahun ke belakang seperti di aplikasi pembaca e-book lainnya?",,0.0,,,
"Apakah bisa ditambahkan fitur tab favorit yang stabil dan konsisten, serta opsi endless scrolling untuk browsing berita dari berbagai tanggal, bukan hanya edisi hari ini? Juga mohon dipertimbangkan agar di e-paper, judul berita bisa berfungsi sebagai link yang langsung membuka tampilan baca.",,0.0,,,
"Apakah bisa ditambahkan fitur tab khusus untuk endless scrolling berita sehingga tidak hanya menampilkan berita hari itu saja, dan untuk epaper mohon jadikan judul berita sebagai link yang bisa langsung diklik untuk beralih ke tampilan baca.",0.0,,,,
Apakah bisa ditambahkan free trial minimal 3 hari biar bisa coba-coba dulu sebelum berlangganan?,,,0.0,,
"Apakah bisa ditambahkan metode pembayaran lain untuk berlangganan, seperti voucher google play atau cara lainnya.",,,0.0,,
Apakah bisa ditambahkan opsi download e-paper untuk dibaca offline saat di pesawat atau area tanpa sinyal? Tks,,0.0,,,
Apakah bisa ditambahkan opsi untuk akses kompas one?,,0.0,,,
"Apakah bisa ditambahkan paket berlangganan dengan harga lebih terjangkau, seperti Rp 1000, biar bisa coba dulu sebelum lanjut ke paket yang lebih mahal?",,,0.0,,
"Apakah bisa ditambahkan paket gratis yang lebih banyak untuk pelajar dan mahasiswa, karena saat ini hanya tersedia tiga kali akses gratis dan dirasa kurang untuk kebutuhan membaca berita secara rutin.",,,0.0,,
Apakah bisa ditambahkan paket langganan dengan harga lebih terjangkau seperti Rp. 1000 untuk trial awal sebelum upgrade ke paket yang lebih tinggi?,,,0.0,,
Apakah bisa interface aplikasi ini dibuat lebih user-friendly dan responsif saat digunakan? Terima kasih,0.0,,,,
Apakah bisa konten artikel dan buku tersedia tanpa perlu bayar supaya semua orang bisa akses untuk membaca,,,0.0,,
Apakah bisa langganan lewat transfer bank biasa atau ada metode pembayaran lain,,,0.0,,
Apakah bisa langganan pakai pulsa dari operator telkomsel,,,0.0,,
"Apakah bisa menambah metode pembayaran untuk langganan, seperti voucher google play atau opsi lainnya?",,,0.0,,
"Apakah bisa semua artikel dan buku bisa diakses gratis tanpa perlu berlangganan berbayar, supaya lebih banyak orang yang bisa membaca",,,0.0,,
Apakah file e-paper dan buku yang sudah diunduh bisa disimpan di aplikasi agar tidak perlu download ulang setiap kali mau dibaca?,,0.0,,,
"Apakah file e-paper dan buku yang sudah diunduh bisa disimpan secara permanen, atau memang harus diunduh ulang setiap kali mau dibaca?",,0.0,,,
"Apakah fitur TTS tersedia untuk e-paper versi online? Jika tersedia, bagaimana cara mendapatkan kupon yang diperlukan untuk menggunakannya? Mohon penjelasannya, terima kasih.",,0.0,,,
Apakah fitur audio bisa digunakan dengan airpods atau headphone wireless lainnya.,,0.0,,,
Apakah fitur download e-paper hanya tersedia untuk pengguna premium?,,,0.0,,
Apakah fitur e-paper bisa di-print langsung dari aplikasi ya?,,0.0,,,
Apakah fitur e-paper bisa ditampilkan dalam mode full warna?,,0.0,,,
Apakah fitur kliping bisa diakses offline tanpa perlu koneksi internet?,,0.0,,,
Apakah fitur kompaskarier bisa ditambahkan di aplikasi ini seperti yang tersedia di website kompas?,,0.0,,,
Apakah fitur print untuk e-paper sudah tersedia di aplikasi ini?,,0.0,,,
Apakah fitur tampilan landscape untuk membaca artikel akan ditambahkan di aplikasi ini,0.0,,,,
"Apakah fitur text-to-speech tersedia juga untuk membaca e-paper secara online, dan bagaimana cara mendapatkan kupon yang diperlukan untuk mengaksesnya?",,0.0,,,
Apakah fitur unduh epaper ke format PDF masih tersedia di aplikasi versi terbaru ini? Saya pelanggan berbayar dan ingin tahu cara mengakses fitur tersebut untuk keperluan kliping digital saya.,,0.0,,,
Apakah kompas id bisa diakses gratis atau harus berlangganan di aplikasi android?,,,0.0,,
Apakah memang harus berlangganan untuk bisa akses semua konten di kompas id,,,0.0,,
Apakah menu kategori berita bisa ditampilkan di bagian bawah layar untuk memudahkan akses navigasi?,0.0,,,,
Apakah menu navigasi kategori berita bisa ditambahkan di bagian bawah layar untuk akses lebih mudah,0.0,,,,
Apakah semua artikel harus berlangganan untuk dibaca,,,0.0,,
Apakah semua berita di aplikasi ini memerlukan pembayaran langganan?,,,0.0,,
Apakah semua berita harus berlangganan dulu untuk bisa dibaca?,,,0.0,,
Apakah semua berita memerlukan paket berlangganan untuk dibaca?,,,0.0,,
Apakah semua berita memerlukan paket berlangganan?,,,0.0,,
Apakah sudah ada fitur rotasi layar landscape untuk membaca berita?,0.0,,,,
Apakah sudah ada opsi mode landscape untuk membaca artikelnya?,0.0,,,,
Apakah sudah ada opsi tampilan horizontal untuk membaca berita dengan lebih lebar?,0.0,,,,
Apakah tersedia fitur untuk mengakses e-paper edisi lampau melalui arsip di aplikasi kompas id,,0.0,,,
Apakah tersedia paket langganan yang bisa dibayar mingguan,,,0.0,,
"Aplikasi BAGUS, ada e paper yg 100 % sama dgn koran fisik, dan info² ter update",,,,1.0,
"Aplikasi Kompas ID terus ngisi memori internal padahal harusnya bisa disimpan ke SD card saat download, aplikasi lain udah bisa gitu tapi ini masih belum. Kalo ga diperbaiki mungkin aku bakal cancel langganan nih.",,,,,-1.0
"Aplikasi Kompas di iPad lumayan bagus sih, cuma sayangnya masih sering lag dan kadang force close waktu ganti-ganti tab, jadi agak mengganggu pengalaman membaca beritanya.",,,,,-1.0
"Aplikasi Kompas di iPhone saya sering hang pas mau buka artikel, stuck di loading terus ga mau lanjut. Tolong diperbaiki ya.",,,,,-1.0
"Aplikasi Kompas sering crash padahal saya beli iPad khusus buat baca berita di sini, sangat mengecewakan. Setiap kali dibuka langsung force close, padahal aplikasi lain lancar jaya. Gimana mau berlangganan kalo aplikasinya aja ga stabil, tolong dong diperbaiki secepatnya.",,,,,-1.0
"Aplikasi Kompas sering force close pas saya scroll berita, apalagi udah update iOS 16.0.2. Ga sampe 5 judul langsung crash, padahal aplikasinya juga udah di-update terbaru. Udah coba uninstall dan install ulang tapi masalahnya tetap aja.",,,,,-1.0
"Aplikasi Kompas sudah lancar banget setelah update terbaru, login jadi mudah dan nggak ada lag, performanya stabil dan responsif. Mantap buat tim developernya!",,,,,1.0
"Aplikasi Kompas udah jauh lebih responsif setelah update terakhir, loading cepat dan ga pernah lag saat browsing berita, tapi sayang batasan device-nya masih bikin bingung.",,,,,1.0
"Aplikasi bagus sih, tapi ada masalah teknis pas download ePaper. Setiap kali keluar aplikasi harus di-install ulang, padahal dulu ga gitu. Ini mulai terjadi setelah update terbaru. Semoga tim developer baca feedback ini dan segera benerin. Maaf kasih bintang 3/5 aja.",,,,,-1.0
"Aplikasi bagus tp sayang harus bayar mahal buat bisa akses berita lengkap, padahal informasi itu seharusnya bisa diakses semua orang tdk hanya yg mampu bayar, di kondisi ekonomi skrg ini beban biaya langganan jadi terlalu berat dan ga semua kalangan bisa terjangkau.",,,-1.0,,
Aplikasi berita bagus tapi sayang harus bayar langganan 😕,,,-1.0,,
"Aplikasi berita yang punya interface super ringan dan nyaman dipandang, bikin pengalaman baca jadi bener2 menyenangkan bgt.",1.0,,,,
"Aplikasi berjalan dengan mulus di iPad, terima kasih atas support developer yang responsif!",,,,,1.0
Aplikasi berjalan sangat stabil dan ga pernah crash selama sebulan pemakaian ini.,,,,,1.0
"Aplikasi berjalan stabil dan responsif, meskipun login via Apple ID kadang bermasalah, tapi customer service lewat WA sangat membantu dan cepat tanggap, hanya telepon aja yang jarang diangkat, overall performa aplikasinya bagus bgt.",,,,,1.0
Aplikasi berjalan stabil dan tidak pernah crash selama sebulan terakhir ini,,,,,1.0
Aplikasi crash di versi 11.3 saat pertama kali login setelah menginstal aplikasi,,,,,-1.0
Aplikasi crash terus di ipad.. udah bayar setahun tp ga bisa dipakai.. tolong diperbaiki asap,,,,,-1.0
"Aplikasi cukup bagus, berita lengkap, mudah download e paper. Tapi sayangnya gabisa tampilan landscape, padahal baca koran lebih enak landscape ya.
Akan saya ubah jadi bintang 5 kalau mode landscape sudah diaktifkan 😊",-1.0,1.0,,1.0,
"Aplikasi dan web tersinkronisasi dengan baik, data akun selalu update tanpa masalah",,,,,1.0
"Aplikasi di iPhone 12Pro iOS 18.2 punya masalah layout, margin samping kiri kanan jadi terpotong dan bikin konten berita susah dibaca. Padahal di browser lancar aja. Tolong diperbaiki dong!",-1.0,,,,
"Aplikasi e-paper nya lemot banget, setiap buka harus download ulang dan bikin aplikasi jadi berat, padahal harusnya bisa langsung tersimpan jadi ga perlu download berkali-kali.",,,,,-1.0
"Aplikasi error terus, ga bisa login, mesti bayar segala.. payah bgt deh, mending pake detik aja",,,,,-1.0
Aplikasi ga bisa diakses harus login dulu gmn sih caranya,,,,,-1.0
"Aplikasi ga bisa dibuka sama sekali dan konten gak bisa diakses padahal udah langganan 1 tahun, udah hampir sebulan gini terus dan customer service nya ga ada yang bantuin sama sekali.",,,,,-1.0
"Aplikasi iPad Kompas.id sayang banget, ga support landscape mode padahal banyak konten infografis yg seharusnya lebih nyaman dibaca horizontal. Tampilan portrait-only bikin pengalaman user jauh lebih terbatas dibanding akses lewat web, jadi honestly lebih praktis buka browser aja daripada repot pake aplikasi.",-1.0,,,,
"Aplikasi iPad, tombol kembali sederhana di bagian atas terus crash",,,,,-1.0
"Aplikasi ini benar-benar responsif, loading cepat banget dan ga pernah lag saat dipakai",,,,,1.0
Aplikasi ini berjalan lancar dan tidak boros baterai sama sekali di perangkat saya.,,,,,1.0
"Aplikasi ini di iOS sering force close, padahal udah dibuka tapi langsung keluar sendiri, udah di-reinstall berkali-kali tp masalahnya tetap aja",,,,,-1.0
"Aplikasi ini error terus di iOS 11, ga bisa dibuka sama sekali malah langsung force close. Kompas kayaknya ga serius-serius amat dalam develop aplikasinya. Sayang banget, jauh ketinggalan dibanding kompetitor digital lainnya.",,,,,-1.0
"Aplikasi ini keren bgt, beritanya lengkap dan informatif banget, bisa nambah wawasan dan pengetahuan saya setiap hari.",,,,1.0,
"Aplikasi ini lancar banget, praktis buat dibaca kapan saja dan dimana saja",,,,,1.0
"Aplikasi ini lancar dan stabil di perangkat iOS 12 saya, loading berita cepat dan ga pernah crash, cuma sarannya semoga di update berikutnya bisa ditambah fitur untuk customize ukuran font biar lebih nyaman dibaca.",,,,,1.0
"Aplikasi ini loading cepat banget, praktis buat dibaca kapan aja dan dimana aja tanpa ribet",,,,,1.0
"Aplikasi ini loading cepat dan ringan, jadi bisa dibuka dimana saja tanpa ribet",,,,,1.0
Aplikasi ini loading cepat dan stabil meski jaringan internet lagi lemot,,,,,1.0
Aplikasi ini loading cepat dan stabil meskipun koneksi internetnya lagi lemot.,,,,,1.0
"Aplikasi ini loading-nya super cepat, bahkan saat buka berita yang penuh sama gambar sekalipun tetap lancar banget.",,,,,1.0
"Aplikasi ini lumayan sih, tapi fitur scrolling-nya sering nunjukin berita yang sama berkali-kali, padahal harusnya bisa lompat ke berita lama jadi pembacaan jadi terbatas banget.",,-1.0,,,
"Aplikasi ini lumayan sih, tapi navigasi e-paper nya kurang user-friendly. Ga ada tombol untuk balik ke halaman utama, jadi setiap kali selesai baca harus close aplikasi terus buka lagi baru bisa akses menu lainnya. Mohon ditambahkan fitur navigasi yang lebih praktis ya.",,-1.0,,,
"Aplikasi ini lumayan untuk baca berita Kompas, tapi sayangnya fitur e-paper digital masih belum tersedia dan itu jadi kekurangan utamanya.",,-1.0,,,
"Aplikasi ini menyajikan berita dan artikel dari berbagai rubrik dengan cakupan nasional hingga internasional yang sangat lengkap dan komprehensif, cocok banget jadi sumber informasi terpercaya.",,,,1.0,
Aplikasi ini menyajikan berita-berita terkini dengan cakupan yang sangat lengkap dan komprehensif!!,,,,1.0,
"Aplikasi ini minta bayar untuk baca berita, padahal banyak platform berita gratis lainnya. Sayang uang buat langganan app ini, mending cari alternatif lain aja 👎",,,-1.0,,
"Aplikasi ini responsif dan lancar meski koneksi internetnya lagi lemot, performa tetap stabil banget.",,,,,1.0
"Aplikasi ini responsif dan stabil meski koneksi internet lagi lemot, loading tetap cepat.",,,,,1.0
"Aplikasi ini ribet banget, harus login terus menerus juga",,,,,-1.0
"Aplikasi ini ringan dan responsif, memudahkan saya buat baca berita kapan saja dimana saja",,,,,1.0
"Aplikasi ini sampah bgt, pengen baca artikel dikit aja langsung diminta bayar!! 😤 Uninstall deh",,,-1.0,,
Aplikasi ini sangat berguna untuk mendapatkan berita terbaru dan memperluas wawasan lewat berbagai perspektif penulis yang kredibel,,,,1.0,
"Aplikasi ini sangat responsif, loading berita dengan gambar banyak juga ga lemot sama sekali.",,,,,1.0
"Aplikasi ini sering banget force close, bahkan 3 kali dalam 5 menit itu udah keterlaluan. Terus, fitur landscape mode di iPad juga ga ada padahal itu basic banget. Akses berita premium juga ribet—ga ada opsi subscribe langsung di app, harus lewat web. Honestly, versi web jauh lebih stabil dan lengkap dibanding aplikasi ini.",,,,,-1.0
"Aplikasi ini sering error saat login, apalagi pas mau perpanjang langganan. Server nya lemot bgt dan sering force close. Padahal saya pelanggan setia lebih dr 15 tahun, tapi masalah teknis gini ga pernah ditangani dengan baik. Payah!",,,,,-1.0
"Aplikasi ini sering force close pas dibuka, bikin pengalaman pengguna jadi berantakan. Kualitas berita bagus tapi aplikasinya bermasalah, jauh dari standar Kompas yang terkenal.",,,,,-1.0
"Aplikasi ini sering hang, loading-nya super lama banget sampai akhirnya error dan gagal buka. Ini terjadi terus-menerus padahal udah bayar langganan setahun, jadi kecewa... Padahal Kompas.id tuh sumber berita terpercaya sih.",,,,,-1.0
"Aplikasi ini stabil banget, ga pernah crash selama sebulan pemakaian terakhir",,,,,1.0
"Aplikasi ini stabil banget, nggak pernah crash selama sebulan terakhir saya pakai",,,,,1.0
Aplikasi ini tetap lancar dan responsif meskipun jaringan internet lagi lemot.,,,,,1.0
"Aplikasi ini udah berjalan dengan stabil dan responsif di iPhone saya dengan iOS 12, loading berita juga cepat dan ga pernah crash. Semoga ke depannya bisa ditambah fitur pengaturan ukuran font biar lebih fleksibel saat membaca.",,,,,1.0
"Aplikasi ini udah ga kompatibel sama iOS 12.5.5, jadi gabisa dibuka sama sekali. Mau terus langganan atau harus ganti HP? Bingung banget..",,,,,-1.0
"Aplikasi ini udah jalan dengan stabil di iPhone saya yang pakai iOS 12, loading berita cepat dan nggak pernah crash sama sekali, cuma semoga ke depannya bisa ditambahkan fitur untuk customize ukuran font biar lebih nyaman dibaca.",,,,,1.0
"Aplikasi jadi lebih lancar setelah update terbaru, mantap banget!",,,,,1.0
"Aplikasi kompas digital ga bisa dibuka di ipad mini 3 saya sejak kemarin, mohon dikembalikan ke sistem lama dong",,,,,-1.0
"Aplikasi kompas digital premium ga mau jalan di ios 12.1.2, mohon segera di update biar bisa diakses",,,,,-1.0
Aplikasi kompas id lancar diakses dan tim support-nya sangat responsif bantu atasi masalah login saya dengan cepat,,,,,1.0
"Aplikasi kompas id sekarang jauh lebih lancar dan stabil, ga pernah force close lagi setelah update terbaru",,,,,1.0
"Aplikasi kompas id sekarang jauh lebih lancar, ga pernah error dan stabilnya bgt setelah update terbaru",,,,,1.0
"Aplikasi kompas id sekarang jauh lebih responsif dan lancar, ga pernah force close lagi setelah update terbaru",,,,,1.0
"Aplikasi kompas id sekarang jauh lebih responsif dan login jadi super mudah, performa keseluruhan juga meningkat drastis setelah update terbaru. Mantap banget kerja developernya!",,,,,1.0
"Aplikasi kompas id sekarang sudah lancar, bug login yang bikin repot udah berhasil diperbaiki",,,,,1.0
Aplikasi kompas id setelah di-update jadi lebih smooth dan ga pernah force close lagi,,,,,1.0
"Aplikasi kompas id setelah diupdate jadi lebih responsif dan lancar banget, ga ada hambatan saat scrolling.",,,,,1.0
Aplikasi kompas id setelah update terakhir berjalan sangat lancar tanpa hambatan atau freeze sama sekali,,,,,1.0
Aplikasi kompas id setelah update terakhir jadi lebih responsif dan lancar banget saat dibuka,,,,,1.0
Aplikasi kompas id setelah update terakhir jadi lebih responsif dan lancar banget tanpa hambatan saat browsing,,,,,1.0
"Aplikasi kompas id setelah update terakhir jadi lebih responsif dan lancar banget, ga ada lag sama sekali saat dipakai.",,,,,1.0
"Aplikasi kompas id udah jauh lebih responsif setelah update, ga lag lagi dan berjalan dengan smooth banget 👍",,,,,1.0
"Aplikasi kompas id update terakhir jadi lebih enteng dan responsif banget, loading-nya cepat dan lancar ga ada hambatan teknis.",,,,,1.0
"Aplikasi kompas lancar banget setelah update, ga ada lag sama sekali, mantap yeayy",,,,,1.0
"Aplikasi kompas sudah jauh lebih responsif setelah update terbaru, login jadi lebih mudah dan stabil, performa keseluruhan meningkat signifikan. Mantap kerja tim developernya!",,,,,1.0
Aplikasi kompas.id sering error dan susah dibuka. Sangat mengecewakan. Udah coba uninstall install ulang tapi masih bermasalah,,,,,-1.0
"Aplikasi lancar banget setelah diinstall ulang, login akun jadi mudah tanpa masalah, thanks tim nya",,,,,1.0
"Aplikasi lancar banget setelah update terbaru, loading cepat dan ga pernah crash",,,,,1.0
"Aplikasi lancar banget setelah update, ga pernah crash lagi yeay",,,,,1.0
"Aplikasi lancar banget, ga pernah crash selama sebulan ini.",,,,,1.0
Aplikasi langsung force close pas login pertama kali setelah install versi 11.3,,,,,-1.0
"Aplikasi lemot banget, artikel ga mau muncul",,,,,-1.0
"Aplikasi login sekarang jalan lancar, bug yang bikin ribet udah diperbaiki sama tim kompas id",,,,,1.0
"Aplikasi nya bagus sih, tapi navigasi e-paper nya ribet banget. Ga ada tombol untuk balik ke halaman utama, jadi mesti tutup aplikasi terus buka lagi biar bisa akses menu awal. Fitur ini perlu dibenerin dong.",,-1.0,,,
"Aplikasi nya bagus sih, tapi sayang harus bayar langganan yang harganya naik drastis dari 15rb jadi 50rb, padahal aku udah abis kuota artikel bulan ini dan pengen baca artikel lainnya :( jadi terpaksa uninstall dulu sampe ada budget lagi",,,-1.0,,
"Aplikasi nya lumayan sih tapi kenapa ga ada fitur landscape mode? Navigasi nya juga berantakan bgt, bikin susah baca berita di layar hp.",-1.0,,,,
"Aplikasi nya udah oke, konten lengkap, download e-paper juga praktis. Sayang banget ga support mode landscape, padahal baca berita lebih nyaman kalo landscape gitu. Tolong ditambahin fitur landscape nya ya, pasti langsung 5 bintang deh 😊",-1.0,,,,
"Aplikasi nya user friendly sih, tapi sayang banget udah bayar premium masih aja dikasih iklan besar-besaran. Harusnya bisa dihilangkan dong 😤",,,-1.0,,
"Aplikasi paling bagus, update terakhir jadi lebih cepat dan ga lag sama sekali",,,,,1.0
Aplikasi responsif banget terhadap laporan masalah pengguna,,,,,1.0
Aplikasi responsif dan keluhan cepat ditangani.. mantap 👍,,,,,1.0
Aplikasi responsif dan support cepat tangani masalah teknis 👍,,,,,1.0
Aplikasi sampah tapi minta bayar banyak,,,-1.0,,
"Aplikasi saya sudah up to date, tapi saya terus diminta mengunduh versi terbaru aplikasi (yang tidak ada). Setelah mencoba berkali-kali, saya masih tidak bisa membuka aplikasi dan membaca koran.

Masalah ini pernah terjadi sebelumnya dan lama-lama jadi menjengkelkan.",,,,,-1.0
"Aplikasi selalu force close pas dibuka di iPad Mini dengan iOS 11.3.1, jadi ga bisa dipakai sama sekali. Mohon segera diperbaiki biar bisa langganan epaper premium nya.",,,,,-1.0
"Aplikasi sempat error dan login saya bermasalah, tapi admin kompas sangat responsif bantu lewat chat dan sekarang akses lancar lagi. Appreciate banget!",,,,,1.0
"Aplikasi sempat error dan login saya bermasalah, tapi cs kompas sangat responsif dan cepat bantu lewat whatsapp sampai akses saya normal lagi. Appreciate banget!",,,,,1.0
"Aplikasi sering banget crash pas login, padahal udah update terbaru. Aneh banget, kalo di uninstall terus reinstall baru bisa dibuka normal tapi harus tanpa akun, jadi ya terbatas akses artikel dong. Udah bayar tahunan tapi malah gini, sakit hati bgt. Komplain ke CS cuma disuruh pake browser, sama sekali ga membantu. Tolong diperbaiki dong!!",,,,,-1.0
"Aplikasi sering banget force close pas lagi discroll, bikin kesel. Tolong diperbaiki dong, prioritaskan stabilitas aplikasinya biar pengalaman pengguna lebih baik.",,,,,-1.0
"Aplikasi sering crash pas lagi scroll berita, iOS 16 tolong segera diperbaiki!",,,,,-1.0
"Aplikasi sering crash saat buka buku, tolong diperbaiki segera ya.",,,,,-1.0
"Aplikasi sering error dan force close di iOS 11.3, mohon diperbaiki segera",,,,,-1.0
"Aplikasi sering error saat login, padahal udah masukin password dengan benar. Terus muncul notif ""akun belum aktif"" meski udah bayar berlangganan. Beneran bikin kesel deh",,,,,-1.0
"Aplikasi sering error saat login, terus notifikasi stuck dan ga bisa hilang meski udah dibaca semua. Perlu diperbaiki bgt.",,,,,-1.0
"Aplikasi sering error saat mau buka berita favorit, jadi ga bisa dibaca sama sekali.",,,,,-1.0
"Aplikasi sering error setelah update terakhir, fitur highlight dan terjemahan jadi tidak bisa diakses sama sekali. Padahal itu yang paling membantu buat belajar bahasa, sekarang jadi ga berguna bgt. Tolong diperbaiki!!",,,,,-1.0
"Aplikasi sering error, artikel tiba-tiba loncat ke halaman utama. Performanya jelek bgt, minta diperbaiki segera.",,,,,-1.0
"Aplikasi sering error, fitur e-paper nya ga mau kebuka sama sekali",,,,,-1.0
"Aplikasi sering error, gak bisa buka file pdf dan e-paper nya ga mau kebaca",,,,,-1.0
"Aplikasi sering error, konten ga bisa dimuat sama sekali",,,,,-1.0
"Aplikasi sering error, udah bayar tapi fitur premium gabisa diakses. Tolong diperbaiki dong, banyak bugs banget.",,,,,-1.0
Aplikasi sering force close di iOS 11,,,,,-1.0
Aplikasi sering force close di iOS 11.3 waktu dibuka di iPad.,,,,,-1.0
"Aplikasi sering force close di iPad, kapan nih di-fix? Landscape mode juga error terus 😤 Klik!",,,,,-1.0
"Aplikasi sering force close di iPhone 11 saya, jadi terpaksa hapus dan pakai versi web aja karena gak stabil.",,,,,-1.0
"Aplikasi sering force close pas dibuka di iPad 2 retina iOS 11.3.1, jadi ga bisa dipakai sama sekali. Sayang banget udah bayar subscription tapi malah error terus, mohon segera diperbaiki..",,,,,-1.0
"Aplikasi sering force close pas lagi aku baca artikel, padahal udah bayar langganan. Jadi agak kesel nih.",,,,,-1.0
"Aplikasi sering force close pas login, tolong diperbaiki bug-nya dong.",,,,,-1.0
Aplikasi sering gagal download padahal internet lancar dan kuota cukup.. kenapa gini sih.. butuh solusi cepat 🙏,,,,,-1.0
"Aplikasi sering lag, muat lambat banget. Mode landscape juga ga berfungsi.",,,,,-1.0
Aplikasi sering logout tiba-tiba dan login jadi ribet.,,,,,-1.0
"Aplikasi sudah berjalan dengan mulus di iPad, terima kasih atas dukungan cepat dari tim developer!",,,,,1.0
"Aplikasi sudah berjalan dengan mulus di iPad, terima kasih developer atas responsnya!",,,,,1.0
"Aplikasi sudah berjalan dengan sangat smooth setelah update terbaru, login jadi lebih cepat dan stabil, desainnya juga lebih rapi. Mantap deh tim developernya!",,,,,1.0
"Aplikasi sudah berjalan smooth di iPad, developer juga responsif banget!",,,,,1.0
"Aplikasi sudah jalan lancar di iOS 12 saya, tapi desain icon di homescreen masih kurang menarik dan font berita terlalu kecil bikin mata cepat lelah. Dibanding baca langsung di web, tampilan di app ini jauh kurang nyaman bgt. Semoga ke depannya ada fitur untuk atur ukuran font sesuai preferensi user aja.",-1.0,,,,
"Aplikasi sudah jauh lebih responsif setelah update terbaru, login jadi lebih mudah dan cepat, plus performa keseluruhannya meningkat signifikan. Mantap deh tim developer Kompas!",,,,,1.0
"Aplikasi sudah lancar dan ga sering crash, meskipun login pakai Apple ID kadang bermasalah, tapi customer service responsif banget lewat WA dan bantuan mereka cepat, cuma telepon aja yang susah diangkat. Overall performa aplikasinya bagus sih.",,,,,1.0
Aplikasi susah dibuka untuk akses artikel,,,,,-1.0
"Aplikasi udah bisa dibuka dengan lancar di mode portrait lagi setelah diperbaiki, mantap!",,,,,1.0
"Aplikasi udah bisa dibuka normal lagi di mode portrait, makasih udah diperbaiki dengan cepat!",,,,,1.0
"Aplikasi udah jauh lebih bagus, e-paper loading cepat banget sekarang. Dulu sering error pas mau buka, sekarang lancar terus. Mantap kompas! 👍",,,,,1.0
"Aplikasi udah jauh lebih responsif, bisa akses e-paper tanpa lag lagi. Dulu loading-nya lama banget, sekarang smooth bgt. Mantap, Kompas! 👍",,,,,1.0
"Aplikasi udah jauh lebih responsif, ga freeze lagi saat scroll halaman, dan sekarang bisa landscape mode juga. Seneng banget akhirnya lancar di iPad setelah lama ngeluh, jadi betah baca berita lagi. Rating naik jadi 5 bintang, tetap jadi pilihan utama saya untuk berita.",,,,,1.0
"Aplikasi udah lancar banget sekarang, ga ada lag lagi waktu scroll berita. Seneng deh akhirnya responsif dan stabil, bisa baca dengan nyaman di iPad tanpa hambatan. Thanks udah dengerin feedback, sekarang jadi aplikasi favorit lagi buat update berita.",,,,,1.0
"Aplikasi udah lancar banget sekarang, ga freeze lagi waktu scroll berita, dan fitur portrait mode-nya jalan mulus. Seneng deh akhirnya setelah kasih feedback berkali-kali, sekarang enak banget baca Kompas di tablet tanpa lag. Rating naik ke 5 bintang, tetap jadi pilihan utama buat berita harian.",,,,,1.0
"Aplikasi udah lancar banget sekarang, ga nge-lag lagi pas scroll berita dan fitur portrait mode-nya jalan sempurna. Seneng deh akhirnya after beberapa bulan komplain, sekarang enak banget baca di iPad tanpa hambatan. Langsung upgrade rating ke 5 stars, tetap jadi pilihan utama buat baca berita kompas.",,,,,1.0
"Aplikasi udah support orientasi landscape dan transisi antar halaman jadi smooth banget, jadi pengalaman baca berita di tablet jauh lebih nyaman dan ga bikin frustrasi lagi, makanya rating naik jadi 5 bintang deh.",1.0,,,,
Aplikasi udah versi terbaru tapi terus disuruh update (padahal ga ada versi barunya). Udah dicoba berkali-kali tapi tetap ga bisa dibuka dan baca koran. Masalah ini sering banget terjadi dan bikin kesel.,,,,,-1.0
"Aplikasinya bagus buat update berita, tapi sayang harus bayar berlangganan 😕",,,-1.0,,
"Aplikasinya bagus, asal harganya tetap segini (100 ribu/tahun) bakal terus langganan nih.",,,1.0,,
"Aplikasinya benar-benar bagus bgt, kontennya akurat dan selalu update jadi kita ga bakal ketinggalan berita penting, cuma sayang harus bayar berlangganan yg lumayan mahal di situasi ekonomi kaya gini jadi agak memberatkan padahal informasi berkualitas kayak gini harusnya bisa diakses semua orang bukan hanya yg mampu aja.",,,,1.0,
"Aplikasinya berjalan dengan sangat stabil, ga ada lag dan responsif banget waktu dipakai.",,,,,1.0
"Aplikasinya berjalan dengan smooth, ga ada lag dan sangat responsif banget.",,,,,1.0
"Aplikasinya berjalan dengan stabil, tidak pernah crash dan sangat responsif saat diakses.",,,,,1.0
"Aplikasinya bermasalah. Udah bayar premium tapi tetap error pas buka berita, malah muncul halaman pembayaran lagi. Notifikasi premium ga berfungsi dengan baik dan selalu redirect ke menu langganan. Langganan kompas jadi sia-sia aja.",,,,,-1.0
"Aplikasinya boros data banget, pemakaian kuota bulanan jadi membengkak sampe urutan teratas setelah youtube doang.",,,,,-1.0
"Aplikasinya dirancang dengan antarmuka yang sangat user-friendly, navigasinya intuitif banget dan enak digunakan, plus ada fitur-fitur inovatif kayak text-to-speech yang bikin pengalaman membaca jadi lebih praktis.",1.0,,,,
"Aplikasinya error terus, ga bisa masuk akun dan berita2nya ga muncul di setiap kategori",,,,,-1.0
"Aplikasinya error, gabisa terhubung ke server",,,,,-1.0
Aplikasinya ga bisa diakses untuk download epaper sejak beberapa hari lalu. Kayaknya ada masalah kompatibilitas sama versi iOS di iPad saya. Mohon segera diperbaiki,,,,,-1.0
Aplikasinya ga mau kebuka sama sekali,,,,,-1.0
"Aplikasinya ga netral banget, berita-beritanya cenderung berpihak ke satu arah aja. Padahal media yang bagus itu harus bisa memberikan perspektif seimbang, bukan selalu memojokkan pemerintah atau selalu membela rakyat. Harusnya lebih objektif dalam menyajikan berita.",,,,-1.0,
"Aplikasinya jadi lebih stabil dan lancar setelah update terakhir, nggak crash lagi.",,,,,1.0
Aplikasinya lancar banget dan belum pernah crash sama sekali.,,,,,1.0
Aplikasinya lancar banget dan nggak pernah crash sampe sekarang.,,,,,1.0
"Aplikasinya lancar banget dan nggak pernah lag, CS-nya juga responsif. Mantap!",,,,,1.0
Aplikasinya lancar banget dan responsif meski jaringan internet lagi lemot atau tidak stabil,,,,,1.0
"Aplikasinya lancar banget dan stabil, nggak pernah crash atau lag sama sekali.",,,,,1.0
"Aplikasinya lancar banget saat sinkronisasi akun, ga ada lag atau error sama sekali.",,,,,1.0
"Aplikasinya lancar banget setelah update terbaru, nggak ada lag sama sekali 👍",,,,,1.0
"Aplikasinya lancar banget, ga pernah lag. CS nya juga super responsif, reply nya cepat. Mantap!",,,,,1.0
"Aplikasinya lancar banget, ga pernah lag. Customer service juga responsif, thanks!",,,,,1.0
"Aplikasinya lancar banget, nggak pernah lag. Tim CS juga super responsif dan helpful. Mantap!",,,,,1.0
"Aplikasinya loading sangat cepat dan stabil, semoga ui buku terus ditingkatkan ya. Mantap deh performanya!",,,,,1.0
"Aplikasinya loading super cepat dan responsif banget, semoga terus dipertahankan performanya biar makin smooth.",,,,,1.0
"Aplikasinya loading super cepat dan responsif, semoga ui bukunya terus ditingkatkan biar pengalaman baca makin smooth.",,,,,1.0
"Aplikasinya lumayan sih, tapi sering banget bermasalah. Setiap kali saya coba buka arsip berita dari minggu-minggu sebelumnya, aplikasinya langsung crash dan tutup sendiri. Terus, tadi saya download edisi Kompas hari ini, tapi pas dibuka malah layarnya hitam dan cuma muncul logo kompas doang di tengah. Entah bug dari aplikasinya atau gimana, tapi ini ganggu banget. Tolong segera diperbaiki ya.",,,,,-1.0
"Aplikasinya lumayan tapi banyak banget bug, sering force close, dan kenapa ga ditambahin fitur landscape mode sih?",,,,,-1.0
"Aplikasinya memang user-friendly dan fiturnya lengkap, tapi sayangnya berita-beritanya kebanyakan berpihak dan ga netral, kayak ada agenda politik di baliknya. Udah 2 tahun langganan tapi akhirnya uninstall karena butuh sumber berita yg objektif dan kredibel, bukan yg penuh framing gini.",,,,-1.0,
"Aplikasinya memang user-friendly dan fiturnya lengkap, tapi sayangnya konten beritanya ga netral banget dan terasa ada agenda politik di baliknya. Setelah lama berlangganan akhirnya saya uninstall karena berita yg disajikan kurang objektif dan banyak framing, padahal di era sekarang kita butuh pemberitaan yg benar-benar independen.",,,,-1.0,
"Aplikasinya memang user-friendly dan mudah digunakan, tapi sayang banget kontennya ga objektif dan terasa ada bias politik di dalamnya, jadi akhirnya saya uninstall karena butuh berita yg benar-benar netral dan kredibel.",,,,-1.0,
"Aplikasinya memang user-friendly dan mudah digunakan, tapi sayangnya konten beritanya ga netral dan terasa ada kepentingan politik di baliknya, jadi akhirnya saya uninstall karena butuh sumber berita yang objektif dan kredibel.",,,,-1.0,
"Aplikasinya minta login terus, ga bisa langsung baca berita.. ribet bgt, langsung aku hapus aja",,,,,-1.0
"Aplikasinya oke sih, tapi dark mode nya masih kurang sempurna, banyak artikel yang backgroundnya tetap putih terang. Tolong diperbaiki biar dark mode nya benar-benar gelap semua ya, biar mata ga silau.",-1.0,,,,
"Aplikasinya pelit banget, harga langganannya bikin kesel 😤",,,-1.0,,
Aplikasinya punya desain yang user-friendly dan navigasinya sangat intuitif bgt.,1.0,,,,
"Aplikasinya sangat membantu saya mendapatkan berita terkini yang akurat dan bisa dipercaya, terutama karena sumbernya jelas dan kredibel.",,,,1.0,
"Aplikasinya sangat stabil dan lancar banget, nggak pernah crash atau force close sama sekali",,,,,1.0
"Aplikasinya sekarang sudah lancar dan login nggak bermasalah lagi, terima kasih Kompas ID.",,,,,1.0
"Aplikasinya sekarang udah lancar banget buat baca e-paper, dulu sering lemot waktu mau download. Mantap, Kompas! 👍",,,,,1.0
"Aplikasinya sering crash padahal udah berlangganan, baru dibuka langsung tutup sendiri...???",,,,,-1.0
"Aplikasinya sering crash pas lagi scroll berita, padahal baru pertama kali coba. Selain itu loading-nya lambat banget dan bikin lag.",,,,,-1.0
"Aplikasinya sering error pas mau login, terus artikelnya juga jarang bisa dibuka dengan lancar 😢",,,,,-1.0
"Aplikasinya sering error, akun ga bisa login terus konten koran juga ga muncul",,,,,-1.0
Aplikasinya sering force close pas lagi dibuka,,,,,-1.0
"Aplikasinya sering force close, baru dibuka beberapa detik langsung error",,,,,-1.0
Aplikasinya sering lag dan loading lama banget,,,,,-1.0
"Aplikasinya sering lag dan update fiturnya super lambat, night mode juga ga jalan di iphone 12 ku, terus susah banget nyari berita digitalnya di halaman epaper.",,,,,-1.0
"Aplikasinya stabil banget dan loading-nya cepat, nggak pernah lag atau crash.",,,,,1.0
"Aplikasinya stabil banget, nggak pernah crash atau force close. Berita bagus dan loading cepat, puas deh pake Kompas.id.",,,,,1.0
"Aplikasinya stabil banget, nggak pernah crash atau force close. Berita-beritanya bagus dan cara penyampaiannya paling oke deh.",,,,,1.0
"Aplikasinya stabil banget, nggak pernah crash atau force close. Performa teknis kompas id emang top, lancar terus tanpa gangguan.",,,,,1.0
Aplikasinya super lancar dan responsif banget setelah update terakhir,,,,,1.0
"Aplikasinya super user-friendly dan dilengkapi fitur-fitur canggih yang bermanfaat banget, terutama fitur text-to-speech yang memudahkan saat multitasking. Kualitas berita dan fotonya juga luar biasa!",,1.0,,,
"Aplikasinya udah lancar banget sekarang, ga freeze lagi pas scroll halaman. Seneng deh akhirnya setelah lama komplain, sekarang enak banget baca berita di tablet tanpa hambatan. Rating naik jadi 5 bintang. Kompas tetap jadi pilihan utama saya buat berita.",,,,,1.0
"Aplikasinya udah stabil dan berjalan lancar, meskipun login Apple ID kadang bermasalah, tapi customer service-nya responsif banget lewat WA dan membantu dengan cepat, hanya telepon aja yang jarang diangkat, overall performa akses dan kecepatan respons cukup memuaskan.",,,,,1.0
"Aplikasinya udah stabil dan lancar, login pake Apple ID kadang error tapi customer service di WA responsif banget dan helpful, cuma call center-nya jarang diangkat. Overall kecepatan loading dan respon tim cukup memuaskan.",,,,,1.0
"Artikel di kompas id ditampilkan dengan spasi yang lapang, jadi enak dibaca.",1.0,,,,
"Artikel di kompas sering banget kurang mendalam, banyak info penting yang terlewat dan bikin pembaca bingung",,,,-1.0,
"Artikel di kompas.id kok sering kurang mendalam, banyak yg cuma sekilas aja tanpa penjelasan lengkap.",,,,-1.0,
"Artikel teknologi di app ini ketinggalan zaman bgt, berita yg ditampilkan udah berbulan2 lalu ga segar sama sekali",,,,-1.0,
"Artikel teknologi yg ditampilkan udah ketinggalan zaman, masih nampil berita dr 3 bulan lalu padahal harusnya konten terbaru",,,,-1.0,
"Artikel teknologi yg ditampilkan udah ketinggalan zaman, padahal saya cari berita terbaru tp malah muncul yg dari berbulan-bulan lalu",,,,-1.0,
"Artikel-artikelnya selalu informatif dan berbobot, bikin saya terus update dengan berita terkini dan analisis mendalam setiap hari.",,,,1.0,
"Artikelnya berimbang dan akurat banget, mantap deh.",,,,1.0,
Artikelnya informatif banget dan selalu bikin paham masalahnya lebih dalam 👍,,,,1.0,
Artikelnya informatif dan bener-bener nambah wawasan banget,,,,1.0,
Artikelnya informatif dan terpercaya banget,,,,1.0,
"Artikelnya informatif, penulisannya rapi & jelas, sangat recommended buat yg mau dapet berita terpercaya di era digital sekarang",,,,1.0,
"Artikelnya ketinggalan zaman bgt, cari berita teknologi terbaru malah yg keluar berita dari 3 bulan yg lalu",,,,-1.0,
"Artikelnya komprehensif banget, penulisannya berbobot, dan karakteristik Kompas tetap terjaga dengan baik.",,,,1.0,
"Artikelnya sangat terpercaya, penulisannya jelas & bahasa yang digunakan mudah dipahami semua orang👍🏽",,,,1.0,
"Artikelnya selalu aktual dan penuh dengan konten berkualitas tinggi (ekonomi, politik, dsb) yang sangat informatif.",,,,1.0,
"Artikelnya selalu akurat dan mendalam, dengan pembahasan isu-isu terkini yang mengutamakan perspektif kemanusiaan.",,,,1.0,
Artikelnya selalu update dan kredibel banget,,,,1.0,
"Artikelnya selalu update, akurat, dan berimbang. Mantap banget!",,,,1.0,
"Artikelnya sering ga akurat dan banyak yg misleading, jadi kecewa bgt sama kualitasnya",,,,-1.0,
"Awalnya aplikasi error dan susah login pake email sama google, tapi setelah hubungi admin lewat wa langsung dibantu dan sekarang bisa akses lagi dengan lancar. Makasih admin responsif banget!",,,,,1.0
Awalnya aplikasi ini berjalan baik. Lama-lama semakin buruk. Sekarang selalu crash,,,,,-1.0
"Awalnya aplikasi saya error dan susah login pake email sama google, tapi setelah hubungi admin kompas lewat wa langsung ditangani dan sekarang bisa akses lagi dengan lancar. Appreciate banget responsnya admin!",,,,,1.0
"Awalnya lancar, tapi setelah beberapa bulan pake jadi super lambat. Download ePaper sering error, muncul notif time-out berkali-kali, dan butuh 15-20 menit baru bisa selesai 100%. Capek deh, jangan langganan kalo ga mau frustrasi.",,,,,-1.0
"Awalnya login saya bermasalah padahal sudah berlangganan, tapi admin Kompas sangat membantu lewat wa dan sekarang akses lancar banget tanpa hambatan lagi, terima kasih 👍",,,,,1.0
"Awalnya oke, tapi sekarang aplikasinya sering error dan gabisa dibuka di ponsel saya. Fitur-fiturnya juga banyak yang error. Tolong diperbaiki dong admin, jadi kesel banget 😞",,,,,-1.0
"Awalnya sempat ada masalah saat login meski udah berlangganan, tapi admin kompas langsung bantu via wa dan sekarang akses lancar jaya tanpa hambatan, makasih tim support nya yang responsif banget.",,,,,1.0
"Baca Kompas Online bener-bener bikin lega, akhirnya ketemu berita yg akurat dan kredibel, ditulis wartawan profesional yg digarap editor berpengalaman, beda banget sama media lain yg cuma judul bombastis tapi isinya asal-asalan, bahkan sering copas tanpa editing yg serius, jadi Kompas tuh benar-benar jurnalisme sejati!",,,,1.0,
"Baca artikel sastra aja udah harus bayar berlangganan, konten gratis makin dikurangi banget",,,-1.0,,
"Baca berita kok harus bayar sih??? Mending cari sumber berita lain aja, di internet banyak yang gratis kok.",,,-1.0,,
"Baca berita kok harus bayar terus, padahal konten yang sama bisa dapet gratis di aplikasi lain... sayang banget sih 😞",,,-1.0,,
Bagaimana caranya untuk memperpanjang paket berlangganan kompas id ya,,,0.0,,
"Banyak artikel di Kompas punya fakta yg tidak akurat, kayaknya editorial control nya lemah bgt",,,,-1.0,
"Banyak artikel di kompas judulnya bikin tersesat, isinya ga sesuai sama judul, clickbait bgt sih.",,,,-1.0,
"Banyak artikel di kompas punya judul yg menyesatkan, isinya ga sesuai sama judulnya, bener2 clickbait banget deh.",,,,-1.0,
"Banyak artikel di sini bias banget, kayaknya cuma demi tarik klik dan duit aja sih.",,,,-1.0,
"Banyak artikel di sini bias banget, kayaknya cuma ngujar sensasi buat dapetin klik aja sih.",,,,-1.0,
"Banyak artikel di sini bias banget, kayaknya demi cari klik dan duit aja, bukan berita yang serius.",,,,-1.0,
"Banyak artikel di sini bias banget, kayaknya lebih fokus cari klik daripada berita yg objektif dan terpercaya.",,,,-1.0,
"Banyak artikel di sini bias dan berpihak, kayaknya cuma demi naikin engagement dan cari duit doang sih.",,,,-1.0,
"Banyak artikel di sini judulnya nyebelin, gak sesuai sama isi beritanya, pake clickbait bgt deh",,,,-1.0,
"Banyak artikel di sini yg tidak kredibel dan misleading, jadi makin males baca Kompas sekarang",,,,-1.0,
"Banyak artikel kompas judulnya bikin salah paham, isinya ga sesuai sama judul, clickbait banget deh",,,,-1.0,
"Banyak artikel kompas punya judul yang menyesatkan dan ga sesuai sama isi beritanya, bener-bener clickbait bgt",,,,-1.0,
"Banyak judul artikel di kompas yg menyesatkan dan ga sesuai sama isi beritanya, terlalu clickbait bgt sih.",,,,-1.0,
Banyak sekali berita gratis,,,1.0,,
"Baru dicoba dan langsung suka, beritanya terpercaya dan informatif banget, plus aplikasinya user friendly jadi nyaman buat dibaca.",,,,1.0,
"Baru install, artikel langsung ilang dan harus download lagi berkali-kali.. ini bug apa sih?? gimana cara mengatasinya",,,,,-1.0
"Batas artikel gratis cuma 5 per bulan terlalu sedikit, jadi sering kena paywall sedih banget 😢",,,-1.0,,
Bayar 50rb per bulan tp e paper nya susah dibaca...kecewa bgt,,,-1.0,,
"Bayar berlangganan tapi konten yg disajikan ga sesuai harapan, itu ga fair banget. Gw coba cari artikel mendalam tentang strategi Barcelona eh yg ada cuma foto pemain sama judul doang, mana ada analisisnya??? Ini bukan kualitas berita yg layak dibayar.",,,,-1.0,
"Bayar berlangganan tapi konten yg disajikan ga sesuai harapan, itu ga fair bgt. Gw cari artikel mendalam tentang strategi Barcelona eh yg ada cuma foto pemain sama judul doang, mana ada isi substantifnya sama sekali.",,,,-1.0,
"Bayar berlangganan tapi kontennya ga sesuai harapan, rasanya ga adil bgt. Waktu cari artikel mendalam tentang strategi Barcelona, yg ada cuma foto pemain sama judulnya doang, mana analisisnya? Kecewa deh",,,,-1.0,
"Bayar berlangganan tapi kontennya ngecewain banget, artikelnya cuma sekadar judul doang tanpa penjelasan mendalam, kayak pas baca tentang strategi Barcelona malah cuma liat foto pemain doang, ga worth it sama sekali.",,,,-1.0,
"Bayar berlangganan tp konten yg disajikan ga sebanding, misal pas baca analisis mendalam soal strategi Barcelona cuma dapet foto pemain sama judul aja tanpa penjelasan detail yg diharapkan.",,,,-1.0,
"Bayar langganan 360rb lewat Gojek tapi statusnya ga aktif pas buka e-paper, terus coba lagi lewat Apple malah ditagih lagi 359rb, padahal pembayaran pertama ilang dari sistem langganan, beneran rugi banget!",,,-1.0,,
"Bayar langganan 6 bulan tapi fitur download pdf nya error mulu, sayang banget uangnya terbuang sia-sia gini 😤",,,-1.0,,
"Bayar langganan tapi konten yang disajikan ga sesuai harapan, misal pengen baca analisa mendalam soal Barcelona malah cuma dapet foto pemain sama judul doang, rasanya rugi bgt.",,,-1.0,,
"Bayar premium setahun tp konten yg dijanjiin ga lengkap, cerpen cuma 4 padahal harusnya banyak, menu humaniora hilang, berita jadi berantakan...rugi bgt deh bayar segini 😤",,,-1.0,,
"Bayar premium tapi e-paper masih gabisa dibuka, rugi banget deh",,,-1.0,,
Beberapa fitur audio buttonnya tersembunyi dan susah ditemukan kak,-1.0,,,,
Belum bisa kembali ke menu utama,,,,,-1.0
"Berita Kompas akhir-akhir ini banyak yg clickbait dan gak objektif, terlalu banyak framing politik, jadi kecewa bgt soalnya dulu aku percaya sama kredibilitas kalian, tolong kembali ke jurnalisme yg serius dan akurat ya, jangan jadi kaya media lain yg cuma cari sensasi.",,,,-1.0,
"Berita Kompas sejak 2023 jadi berpihak dan kehilangan kredibilitas, tidak lagi netral seperti dulu. Sayang bgt media yg dulu dipercaya sekarang jadi propaganda politik, bukan jurnalisme sejati.",,,,-1.0,
"Berita Kompas selalu akurat dan berimbang, opininya kredibel banget..media ini konsisten menjaga integritas jurnalistik dan etika dalam setiap liputan demi persatuan Indonesia.",,,,1.0,
"Berita Kompas selalu akurat, mendalam, dan bisa dipercaya banget. Mantap! 👍",,,,1.0,
"Berita Kompas selalu terkini dan sangat informatif, jadi saya bisa dapet update terbaru dengan praktis di mana aja.",,,,1.0,
"Berita Kompas semakin tidak seimbang, sumber yg dipakai selalu dr pihak yg sama aja.",,,,-1.0,
"Berita Kompas sering berpihak dan gak objektif, terlalu banyak framing yang memaksa untuk kepentingan tertentu, jadi kehilangan kredibilitas sbg media berita.",,,,-1.0,
Berita Kompas terbukti akurat dan kredibel.,,,,1.0,
"Berita Kompas udah ga netral lagi, banyak framing dan bias politik yg bikin kredibilitas media ini jatuh. Dulu dipercaya, sekarang jadi berpihak dan kehilangan integritas jurnalisme sejati.",,,,-1.0,
"Berita aja kok mesti bayar, mending pake aplikasi lain aja deh",,,-1.0,,
"Berita akurat & selalu update, mantap banget",,,,1.0,
"Berita akurat dan terkini, jadi ga khawatir ketemu informasi palsu",,,,1.0,
"Berita akurat dan terpercaya, sangat membantu",,,,1.0,
"Berita covid di app ini selalu sensasional dan menyeramkan, padahal mayoritas pasien bisa sembuh tp jarang dibahas. Framing beritanya kurang seimbang bgt.",,,,-1.0,
"Berita covid di app ini terlalu sensasional dan ga seimbang, padahal mayoritas pasien bisa pulih tp jarang diangkat",,,,-1.0,
"Berita covid di app ini terlalu sensasional dan misleading, padahal mayoritas pasien bisa pulih tp coverage-nya fokus ke hal menakut-nakuti aja, kurang balanced dan akurat.",,,,-1.0,
"Berita covid nya kok selalu sensasional dan menakut-nakutin, padahal banyak yg sembuh tp ga dibahas sama sekali",,,,-1.0,
"Berita dan gambarnya ga match, jadi susah dipahami isinya.",,,,-1.0,
"Berita dan konten di sini selalu akurat dan terpercaya bgt, cocok banget buat yang pengen update info terkini. Recommended parah deh, apalagi fitur-fiturnya lengkap dan informatif. Luv it!",,,,1.0,
"Berita dan ulasannya akurat serta selalu update, bisa diakses kapan aja sesuai butuh... prosesnya juga gampang dan bisa disesuaikan dgn preferensi. Makasih Kompas.id!",,,,1.0,
"Berita di KOMPAS selalu akurat, lengkap, dan bisa dipercaya banget****",,,,1.0,
"Berita di Kompas makin tidak kredibel, banyak yg ga terverifikasi dan opini dicampur jadi fakta.",,,,-1.0,
"Berita di Kompas sangat informatif dan mudah dipahami, tampilannya yang menarik membuat membaca jadi lebih nyaman layaknya membaca koran fisik dulu.",,,,1.0,
"Berita di Kompas semakin banyak yang tidak terverifikasi dengan baik, terlalu sensasional dan kurang kredibel.",,,,-1.0,
"Berita di Kompas terlalu berpihak dan ga objektif, selalu ada framing yg memaksakan narasi untuk satu kelompok tertentu, bikin pembaca terpecah belah gitu.",,,,-1.0,
"Berita di Kompas udah sering telat update, kalah cepat dibanding media lain",,,,-1.0,
"Berita di Kompas.id emang terpercaya dan selalu up to date, jauh lebih kredibel dibanding media berita lainnya yang sering tidak akurat.",,,,1.0,
"Berita di aplikasi ini banyak yg udah expired, terutama lowongan kerja yg gak di-update sesuai tahun sekarang, jadi kurang relevan dan ga berguna buat pembaca, harusnya lebih selektif dalam memilih konten biar bisa dipercaya sebagai media berita profesional.",,,,-1.0,
"Berita di aplikasi ini terlalu banyak clickbait dan framing, apalagi soal tokoh tertentu, jadi ga bisa dipercaya.",,,,-1.0,
"Berita di aplikasi ini terlalu banyak clickbait dan framing, jangan samain diri sama media lain yg suka main politik.. padahal dulu kompas itu kredibel bgt, harusnya tetap jaga integritas beritanya supaya bisa jadi pilihan utama lagi.",,,,-1.0,
"Berita di aplikasi ini udah mulai banyak yang clickbait dan berisi framing politik, padahal dulu kompas tuh kredibel banget. Tolong dong kembali ke jurnalisme yang objektif dan akurat, jangan ikutan mainstream media lainnya yang cuma cari sensasi. Kasih 2 bintang dulu sampe berita-beritanya bener2 netral dan factual lagi, baru bisa naik rating.",,,,-1.0,
"Berita di app ini banyak yang udah kadaluarsa dan ga relevan, terutama lowongan kerja yg ga pernah diupdate. Gimana bisa bermanfaat buat pembaca kalo kontennya ketinggalan zaman gini, harusnya lebih teliti dalam memilih berita yg layak tayang.",,,,-1.0,
"Berita di app ini banyak yg sudah expired, terutama lowongan kerja nya ga pernah diupdate, jadi ga relevan sama sekali buat pembaca. Harusnya Kompas bisa lebih teliti dalam memilah konten biar benar-benar bermanfaat, bukan sekadar asal muat aja.",,,,-1.0,
"Berita di app ini banyak yg udah expired, terutama lowongan kerja nya ga pernah diupdate. Gimana sih bisa bermanfaat kalo konten nya gak aktual & relevan? Tolong dong jangan asal posting berita kaya gitu, harusnya lebih profesional dalam kurasi konten.",,,,-1.0,
"Berita di bagian cetak dan e-paper jarang banget ter-update, meski udah di-refresh berkali-kali",,,,-1.0,
"Berita di kompas banyak banget yang ga kredibel, datanya sering keliru dan kayaknya ga di-verifikasi dengan baik",,,,-1.0,
"Berita di kompas banyak ga akurat, editorial nya kurang teliti bgt dalam verifikasi fakta",,,,-1.0,
"Berita di kompas cuma permukaan aja, analisisnya kurang mendalam bgt dan minim insight.",,,,-1.0,
"Berita di kompas ga kredibel, banyak yg tidak diverifikasi dan campur aduk antara fakta sama opini.",,,,-1.0,
"Berita di kompas semakin ga kredibel, banyak sensasi tapi verifikasinya kurang jelas bgt",,,,-1.0,
"Berita di kompas sering banget ga kredibel, data-datanya banyak yg keliru dan kayanya ga di verifikasi ulang sebelum di publish",,,,-1.0,
"Berita di kompas udah ga netral lagi, sumber yg diambil selalu dari pihak yg sama aja",,,,-1.0,
"Berita di kompas.id sering kurang mendalam dan tidak lengkap, banyak informasi penting yang terlewatkan.",,,,-1.0,
"Berita di sini emang ga kredibel sih, selalu ada framing buat black campaign politisi tertentu.",,,,-1.0,
"Berita di sini ga seimbang bgt, selalu berpihak ke satu arah aja...padahal media harusnya netral dan objektif dalam menyajikan informasi, bukan malah jadi corong pemerintah",,,,-1.0,
"Berita di sini sering misleading dan ga akurat, judulnya berlebihan padahal isinya beda jauh sama kenyataan. Contohnya coverage kerusuhan Pekanbaru kemarin, konteks lengkapnya ga dijelasin, cuma sensasi doang. Sayang banget, jadi males buka aplikasi ini lagi.",,,,-1.0,
"Berita di sini terlalu banyak clickbait dan framing negatif, ga netral sama sekali",,,,-1.0,
"Berita di sini udah ga kredibel lagi, selalu bikin framing negatif buat orang tertentu tanpa verifikasi...ini bukan jurnalisme, ini fitnah terselubung yg sangat merugikan",,,,-1.0,
Berita dimuat tanpa verifikasi dulu,,,,-1.0,
Berita disajikan dengan sumber yang kredibel dan analisis cerdas,,,,1.0,
Berita dr kompas.id jauh lbh akurat dan terpercaya dibanding sumber berita lainnya,,,,1.0,
"Berita dunia yang disajikan sangat kredibel dan akurat, jauh lebih memuaskan dibanding koran cetak tradisional.",,,,1.0,
"Berita kompas banyak banget faktanya salah, editor nya tidur ya sampe lolos gitu",,,,-1.0,
"Berita kompas cuma sekadar narasi permukaan, analisisnya minim banget dan ga mendalam",,,,-1.0,
"Berita kompas makin ga kredibel aja, framing nya berpihak banget dan terasa dikontrol uang.. independensi cuma slogan, yg utama cuan doang",,,,-1.0,
"Berita kompas makin ga kredibel aja.. Framing yg disajikan terlihat berpihak tergantung siapa yg bayar. Independensi cuma slogan, yg penting cuan doang",,,,-1.0,
"Berita kompas sering bgt berpihak, framingnya ga seimbang dan cenderung menampilkan satu sudut pandang aja",,,,-1.0,
"Berita kompas sering bikin kesel, terutama judulnya yg misleading dan framing-nya bermasalah. Contohnya berita soal korupsi tp judulnya ""Korupsi Bukan Lagi Kejahatan Luar Biasa"" terus pake foto ARB, seolah² mau nyalahkan dia. Ini ga fair dan ga akurat bgt, bikin pembaca salah tangkap maksud beritanya.",,,,-1.0,
"Berita kompas terlalu banyak bias, presentasinya ga seimbang dan jelas terlihat berpihak pada satu pihak aja",,,,-1.0,
"Berita lama sering dimuat ulang, ga fresh bgt",,,,-1.0,
"Berita lokal di kompas itu sangat kurang dan jarang diupdate, jauh lebih bagus portal berita daerah lain.",,,,-1.0,
Berita nasionalnya selalu terkini dan sangat berkualitas.,,,,1.0,
"Berita nya ga konsisten sama visual nya, jadi pembaca jadi bingung dan ga paham maksud artikelnya.",,,,-1.0,
Berita nya mulai berpihak banget nih.,,,,-1.0,
"Berita nya sudah lumayan, tapi tolong ditambah konten yg lebih fresh dan terkini 😊",,,,0.0,
Berita nya terpercaya dan berimbang bgt,,,,1.0,
"Berita olahraga Kompas terlalu lama, hasil pertandingan baru keluar berjam-jam setelahnya, jauh ketinggalan dari kompetitor lain.",,,,-1.0,
"Berita olahraga Kompas.id terlalu lama di-update, hasil pertandingan muncul berjam-jam kemudian bgt, padahal aplikasi lain udah publish duluan.",,,,-1.0,
"Berita olahraga kompas ga real-time banget, hasil match baru keluar berjam-jam kemudian padahal aplikasi lain udah update duluan.",,,,-1.0,
"Berita olahraga kompas ga real-time bgt, hasil pertandingan muncul berjam-jam kemudian padahal aplikasi lain udah update duluan.",,,,-1.0,
"Berita olahraga kompas ketinggalan banget, hasil pertandingan udah lama tapi masih belum muncul di app",,,,-1.0,
"Berita olahraga kompas selalu ketinggalan, hasil match muncul jauh lebih lambat dr media lain",,,,-1.0,
"Berita olahraga nya ketinggalan banget, gak ada liputan transfer pemain terbaru. Update nya lambat bgt dibanding media lain.",,,,-1.0,
"Berita politiknya kompas selalu akurat dan terpercaya, makanya saya setia jadi pembaca sejak taun 94.",,,,1.0,
"Berita selalu aktual dan dilengkapi analisis mendalam serta penulisan yg berbobot, sangat memuaskan.",,,,1.0,
"Berita teknologi di kompas ga fresh, udah ketinggalan sama media lain seminggu sebelumnya",,,,-1.0,
"Berita tentang sepakbola nya ketinggalan zaman bgt, gak ada liputan transfer pemain yg terbaru. Update nya lambat banget.",,,,-1.0,
"Berita tentang timnas ga aktual, masih nampil berita lama dari 2023 padahal udah cari yg paling terkini",,,,-1.0,
"Berita tentang timnas gak aktual bgt, masih nampil berita lama dr 2023 padahal udah ada yg lebih baru.",,,,-1.0,
"Berita tentang timnas selalu ketinggalan, padahal kita cari yg paling terkini tapi malah muncul berita lama dari 2023",,,,-1.0,
"Berita terbaru nya ga akurat bgt, soal keluarga kelaparan langsung disalahkan agama islam, ini jelas clickbait dan misleading",,,,-1.0,
"Berita yang akurat, independen, dan bisa dijadiin sumber informasi terpercaya.",,,,1.0,
"Berita yang disajikan akurat dan selalu update dengan data terkini, mantap banget!",,,,1.0,
"Berita yang disajikan akurat, terpercaya, dan mencakup berbagai topik kehidupan dengan sangat mudah diakses.",,,,1.0,
"Berita yang disajikan banyak yg sudah ketinggalan zaman, terutama lowongan kerja yg gak pernah diupdate, jadi kurang relevan dan gak berguna buat pembaca Indonesia. Seharusnya redaksi lebih teliti dalam memilih konten biar berkualitas dan kredibel.",,,,-1.0,
"Berita yang disajikan sangat kredibel dan informatif, cocok bgt buat yg menghargai akurasi dan kedalaman informasi. Makasih!",,,,1.0,
"Berita yang informatif, kredibel dan substantif",,,,1.0,
"Berita yang komprehensif dan terpercaya, memudahkan cari informasi akurat. Mantap jadi solusi lawan berita palsu 👍",,,,1.0,
Berita yg akurat dan selalu up to date dari Kompas,,,,1.0,
"Berita yg disajikan akurat dan terpercaya, rekomendasi banget buat dibaca dan aplikasinya gratis pula 👍",,,,1.0,
"Berita yg disajikan lengkap dan akurat, konten selalu update dan terpercaya bgt, cuma sayangnya fitur landscape belum tersedia padahal itu bisa bikin pengalaman baca lebih nyaman 😊",,,,1.0,
"Berita yg disajikan sering duplikat, judulnya berulang-ulang banget dan bikin bosan.",,,,-1.0,
"Berita yg disajikan udah ga netral lagi, banyak clickbait dan framing berpihak. Kayaknya kredibilitas Kompas menurun drastis, prioritasnya cuma cuan bukan kebenaran faktual.",,,,-1.0,
"Berita yg ditampilkan sering duplikat, judulnya sama berulang-ulang bgt.",,,,-1.0,
"Berita yg ditampilkan udah ketinggalan zaman bgt, lowongan kerja juga ga di-update sesuai tahun sekarang. Gimana bisa bermanfaat klo kontennya ga aktual?? Harusnya diklarifikasi dulu sebelum publish, jangan asal muat kyk media amatiran gitu.",,,,-1.0,
"Berita yg ga akurat soal keluarga kelaparan, malah nyalahkan agama islam. Ini bukan jurnalisme yg kredibel",,,,-1.0,
"Berita yg ga akurat ttg keluarga kelaparan, malah disalahkan agama islam. Ini bukan jurnalisme yg bertanggung jawab.",,,,-1.0,
Berita yg selalu aktual dan kredibel banget,,,,1.0,
"Berita-berita Kompas selalu akurat dan mendalam, memberikan informasi yang sangat kredibel dan terpercaya. Rubrik Humaniora jadi favorit sa karena penulisannya yang halus tapi tetap kritis, dan setiap hari sa bisa baca ePaper yang kontennya tersebar di berbagai artikel berkualitas. Apresiasi bgt sama standar jurnalistik Kompas yang konsisten seperti ini. Semoga bisa diakses di iOS 12 juga biar teman-teman sa bisa ikutan. Overall, Kompas emang worth it banget. Terima kasih, Kompas — Amanat Hati Nurani Rakyat. Salaam",,,,1.0,
"Berita-berita di Kompas cuma permukaan aja, analisisnya minim banget ga ada substance sama sekali.",,,,-1.0,
"Berita-berita di Kompas selalu akurat dan kredibel, dari dulu sampai sekarang tetap jadi pilihan utama saya untuk dapetin informasi terpercaya dan berkualitas.",,,,1.0,
"Berita-berita di Kompas.id emang terpercaya dan informatif, jurnalisme berkualitas tinggi yang patut diapresiasi.",,,,1.0,
"Berita-berita di Kompas.id selalu terpercaya, data-datanya valid, penyajiannya rapi dan mudah dipahami, serta benar-benar sesuai kebutuhan pembaca. Singkatnya, aplikasi ini top banget!",,,,1.0,
"Berita-beritanya akurat banget, informatif, dan bisa dipercaya buat nambah wawasan kita",,,,1.0,
Berita-beritanya akurat dan bisa dipercaya banget sumbernya,,,,1.0,
"Berita-beritanya akurat dan bisa dipercaya, makin bagus aja aplikasinya",,,,1.0,
Berita-beritanya akurat dan selalu terpercaya banget.,,,,1.0,
Berita-beritanya akurat dan selalu up to date.,,,,1.0,
"Berita-beritanya akurat dan selalu update, praktis banget ga perlu beli koran lagi",,,,1.0,
"Berita-beritanya akurat dan terpercaya banget, Kompas!",,,,1.0,
"Berita-beritanya akurat dan terpercaya, fotonya juga bagus bgt. Aplikasinya user-friendly dan punya fitur-fitur keren yg berguna, kayak text-to-speech yang super membantu.",,,,1.0,
"Berita-beritanya akurat dan terpercaya, penulisannya profesional tapi tetap mudah dipahami, worth it banget buat berlangganan.",,,,1.0,
"Berita-beritanya akurat, analisisnya mendalam, dan penulisannya berimbang banget, top deh KOMPAS!",,,,1.0,
"Berita-beritanya akurat, berimbang, dan sangat kredibel",,,,1.0,
"Berita-beritanya akurat, berimbang, dan selalu mengupas masalah dari berbagai sudut pandang tanpa berpihak pada salah satu pihak.",,,,1.0,
"Berita-beritanya akurat, faktual, dan bisa dipercaya banget!",,,,1.0,
"Berita-beritanya akurat, mendalam, dan sangat bisa dipercaya banget",,,,1.0,
"Berita-beritanya akurat, terpercaya, dan selalu up to date banget",,,,1.0,
"Berita-beritanya berimbang dan akurat, Kompas emang terpercaya banget.",,,,1.0,
"Berita-beritanya disajikan dengan sangat mendalam dan informatif, tampilan aplikasinya juga nyaman kayak baca website tapi tanpa iklan yang bikin kesel, plus ada fitur AI yang bisa baca berita buat kita dan tersedia juga ebook gratis yang bisa didownload.",,,,1.0,
"Berita-beritanya ga netral, selalu framing negatif untuk tokoh tertentu sih",,,,-1.0,
"Berita-beritanya ketinggalan, ga selalu update terbaru",,,,-1.0,
"Berita-beritanya kredibel dan informatif, cocok jadi sumber bacaan utama nih!",,,,1.0,
"Berita-beritanya sangat informatif dan mendalam, terutama liputan investigasinya yang keren banget. Semoga redaksi terus jaga kualitas dan akurasi berita tentang isu-isu penting Indonesia.",,,,1.0,
"Berita-beritanya selalu akurat dan informatif, semoga Kompas tetap jaga independensinya.",,,,1.0,
Berita-beritanya selalu akurat dan kredibel banget,,,,1.0,
Berita-beritanya selalu akurat dan terpercaya banget,,,,1.0,
"Berita-beritanya selalu akurat dan up to date, cuma sayang harus bayar berlangganan",,,,1.0,
"Berita-beritanya selalu akurat, mendalam, terpercaya & ga pernah bias!!",,,,1.0,
"Berita-beritanya selalu objektif dan netral, bebas dari bias politik dan kepentingan tertentu.",,,,1.0,
"Berita-beritanya selalu up to date dan terpercaya, aplikasi yang patut dicoba bgt!",,,,1.0,
Berita-beritanya terpercaya dan sangat informatif banget,,,,1.0,
"Berita-beritanya terpercaya dan selalu akurat, aplikasinya memang recommended banget untuk yang mau konsumsi berita berkualitas.",,,,1.0,
"Berita-beritanya udah ga tajam lagi, cenderung main aman dan minim analisis kritis yg seharusnya jadi keunggulan kompas dulu.",,,,-1.0,
Berita-beritanya udah mulai berpihak banget deh.,,,,-1.0,
"Beritanya akurat dan berimbang, media yg terpercaya",,,,1.0,
"Beritanya akurat dan informatif bgt, semoga ke depannya bisa diakses gratis untuk semua pengguna.",,,,1.0,
"Beritanya akurat dan informatif, plus bisa diskusi sama pembaca lain juga seru",,,,1.0,
"Beritanya akurat dan informatif, suka banget!",,,,1.0,
"Beritanya akurat dan komprehensif, nyediain info terkini dari dalam maupun luar negeri dengan sangat baik",,,,1.0,
"Beritanya akurat dan kredibel, penulisannya bagus, ga clickbait, dan bener-bener memperluas pengetahuan dengan perspektif yg berimbang.",,,,1.0,
"Beritanya akurat dan lengkap banget, bisa dipercaya sepenuhnya.",,,,1.0,
Beritanya akurat dan sangat informatif bgt,,,,1.0,
Beritanya akurat dan sangat terpercaya banget,,,,1.0,
"Beritanya akurat dan selalu terdepan, bener-bener nambah pengetahuan.",,,,1.0,
"Beritanya akurat dan selalu terkini, terpercaya banget deh sejak jaman dulu ya",,,,1.0,
"Beritanya akurat dan selalu up to date, sangat terpercaya banget!!",,,,1.0,
Beritanya akurat dan selalu update bgt,,,,1.0,
"Beritanya akurat dan selalu update, bahasanya juga mudah dipahami banget.",,,,1.0,
"Beritanya akurat dan selalu update, bisa dipercaya banget!",,,,1.0,
"Beritanya akurat dan selalu update, mantap banget deh",,,,1.0,
"Beritanya akurat dan selalu update, terus berkembang ya kompas",,,,1.0,
"Beritanya akurat dan terpercaya bgt, puas deh!",,,,1.0,
"Beritanya akurat dan terpercaya, Kompas.id emang terdepan",,,,1.0,
"Beritanya akurat, aktual, dan sangat kredibel",,,,1.0,
"Beritanya banyak yg berpihak dan ga netral, jelas-jelas ada agenda penggiringan opini..udah ga kredibel lagi, jauh dari standar jurnalisme yg seharusnya",,,,-1.0,
"Beritanya berkualitas tinggi dan terpercaya, jurnalisme sejati.",,,,1.0,
"Beritanya bermutu banget, semua artikel isinya substantif dan ga ada sampah, plus bisa didengarkan langsung jadi praktis, e-paper juga lengkap, totally worth it deh untuk berlangganan",,,,1.0,
"Beritanya berpihak dan sering framing untuk nyinyirin tokoh tertentu..udah ga kredibel lagi DAN SANGAT BIAS...kecewa bgt, ini bukan jurnalisme tapi propaganda",,,,-1.0,
Beritanya cukup akurat dan informatif banget,,,,1.0,
"Beritanya ga bermutu, isinya misleading bgt...",,,,-1.0,
"Beritanya ga fresh, ketinggalan sama Google News",,,,-1.0,
"Beritanya ga kredibel bgt, bikin kecewa aja deh.",,,,-1.0,
"Beritanya ga kredibel bgt, penuh dengan informasi yg tidak akurat dan terkesan berpihak demi kepentingan tertentu aja",,,,-1.0,
Beritanya ga kredibel dan ketinggalan zaman banget sih,,,,-1.0,
"Beritanya ga kredibel dan penuh bias, semuanya demi kepentingan kelompok tertentu bukan fakta objektif",,,,-1.0,
"Beritanya ga kredibel dan sering menyebarkan informasi palsu. Judulnya menyesatkan dan isi artikelnya jauh berbeda dari fakta sebenarnya. Contohnya kasus kerusuhan Pekanbaru, padahal pengemudi ojol itu ditindas duluan terus baru merespons, tapi Kompas malah framing seolah mereka yang salah. Jadi kecewa dan menyesal install aplikasi ini.",,,,-1.0,
"Beritanya ga netral bgt, selalu berpihak ke pemerintah atau oposisi. Jurnalisme yg payah. Langsung uninstall deh...",,,,-1.0,
"Beritanya ga netral bgt, selalu berpihak ke pemerintah atau oposisi...sangat mengecewakan, langsung dihapus deh.",,,,-1.0,
"Beritanya ga netral bgt, selalu condong ke salah satu pihak doang, jadi credibilitynya jatuh...payah banget, langsung uninstall deh.",,,,-1.0,
"Beritanya ga netral, selalu menguntungkan satu kubu aja sementara pihak lain dikasih porsi jauh lebih kecil",,,,-1.0,
"Beritanya ga objektif bgt, selalu berpihak ke salah satu pihak aja, payah deh kualitasnya...langsung dihapus.",,,,-1.0,
"Beritanya ga seimbang, terlalu berpihak ke pemerintah...harusnya media itu netral dan kritis, bukan cuma amplifikasi suara penguasa doang...kasihan deh pembaca jadi ga dapet perspektif yg objektif.",,,,-1.0,
Beritanya ga seimbang....media harusnya netral bukan cuma nyerang pemerintah terus....kasih ruang buat kedua belah pihak dong....jangan selalu sepihak gini bikin pembaca bingung,,,,-1.0,
"Beritanya gak netral bgt, selalu ada framing yg memaksakan narasi untuk kepentingan golongan tertentu, sama kayak media murahan lainnya. Bikin perpecahan...",,,,-1.0,
"Beritanya informatif banget, bisa nambahin ilmu dan wawasan kita setiap hari.",,,,1.0,
"Beritanya informatif dan selalu update tentang perkembangan negara kita, sangat berguna banget",,,,1.0,
"Beritanya jarang diperbarui, ketinggalan berita terkini",,,,-1.0,
"Beritanya jarang diperbarui, kurang aktual banget",,,,-1.0,
"Beritanya ketinggalan update, nyari berita timnas terkini malah keluar berita timnas tahun lalu",,,,-1.0,
"Beritanya ketinggalan zaman banget, ga update sama sekali",,,,-1.0,
"Beritanya kok sering ketinggalan update, kompetitor udah publish duluan baru kompas menyusul terus",,,,-1.0,
"Beritanya kompas memang akurat dan informatif, kami jadi dapet informasi yg lebih lengkap",,,,1.0,
"Beritanya komplit dan informatif bgt, aplikasinya keren.",,,,1.0,
Beritanya komprehensif dan informatif banget 😊👍,,,,1.0,
"Beritanya kredibel banget dan ga bias, mantap!",,,,1.0,
Beritanya kredibel dan komprehensif banget 👍⭐⭐⭐⭐⭐,,,,1.0,
"Beritanya kredibel, mudah dipahami dan informatif",,,,1.0,
"Beritanya kurang cepat update, kompetitor udah publish duluan baru kompas menyusul, jadi kecewa",,,,-1.0,
Beritanya kurang mendalam dan sering clickbait bgt,,,,-1.0,
"Beritanya kurang mendalam dibanding aplikasi berita lain, kontennya terasa kurang komprehensif",,,,-1.0,
"Beritanya kurang seimbang, terlalu banyak sorot ke satu pihak aja, padahal media harusnya netral dan objektif bukan cuma jadi corong oposisi doang.",,,,-1.0,
"Beritanya kurang update banget, perlu diperbaiki.",,,,-1.0,
"Beritanya kurang update, perlu ditingkatkan lagi.",,,,-1.0,
"Beritanya lebih komprehensif dan akurat, cuma sarannya kalau bisa tambahin video penjelasannya juga",,,,1.0,
Beritanya lebih mendalam dan komprehensif banget,,,,1.0,
Beritanya lengkap dan informatif banget 👍,,,,1.0,
"Beritanya memang berkualitas sih, tapi paywall nya kebanyakan bgt 😤 Mau baca artikel lagi aja udah kena premium, padahal cuma artikel biasa bukan e-paper. Sayang banget sih, kalo emang mau monetize ya paham lah, tapi jangan sampe berlebihan gini 🤷",,,-1.0,,
"Beritanya mudah dipahami dan langsung masuk ke otak, nggak perlu bingung-bingung",,,,1.0,
"Beritanya mulai banyak yg provokasi dan berpihak, jadi kecewa bgt. Dulu aku percaya sama Kompas tp sekarang berita2nya terasa ga netral kayak media lain. Tolong kembali ke berita yg akurat dan objektif aja, biar bisa balik jadi aplikasi favorit aku.",,,,-1.0,
Beritanya ringkas tp akurat dan terpercaya,,,,1.0,
"Beritanya sangat akurat dan terpercaya, aplikasinya juga user-friendly banget.",,,,1.0,
Beritanya selalu aktual dan informatif banget,,,,1.0,
Beritanya selalu aktual dan terkini banget,,,,1.0,
"Beritanya selalu aktual dan terpercaya banget, tampilannya juga enak dibaca sih",,,,1.0,
"Beritanya selalu aktual dan terpercaya, kontennya bagus banget dan informatif meski update epapernya kadang terlambat👍",,,,1.0,
"Beritanya selalu aktual dan terpercaya, meskipun 5W dan 1H bisa terus ditingkatkan lagi",,,,1.0,
"Beritanya selalu aktual, akurat, dan sangat terpercaya banget",,,,1.0,
"Beritanya selalu akurat dan kredibel dari dulu hingga sekarang, terpercaya bgt",,,,1.0,
Beritanya selalu akurat dan tajam banget,,,,1.0,
"Beritanya selalu akurat dan terkini, plus ada e-paper yg sama persis kayak koran aslinya, mantap bgt!",,,,1.0,
"Beritanya selalu akurat dan terpercaya, Kompas emang the best deh!",,,,1.0,
"Beritanya selalu berpihak, coverage untuk satu sisi jauh lebih banyak dibanding yang lain.",,,,-1.0,
"Beritanya selalu berpihak, porsi liputan ga seimbang antara satu pihak sama pihak lainnya.",,,,-1.0,
"Beritanya selalu berpihak, satu sisi ditonjolin terus sementara sisi lain diabaikan banget",,,,-1.0,
"Beritanya selalu berpihak, satu sudut pandang ditonjolkan jauh lebih besar daripada perspektif lainnya",,,,-1.0,
Beritanya selalu fresh dan terpercaya banget,,,,1.0,
"Beritanya selalu fresh dan update setiap hari, makasih Kompas 👍",,,,1.0,
"Beritanya selalu terkini dan akurat, Kompas emang terpercaya bgt.",,,,1.0,
Beritanya selalu terkini dan kredibel dengan informasi yg akurat banget....penulisannya informatif dan komprehensif...,,,,1.0,
"Beritanya selalu update dan akurat, aplikasinya bagus banget. Semoga terus berkembang 👍",,,,1.0,
"Beritanya sering keliru dan ga teliti, banyak informasi yg ternyata salah pas dicek ulang",,,,-1.0,
"Beritanya soal covid kok selalu sensasional dan menakut-nakutin, padahal mayoritas pasien bisa pulih tp jarang disorot, coverage-nya ga seimbang banget.",,,,-1.0,
Beritanya terpercaya dan akurat,,,,1.0,
Beritanya terpercaya dan komprehensif..analisisnya banyak banget,,,,1.0,
"Beritanya terpercaya dan selalu akurat, Kompas emang top deh",,,,1.0,
"Beritanya terpercaya dan selalu akurat, sangat bagus banget",,,,1.0,
"Beritanya tidak kredibel, mending cari aplikasi lain aja",,,,-1.0,
"Berlangganan di Kompas.id gampang banget dan fleksibel sesuai kebutuhan, dapet akses berita berkualitas kapan aja tanpa ribet. Mantap!",,,1.0,,
"Berlangganan di sini terbukti worth it, konten jurnalistiknya berkualitas dan harganya sebanding dengan nilai yang didapat.",,,1.0,,
"Berlangganan di sini terbukti worth it, konten jurnalistiknya berkualitas tinggi dan harganya masih terjangkau untuk berita setepat ini.",,,1.0,,
Berlangganan digital jauh lebih hemat dibanding beli koran cetak setiap hari,,,1.0,,
"Berlangganan paket tahunan kompas id jauh lebih worth it dibanding bayar bulanan, beneran hemat bgt!",,,1.0,,
"Berlangganan premium kompas id worth it banget, harganya sangat terjangkau",,,1.0,,
"Berlangganan premium totally worth it, bisa baca berita tanpa gangguan iklan sama sekali",,,1.0,,
"Berlangganan sejak 2023 dan totally worth it, harga e-paper jauh lebih terjangkau dibanding langganan edisi cetak",,,1.0,,
"Berlangganan setahun cuma 139 ribu tuh worth it banget, sekarang bisa nikmatin semua opini dan analisis tanpa khawatir paywall",,,1.0,,
Biasanya kapan sih kompas id ngadain promo harga langganan,,,0.0,,
"Bisa akses berita dari skala nasional hingga lokal desa, lengkap banget.",,,,1.0,
"Bisa dapetin berita akurat dan informatif yg penting buat kehidupan sehari-hari, jadi alat bantu yg berguna bgt.",,,,1.0,
"Buka aplikasi cari berita olahraga tapi kontennya ketinggalan zaman banget, masih tayang berita lama dari 2023",,,,-1.0,
"CS-nya responsif banget, masalah teknis langsung dibenerin 👍",,,,,1.0
Cari berita olahraga terkini malah keluar artikel lama dari 2023 ga seger sama sekali,,,,-1.0,
"Dapat langganan gratis, mantap banget wkwkwk 5 bintang deh!",,,1.0,,
"Dapet promo gratis 3 bulan dari traveloka trus langsung kerasa worth it bgt, ga ada iklan mengganggu, konten beritanya berkualitas, bisa didengarkan juga, plus akses e-paper lengkap, jadi beneran hemat banget untuk nilai yg didapat",,,1.0,,
"Dapet promo gratis 3 bulan dr traveloka, worth it bgt!! tanpa iklan, berita berkualitas, bisa didengarkan, plus akses e-paper lengkap, harga langganannya terbukti sangat sepadan",,,1.0,,
Dapet promo tahunan kompas id jadi bisa baca berita update terus tanpa khawatir biaya. Mantap banget sih harganya 💙,,,1.0,,
"Dapet voucher langganan gratis dr tukar poin, tapi tetep aja ga bisa akses epaper, harus bayar 50k buat download, jadi percuma dong tukarnya? Ini perlu diperbaiki asap!!",,,-1.0,,
"Dari pagi sampai sekarang aplikasi kompas ga bisa dibuka sama sekali, kenapa sih server-nya error terus?",,,,,-1.0
"Desain aplikasi Kompas.id sangat user-friendly dan nyaman dipandang, apalagi fitur e-paper nya bikin rasanya kaya baca koran fisik dulu.",1.0,,,,
"Desain beranda kompas id pakai layout grid yang rapi dan ga terlalu sesak, jadi enak dipandang.",1.0,,,,
"Desain gambar artikel sudah proporsional dan tidak blur, sangat nyaman dipandang",1.0,,,,
Desain ikon-ikon navigasi di kompas id sangat intuitif dan gampang dipahami.,1.0,,,,
"Desain interface-nya jauh lebih rapi dan user-friendly setelah update terbaru, navigasi jadi lebih smooth dan enak dipake. Mantap banget kerja developernya!",1.0,,,,
Desain warna dan font di aplikasi ini konsisten banget dan terlihat profesional di setiap halaman,1.0,,,,
Desain yang minimalis membuat fokus membaca jadi terjaga tanpa distraksi visual yang mengganggu,1.0,,,,
"Desainnya keren banget, suka sama tampilannya setelah update terbaru. Thanks kompas!",1.0,,,,
"Desainnya sangat nyaman dipandang mirip kayak baca website, tapi berita disajikan lebih mendalam tanpa iklan yang mengganggu, plus ada opsi tampilan seperti koran yang bikin pengalaman membaca jadi lebih fleksibel sesuai selera.",1.0,,,,
"Designnya bagus sih, tapi warna-warnanya berantakan bgt. Biru tua, biru muda, terus gradasi semua campur. Harusnya pake biru tua aja biar konsisten sama identitas Kompas.",-1.0,,,,
Designnya udah rapi dan penataan konten di aplikasi ini enak dilihat sih.,1.0,,,,
Diminta login tapi kolom loginnya tidak muncul di layar.,,,,,-1.0
Dowoad berulang ulang e-paper,,-1.0,,,
"Dulu lancar buka aplikasinya, sekarang jadi lambat dan ribet banget.",,,,,-1.0
"Epaper ga bisa tampil landscape di hp samsung, jadi susah dibaca",,,,,-1.0
"Fitur arsip e-paper memudahkan banget buat baca edisi lama kapan aja, sangat membantu",,1.0,,,
"Fitur audio artikel sangat membantu, bisa dengarkan berita sambil sibuk bgt",,1.0,,,
"Fitur audio berita sangat membantu banget, bisa dengerin berita sambil sibuk tanpa perlu lihat layar.",,1.0,,,
Fitur audio berita sangat membantu buat yang lagi sibuk tapi tetap pengen update berita terkini.,,1.0,,,
"Fitur baca berita ada tapi langsung dibuka di browser, jadi aplikasinya cuma shell doang ga berguna",,-1.0,,,
"Fitur baca berita nya bermasalah bgt, harus buka link terus lompat ke browser, jadi aplikasinya ga berguna sama sekali..aplikasi sekelas kompas kok bisa jelek banget gini sih, mending di hapus aja deh.",,-1.0,,,
Fitur bookmark artikel sangat membantu saya untuk menyimpan berita yang ingin dibaca nanti.,,1.0,,,
Fitur bookmark buat baca nanti sangat membantu banget ketika lg sibuk dan ga sempat baca berita sekarang.,,1.0,,,
"Fitur bookmark nya ga berfungsi dengan baik, sayang banget soalnya artikel yg udah disimpan langsung hilang pas subscription berakhir.",,-1.0,,,
"Fitur copy-paste nya ga ada padahal banyak banget mahasiswa yang butuh untuk tugas makalah, jadi agak kurang berguna sih aplikasinya.",,-1.0,,,
"Fitur double tap pada e-paper terbukti sangat membantu, bisa langsung zoom sesuai konten baik teks maupun gambar tanpa perlu repot pakai dua jari, jadi baca koran jadi lebih praktis dan nyaman.",,1.0,,,
"Fitur download e-paper ga berfungsi dengan baik, harus download ulang setiap kali mau dibaca padahal udah disimpan, boros kuota banget... Bintang 1 aja deh.",,-1.0,,,
"Fitur download e-paper nya praktis banget dan bisa langsung disimpan, bikin baca koran jadi lebih fleksibel dan gampang diakses kapan aja.",,1.0,,,
"Fitur download e-paper udah ada tapi tetep aja harus konek internet buat baca, padahal dulu bisa offline. Jadi fungsinya ga berguna bgt, malah bikin bingung. Update terakhir bikin semuanya jadi lebih ribet aja.",,-1.0,,,
"Fitur download epaper jadi tidak berguna karena harus online dulu buat baca. Sebelumnya bisa offline, sekarang malah ribet. Update terbaru bikin fungsinya semakin kacau aja.",,-1.0,,,
Fitur e-paper Kompas.id sangat praktis karena bisa dibaca kapan saja tanpa perlu menunggu edisi pagi seperti koran biasa.,,1.0,,,
"Fitur e-paper di aplikasi ini kurang user-friendly, harus download dulu baru bisa dibaca padahal di browser langsung bisa diakses tanpa repot. Terus kenapa ga ada opsi landscape mode buat baca koran? Padahal koran butuh tampilan lebar, jadi 2-page view-nya jadi ga berguna kalo ga bisa dirotasi.",,-1.0,,,
"Fitur e-paper nya ada masalah, nomor halaman di sisi kanan selalu nutup sebagian konten berita, jadi susah banget bacanya. Ini bikin pengalaman membaca jadi ga nyaman dan mengganggu.",-1.0,,,,
"Fitur e-paper nya bermasalah bgt, sampe pengen berhenti langganan Kompas yg udah setia dr dulu",,-1.0,,,
"Fitur e-paper nya keren banget, bisa dibaca dengan lancar di iPad saya :)",,1.0,,,
"Fitur e-paper nya kurang optimal, setiap kali buka aplikasi ulang harus download lagi padahal udah tersimpan sebelomnya, jadinya boros storage dan bikin HP lemot bgt. Harap diperbaiki ya.",,-1.0,,,
"Fitur e-paper nya ribet bgt, harus download terus setiap kali mau baca padahal bisa disimpan jadi PDF aja biar ga perlu download berulang kali dan aplikasinya jadi ga lemot saat ganti halaman.",,-1.0,,,
"Fitur e-paper yg udah didownload masih aja butuh koneksi internet, jadi ga bisa dibaca offline di pesawat. dulu versi lamanya bisa dibaca tanpa internet, padahal jauh lebih praktis meskipun kontrol di bawah halaman ga ilang otomatis.",,-1.0,,,
Fitur highlight artikel di Kompas.id terbukti membantu saya catat bagian penting dengan mudah bgt.,,1.0,,,
"Fitur kliping artikel bekerja dengan sangat baik, tersimpan rapi dan bisa diakses kapan saja bahkan tanpa koneksi internet.",,1.0,,,
"Fitur login pakai google masih error, ga bisa balik ke aplikasi kompas. Tolong segera diperbaiki ya",,,,,-1.0
"Fitur navigasi berita jadi bermasalah setelah update, setiap selesai baca satu artikel langsung loncat ke berita terbaru dan harus scroll ulang dari atas, ini bikin ribet dan buang waktu apalagi kalo koneksi lagi lemot",,-1.0,,,
"Fitur night mode masih bermasalah di iphone 12, terus pencarian berita digital juga ribet banget, susah nemuin versi digital dr berita yg ada di halaman epaper. update fiturnya juga lama, jadi kurang puas pake aplikasi ini.",,-1.0,,,
Fitur notifikasi berita terkini kompas id sangat responsif dan selalu update dengan cepat.,,1.0,,,
Fitur notifikasi pagi dari Kompas.id sangat membantu agar saya ga ketinggalan berita terkini setiap hari.,,1.0,,,
"Fitur notifikasi terlalu banyak muncul dan bikin bete, terus tampilan e-paper nya juga makin buruk nih.",,-1.0,,,
"Fitur pencarian berita kok hasilnya acak-acakan, bukan dari yang paling baru dulu.",,-1.0,,,
"Fitur refresh berita di aplikasi ini kurang responsif, susah banget buat akses berita lama, terus ga ada opsi sort by tanggal, e-paper cuma bisa lihat sebulan terakhir aja, sering ketemu link error, dan sering minta login ulang pas mau buka artikel.",,-1.0,,,
Fitur saran artikel yang disesuaikan dengan riwayat pembacaan saya sangat membantu dan selalu relevan banget.,,1.0,,,
"Fitur select text di mode artikel hilang dan sampe sekarang belum dikembalikan, padahal udah banyak update tapi ga ada perbaikan. Kecewa bgt, kalo gini terus aku bakal pindah ke aplikasi koran lain aja.",,-1.0,,,
Fitur share email kok ilang sih? Padahal kirim lewat email jauh lebih praktis dan formatnya lebih jelas dibaca. Tolong dikembaliin dong fitur tsb.,,-1.0,,,
"Fitur share ke media sosial sangat praktis dan cepat, cukup sekali tekan udah langsung bisa dibagikan.",,1.0,,,
Fitur text to speech-nya berfungsi dengan baik dan semua fitur yang tersedia benar-benar membantu dan memuaskan pengguna.,,1.0,,,
"Fitur text to speech-nya sangat membantu, apalagi interface aplikasinya user-friendly dan nyaman dipake buat baca berita",,1.0,,,
"Fitur-fiturnya lengkap banget, ada text to speech buat yang males baca, terus bisa akses e-paper juga, ditambah ga ada iklan yang mengganggu, benar2 worth it deh pake aplikasi ini.",,1.0,,,
"Fitur-fiturnya lengkap banget, dari tampilan website yang nyaman, mode koran, AI pembaca berita yang praktis buat yang sibuk, sampe bisa download ebook gratis tanpa perlu bayar lagi, semuanya memudahkan cara baca berita.",,1.0,,,
"Ga bisa login pake email di iPhone, aplikasinya error terus. Tolong segera diperbaiki dong",,,,,-1.0
"Gak bisa login pake akun google, facebook juga error, bikin akun baru juga ga mau masuk sama sekali",,,,,-1.0
"Gambar di artikel sering loncat ke gambar selanjutnya pas di-zoom, perlu diperbaiki banget nih.",,,,,-1.0
"Gila, mesti bayar buat baca artikel.. padahal aplikasi lain gratis.. sayang banget sih harus subscribe",,,-1.0,,
"Gratis aja udah bagus, iklan dikit-dikit ga masalah kok😊",,,1.0,,
Gratis berlangganan jadi alasan kasih bintang 5 wkwkwk,,,1.0,,
Harap kompas bisa menambah liputan tentang masalah kesehatan masyarakat khususnya di wilayah terpencil,,,,0.0,
Harap kompas tambah liputan tentang isu kesehatan khususnya di wilayah terpencil,,,,0.0,
Harap kompas tetap menjaga konsistensi kualitas penulisan di setiap artikel yang dipublikasikan,,,,0.0,
"Harapannya bisa ada fitur baca berita pake suara asli, ga cuman itu² doang bgt.",,-1.0,,,
Harga berlangganan Kompas.id sangat worth it mengingat kualitas berita yang ditawarkan,,,1.0,,
Harga berlangganan bulanan Kompas.id jauh lebih terjangkau dibanding media premium lainnya yang sejenis,,,1.0,,
"Harga berlangganan digitalnya jauh lebih hemat dibanding versi cetak, jadi aku langsung switch ke aplikasi ini aja.",,,1.0,,
"Harga berlangganan premium kompas id terbilang sangat terjangkau, ga nyesel sama sekali",,,1.0,,
Harga berlangganan sebanding banget sama kualitas konten analisisnya.,,,1.0,,
"Harga berlangganannya sangat terjangkau bgt, totally worth it untuk dapetin akses baca berita kapan aja dan di mana aja bahkan tanpa internet.",,,1.0,,
Harga langganan bulanan Kompas.id paling terjangkau dibanding media premium lainnya,,,1.0,,
Harga langganan jauh lebih murah dibanding manfaat dan konten berkualitas yang bisa diakses setiap harinya,,,1.0,,
"Harga langganan premium Kompas super terjangkau dan worth it banget, bisa akses semua konten berkualitas tanpa batasan. Recommended! 👍😊",,,1.0,,
"Harga langganan sangat worth it bgt, fitur-fiturnya lengkap dan seru banget apalagi ada konten khusus buat anak muda kayak game edukatif. Highly recommended deh untuk subscribe!!",,,1.0,,
"Harga langganan sebanding banget sama kualitas jurnalistiknya, totally worth it deh untuk subscribe.",,,1.0,,
"Harga langganan sebanding banget, dapet berita berkualitas tanpa gangguan iklan sama sekali",,,1.0,,
Harga langganannya jauh lebih murah dibanding manfaat yang bisa didapatkan setiap bulannya,,,1.0,,
"Harganya terjangkau banget, udah 2 tahun langganan dan totally worth it",,,1.0,,
"Harganya terjangkau bgt, 100 ribu per tahun bakalan terus aku langganan deh.",,,1.0,,
Harus bayar langganan bulanan cuma buat baca berita doang. Ini mah ga masuk akal!!! Langsung dihapus deh,,,-1.0,,
"Harusnya Kompas tetap sediain versi lama aplikasinya, soalnya iOS versi lama ga bisa download versi terbaru.",,,,,-1.0
"Iconnya masih kurang rapi, ada cacat visual yg mengganggu. Mohon diperbaiki dong, di iOS 14 jadi berantakan bro",-1.0,,,,
"Iklan berlangganan terlalu besar dan mengganggu tampilan, posisinya bikin susah baca berita 🔥",-1.0,,,,
"Ingin tahu berapa lama kompas akan memperbaiki bug ini 🙄 selalu crash di ipad/ios, dan bagaimana dengan tampilan landscape?
Klik!",-1.0,,,,-1.0
Ini aplikasi yang bagus tapi penuh dengan bug dan selalu crash. Dan siapa yang lupa menambahkan mode landscape ke aplikasi ini?,-1.0,,,,-1.0
"Ini aplikasi yang hebat. Namun, ada bug dalam mengunduh ePaper. Aplikasi ini harus diunduh ulang setiap kali kita keluar dari aplikasi. Masalah ini tidak ada sebelum update terakhir. Saya berharap review (masukan) ini dibaca oleh tim pengembang aplikasi. Maaf saya harus memberi bintang 3/5.",,,,,-1.0
"Jadi pelanggan kompas.id gampang banget dan fleksibel sesuai kebutuhan, bisa baca berita berkualitas kapan aja dimana aja. Harga berlangganannya juga worth it bgt, puas deh!",,,1.0,,
"Judulnya sering kali sama, berulang terus, kurang variatif bgt.",,,,-1.0,
Kak gimana sih cara pakai kode voucher berlangganan kompas yang udah aku punya?,,,0.0,,
"Kak mohon bantu, saya punya kode voucher kompas untuk satu bulan tapi ga tau gimana cara redeem nya?",,,0.0,,
"Kak mohon bantu, saya punya kode voucher kompas untuk satu bulan tapi gimana cara masukin/redeem kode vouchernya?",,,0.0,,
"Kalo Kompasiana emang bagian dr Kompas, harusnya konten penulis disaring lebih ketat lagi.... makin hari makin banyak artikel ga berkualitas n ga beretika bgt....",,,,-1.0,
"Kalo mau dapet berita terkini yg kredibel dan akurat, aplikasi ini jawabannya bgt!",,,,1.0,
"Karena harus keluarin setengah juta buat langganan, akhirnya saya uninstall aja",,,-1.0,,
"Kasih bintang 2 dulu aja. tolong jangan ikut2an berita yg provokasi dan main politik kaya media mainstream tempo, CNN indonesia dan detik ..actual dan real aja beritanya pasti anda bisa jadi bintang 5. Dari dulu aku suka dengan kompas sampai bertahun2 langganan korannya. Mohon selalu jujur dengan beritanya ya, semoga sukses",,,,-1.0,
"Kebanyakan artikel kunci di balik paywall, jadi susah buat baca berita padahal kontennya bagus, malah jadi males buka aplikasi. Ini sih minus terbesar kompas.id. Bukan masalah ga mampu bayar, tapi 50k per bulan terlalu mahal bgt untuk berita yang bisa dapet gratis di tempat lain.",,,-1.0,,
"Kenapa aplikasinya error terus, jadi nggak bisa akses koran Kompas?",,,,,-1.0
Kenapa fitur kompas karier hilang dari aplikasi ini sih???,,-1.0,,,
Kenapa harus bayar buat baca berita.. masih banyak aplikasi berita gratis kok..,,,-1.0,,
Kenapa harus bayar langganan padahal aplikasi berita lain bisa dibaca gratis?,,,-1.0,,
"Kenapa sih aplikasi ini harus paksa landscape mode? Jadi ribet banget bacanya, artikel jadi susah dibaca gini.",-1.0,,,,
"Knapa sih harus bayar 50 ribu setiap bulan, padahal berita aja udah banyak yg gratis di tempat lain..",,,-1.0,,
Kok harus bayar langganan cuma buat baca berita dikit dikit,,,-1.0,,
"Kompas ID kok jadi bermasalah? Habis update, pas mau akses berita Gaya dan Kendara, aplikasinya malah error dan ga bisa dibuka sama sekali. Malah dipaksa redirect ke Safari, tapi juga ga jalan. Tolong diperbaiki dong, ini sangat mengganggu. Terima kasih",,,,,-1.0
"Kompas adalah media terkemuka yg pemberitaannya selalu akurat, kredibel, dan memberikan sudut pandang yg seimbang.",,,,1.0,
Kompas adalah media yang menyajikan berita akurat dan kredibel,,,,1.0,
"Kompas adalah media yang terpercaya dalam menyajikan berita akurat, berimbang, dan tidak memihak dalam setiap pemberitaannya.",,,,1.0,
"Kompas emang kecewa bgt, foto sama tulisannya ga cocok sama sekali, berita kaya sembarangan aja.",,,,-1.0,
"Kompas emang layak diapresiasi, beritanya selalu akurat dan terpercaya banget deh!",,,,1.0,
"Kompas emang ngecewain, foto dan judulnya ga cocok sama isi beritanya, ini mah clickbait banget.",,,,-1.0,
"Kompas emang parah, foto sama judulnya ga match bgt, beritanya jadi misleading deh.",,,,-1.0,
"Kompas emang parah, foto sama judulnya gak cocok sama sekali, beritanya jadi misleading bgt.",,,,-1.0,
"Kompas emang parah, foto sama tulisannya ga cocok sama sekali, berita kayak gini mesti dilaporin ke Dewan Pers.",,,,-1.0,
"Kompas emang parah, fotonya gak sesuai sama isinya, berita gak kredibel banget.",,,,-1.0,
"Kompas harusnya ngerti lah, bukan semua pembaca punya duit buat langganan premium, apalagi yg tinggal di daerah dengan gaji pas-pasan, udah paket data mahal, listrik naik, sekarang berita juga harus bayar? Padahal platform sebesar ini seharusnya bisa memberikan akses informasi yg adil buat semua kalangan, bukan cuma yg mampu, ini kan bertentangan sama prinsip jurnalistik sendiri.",,,-1.0,,
"Kompas id terbaik, beritanya akurat dan informatif, bahasanya jelas dan mudah dipahami banget",,,,1.0,
"Kompas ini parah bgt, foto sama judulnya ga match, beritanya jadi membingungkan. Harusnya diperbaiki atau dilaporin ke Dewan Pers.",,,,-1.0,
"Kompas jadi pilihan utama saya karena beritanya komprehensif dan berimbang, bukan asal tayang. Jurnalisme serius seperti ini memang layak berbayar, dan saya appreciate banget dedikasi mereka untuk konten berkualitas tinggi.",,,,1.0,
"Kompas jauh lebih kredibel dibanding media lain, beritanya akurat dan berimbang, selalu kritis menganalisis kinerja pemerintah tanpa takut, jurnalisme independennya bener-bener terjaga. Respect banget, semoga tetap seperti ini dan ga jadi sampah kayak kompetitor lainnya.",,,,1.0,
"Kompas katanya independen tapi kok beritanya banyak framing ya? Semakin lama semakin terlihat bias dan berpihak, kayak konten disesuaikan sama siapa yg bayar. Kredibilitas jatuh deh, cuma ngurus cuan doang",,,,-1.0,
"Kompas katanya independen tp kenyataannya berita2nya banyak yg bias dan berisi framing, jelas bgt klo editorial policy nya udah dipengaruhi kepentingan tertentu.. kredibilitas turun drastis deh",,,,-1.0,
"Kompas keren bgt, berita-beritanya selalu detail dan komprehensif bgt, sering ada promo langganan juga",,,,1.0,
"Kompas memberikan berita yang kredibel dan informatif, sangat dipercaya masyarakat.",,,,1.0,
Kompas memberikan informasi yang sangat akurat dan terpercaya bgt,,,,1.0,
"Kompas selalu memberikan berita yang akurat dan terpercaya, jadi ga heran ayah saya tetap setia berlangganan sejak dulu.",,,,1.0,
Kompas selalu memberikan berita yg akurat dan bisa dipercaya,,,,1.0,
"Kompas selalu memberikan berita yg akurat dan terpercaya, jadi jendela terbaik untuk memahami Indonesia. Setiap hari aku andalkan Kompas untuk update berita terkini dari berbagai daerah dengan fakta yg lengkap dan berimbang. Terima kasih sudah jadi panduan dalam mencari informasi berkualitas. Tetap semangat! ✊🇮🇩",,,,1.0,
"Kompas selalu memberikan berita yg akurat dan terpercaya, sesuai standar jurnalistik Harian Kompas yg udah terjaga selama ini.",,,,1.0,
"Kompas selalu menyajikan berita yang akurat dan terpercaya, independensinya ga diraguin lagi",,,,1.0,
"Kompas selalu menyajikan berita yang beragam dan komprehensif, jauh lebih lengkap dibanding media lain, apalagi sekarang bisa diakses lewat aplikasi dengan konten yg terus diperbarui.",,,,1.0,
"Kompas semakin berpihak, sumber berita yang digunakan selalu dari pihak yang sama aja, mana objektivitasnya?",,,,-1.0,
Kompas sering banget publish berita clickbait tanpa cek fakta yang memadai,,,,-1.0,
"Kompas sering kasih promo langganan yg menarik bgt, jadi worth it banget buat berlangganan",,,1.0,,
"Kompas sering kasih promo langganan yg menarik bgt, worth it deh buat dibeli",,,1.0,,
"Kompas terbukti jadi pilihan utama untuk berita akurat dan terpercaya di Indonesia, meski konten berkualitas memang butuh investasi besar, tapi aplikasinya tetap bisa diakses gratis untuk pembaca setia seperti saya.",,,,1.0,
"Kompas terbukti konsisten memberikan liputan berita yg akurat dan terkini, plus analisis mendalam yg sangat kredibel, dan yg paling aku apresiasi adalah komitmennya menjadi pelopor dalam penggunaan bahasa Indonesia yg baik dan benar.",,,,1.0,
"Kompas terbukti konsisten menghadirkan berita yang akurat dan terpercaya selama bertahun-tahun, dan di era digital ini aplikasinya sangat user-friendly dan informatif. Ditambah lagi saat pandemi Kompas memberikan akses gratis epaper untuk semua orang, menunjukkan komitmen mereka pada kualitas jurnalisme yang kredibel dan peduli masyarakat.",,,,1.0,
"Kompas terus memberikan berita akurat dan terpercaya, konten berkualitas tinggi yang mudah diakses banget!",,,,1.0,
"Kompas terus pertahankan standar jurnalistik mu yg udah bagus, selalu kasih berita akurat dan terpercaya biar masyarakat makin yakin sama informasi dari aplikasi ini,, salam untuk tim redaksi kompas.id",,,,1.0,
"Kompas tetap jadi rujukan utama buat berita akurat dan terpercaya di Indonesia, mantap terus!",,,,1.0,
Kompas tetap menjaga integritas jurnalistik dan tidak terjebak dalam pengaruh pengusaha yang bisa merusak kredibilitas berita seperti yang terjadi di media lain.,,,,1.0,
"Kompas tetap menjaga kredibilitas berita meski memberikan kritik konstruktif, berita-beritanya selalu akurat dan tidak berlebihan dalam menyoroti isu.",,,,1.0,
"Kompas tuh sering bikin berita yg misleading bgt, judulnya aja udah bisa nyesatin pembaca, kayak pas nulis tentang korupsi tapi judulnya dibuat seolah² membenarkan, terus pake foto yg bikin kesan salah, ini sih ga kredibel sama sekali.",,,,-1.0,
"Kompas udah ga berani lagi bikin berita investigasi yg tajam, semuanya jadi aman-aman aja dan kehilangan sisi kritisnya.",,,,-1.0,
"Kompas udah ga punya nyali buat jurnalisme investigatif yg berani, semua berita jadi aman-aman aja dan kehilangan sifat kritisnya.",,,,-1.0,
"Kompas udah jauh ketinggalan dalam hal kecepatan update berita, portal lain jauh lebih cepat dan aktual",,,,-1.0,
"Kompas udah ketinggalan berita, portal lain lebih cepat update dan lebih aktual",,,,-1.0,
Kompas udah lama jadi pilihan utama gue krn beritanya selalu akurat dan bisa dipercaya banget.,,,,1.0,
"Kompas.id benar-benar reliable banget buat dapetin berita akurat dan terpercaya, apalagi reputasinya udah teruji selama bertahun-tahun jadi jaminan kualitasnya. Konten sastranya juga bagus, informatif, dan gampang diakses buat yang pengen baca karya-karya berkualitas.",,,,1.0,
"Kompas.id beneran beda banget dari kompascom, beritanya selalu akurat lengkap sama kredibel dengan data yg valid dan prinsip jurnalistik beneran tanpa campur tangan politik, jadi gw jadi percaya lagi sama berita setelah lama skeptis, ga kayak aplikasi berita lain yg cuma mancing klik aja meski isinya jelek, di sini berita dibuat sesuai tujuan sebenarnya dan totally worth it bayar 50rb sebulan.",,,,1.0,
"Kompas.id emang jadi pilihan terbaik di antara banyaknya aplikasi berita, kontennya selalu mencerahkan dan mendalam, bukan cuma sekadar berita biasa aja, tapi penuh analisis dan ulasan yang berguna banget.",,,,1.0,
"Kompas.id emang sering bikin artikel yg misleading bgt, contohnya berita soal korupsi tp judulnya dibuat seolah² membenarkan tindakan jahat itu, apalagi pake foto yg bikin pembaca salah tangkap maksudnya, jadi ga kredibel deh.",,,,-1.0,
"Kompas.id memberikan berita yg akurat dan terpercaya, mulai dr politik, selebriti, tokoh masyarakat, kesehatan, hingga traveling ke destinasi wisata Nusantara, semua kontennya informatif dan menginspirasi untuk memperluas wawasan 🇮🇩❤️🙏",,,,1.0,
"Kompas.id memberikan informasi yang akurat, aktual, dan sangat kredibel.",,,,1.0,
Kompas.id selalu menyajikan artikel dari para penulis berbakat dengan konten yg akurat dan selalu up to date.,,,,1.0,
"Kompas.id sering bikin berita yg misleading bgt, terutama judulnya yg seolah-olah membenarkan korupsi padahal isinya lain. Pairing foto tokoh tertentu sama headline gitu bikin pembaca salah tangkap, seakan-akan dia yg nyatain hal itu. Ini sih bukan jurnalisme netral, ini framing murni!!",,,,-1.0,
"Kompas.id terus memberikan informasi yg akurat, kredibel, dan terbebas dari berita palsu",,,,1.0,
"Kompas.id tetap menjaga kredibilitas beritanya, berbeda dengan media lain yg banyak menyajikan konten clickbait dan tidak substantif.",,,,1.0,
"Kompasiana seharusnya lebih ketat dalam kurasi penulis, soalnya artikel yg dimuat semakin hari semakin tidak berkualitas dan tidak berstandar jurnalistik.",,,,-1.0,
"Koneksi internet lancar tapi aplikasinya susah dibuka, jadinya gabisa baca artikel dengan lancar... mohon segera diperbaiki.",,,,,-1.0
"Konten Kompas selalu akurat dan mendalam, rubrik opininya diisi penulis-penulis terpercaya yang bikin wawasan jadi lebih luas dan perspektif lebih tajam. Aplikasi ini benar-benar informatif bgt!",,,,1.0,
"Konten Kompas udah ga berani lagi, semua berita jadi aman-aman aja dan kehilangan sifat kritis yang seharusnya ada.",,,,-1.0,
"Konten Kompas.Id sangat relevan dan informatif buat generasi muda, cocok banget buat nambah pengetahuan dan wawasan. Semoga terus berkembang ya! 😊",,,,1.0,
Konten Kompas.id benar-benar memperluas pengetahuan dan perspektif saya,,,,1.0,
"Konten Kompas.id selalu aktual dan kredibel, makanya saya udah setia baca sejak masih muda.",,,,1.0,
"Konten bagus sih, tapi tiap kali perpanjang langganan lewat pulsa Indosat selalu error dan akses jadi terblokir, terus harus hubungi CS baru bisa dibuka lagi. Udah berbulan-bulan gini tapi ga ada perbaikan sama sekali, jadi ribet banget setiap bulan gini terus. Tolong diperbaiki dong sistemnya biar lancar waktu pembayaran via pulsa 🙏",,,,,-1.0
"Konten bagus tapi aplikasinya bermasalah banget. Udah langganan tapi tetap ga bisa login, udah coba clear cache berkali-kali masih error terus. Sangat kecewa.",,,,,-1.0
"Konten berita Kompas selalu akurat dan kredibel, jadi tetap jadi pilihan utama untuk info yang berimbang dan terpercaya ,,,",,,,1.0,
"Konten berita di kompas udah ga tajam lagi, semuanya mainstream dan takut ambil posisi kritis yg berani.",,,,-1.0,
"Konten berita kompas mulai ketinggalan update, jauh lebih lambat dibanding media lain dalam meliput berita terkini.",,,,-1.0,
"Konten berita lokal di Kompas jauh ketinggalan, updatenya lambat bgt dan sangat kurang dibanding portal berita daerah lainnya.",,,,-1.0,
"Konten berita lokal di Kompas sangat kurang dan jarang di-update, jauh tertinggal dibanding portal berita daerah lainnya.",,,,-1.0,
"Konten berita memang banyak, tapi kenapa ga ada fitur filter berita berdasarkan tanggal atau arsip? Jadi kalo mau cari berita lama harus scroll berkali-kali, padahal udh berlangganan premium nih.",,-1.0,,,
"Konten berita olahraga di app ini jarang banget di-update, terutama soal transfer pemain dan perkembangan klub. Informasinya ketinggalan zaman bgt.",,,,-1.0,
"Konten berita olahraga khususnya sepakbola sangat ketinggalan, jarang ada liputan transfer pemain yang aktual dan terkini.",,,,-1.0,
Konten beritanya akurat dan berimbang banget,,,,1.0,
"Konten beritanya akurat dan komprehensif, sering ada investigasi mendalam yg beda dari media lain. Ini jurnalisme berkualitas tinggi bgt.",,,,1.0,
"Konten beritanya akurat dan kredibel, makasih kompas tv udah jadi sumber informasi terpercaya.",,,,1.0,
Konten beritanya akurat dan terpercaya banget,,,,1.0,
"Konten beritanya akurat dan terpercaya banget, makanya sy kasih bintang 5 deh! Cuma pengen tanya, kapan ya fitur Kompasiana bisa diakses lewat aplikasi mobile? Soalnya kan banyak yg lebih suka nulis berita dr hp daripada laptop. Semoga bisa dipertimbangkan, thanks! 🙏",,,,1.0,
"Konten beritanya akurat dan terpercaya bgt, worth it banget langganan premium Kompas. Puas sama kualitas dan harganya yang reasonable. Mantap Kompas! 😊👏",,,,1.0,
"Konten beritanya akurat dan terpercaya, worth it buat berlangganan kompas",,,,1.0,
"Konten beritanya banyak yg ga kredibel dan misleading, jadi kecewa bgt sama kualitasnya",,,,-1.0,
"Konten beritanya berpihak bgt, ga objektif dan kurang berbobot",,,,-1.0,
"Konten beritanya ga kredibel..selalu berpihak dan bikin opini publik jadi tersesat..udah kotor BANGET DAN TIDAK OBJEKTIF...kritik boleh, tapi kalo nyebarkan berita palsu, itu udah sangat merugikan",,,,-1.0,
"Konten beritanya jelek bgt, masih minta bayaran lagi.. parah",,,,-1.0,
Konten beritanya komprehensif dan variatif banget.,,,,1.0,
Konten beritanya kurang detail dan tidak menyeluruh,,,,-1.0,
"Konten beritanya kurang mendalam, aplikasi news kompetitor jauh lebih komprehensif",,,,-1.0,
"Konten beritanya sangat akurat dan terpercaya, selalu update dengan informasi terkini yg bikin gw jadi lebih informed setiap hari, meskipun ada beberapa bug teknis tp overall aplikasinya really helpful bgt untuk baca koran Kompas secara digital.",,,,1.0,
"Konten beritanya sangat informatif, akurat, dan bisa diandalkan untuk mendapatkan informasi yang berkualitas dan menarik",,,,1.0,
"Konten beritanya sangat mendalam dan berimbang, tidak berat sebelah dan benar-benar objektif. Semoga Kompas.id terus maju dan layanannya semakin mudah diakses oleh semua orang.",,,,1.0,
"Konten beritanya selalu aktual dan kredibel, jadi jadi sumber informasi yang bisa diandalkan untuk mendapatkan berita terkini yang akurat.",,,,1.0,
"Konten beritanya selalu aktual dan memberikan kesempatan bagi suara masyarakat pelosok untuk dimuat di platform nasional, sangat membantu kami yang ada di daerah terpencil.",,,,1.0,
"Konten beritanya selalu akurat, menarik, dan terpercaya banget, mantap!",,,,1.0,
"Konten beritanya selalu fresh dan terpercaya, keep it up bang!",,,,1.0,
"Konten beritanya selalu fresh, akurat, dan bisa diandalkan jadi ga akan bosan buka apps ini.",,,,1.0,
"Konten beritanya selalu terkini dan kredibel, jadi saya senang baca di sini",,,,1.0,
Konten beritanya terpercaya dan berimbang banget,,,,1.0,
Konten beritanya terpercaya dan komprehensif bgt,,,,1.0,
Konten beritanya terpercaya dan sangat informatif,,,,1.0,
"Konten beritanya tuh komplit bgt sih, selalu update dan informatif, cuma sayang fitur pencarian berita lama kurang praktis banget.",,,,1.0,
Konten cerpen dan TTS Kompas minggu ini sangat berkualitas dan bikin terhibur banget..,,,,1.0,
"Konten di bagian cetak dan e-paper jarang di-update meski udah di-refresh berkali-kali, sangat mengecewakan",,,,-1.0,
"Konten di bagian cetak dan e-paper jarang di-update, meskipun udah di-refresh berkali-kali bgt",,,,-1.0,
"Konten di bagian cetak dan e-paper nya sering ketinggalan update, meski udah di refresh berkali-kali",,,,-1.0,
"Konten olahraga dan teknologi di kompas terlalu superfisial, cuma fokus berita besar aja tanpa pembahasan yang mendalam.",,,,-1.0,
"Konten olahraga dan teknologi di kompas.id terlalu superfisial, cuma fokus ke berita headline aja tanpa pendalaman yg memadai.",,,,-1.0,
"Konten rubrik Jendela ga lengkap di edisi cetak, cuma bisa dibaca di versi berbayar yang harganya mahal bgt, sangat mengecewakan padahal itu rubrik favorit saya.",,,,-1.0,
"Konten rubrik Jendela ga tersedia di edisi cetak, padahal itu bagian penting yg harusnya ada. Kecewa bgt harus bayar premium segala buat akses konten yg seharusnya lengkap, harganya juga mahal banget sampe jutaan. Sangat mengecewakan.",,,,-1.0,
"Konten rubrik Jendela ga tersedia di edisi cetak, padahal itu konten unggulan yg harusnya ada. Mesti bayar mahal buat akses digital, sangat mengecewakan banget.",,,,-1.0,
"Konten sampah tapi minta bayar, sayang banget deh",,,-1.0,,
"Konten teknologi di aplikasi ini ketinggalan berita, udah diulas media lain seminggu sebelumnya jadi terasa kadaluarsa banget.",,,,-1.0,
"Konten-kontennya sangat informatif dan bermanfaat banget, makasih Kompas!",,,,1.0,
Kontennya akurat dan gampang diakses banget,,,,1.0,
"Kontennya akurat dan kredibel banget, ga ada berita palsu. Saya rutin baca setiap hari. Semoga terus jaga standar jurnalisme yang bagus.",,,,1.0,
"Kontennya akurat dan selalu terkini, sangat informatif banget",,,,1.0,
"Kontennya banyak yg ga kredibel dan sering misleading, jadi kecewa bgt sama kualitas beritanya skrg",,,,-1.0,
"Kontennya banyak yg tidak kredibel dan sering meleset dr fakta, jadi malas buka aplikasinya",,,,-1.0,
"Kontennya berkualitas banget, bisa nambah wawasan dan pengetahuan setiap hari.",,,,1.0,
"Kontennya berkualitas dan selalu update, jadi bener-bener bisa jadi teman setia buat ngopi pagi hari. Kompas dalam genggaman ini terbukti informatif dan terpercaya banget!",,,,1.0,
"Kontennya informatif dan berbobot, sayang harus bayar berlangganan",,,,1.0,
Kontennya lengkap dan sangat informatif banget 👍,,,,1.0,
Kontennya sangat akurat dan selalu update banget,,,,1.0,
Kontennya selalu aktual dan terpercaya banget,,,,1.0,
Kontennya semakin berkualitas dan terpercaya banget,,,,1.0,
Kontennya seru dan selalu update banget,,,,1.0,
Langganan digital jauh lebih hemat daripada beli koran cetak tiap hari,,,1.0,,
"Langganan digital jauh lebih hemat dibanding beli koran fisik setiap hari, jadi ga perlu keluar banyak uang lagi",,,1.0,,
"Langganan kompas id sangat worth it, dapet berita berkualitas tanpa gangguan iklan sama sekali",,,1.0,,
"Langganan premium buat baca berita, padahal masyarakat butuh akses gratis buat tambah pengetahuan",,,-1.0,,
Langganan saya ilang 2 kali dalam setahun padahal baru beberapa bulan diaktifkan,,,,,-1.0
"Langganan tahunan Kompas.id jauh lebih menguntungkan dibanding bayar per bulan, bener-bener hemat banget 💰",,,1.0,,
"Langganan tahunan udah bayar mahal, tapi aplikasi malah force close terus kalo login. Kalo di-uninstall terus di-install ulang bisa normal, tapi ya cuma bisa baca artikel gratis doang. Rugi banget deh bayar subscription yearly kalo gini terus, CS pun cuma nyaranin pake browser aja. Tolong diperbaiki dong!",,,-1.0,,
"Langganan udah dibayar Rp360,000 tapi akun ga bisa diaktifkan, terus pas login ulang malah ditagih lagi Rp359,000 sama Apple. Pembayaran pertama hilang dari sistem, support bilang statusnya dihapus. Ini error server apa gimana sih?",,,,,-1.0
"Langganannya susah dibatalkan, terasa menjebak banget.",,,-1.0,,
Layanan customer service kompas id cukup cepat merespons ketika saya mengalami masalah login berlangganan,,,,,1.0
Layanan customer service kompas id sangat responsif dan cepat banget bantu atasi masalah login saya,,,,,1.0
Layanan customer service kompas id sangat responsif saat saya mengalami masalah login berlangganan,,,,,1.0
"Layout menu edisi digital yang mirip dengan koran cetak bikin pengalaman membaca terasa natural, dan interface aplikasinya super user-friendly sehingga bisa nikmatin konten Kompas kapan aja dan dimana aja tanpa ribet.",1.0,,,,
"Layoutnya berantakan, susah dibaca artikelnya gara-gara penempatan teks yang ga rapi.",-1.0,,,,
"Layoutnya rapi dan nyaman dipandang, desainnya bikin mata ga lelah saat baca artikel.",1.0,,,,
"Lebih hemat banget dibanding beli koran cetak, harga langganan digital Kompas jauh lebih terjangkau",,,1.0,,
"Lebih hemat dan praktis berlangganan versi digital Kompas dibanding beli koran fisik, bisa dibaca kapan saja dimana saja 🙂",,,1.0,,
"Lebih hemat dan praktis langganan digital Kompas.id dibanding beli koran cetak, bisa dibaca kapan aja dan dimana aja tanpa repot 🙂",,,1.0,,
"Lebih hemat langganan digital Kompas.id dibanding beli koran cetak, praktis dibawa kemana-mana dan bisa dibaca kapan saja 😊",,,1.0,,
"Lumayan sih, tapi artikelnya sering ga akurat banget..",,,,-1.0,
Mantap dapet promo jadi subscriber,,,1.0,,
"Mantap, antarmukanya bikin nyaman baca dan makin betah lama-lama 😍 thanks Kompas.id",1.0,,,,
"Masa berita aja harus bayar sih, sayang banget 😤",,,-1.0,,
"Masa harus bayar 50k cuma buat baca berita, padahal berita yang sama bisa didapat gratis di aplikasi lain dengan gampang",,,-1.0,,
"Masa harus bayar langganan buat baca berita sih...sayang bgt aplikasinya jadi gak worth it, mending uninstall aja deh.",,,-1.0,,
Masih ragu-ragu mau ambil paket berlangganan atau engga,,,0.0,,
Mau baca berita aja harus keluar duit...?!,,,-1.0,,
Mau baca berita doang aja harus berlangganan 🤣🤣,,,-1.0,,
"Mau baca berita lengkap harus bayar berlangganan dulu, sayang banget 😭 Jadi gak bisa dapetin informasi detail tanpa upgrade. Aplikasi ini kurang membantu buat saya...",,,-1.0,,
"Mau baca berita offline tapi langsung disuruh bayar, ga ada coba-coba dulu.",,,-1.0,,
Mau coba paket gratis dulu sebelum beli paket premium,,,0.0,,
"Menurut saya UI/Ukompas bisa dibuat lebih ramah pengguna. Dan lebih sedikit bug, update yang cepat. Terima kasih",0.0,,,,0.0
"Menurut saya kurang memuaskan, terlalu banyak konten yg dikunci di balik paywall. Design sama tata letaknya sih lumayan, tapi sayang harus bayar terus.",,,-1.0,,
"Meski berlangganan, berita dan artikelnya jauh lebih berkualitas dan terpercaya dibanding aplikasi lain. Recommended!",,,,1.0,
"Meskipun aplikasinya sering bermasalah, isi beritanya sangat berkualitas dan terpercaya, jadi sayang banget kalau fitur teknisnya kurang optimal padahal konten Kompas.id emang jadi salah satu sumber informasi paling akurat dan kredibel yang bisa diandalkan.",,,,1.0,
Minta fitur dark mode,0.0,,,,
"Mohon KOMPAS menambah liputan mendalam tentang industri sawit, khususnya terkait kebijakan pajak pemerintah dan penetapan harga oleh pabrik sehingga pembaca dapat memahami situasi petani sawit secara lebih komprehensif.",,,,0.0,
"Mohon KOMPAS selalu memastikan berita yg disajikan akurat, berimbang, dan terkini supaya bisa menjadi referensi terpercaya bagi seluruh masyarakat 🙏",,,,0.0,
"Mohon KOMPAS selalu memastikan berita yg disajikan akurat, terkini, dan berimbang supaya bisa menjadi sumber informasi terpercaya bagi masyarakat 🙏",,,,0.0,
Mohon Kompas bisa memperluas jangkauan berita mengenai isu-isu lingkungan dan perubahan iklim di setiap edisi.,,,,0.0,
Mohon Kompas lebih cepat dalam menyajikan berita saat terjadi peristiwa penting agar informasi dapat diakses dengan tepat waktu.,,,,0.0,
Mohon Kompas memperluas jangkauan berita tentang isu-isu lingkungan dan perubahan iklim.,,,,0.0,
Mohon Kompas menambah jumlah episode podcast berita agar pembaca yang lebih suka format audio bisa mendapatkan konten lebih banyak,,,,0.0,
Mohon Kompas menambah liputan tentang permasalahan industri sawit agar pembaca lebih memahami situasi petani sawit dan kebijakan pemerintah terkait sektor ini.,,,,0.0,
Mohon Kompas menambah variasi konten audio berita agar pembaca yang lebih suka format podcast bisa lebih terlayani,,,,0.0,
Mohon Kompas menambahkan lebih banyak artikel edukatif yang sesuai dengan kebutuhan generasi muda saat ini.,,,,0.0,
Mohon Kompas menambahkan lebih banyak masukan dari para ahli di setiap liputan isu penting,,,,0.0,
Mohon Kompas menambahkan visualisasi data lebih banyak untuk memperjelas penyajian berita-berita yang rumit.,,,,0.0,
Mohon Kompas menyajikan artikel investigasi yang lebih terstruktur dan komprehensif untuk topik-topik utama.,,,,0.0,
Mohon Kompas tambahkan lebih banyak artikel mendalam tentang isu-isu aktual agar pembaca dapat memahami konteks berita dengan lebih lengkap.,,,,0.0,
Mohon Kompas terus mempertahankan objektivitas dalam menyajikan setiap berita,,,,0.0,
Mohon Kompas tetap menjaga objektivitas dan keseimbangan dalam setiap pemberitaan.,,,,0.0,
Mohon Kompas untuk menambahkan analisis mendalam dari para pakar di setiap berita utama yang disajikan.,,,,0.0,
Mohon Kompas.id lebih banyak menyajikan liputan ekonomi dan bisnis yang diperbarui setiap hari.,,,,0.0,
Mohon Kompas.id lebih sering menampilkan pendapat dari para pakar terkait isu-isu utama yg dibahas,,,,0.0,
Mohon Kompas.id menambahkan lebih banyak artikel mendalam tentang isu-isu lingkungan dan perubahan iklim.,,,,0.0,
Mohon Kompas.id tetap menyajikan berita yang kritis terhadap semua pihak tanpa pandang bulu.,,,,0.0,
"Mohon UI aplikasi Kompas bisa diperbarui agar lebih user-friendly dan responsif, serta meminimalkan bug. Terima kasih",0.0,,,,
Mohon ada opsi pengaturan ukuran font agar teks bisa dibaca dengan lebih jelas sesuai preferensi pengguna.,0.0,,,,
Mohon ada opsi untuk mengubah skema warna tampilan beranda selain biru khas Kompas.,0.0,,,,
"Mohon admin kompas, apakah bisa menambah kuota artikel gratis per bulannya untuk memudahkan pelajar dan mahasiswa mengakses berita tanpa biaya langganan, karena saat ini hanya tersedia tiga kali baca gratis saja.",,,0.0,,
Mohon aplikasi Kompas bisa diakses dengan lebih lancar di perangkat Android dan tersedia gratis.,,,,,0.0
Mohon aplikasi ini menambah jumlah episode podcast berita agar pembaca yg lebih suka format audio bisa terpenuhi kebutuhannya,,,,0.0,
"Mohon aplikasi ini menambah konten analisis yang lebih mendalam, bukan hanya berita peristiwa saja.",,,,0.0,
Mohon artikel dari daerah di luar Jawa lebih sering ditampilkan agar cakupan beritanya lebih luas.,,,,0.0,
Mohon artikel sains dan teknologi di kompas lebih rutin diperbarui.,,,,0.0,
"Mohon bantu, bagaimana cara input kode voucher langganan kompas yang udah saya punya?",,,0.0,,
Mohon berita dari daerah Jawa Tengah bisa ditambah lagi ya.,,,,0.0,
"Mohon berita ekonomi dan bisnis di Kompas bisa lebih mendalam dan detail, supaya pembaca dapet informasi yg lebih komprehensif tentang dinamika pasar dan perusahaan.",,,,0.0,
"Mohon berita ekonomi dan bisnis di Kompas.id bisa lebih mendalam dan detail, supaya pembaca bisa dapetin informasi bisnis yg lebih komprehensif seperti di media bisnis khusus.",,,,0.0,
"Mohon berita ekonomi dan bisnis ditingkatkan dengan cakupan lebih detail dan mendalam, sehingga kompas bisa menjadi satu-satunya sumber informasi lengkap untuk semua aspek kehidupan.",,,,0.0,
Mohon berita kompas selalu diperbarui dengan cepat dan aktual setiap hari,,,,0.0,
Mohon berita sepak bola bisa diperbarui lebih rutin supaya selalu aktual.,,,,0.0,
"Mohon berita yang disajikan selalu berimbang, proporsional, dan mengutamakan kepentingan publik daripada kepentingan penguasa.",,,,0.0,
Mohon berita-berita penting bisa dimuat lebih cepat terutama saat ada peristiwa besar terjadi.,,,,0.0,
Mohon berita-berita rumit dilengkapi dengan visualisasi data agar lebih mudah dipahami pembaca.,,,,0.0,
Mohon berita-beritanya bisa lebih sering diperbarui agar tetap aktual 😊,,,,0.0,
Mohon berita-beritanya lebih sering diperbarui agar selalu aktual dan terkini 😊,,,,0.0,
Mohon beritanya ditambah liputan mendalam tentang isu-isu lingkungan dan perubahan iklim ya,,,,0.0,
Mohon beritanya lebih faktual dan detail ya..,,,,0.0,
"Mohon cakupan berita di kompas.id diperluas lagi hingga ke tingkat internasional supaya jangkauan pembaca semakin luas, dan tetap terjangkau biayanya.",,,,0.0,
"Mohon ditambahkan fitur baca nanti untuk semua artikel baik di web maupun aplikasi, karena masih ada beberapa artikel yang tidak memiliki fungsi tersebut. Terima kasih",,0.0,,,
Mohon ditambahkan fitur dark mode supaya layar tidak terlalu terang saat membaca di ruangan gelap.,0.0,,,,
Mohon ditambahkan fitur dark mode untuk mengurangi silau saat membaca di kondisi cahaya rendah.,0.0,,,,
Mohon ditambahkan fitur mode baca yang bisa menyembunyikan navigasi agar lebih fokus membaca,0.0,,,,
Mohon ditambahkan fitur mode fokus yang bisa menyembunyikan navigasi saat sedang membaca artikel,0.0,,,,
Mohon ditambahkan fitur pengaturan ukuran font agar tulisan bisa disesuaikan dengan preferensi pembaca.,0.0,,,,
Mohon ditambahkan fitur penyimpanan artikel supaya bisa dibaca di waktu mendatang.,,0.0,,,
Mohon ditambahkan fitur simpan artikel untuk dibaca kemudian di semua halaman baik aplikasi maupun web karena masih ada beberapa artikel yang tidak memiliki fungsi tersebut,,0.0,,,
Mohon ditambahkan kemampuan membaca e-paper tanpa koneksi internet agar bisa dinikmati saat penerbangan. Terima kasih,,0.0,,,
Mohon ditambahkan konten berita dari wilayah Jawa Tengah lebih banyak lagi.,,,,0.0,
Mohon ditambahkan liputan berita lebih banyak dari wilayah Jawa Tengah.,,,,0.0,
Mohon ditambahkan opsi tampilan landscape saat membaca artikel agar lebih luas,0.0,,,,
Mohon fitur baca nanti ditambahkan ke semua artikel di aplikasi dan web karena masih ada artikel yang belum memiliki fungsi tersebut,,0.0,,,
Mohon fitur kliping artikel bisa diakses offline tanpa perlu koneksi internet,,0.0,,,
Mohon fitur text to speech bisa tetap berjalan saat membuka aplikasi lain di background,,0.0,,,
Mohon jaga objektivitas dalam pemberitaan.,,,,0.0,
Mohon kompas bisa memperbanyak artikel mengenai isu-isu lingkungan dan perubahan iklim global.,,,,0.0,
Mohon kompas bisa memperluas cakupan berita seputar isu-isu lingkungan dan perubahan iklim.,,,,0.0,
Mohon kompas bisa menambahkan lebih banyak visualisasi data untuk membantu pembaca memahami berita-berita yang rumit.,,,,0.0,
"Mohon kompas lebih banyak mengangkat berita tentang industri sawit, khususnya terkait kebijakan pajak pemerintah dan penetapan harga oleh pabrik tanpa transparansi yg jelas.",,,,0.0,
"Mohon kompas lebih banyak mengangkat liputan mendalam tentang industri sawit, khususnya terkait kebijakan pajak dan mekanisme penetapan harga yg melibatkan petani dan pabrik.",,,,0.0,
"Mohon kompas lebih banyak mengulas tentang industri sawit, khususnya mengenai kebijakan pajak pemerintah dan mekanisme penetapan harga yg dilakukan pabrik sawit terhadap petani.",,,,0.0,
Mohon kompas lebih cepat dalam menyajikan berita saat terjadi peristiwa penting agar pembaca mendapat informasi secara tepat waktu.,,,,0.0,
Mohon kompas lebih rutin memberikan liputan ekonomi dan bisnis terkini setiap harinya,,,,0.0,
Mohon kompas lebih rutin memberikan update berita sektor ekonomi dan bisnis setiap harinya,,,,0.0,
Mohon kompas lebih rutin menambah liputan tentang perkembangan ekonomi dan bisnis setiap harinya,,,,0.0,
Mohon kompas lebih sering menghadirkan artikel investigatif yg lebih mendalam,,,,0.0,
Mohon kompas lebih sering menyajikan analisis mendalam dan terorganisir untuk topik-topik penting.,,,,0.0,
Mohon kompas lebih teliti dalam melakukan pengecekan dan validasi informasi sebelum menerbitkan berita.,,,,0.0,
Mohon kompas lebih teliti dalam memverifikasi dan meneliti setiap berita sebelum dipublikasikan,,,,0.0,
Mohon kompas lebih teliti dalam memverifikasi sumber dan data sebelum menerbitkan berita,,,,0.0,
Mohon kompas lebih teliti dalam mengumpulkan pernyataan dari semua narasumber sebelum menerbitkan berita.,,,,0.0,
Mohon kompas memastikan setiap artikel ditulis dengan standar jurnalistik yang konsisten oleh semua penulis.,,,,0.0,
Mohon kompas memastikan setiap artikel menyertakan perspektif dari semua pihak yang terkait dalam berita.,,,,0.0,
Mohon kompas memastikan setiap artikel sudah mengumpulkan perspektif dari semua pihak yang terkait sebelum dipublikasikan.,,,,0.0,
Mohon kompas memastikan setiap artikel tetap menjaga standar penulisan yang konsisten di semua rubrik dan penulis.,,,,0.0,
Mohon kompas memperbanyak artikel mendalam tentang isu-isu lingkungan dan perubahan iklim,,,,0.0,
Mohon kompas memperluas jangkauan artikel edukatif yang sesuai dengan kebutuhan anak muda,,,,0.0,
Mohon kompas mempertahankan standar objektivitas dan keseimbangan dalam setiap pemberitaannya.,,,,0.0,
Mohon kompas menambah jangkauan berita internasional agar lebih variatif dan komprehensif,,,,0.0,
Mohon kompas menambah jumlah artikel mendalam tentang isu-isu terkini agar pembaca bisa lebih memahami konteks berita dengan detail.,,,,0.0,
Mohon kompas menambah konten video singkat yang lebih mudah dipahami oleh pembaca,,,,0.0,
Mohon kompas menambah liputan investigasi mendalam yang lebih informatif dan terperinci,,,,0.0,
Mohon kompas menambahkan analisis mendalam dari para pakar di setiap liputan isu utama.,,,,0.0,
Mohon kompas menambahkan artikel mendalam dengan format yang lebih mudah dipahami,,,,0.0,
Mohon kompas menambahkan lebih banyak artikel investigasi mendalam yang terorganisir untuk topik-topik utama,,,,0.0,
Mohon kompas menambahkan lebih banyak wawancara dengan para ahli di setiap liputan isu utama,,,,0.0,
Mohon kompas menambahkan liputan lebih luas tentang warisan budaya dan seni tradisional Indonesia.,,,,0.0,
Mohon kompas menambahkan perspektif yang lebih beragam dalam meliput setiap isu yang diangkat.,,,,0.0,
Mohon kompas menggali lebih dalam setiap topik dan tidak hanya menyentuh permukaannya saja.,,,,0.0,
Mohon kompas perbanyak artikel edukatif yang lebih sesuai dengan kebutuhan anak muda saat ini.,,,,0.0,
Mohon kompas perbanyak penggunaan visual dan grafis untuk memperjelas penyajian berita-berita yang rumit.,,,,0.0,
Mohon kompas selalu mempertahankan standar jurnalisme yang tinggi dalam setiap penulisan artikelnya.,,,,0.0,
Mohon kompas selalu menjaga standar berita yang objektif dan tidak memihak,,,,0.0,
Mohon kompas selalu menjaga standar jurnalisme yang independen dan tidak memihak dalam setiap pemberitaannya.,,,,0.0,
Mohon kompas selalu objektif dalam meliput semua kalangan tanpa pandang bulu,,,,0.0,
Mohon kompas senantiasa menjaga standar objektifitas dan keseimbangan dalam setiap pemberitaan yang disajikan.,,,,0.0,
Mohon kompas sertakan lebih banyak artikel edukatif yg sesuai dengan kebutuhan anak muda saat ini.,,,,0.0,
Mohon kompas tambahkan format penyajian berita panjang yang lebih mudah dibaca,,,,0.0,
Mohon kompas tambahkan lebih banyak artikel berita dalam format audio agar pembaca yg lebih suka mendengarkan bisa tetap update,,,,0.0,
Mohon kompas tambahkan lebih banyak konten podcast berita agar pembaca yang lebih suka format audio bisa terpenuhi kebutuhannya.,,,,0.0,
Mohon kompas tambahkan lebih banyak konten podcast berita untuk pembaca yg lebih suka format audio,,,,0.0,
Mohon kompas tambahkan lebih banyak konten video singkat yang lebih mudah dipahami.,,,,0.0,
Mohon kompas tambahkan lebih banyak liputan tentang budaya dan seni tradisional dari berbagai daerah di Indonesia,,,,0.0,
Mohon kompas tambahkan liputan berita internasional yang lebih komprehensif dan variatif.,,,,0.0,
Mohon kompas terus memberikan liputan yang kritis terhadap semua kalangan tanpa pandang bulu.,,,,0.0,
Mohon kompas terus mempertahankan objektivitas dalam setiap pemberitaan yg disajikan.,,,,0.0,
Mohon kompas terus mempertahankan standar jurnalistik yang independen dan bebas dari pengaruh eksternal.,,,,0.0,
Mohon kompas terus mempertahankan standar jurnalistik yang tinggi dalam setiap penulisan beritanya.,,,,0.0,
Mohon kompas tetap konsisten dalam menjaga objektivitas dan keseimbangan dalam setiap liputan berita.,,,,0.0,
Mohon kompas tetap menjaga objektivitas dan keseimbangan perspektif dalam setiap berita yang ditayangkan,,,,0.0,
Mohon kompas tetap menjaga standar berita yang objektif dan bebas dari bias dalam setiap pemberitaan.,,,,0.0,
Mohon kompas tingkatkan format penyajian berita agar lebih mudah dibaca dan dipahami pembaca,,,,0.0,
Mohon kompas tingkatkan jumlah artikel investigasi dengan analisis yang lebih mendalam.,,,,0.0,
Mohon kompas tingkatkan ketersediaan artikel edukatif yang sesuai dengan kebutuhan anak muda.,,,,0.0,
Mohon kompas untuk lebih memperhatikan format penyajian berita panjang agar lebih mudah dibaca,,,,0.0,
Mohon kompas untuk memastikan setiap berita disajikan dengan perspektif yang seimbang dan berimbang.,,,,0.0,
Mohon kompas untuk menyajikan artikel mendalam dengan format yang lebih mudah dicerna pembaca.,,,,0.0,
Mohon kompas untuk menyajikan perspektif yang lebih beragam dalam meliput satu topik,,,,0.0,
Mohon kompas.id bisa memperluas jangkauan berita hingga ke tingkat internasional agar pembaca semakin luas dan mendapat informasi yang lebih menyeluruh.,,,,0.0,
"Mohon kompas.id memperluas jangkauan berita hingga ke tingkat internasional agar pembaca bisa mendapat informasi yg lebih luas lagi, dan tetap jaga aksesibilitas biayanya 🙏",,,,0.0,
Mohon kompas.id memperluas jangkauan berita hingga ke tingkat internasional agar pembaca bisa mendapatkan informasi yang lebih lengkap dan menyeluruh tanpa menambah biaya langganan.,,,,0.0,
Mohon kompas.id menambahkan artikel edukasi yang lebih sesuai dengan kebutuhan anak muda,,,,0.0,
Mohon kompas.id menambahkan artikel pendidikan yang lebih sesuai dengan kebutuhan generasi muda.,,,,0.0,
Mohon kompas.id menambahkan lebih banyak infografis supaya berita yang rumit jadi lebih mudah dipahami.,,,,0.0,
Mohon kompas.id menambahkan perspektif beragam dalam liputan setiap isu penting,,,,0.0,
Mohon kompas.id untuk memperbanyak update berita sektor ekonomi dan bisnis setiap harinya.,,,,0.0,
Mohon kompas.id untuk memperluas jangkauan berita hingga ke tingkat internasional agar pembaca bisa mendapatkan informasi yg lebih luas dan beragam 🙏,,,,0.0,
Mohon kompas.id untuk memperluas jangkauan liputan berita hingga ke tingkat internasional agar pembaca bisa mendapat perspektif global yang lebih lengkap.,,,,0.0,
"Mohon konten Kompas.id ditambah dengan format lain seperti podcast dan video pendek supaya lebih beragam selain berita, video, e-paper, dan artikel interaktif.",,,,0.0,
Mohon konten berita di kompas selalu diperbarui dengan informasi terbaru setiap hari,,,,0.0,
Mohon konten berita kompas.id selalu menyajikan perspektif dari berbagai pihak agar tetap berimbang,,,,0.0,
Mohon konten berita olahraga khususnya sepak bola ditambah frekuensi updatenya,,,,0.0,
Mohon konten berita sepak bola bisa ditambah frekuensi updatenya agar lebih aktual.,,,,0.0,
Mohon konten opini dan esai di kompas lebih banyak menampilkan perspektif dari berbagai kalangan dan sudut pandang.,,,,0.0,
Mohon konten opini dan esai di kompas lebih beragam dan mewakili berbagai perspektif yang ada.,,,,0.0,
Mohon konten opini dan esai di kompas.id lebih bervariasi dan mewakili berbagai perspektif pembaca,,,,0.0,
Mohon konten sepak bola bisa diperbarui lebih rutin agar tetap aktual.,,,,0.0,
Mohon konten sepak bola di bagian olahraga bisa lebih rutin diperbarui.,,,,0.0,
Mohon konten yang relevan untuk kalangan muda diperbanyak supaya lebih banyak pembaca muda yang tertarik membaca berita di aplikasi ini.,,,,0.0,
"Mohon konten yang relevan untuk kalangan muda diperbanyak supaya lebih menarik bagi pembaca milenial, dan semoga strategi promosi difokuskan pada nilai manfaat aplikasi premium daripada hanya cara downloadnya saja.",,,,0.0,
Mohon lebih banyak artikel tentang perkembangan usaha kecil dan menengah di tanah air,,,,0.0,
Mohon lebih sering update berita terkini agar konten tetap relevan dan aktual 😊,,,,0.0,
"Mohon liputan berita Kompas.id diperluas jangkauannya hingga ke tingkat internasional agar pembaca bisa mendapat perspektif global yang lebih luas, dan semoga biaya langganannya tetap terjangkau.",,,,0.0,
Mohon liputan berita kompas.id diperluas jangkauannya hingga ke tingkat internasional agar pembaca bisa mendapat perspektif global yang lebih luas.,,,,0.0,
Mohon liputan beritanya lebih mendalam dan tidak hanya sekadar permukaan saja.,,,,0.0,
Mohon liputan kompas.id bisa diperluas jangkauannya hingga ke tingkat internasional agar pembaca mendapat perspektif yg lebih luas ya,,,,0.0,
Mohon liputan sepak bola ditambah frekuensi updatenya agar lebih rutin.,,,,0.0,
Mohon pastikan berita yang dimuat sudah terverifikasi dengan baik yaa..,,,,0.0,
Mohon pastikan berita yang ditampilkan terverifikasi dan bukan hoax,,,,0.0,
Mohon pastikan liputan kompas selalu mencakup perspektif dari semua pihak yang terkait,,,,0.0,
Mohon pastikan setiap artikel kompas mencakup perspektif dari semua pihak yang berkepentingan,,,,0.0,
Mohon perbaiki fitur tab agar bisa menampilkan konten secara vertikal dengan sempurna. Terima kasih,,,,,0.0
Mohon perbaiki fitur tab agar tampilan bisa menyesuaikan dengan orientasi vertikal dengan sempurna. Terima kasih,,,,,0.0
Mohon perbaiki fitur tab agar tampilan bisa optimal saat diputar vertikal. Terima kasih,,,,,0.0
Mohon perbanyak artikel mendalam tentang perkembangan usaha kecil dan menengah di berbagai daerah indonesia,,,,0.0,
Mohon perbanyak artikel mengenai perkembangan bisnis skala kecil dan menengah di tanah air,,,,0.0,
Mohon perbanyak liputan mendalam tentang perkembangan usaha kecil dan menengah di tanah air,,,,0.0,
Mohon perluas cakupan berita mengenai perkembangan usaha kecil dan menengah di tanah air,,,,0.0,
Mohon pertimbangkan fitur text to speech agar bisa berjalan di latar belakang saat membuka aplikasi lain.,,0.0,,,
"Mohon pertimbangkan untuk memberikan akses gratis lebih banyak bagi pelajar dan mahasiswa, karena saat ini hanya tersedia tiga kali baca gratis sebelum harus berlangganan berbayar, apakah bisa ditambah kuota gratisnya?",,,0.0,,
"Mohon pertimbangkan untuk menambah liputan yang lebih relevan bagi kalangan muda supaya mereka tertarik membaca berita di kompas.id, serta perbanyak komunikasi tentang nilai tambah berlangganan premium dibanding hanya fokus pada cara download.",,,,0.0,
"Mohon pertimbangkan untuk menambahkan fitur baca nanti pada semua artikel, baik di website maupun aplikasi, karena masih ada beberapa artikel yg belum memiliki fungsi tersebut.",,0.0,,,
"Mohon pertimbangkan untuk menambahkan fitur back to top, misalnya dengan klik tab aktif agar bisa langsung kembali ke konten teratas + fitur refresh otomatis",,0.0,,,
Mohon pertimbangkan untuk menambahkan fitur pencarian yang bisa disaring berdasarkan tanggal publikasi,,0.0,,,
Mohon pertimbangkan untuk menambahkan fitur penyimpanan artikel supaya bisa dibaca di waktu lain.,,0.0,,,
Mohon pertimbangkan untuk menambahkan opsi font yang lebih casual di aplikasi Kompas.id,0.0,,,,
"Mohon pertimbangkan untuk menyederhanakan alur pembayaran langganan di kompas.id, misalnya dengan fitur one-click payment, dan pastikan proses verifikasi lebih cepat setelah transaksi selesai tanpa perlu mengisi formulir identitas berulang kali.",,,0.0,,
"Mohon pertimbangkan untuk menyederhanakan alur pembayaran langganan di situs kompas.id, misalnya dengan fitur one click payment, dan pastikan proses verifikasi identitas tidak perlu diulang setiap kali berlangganan agar transaksi lebih cepat diproses.",,,0.0,,
"Mohon pertimbangkan untuk menyederhanakan alur pembayaran langganan di situs kompas.id, misalnya dengan fitur pembayaran sekali klik, dan pastikan sistem lebih cepat memproses transaksi karena saat ini waktu tunggu setelah pembayaran cukup lama, selain itu juga mohon agar tidak perlu mengisi ulang data identitas setiap kali berlangganan.",,,0.0,,
Mohon promosi langganannya diperpanjang lagi.,,,0.0,,
Mohon redaksi kompas terus mempertahankan objektivitas dalam setiap pemberitaan,,,,0.0,
Mohon redaksi kompas terus mempertahankan standar akurasi dan ketelitian dalam setiap penulisan beritanya.,,,,0.0,
Mohon redaksi kompas terus mempertahankan standar objektivitas dalam setiap pelaporan berita,,,,0.0,
Mohon redaksi kompas tetap menjaga kredibilitas dan objektivitas dalam setiap pemberitaan.,,,,0.0,
Mohon redaksi kompas tetap menjaga standar akurasi dan keseimbangan dalam setiap pemberitaan.,,,,0.0,
Mohon redaksi kompas untuk menyertakan lebih banyak analisis dari para ahli di setiap pemberitaan isu utama.,,,,0.0,
Mohon rubrik sains dan teknologi di kompas lebih sering dimuat artikelnya,,,,0.0,
Mohon rubrik sains dan teknologi di kompas.id lebih sering diperbarui agar konten tetap aktual.,,,,0.0,
"Mohon sajikan berita dengan cara yang lebih seimbang dan proporsional, serta prioritaskan kepentingan publik dalam setiap liputan.",,,,0.0,
"Mohon sajikan berita dengan perspektif yg seimbang dan proporsional, hindari bias penguasa, serta utamakan kepentingan publik dalam setiap liputan.",,,,0.0,
"Mohon sajikan berita dengan perspektif yg seimbang dan tidak berpihak pada kekuasaan tertentu, utamakan kepentingan publik dalam setiap liputan.",,,,0.0,
"Mohon sajikan berita dengan perspektif yg seimbang dan tidak memihak salah satu pihak, serta utamakan kepentingan publik dalam setiap liputan.",,,,0.0,
Mohon sajikan berita yang faktual dan spesifik.,,,,0.0,
"Mohon sajikan berita yg faktual dan terverifikasi, kurangi konten promosi berlebihan.",,,,0.0,
Mohon setiap artikel kompas mencakup perspektif dari semua pihak yang terkait dalam berita tersebut.,,,,0.0,
Mohon standar kualitas penulisan berita di Kompas tetap terjaga dengan konsisten oleh semua jurnalis.,,,,0.0,
Mohon standar penulisan jurnalistik di Kompas tetap terjaga dengan konsisten oleh semua tim redaksinya.,,,,0.0,
Mohon tambahkan berita dengan konten yg lebih mendalam dan informatif,,,,0.0,
Mohon tambahkan berita-berita yg lebih mendalam dan informatif di setiap updatenya,,,,0.0,
"Mohon tambahkan fitur dark mode dan pengaturan ukuran teks, karena kebanyakan aplikasi berita berbayar lainnya sudah menyediakan kedua fitur tersebut.",0.0,,,,
"Mohon tambahkan fitur dark mode dan pengaturan ukuran teks, mengingat aplikasi pembaca konten berbayar lainnya sudah menyediakan opsi tersebut.",0.0,,,,
Mohon tambahkan fitur dark mode untuk kenyamanan membaca di kondisi cahaya rendah.,0.0,,,,
Mohon tambahkan fitur dark mode untuk memudahkan pembacaan di malam hari.,0.0,,,,
Mohon tambahkan fitur mode baca dengan latar gelap agar lebih optimal untuk membaca di kondisi cahaya rendah.,0.0,,,,
Mohon tambahkan fitur mode baca yang menyembunyikan navigasi agar pembaca bisa fokus pada konten.,0.0,,,,
Mohon tambahkan fitur offline mode untuk e-paper agar tetap bisa diakses saat di pesawat. Terima kasih,,0.0,,,
"Mohon tambahkan fitur tab khusus untuk berita pilihan agar bisa scroll terus-menerus, dan untuk epaper tolong buat judul berita menjadi link yang bisa langsung diklik untuk membuka tampilan baca.",0.0,,,,
Mohon tambahkan fitur tema gelap untuk membaca di malam hari,0.0,,,,
Mohon tambahkan fitur unduh berita supaya bisa dibaca ketika sedang offline,,0.0,,,
Mohon tambahkan fitur untuk menyesuaikan tingkat kontras pada tampilan artikel,0.0,,,,
Mohon tambahkan konten berita yang lebih lengkap dan mendalam di setiap updatenya.,,,,0.0,
Mohon tambahkan konten berita yang lebih mendalam dan komprehensif di setiap updatenya,,,,0.0,
Mohon tambahkan konten berita yg lebih mendalam dan lengkap di setiap updatenya,,,,0.0,
Mohon tambahkan lebih banyak analisis dari para pakar dalam setiap berita penting yang disajikan.,,,,0.0,
Mohon tambahkan lebih banyak artikel ekonomi dan bisnis dalam update harian kompas.id,,,,0.0,
Mohon tambahkan lebih banyak artikel investigasi mendalam yang faktual dan terverifikasi.,,,,0.0,
Mohon tambahkan lebih banyak artikel mendalam tentang isu-isu lingkungan dan perubahan iklim di Indonesia,,,,0.0,
Mohon tambahkan lebih banyak artikel mendalam tentang isu-isu terkini agar pembaca mendapat pemahaman yang lebih lengkap.,,,,0.0,
Mohon tambahkan lebih banyak artikel mengenai isu-isu lingkungan dan perubahan iklim di aplikasi ini.,,,,0.0,
Mohon tambahkan lebih banyak artikel yang relevan untuk kalangan muda agar mereka tertarik membaca konten kompas.id secara rutin.,,,,0.0,
Mohon tambahkan lebih banyak artikel yang relevan untuk pembaca muda agar konten aplikasi lebih menarik bagi kalangan milenial dan gen z.,,,,0.0,
Mohon tambahkan lebih banyak artikel yg relevan untuk kalangan muda supaya mereka tertarik baca berita di kompas.id.,,,,0.0,
"Mohon tambahkan lebih banyak artikel yg relevan untuk pembaca muda dan milenial, serta perjelas manfaat berlangganan kompas.id agar mereka tertarik membaca.",,,,0.0,
Mohon tambahkan lebih banyak berita dari daerah di luar Jawa supaya cakupan beritanya lebih luas,,,,0.0,
Mohon tambahkan lebih banyak episode podcast berita agar pembaca yg prefer audio bisa lebih terlayani,,,,0.0,
"Mohon tambahkan lebih banyak konten yang relevan untuk kalangan muda agar mereka tertarik membaca, dan perjelas manfaat berlangganan kompas.id dibanding hanya fokus pada cara download saja.",,,,0.0,
Mohon tambahkan lebih banyak konten yang relevan untuk kalangan muda dan milenial agar mereka tertarik membaca di aplikasi ini.,,,,0.0,
Mohon tambahkan lebih banyak visualisasi data agar berita yang rumit lebih mudah dipahami.,,,,0.0,
"Mohon tambahkan liputan bisnis dan ekonomi dengan pembahasan yang lebih mendalam dan detail, sehingga kompas bisa menjadi satu platform berita lengkap untuk semua aspek kehidupan.",,,,0.0,
"Mohon tambahkan metode pembayaran lain untuk berlangganan, seperti voucher google play atau opsi pembayaran alternatif lainnya.",,,0.0,,
"Mohon tambahkan opsi baca landscape dan fitur rotate otomatis, karena tampilan 2-page view pada koran memerlukan lebar layar yang lebih besar untuk kenyamanan membaca, juga diharapkan konten bisa diakses tanpa perlu download e-paper terlebih dahulu seperti di versi browser.",0.0,,,,
Mohon tambahkan opsi dark mode agar lebih nyaman untuk membaca di malam hari,0.0,,,,
Mohon tambahkan opsi dark mode dan mode landscape agar pengalaman membaca artikel lebih fleksibel.,0.0,,,,
"Mohon tambahkan opsi layout yang lebih sesuai standar berita digital, seperti yang ada di aplikasi koran tempo, supaya ga perlu zoom in zoom out terus saat baca artikel di ponsel.",0.0,,,,
Mohon tambahkan opsi pengaturan ukuran font agar teks bisa dibaca dengan lebih jelas.,0.0,,,,
Mohon tambahkan opsi pilihan ukuran dan jenis font,0.0,,,,
Mohon tambahkan opsi tampilan gelap dan mode horizontal agar pengalaman membaca lebih fleksibel.,0.0,,,,
Mohon tambahkan opsi tampilan landscape untuk membaca koran,0.0,,,,
Mohon tambahkan opsi tampilan ringkas untuk perangkat dengan layar berukuran kecil,0.0,,,,
Mohon tambahkan opsi tampilan yang lebih ringkas untuk perangkat dengan layar kecil,0.0,,,,
Mohon tambahkan opsi tema gelap atau warna lain selain putih untuk variasi tampilan aplikasi,0.0,,,,
Mohon tambahkan opsi tema gelap atau warna lain untuk variasi tampilan antarmuka,0.0,,,,
Mohon tambahkan opsi tema warna lain selain putih agar ada variasi dalam tampilan aplikasi.,0.0,,,,
Mohon tambahkan opsi untuk memperbesar ukuran huruf di aplikasi ini,0.0,,,,
Mohon terus jaga objektivitas berita dan hindari judul sensasional,,,,0.0,
Mohon tingkatkan cakupan berita dari berbagai daerah di luar Jawa agar distribusi konten lebih seimbang.,,,,0.0,
Mohon tingkatkan frekuensi update berita sektor ekonomi dan bisnis setiap harinya,,,,0.0,
"Mohon tingkatkan liputan berita ekonomi dan bisnis dengan detail yang lebih mendalam, sehingga Kompas.id bisa menjadi satu-satunya sumber informasi lengkap untuk semua aspek kehidupan dalam satu aplikasi.",,,,0.0,
Mohon tingkatkan penyajian berita dengan lebih banyak menggunakan infografis dan visualisasi data yang informatif.,,,,0.0,
Mohon untuk memperluas cakupan berita tentang usaha kecil dan menengah di indonesia.,,,,0.0,
"Mohon untuk mempermudah proses pembayaran langganan di kompas.id, apakah bisa ditambahkan fitur pembayaran otomatis atau one click payment, dan juga minta prosesnya lebih cepat setelah transaksi selesai karena saat ini harus menunggu lama untuk aktivasi akun, plus tidak perlu isi formulir identitas berulang kali setiap kali berlangganan ulang.",,,0.0,,
Mudah-mudahan di update berikutnya ada opsi untuk memperbesar ukuran huruf,0.0,,,,
"Mungkin bisa tambah metode pembayaran buat langganan, kayak pake voucher google play atau sejenisnya.",,,0.0,,
"Navbar bawah di e-paper nggak bisa disembunyikan, jadi malah nutup konten bagian bawah",-1.0,,,,
"Navigasi antar halaman di aplikasi ini terasa smooth dan ga berat, responsifnya mantap banget.",1.0,,,,
"Navigasi aplikasinya ribet banget, tampilannya berantakan, dan enggak support mode landscape sama sekali.",-1.0,,,,
"Navigasi di menu fotografi terlalu berantakan, harusnya dipisahin antara foto cerita, galeri, dan klinik foto kayak di website biar lebih rapi dan gampang dicari.",-1.0,,,,
"Navigasi landscape masih belum bisa, terus aplikasi sering crash di iPad. Kapan sih Kompas bakal benerin tampilan ini? 🙄",-1.0,,,,
"Navigasi portrait terlalu sempit bikin tampilan jadi tidak nyaman, terus ga ada dark mode jadi silau banget kalo dibuka malam hari.",-1.0,,,,
"Oke, aplikasi bagus. Saya bisa menikmati e-paper di iPad saya. :D",,1.0,,,
"Paham sih kalo berita berkualitas butuh investasi besar, tapi buat yang belum siap bayar bisa coba aplikasi berita gratis dulu sebelum ambil paket premium Kompas.",,,0.0,,
"Pakai voucher My Value buat langganan jadi gratis dari poin, dan hasilnya worth it bgt! Baca berita tanpa iklan sama sekali lebih nyaman dan mata ga capek dibanding versi gratisan yang penuh banner iklan mana-mana.",,,1.0,,
"Pakai voucher My Value buat langganan jadi gratis dari poin, dan honestly worth it banget! Baca berita tanpa iklan jauh lebih nyaman dan mata ga lelah dibanding versi gratis yang penuh iklan.",,,1.0,,
"Pakai voucher dr My Value jadi gratis dari poin, dan bener2 worth it bgt!! Baca berita tanpa iklan itu jauh lebih nyaman dan mata ga capek, jauh beda sama versi gratis yg penuh iklan mulu.",,,1.0,,
"Paket berlangganan mahal banget padahal konten masih penuh iklan, rugi deh bayar segala.",,,-1.0,,
"Paket berlangganan udah include e-paper gratis, mantap banget nilainya",,,1.0,,
"Paket berlangganannya terlalu mahal, mending kalo sekali bayar aja dengan harga 30ribu gitu sih",,,-1.0,,
"Paket berlangganannya worth it bgt, dapet akses semua fitur keren plus game edukatif dr kompas muda, highly recommended dah buat anak muda!",,,1.0,,
"Paket langganan udah include e-paper gratis, mantap bgt",,,1.0,,
Paket tahunan dengan harga terjangkau bikin saya senang banget berlangganan,,,1.0,,
"Parah banget aplikasi nya, cuma dikasih baca beberapa artikel terus langsung diminta bayar.",,,-1.0,,
"Paywallnya berat banget, tiap artikel berita mesti bayar. Sayang sih, banyak platform berita lain yang gratis kok, mending kesana aja daripada keluar uang.",,,-1.0,,
"Paywallnya bikin kesel, mau baca berita aja udah disuruh bayar, ga jelas sistemnya🤬",,,-1.0,,
Pembayaran langganan langsung diproses dan akun premium bisa langsung digunakan tanpa perlu menunggu lama.,,,1.0,,
"Pemberitaannya ga netral bgt, selalu berpihak ke salah satu pihak, payah deh...langsung aku uninstall.",,,,-1.0,
"Pemberitaannya ga objektif dan banyak yg hoax, semuanya kayak dibuat buat kepentingan golongan tertentu aja.",,,,-1.0,
"Pemberitaannya masih banyak yg berpihak, jauh dari netral. Itu masalahnya.",,,,-1.0,
"Pemberitaannya masih banyak yg terasa berpihak, belum bener2 netral dan objektif dalam menyajikan berita.",,,,-1.0,
"Pengen berhenti langganan Kompas e-paper, udah lama bayar tapi jadi kesel bgt sama sistemnya.",,,-1.0,,
"Pengen langganan tp aplikasinya error terus, ga bisa proses. Tolong diperbaiki!!",,,,,-1.0
Pengen tahu lebih detail tentang pilihan paket berlangganan yang tersedia sebelum memutuskan,,,0.0,,
Pengin tahu dulu paket langganan mana yg paling sesuai sebelum subscribe,,,0.0,,
"Penulis di Kompasiana perlu filter yg lebih ketat, banyak artikel yg ga bermutu dan asal-asalan aja nih",,,,-1.0,
"Promo awal untuk member baru terbilang menguntungkan, sangat memudahkan",,,1.0,,
"Promo flash-nya murah banget, langsung aku ambil kesempatan itu",,,1.0,,
"Promo tahunan Kompas.id super terjangkau, senang deh dapet harga semurah ini",,,1.0,,
"Promo tahunan yg lalu terlalu menggiurkan, langsung saya ambil tanpa pikir panjang",,,1.0,,
"Proses aktivasi akun premium super cepat, langsung bisa dipakai setelah pembayaran berhasil tanpa perlu tunggu lama.",,,1.0,,
Proses aktivasi premium super cepat langsung bisa dibaca berita eksklusif setelah bayar selesai,,,1.0,,
"Proses autentikasi via Google lancar banget, ga perlu verifikasi berkali-kali",,,,,1.0
"Proses checkout berlangganan pake voucher blibli di kompas super ribet bgt, loading terus menerus, pas mau bayar malah redirect ke halaman awal, voucher 70rb ilang gitu aja padahal belum selesai transaksi, sistem bilang udah terpakai tp aku ga sempet selesaiin checkout, aplikasi nya benar2 payah dan merugikan, jadi kapok deh beli voucher lewat app kompas, minta pertanggungjawaban dong!!",,,,,-1.0
Proses login nya ribet banget sih,,,,,-1.0
"Proses login pake email sama password ribet banget, jadi males buat akun baru deh mending uninstall aja",,,,,-1.0
"Proses pembayaran langganan di aplikasi ini benar-benar kacau, loading terus menerus sampai akhirnya gagal checkout, padahal vocer saya 70rb udah kepotong tapi subscription ga jadi aktif, rugi banget deh, aplikasi ini ga bisa dipercaya buat transaksi berlangganan, jangan sampai kejadian sama kalian.",,,-1.0,,
"Prosesnya ribet banget, mau cancel langganan aja susah, instruksinya ga jelas, udah ngikutin tapi tetap bingung. Seharusnya simple cuma klik doang, tapi malah bikin frustasi. Jangan download kalo cuma pengen coba-coba aja.",,,-1.0,,
Puas banget dapet penawaran langganan tahunan dengan harga yang terjangkau,,,1.0,,
"QR code dari koran cetak kompas selalu error, padahal sudah dipastikan edisi hari ini. Ini udah berlangsung lebih dari 3 hari dan sangat mengganggu.",,,,,-1.0
"Redaksi ga transparan, berita bisa dipengaruhi uang.",,,,-1.0,
"Redaksi kayaknya ga netral, beritanya bisa dipengaruhi uang.",,,,-1.0,
"Respon cepat dari tim support, aplikasinya jalan lancar 👍",,,,,1.0
Responsif banget dalam menangani masalah teknis pengguna,,,,,1.0
"Rubrik Jendela cuma bisa diakses kalo bayar premium sampe sejuta, padahal harusnya gratis di edisi cetak. Sayang banget sih, jadi ga worth it buat langganan.",,,-1.0,,
"Rubrik Jendela ga ada di edisi cetak, padahal itu konten bagus yg seharusnya disertakan. Tapi klo mau baca lengkap kudu bayar mahal banget, sampe sejuta. Kecewa bgt sih.",,,,-1.0,
"Rubrik olahraga dan teknologi Kompas itu sangat minim banget, cuma berita-berita gede aja yg dibahas detail, sisanya kurang mendalam bgt.",,,,-1.0,
"Rubrik olahraga dan teknologi kompas.id itu sangat dangkal, cuma fokus berita headline aja ga ada pendalaman sama sekali.",,,,-1.0,
Saatnya konsumsi berita yg kredibel dan informatif..,,,,1.0,
"Sangat bagus isinya, Kompas memang yang terbaik",,,,1.0,
Sangat puas dapet penawaran langganan tahunan dengan harga yang terjangkau banget,,,1.0,,
"Sangat puas dengan konten beritanya yg akurat, berimbang, dan bener-bener bisa nambah pengetahuan serta wawasan kita semua.",,,,1.0,
"Sangat suka dengan kalian! Tapi sayang banget mau apa apa harus premium, baca berita dua kali juga harus premium..🤦 ya kalo e-paper nya premium saya maklumi ya orang koran keras aja ada harganya. Tapi untuk membaca sebuah berita artikel untuk kedua kalinya kok ya harus banget pake premium. Tapi jujur beritanya bagus bagus 🥲",,,-1.0,1.0,
"Saya bakal terus berlangganan selama harganya masih segini, 100 ribu per tahun itu terjangkau banget sih.",,,1.0,,
Saya mau coba dulu paket gratis sebelum ambil paket berbayar,,,0.0,,
"Saya salut dengan kompas atas strategi menawarkan berita premium berbayar. Sebenarnya saya rela membayar daripada terus-menerus dibombardir iklan. Tapi saya tidak melihat opsi berlangganan di dalam aplikasi. Apakah saya harus berlangganan lewat web?

Aplikasi crash 3 kali dalam 5 menit itu tidak bisa diterima

Oh iya, apa gunanya bikin aplikasi iPad kalau tidak mendukung tampilan landscape dan pengalamannya terbatas (dibanding versi web). Untuk saat ini, web lebih baik daripada mengakses lewat aplikasi",-1.0,,,,-1.0
"Saya sudah lama mencari platform berita yg benar-benar detail & akurat seperti koran tradisional, dan Kompas ternyata jadi solusi terbaik untuk mendapatkan informasi yg terpercaya & mendalam.",,,,1.0,
"Saya suka banget buka Kompas karena beritanya selalu akurat dan penting, banyak informasi berguna yang bisa jadi pembelajaran buat kita semua, semoga Kompas terus sukses dan berkembang Amiin.",,,,1.0,
Saya suka ini. kalau harganya tetap 100 ribu per tahun bakalan tetap langganan.,,,1.0,,
"Sayang banget fontnya terlalu kecil, padahal bisa aja dikasih opsi untuk di-customize ukurannya.",-1.0,,,,
"Sayang banget harus bayar langganan terpisah, padahal Kompas biasa dan Kompas.id bisa aja digabung aja aksesnya, jadi ga perlu ngabisin duit dobel.",,,-1.0,,
"Sayang harus bayar langganan, banyak aplikasi berita lain yg gratis kok, jadi uninstall aja deh.",,,-1.0,,
"Sejak 2023 Kompas jadi berpihak dalam berita politiknya, udah ga netral lagi. Media yg dulu dipercaya jadi kehilangan kredibilitas, padahal seharusnya jadi pilar demokrasi bukan alat propaganda. Sayang bgt.",,,,-1.0,
"Sejak 2023 Kompas udah berpihak banget di berita politiknya, jadi ga netral lg. Media yg dulu dipercaya malah jadi kehilangan kredibilitas, padahal seharusnya jadi pilar demokrasi bukan alat partisan.",,,,-1.0,
"Sejak 2023 Kompas udah ga netral lagi, beritanya berpihak dan ga kredibel. Padahal dulu jadi media paling dipercaya, sekarang malah jadi alat politik. Sangat mengecewakan buat pers yg seharusnya jadi pilar demokrasi",,,,-1.0,
"Sejak 2023 Kompas udah ga netral lagi, beritanya berpihak ke satu kubu politik. Media yg dulunya dipercaya jadi pilar demokrasi sekarang malah kehilangan kredibilitas. Ironis bgt.",,,,-1.0,
"Sejak 2023 Kompas udah ga netral lagi, jadi coreng nama media terpercaya yg dulu dibangun bertahun2. Pemberitaan sekarang berpihak dan ga kredibel, bener2 mengecewakan sbg pers yg harusnya jadi pilar demokrasi.",,,,-1.0,
"Sejak 2023 Kompas udah ga netral lg, coverage beritanya berpihak bgt ke salah satu kubu politik. Padahal dulu reputasinya sebagai media kredibel, skrg malah jadi bias dan kehilangan integritas jurnalistiknya",,,,-1.0,
"Sejak jadi subscriber, berita yang saya dapat jauh lebih akurat dan terpercaya",,,,1.0,
"Sejak pakai Kompas.id, gw selalu dapet berita terkini yg akurat dan terpercaya, bener2 mantap dah aplikasinya 🔥👍",,,,1.0,
"Sejak update Mei 2021, fitur landscape ilang padahal banyak konten infografis yg seharusnya bisa dilihat landscape buat hasil screenshot yg lebih optimal, jadi agak kecewa deh sama perubahan ini.",-1.0,,,,
"Sejak update iPad OS 15 aplikasi jadi error terus, artikel gabisa dibuka sama sekali. Loading nya stuck dan ga pernah selesai. Tolong diperbaiki…",,,,,-1.0
"Sejak update kemarin, aplikasi sering error dan epaper nya ga bisa diakses sama sekali",,,,,-1.0
"Sejak update versi 2.0, fitur download epaper ga berfungsi sama sekali. Udah coba di iPad sama iPhone tapi tetap error. Tolong diperbaiki dong.",,,,,-1.0
Semoga KOMPAS bisa menambah artikel investigasi yang mendalam dan terverifikasi.,,,,0.0,
Semoga KOMPAS bisa menambah artikel yg membahas isu-isu sosial dan kemasyarakatan dengan lebih detail dan mendalam,,,,0.0,
"Semoga Kompas bisa memperdalam liputan bisnis dan ekonomi dengan detail yang lebih komprehensif, seperti standar media bisnis profesional, sehingga semua informasi kehidupan tersedia dalam satu aplikasi.",,,,0.0,
Semoga Kompas bisa memperluas jangkauan liputan tentang isu-isu lingkungan dan perubahan iklim.,,,,0.0,
Semoga Kompas bisa menambah artikel investigasi mendalam yang lebih informatif dan terperinci.,,,,0.0,
Semoga Kompas bisa menambah artikel investigasi tentang isu-isu sosial kemasyarakatan yg lebih detail dan komprehensif.,,,,0.0,
Semoga Kompas bisa menambah artikel investigasi yang lebih mendalam dan terverifikasi,,,,0.0,
Semoga Kompas bisa menambah artikel yang mengupas isu-isu sosial kemasyarakatan dengan lebih detail dan komprehensif.,,,,0.0,
"Semoga Kompas bisa menambah kedalaman liputan bisnis dan ekonomi dengan detail yg lebih komprehensif, sehingga jadi satu platform lengkap untuk semua aspek kehidupan.",,,,0.0,
"Semoga Kompas bisa menambah liputan ekonomi dan bisnis dengan analisis yg lebih mendalam, supaya jadi satu platform berita lengkap untuk semua kebutuhan informasi.",,,,0.0,
"Semoga Kompas bisa menambah liputan ekonomi dan bisnis dengan analisis yg lebih mendalam, supaya pembaca dpt informasi bisnis yg lebih komprehensif dan detail seperti media bisnis khusus.",,,,0.0,
"Semoga Kompas bisa menambah liputan ekonomi dan bisnis dengan pembahasan yg lebih mendalam dan detail, supaya jadi satu platform berita lengkap untuk semua aspek kehidupan.",,,,0.0,
Semoga Kompas bisa menambah liputan tentang perkembangan teknologi dan startup Indonesia.,,,,0.0,
Semoga Kompas bisa menambah liputan tentang warisan budaya dan seni tradisional dari berbagai daerah di Indonesia.,,,,0.0,
Semoga Kompas bisa menambahkan artikel dengan penjelasan lebih detail dan format yang lebih mudah dipahami,,,,0.0,
Semoga Kompas bisa menambahkan artikel mendalam dengan format yang lebih mudah dipahami pembaca,,,,0.0,
Semoga Kompas selalu memverifikasi berita sebelum dipublikasikan yaa,,,,0.0,
Semoga Kompas terus memberikan liputan yang objektif terhadap semua kalangan tanpa pandang bulu.,,,,0.0,
Semoga Kompas terus mempertahankan standar akurasi dan objektivitas dalam setiap pemberitaannya.,,,,0.0,
Semoga Kompas terus menambah liputan mendalam tentang peristiwa-peristiwa penting dari seluruh nusantara.,,,,0.0,
Semoga Kompas terus menghadirkan artikel-artikel dengan riset yang lebih mendalam dan komprehensif,,,,0.0,
Semoga Kompas terus menjaga kredibilitas beritanya dari segala pengaruh eksternal.,,,,0.0,
Semoga Kompas terus menyajikan berita yg memberikan kesempatan kepada semua sudut pandang untuk didengar,,,,0.0,
Semoga Kompas.id terus menjaga kredibilitas berita tanpa pengaruh dari pihak manapun,,,,0.0,
Semoga Kompas.id terus menjaga standar akurasi dan keseimbangan dalam setiap pemberitaan yang disajikan.,,,,0.0,
Semoga ada lebih banyak artikel yg mengupas isu-isu sosial dan kemasyarakatan dengan lebih detail.,,,,0.0,
Semoga ada opsi tampilan yang lebih ringkas untuk perangkat dengan layar kecil,0.0,,,,
Semoga ada opsi untuk membaca edisi cetak dalam mode landscape.,0.0,,,,
Semoga aplikasi Kompas bisa diakses dengan lancar di semua perangkat Android dan tanpa biaya berlangganan.,,,,,0.0
"Semoga aplikasi Kompas bisa dioptimalkan agar lebih stabil dan minim error, serta update-nya lebih responsif. Terima kasih",,,,,0.0
"Semoga aplikasi Kompas bisa dioptimalkan agar lebih stabil, loading lebih cepat, dan bug-nya berkurang di update berikutnya. Terima kasih",,,,,0.0
"Semoga aplikasi Kompas.id bisa dioptimalkan agar lebih stabil, dengan loading yang lebih cepat dan bug yang berkurang. Terima kasih",,,,,0.0
"Semoga aplikasi Kompas.id bisa lebih stabil dan minim error, serta update-nya lebih cepat. Terima kasih",,,,,0.0
Semoga aplikasi Kompas.id bisa lebih stabil dengan bug yang berkurang dan update rutin. Terima kasih,,,,,0.0
"Semoga aplikasi Kompas.id bisa tersedia di Windows Store dan platform desktop lainnya, karena lebih nyaman diakses dari PC dan Laptop. Ditunggu updatenya!",,,,,0.0
"Semoga aplikasi Kompas.id bisa tersedia di Windows Store dan platform lain supaya lebih mudah diakses dari PC, Laptop, dan Tablet. Ditunggu updatenya!",,,,,0.0
"Semoga aplikasi Kompas.id bisa tersedia di Windows Store juga, karena lebih nyaman dibaca di PC dan Laptop. Ditunggu kehadirannya di platform tersebut ya.",,,,,0.0
Semoga aplikasi Kompas.id bisa tersedia di Windows Store supaya lebih mudah diakses dari PC dan Laptop. Ditunggu kehadirannya di platform desktop!,,,,,0.0
"Semoga aplikasi Kompas.id bisa tersedia juga di Windows Store supaya lebih mudah diakses dari PC dan Laptop, karena lebih nyaman dibaca di layar yang lebih besar.",,,,,0.0
"Semoga aplikasi ini bisa dioptimalkan agar lebih stabil dan responsif, serta update-nya lebih cepat. Terima kasih",,,,,0.0
"Semoga aplikasi ini bisa dioptimalkan agar lebih stabil, dengan bug yang berkurang dan update rutin. Terima kasih",,,,,0.0
Semoga artikel di kompas bisa lebih mendalam dan tidak hanya sekadar menyentuh topik saja.,,,,0.0,
Semoga artikel opini dan esai kompas bisa lebih variatif dan mewakili berbagai perspektif,,,,0.0,
"Semoga artikel-artikelnya lebih detail dan tepat sasaran ya, terima kasih.",,,,0.0,
Semoga artikel-artikelnya lebih terverifikasi dan mudah dipahami ya.,,,,0.0,
Semoga artikel-artikelnya selalu terkini dan relevan,,,,0.0,
"Semoga berita bisnis dan ekonomi bisa dimuat lebih detail dan mendalam seperti media bisnis profesional, sehingga satu aplikasi Kompas bisa jadi sumber informasi lengkap untuk semua aspek kehidupan.",,,,0.0,
Semoga berita terus diperbarui dengan informasi terkini,,,,0.0,
Semoga berita terus diperbarui secara berkala ya,,,,0.0,
Semoga berita yang disajikan bisa lebih aktual dan selalu diperbarui 😊,,,,0.0,
Semoga berita yang ditampilkan bisa lebih sering diperbarui dengan informasi terkini 😊,,,,0.0,
Semoga berita-beritanya bisa lebih sering diperbarui dan lebih aktual ya 😊,,,,0.0,
Semoga beritanya objektif dan tidak memihak,,,,0.0,
Semoga beritanya tetap objektif dan independen ya.,,,,0.0,
Semoga bisa ditambahkan fitur dark mode dan peningkatan responsifitas tampilan aplikasi.,0.0,,,,
Semoga bisa ditambahkan fitur dark mode dan responsifitas tampilan yang lebih baik lagi.,0.0,,,,
Semoga bisa ditambahkan opsi landscape biar lebih nyaman baca beritanya,0.0,,,,
Semoga bisa ditambahkan opsi tampilan landscape ketika membaca berita agar lebih luas.,0.0,,,,
Semoga ke depannya bisa ditambahkan fitur mode gelap dan peningkatan responsifitas tampilan aplikasi.,0.0,,,,
Semoga kompas bisa lebih cepat menyajikan berita saat ada peristiwa besar terjadi.,,,,0.0,
Semoga kompas bisa lebih rutin menyajikan liputan ekonomi dan bisnis setiap hari,,,,0.0,
"Semoga kompas bisa lebih sering hadirkan artikel dengan pembahasan mendalam, bukan hanya berita peristiwa biasa",,,,0.0,
"Semoga kompas bisa lebih sering memberikan penjelasan detail tentang suatu isu, bukan cuma berita kejadian aja.",,,,0.0,
"Semoga kompas bisa lebih sering menampilkan artikel dengan penjelasan detail dan konteks, bukan sekadar berita kejadian aja.",,,,0.0,
Semoga kompas bisa lebih sering menampilkan cerita-cerita menginspirasi dari daerah-daerah di seluruh nusantara.,,,,0.0,
"Semoga kompas bisa lebih sering menghadirkan artikel dengan penjelasan detail, bukan hanya berita singkat tentang kejadian",,,,0.0,
"Semoga kompas bisa memperdalam liputan ekonomi dan bisnis dengan detail yg lebih komprehensif, sehingga jadi satu platform lengkap untuk semua aspek kehidupan dalam satu genggaman.",,,,0.0,
Semoga kompas bisa memperluas cakupan berita mengenai keberlanjutan lingkungan dan dampak perubahan iklim.,,,,0.0,
Semoga kompas bisa memperluas cakupan berita tentang lingkungan dan perubahan iklim di setiap edisi.,,,,0.0,
Semoga kompas bisa memperluas cakupan liputan tentang teknologi dan startup lokal,,,,0.0,
Semoga kompas bisa menambah artikel dengan bahasa yang lebih sederhana dan mudah dimengerti oleh semua orang.,,,,0.0,
"Semoga kompas bisa menambah artikel dengan pembahasan analitik yang lebih detail, bukan cuma berita kejadian aja.",,,,0.0,
"Semoga kompas bisa menambah artikel dengan pembahasan analitis yang lebih mendalam, bukan cuma berita peristiwa biasa aja.",,,,0.0,
"Semoga kompas bisa menambah artikel dengan pembahasan yang lebih detail, bukan hanya berita peristiwa saja.",,,,0.0,
"Semoga kompas bisa menambah artikel dengan pembahasan yang lebih detail, bukan sekadar berita singkat peristiwa",,,,0.0,
Semoga kompas bisa menambah artikel dengan penjelasan yang lebih sederhana dan accessible untuk semua pembaca.,,,,0.0,
Semoga kompas bisa menambah artikel investigasi yang mendalam dan berdasarkan data akurat.,,,,0.0,
Semoga kompas bisa menambah cakupan berita internasional agar lebih variatif dan komprehensif.,,,,0.0,
Semoga kompas bisa menambah frekuensi update berita ekonomi dan bisnis setiap harinya.,,,,0.0,
Semoga kompas bisa menambah jangkauan liputan berita dari daerah-daerah di luar pulau jawa agar lebih seimbang.,,,,0.0,
Semoga kompas bisa menambah jangkauan liputan berita dunia supaya lebih komprehensif,,,,0.0,
Semoga kompas bisa menambah jangkauan liputan berita global agar lebih komprehensif dan variatif.,,,,0.0,
Semoga kompas bisa menambah keberagaman topik opini dan esai agar lebih banyak perspektif yg terwakili.,,,,0.0,
Semoga kompas bisa menambah kedalaman dan kelengkapan berita di setiap artikelnya,,,,0.0,
Semoga kompas bisa menambah konten tentang perkembangan usaha kecil dan menengah di indonesia,,,,0.0,
Semoga kompas bisa menambah konten video singkat yg lebih mudah dipahami pembaca,,,,0.0,
"Semoga kompas bisa menambah liputan berita ekonomi dan bisnis dengan detail yg lebih mendalam, sehingga 1 aplikasi bisa mencakup semua aspek kehidupan dalam 1 genggaman.",,,,0.0,
Semoga kompas bisa menambah liputan berita lokal dari berbagai daerah di seluruh Indonesia.,,,,0.0,
Semoga kompas bisa menambah liputan berita luar negeri yang lebih komprehensif dan variatif.,,,,0.0,
"Semoga kompas bisa menambah liputan bisnis dan ekonomi dengan detail yang lebih mendalam, supaya jadi satu aplikasi berita lengkap untuk semua kebutuhan informasi.",,,,0.0,
"Semoga kompas bisa menambah liputan ekonomi dan bisnis dengan detail yang lebih mendalam, supaya semua aspek kehidupan bisa tercakup dalam satu aplikasi.",,,,0.0,
Semoga kompas bisa menambah liputan lebih dalam tentang perkembangan teknologi dan startup lokal indonesia,,,,0.0,
Semoga kompas bisa menambah liputan tentang isu kesehatan di wilayah-wilayah terpencil,,,,0.0,
Semoga kompas bisa menambah variasi berita global agar cakupannya lebih luas dan komprehensif.,,,,0.0,
Semoga kompas bisa menambah variasi sudut pandang dalam artikel opini dan esainya agar lebih banyak suara yang terwakili,,,,0.0,
Semoga kompas bisa menambah variasi sudut pandang dalam rubrik opini dan esai agar lebih representatif,,,,0.0,
"Semoga kompas bisa menambahkan format konten lain seperti podcast dan video pendek selain berita, video, e-paper, dan artikel interaktif yang sudah ada.",,,,0.0,
"Semoga kompas bisa menambahkan lebih banyak artikel dengan pembahasan detail, bukan hanya pemberitaan singkat tentang peristiwa.",,,,0.0,
Semoga kompas bisa menambahkan ringkasan singkat di awal setiap berita panjang supaya lebih mudah dipahami.,,,,0.0,
Semoga kompas bisa menampilkan artikel mendalam dengan tata letak yang lebih mudah dibaca,,,,0.0,
Semoga kompas bisa menampilkan perspektif yang lebih beragam dalam artikel opini dan esainya.,,,,0.0,
Semoga kompas bisa mendalami setiap topik dan tidak hanya menyentuh permukaannya saja.,,,,0.0,
"Semoga kompas bisa menggali berita lebih dalam lagi, ga cuma sekadar liputan permukaan aja.",,,,0.0,
"Semoga kompas bisa menggali lebih dalam dalam setiap liputan, bukan hanya sekadar mengulas permukaannya saja.",,,,0.0,
Semoga kompas bisa menyajikan lebih banyak visualisasi data untuk memperjelas berita-berita yang rumit,,,,0.0,
Semoga kompas bisa menyajikan liputan investigatif yang lebih terorganisir untuk topik-topik penting.,,,,0.0,
Semoga kompas bisa menyajikan perspektif yg lebih beragam dalam meliput satu topik,,,,0.0,
Semoga kompas bisa menyediakan artikel edukatif yang lebih sesuai dengan kebutuhan anak muda,,,,0.0,
"Semoga kompas bisa perluas cakupan berita ekonomi dan bisnis dengan pembahasan yg lebih mendalam, sehingga satu aplikasi bisa jadi sumber informasi lengkap untuk semua aspek kehidupan.",,,,0.0,
Semoga kompas bisa tambah konten berita dengan penyajian visual yang lebih variatif,,,,0.0,
Semoga kompas bisa tambah liputan berita lokal yg lebih lengkap dan mendalam,,,,0.0,
Semoga kompas bisa tambah liputan tentang isu kesehatan masyarakat khususnya di daerah terpencil,,,,0.0,
Semoga kompas lebih cepat dalam menyajikan berita terkini terutama saat ada peristiwa penting terjadi.,,,,0.0,
Semoga kompas lebih sering menampilkan cerita-cerita menginspirasi dari seluruh nusantara,,,,0.0,
Semoga kompas lebih teliti dalam memverifikasi berita sebelum dipublikasikan yaa,,,,0.0,
Semoga kompas lebih teliti dalam memverifikasi dan mengecek keakuratan berita sebelum dipublikasikan,,,,0.0,
Semoga kompas lebih teliti dalam memverifikasi dan mengecek keakuratan informasi sebelum menerbitkan berita,,,,0.0,
Semoga kompas menambah artikel yang ditulis dengan bahasa yang lebih accessible untuk semua pembaca.,,,,0.0,
Semoga kompas menambah liputan investigasi yang lebih mendalam dan terverifikasi,,,,0.0,
Semoga kompas selalu menjaga standar keakuratan dan objektivitas dalam setiap berita yang disajikan.,,,,0.0,
Semoga kompas tambahkan lebih banyak artikel investigasi mendalam yang akurat dan terpercaya.,,,,0.0,
Semoga kompas terus memastikan keseimbangan perspektif dalam setiap berita yang ditayangkan.,,,,0.0,
Semoga kompas terus memastikan objektivitas dan keseimbangan perspektif dalam setiap artikel yang ditayangkan.,,,,0.0,
Semoga kompas terus memperbarui berita dengan informasi terbaru dan aktual setiap waktu.,,,,0.0,
Semoga kompas terus memperluas ragam perspektif dalam kolom opini dan esai agar lebih inklusif.,,,,0.0,
Semoga kompas terus menambah liputan investigatif dengan analisis yang lebih mendalam,,,,0.0,
Semoga kompas terus menghadirkan artikel-artikel dengan riset yang lebih komprehensif dan detail.,,,,0.0,
Semoga kompas terus menghadirkan investigasi mendalam dan terorganisir untuk topik-topik utama,,,,0.0,
Semoga kompas terus menjaga keseimbangan dalam menyajikan berbagai sudut pandang di setiap pemberitaannya.,,,,0.0,
Semoga kompas terus menjaga keseimbangan dalam pemberitaan dan memberikan kesempatan suara kepada berbagai pihak.,,,,0.0,
Semoga kompas terus menjaga kualitas dan akurasi berita dari semua penulis jurnalisnya.,,,,0.0,
Semoga kompas terus menjaga kualitas penulisan beritanya oleh semua jurnalis,,,,0.0,
Semoga kompas terus menyajikan berita yg berimbang dan memberikan kesempatan suara untuk semua pihak.,,,,0.0,
Semoga kompas terus verifikasi berita sebelum dipublikasikan yaa,,,,0.0,
Semoga kompas tetap objektif dan tidak memihak dalam meliput semua kalangan,,,,0.0,
Semoga kompas.id bisa memperluas liputan tentang isu kesehatan masyarakat khususnya di wilayah terpencil,,,,0.0,
Semoga kompas.id bisa menambah artikel dengan bahasa yang lebih sederhana supaya mudah dipahami oleh semua kalangan.,,,,0.0,
Semoga kompas.id bisa menambah artikel yang mengulas isu-isu sosial kemasyarakatan dengan pembahasan lebih mendalam,,,,0.0,
"Semoga kompas.id bisa tambah artikel yg relevan sama milenial dan anak muda, terus jelaskan lebih jelas manfaat berlangganan premium dibanding hanya fokus ke cara download aja.",,,,0.0,
Semoga kompas.id bisa tambahkan format artikel panjang yang lebih mudah dipahami pembaca.,,,,0.0,
Semoga kompas.id terus mempertahankan objektivitas dan kredibilitas beritanya tanpa pengaruh dari pihak manapun.,,,,0.0,
Semoga kompas.id terus menambah artikel investigasi mendalam yang lebih komprehensif,,,,0.0,
Semoga konten berita di aplikasi ini bisa lebih detail dan tepat sasaran ya.,,,,0.0,
"Semoga konten berita ekonomi dan bisnis di Kompas.id bisa lebih mendalam dan detail, sehingga bisa jadi satu-satunya sumber informasi lengkap yg dibutuhkan pembaca setiap hari.",,,,0.0,
Semoga konten berita global di kompas bisa ditambah dengan liputan yang lebih mendalam dan variatif.,,,,0.0,
Semoga konten berita global di kompas bisa lebih mendalam dan mencakup berbagai perspektif yg berbeda,,,,0.0,
Semoga konten berita internasional di kompas.id bisa ditambah lebih banyak dan variatif,,,,0.0,
Semoga konten berita kompas bisa lebih mendalam dan ga hanya sekadar liputan permukaan aja.,,,,0.0,
Semoga konten berita kompas bisa lebih mendalam dan tidak hanya sekadar cover saja,,,,0.0,
Semoga konten berita kompas terus menjaga keseimbangan dan memberikan kesempatan suara kepada berbagai perspektif.,,,,0.0,
Semoga konten berita kompas.id bisa ditingkatkan kejelasan dan akurasi faktanya ya.,,,,0.0,
Semoga konten berita kompas.id bisa lebih objektif dan memberikan kesempatan suara kepada berbagai perspektif,,,,0.0,
Semoga konten berita luar negeri di kompas.id bisa ditambah dengan lebih bervariasi,,,,0.0,
Semoga konten berita panjang di kompas bisa ditampilkan dengan format yang lebih mudah dicerna pembaca,,,,0.0,
Semoga konten berita terus diperbarui secara konsisten,,,,0.0,
Semoga konten beritanya terus diperbarui secara berkala,,,,0.0,
"Semoga konten di Kompas bisa ditambah dengan format lain seperti podcast atau video pendek biar lebih beragam selain berita, video, e-paper, dan artikel interaktif yg udah ada.",,,,0.0,
Semoga konten opini dan esai di Kompas.id semakin bervariasi dan mewakili berbagai perspektif yang ada.,,,,0.0,
Semoga konten opini dan esai di aplikasi ini bisa lebih beragam dan mewakili berbagai perspektif yang ada.,,,,0.0,
Semoga konten opini dan esai di aplikasi ini semakin bervariasi dan mewakili berbagai perspektif,,,,0.0,
Semoga konten sains dan teknologi di Kompas.id bisa lebih rutin diupdate agar tetap aktual dan relevan.,,,,0.0,
Semoga konten sains dan teknologi di kompas bisa lebih rutin diperbarui dengan artikel-artikel terbaru.,,,,0.0,
Semoga konten sains dan teknologi kompas lebih rutin diupdate,,,,0.0,
Semoga konten sepak bola bisa diperbarui lebih rutin dan konsisten setiap harinya.,,,,0.0,
Semoga konten yang disajikan lebih disesuaikan dengan minat anak muda dan milenial agar mereka tertarik membaca berita di aplikasi ini.,,,,0.0,
"Semoga konten yang relevan untuk generasi muda bisa ditingkatkan lagi agar lebih menarik minat mereka membaca, dan strategi promosi tentang nilai tambah berlangganan kompas.id perlu diperkuat lebih gencar.",,,,0.0,
Semoga konten yang relevan untuk generasi muda bisa lebih diperbanyak lagi agar mereka tertarik membaca berita di aplikasi ini.,,,,0.0,
Semoga konten yang relevan untuk kalangan muda bisa ditambah lebih banyak lagi agar mereka tertarik membaca di aplikasi ini.,,,,0.0,
Semoga liputan di kompas.id bisa lebih mendalam dan tidak hanya sekadar mengulas permukaan masalahnya saja.,,,,0.0,
Semoga redaksi kompas terus menjaga kredibilitas dan objektivitas dalam setiap pemberitaan yang disajikan.,,,,0.0,
Semoga rubrik opini dan esai kompas bisa menampilkan perspektif yang lebih beragam dan inklusif dari berbagai kalangan,,,,0.0,
Semoga segera ada opsi dark mode dan pengaturan ukuran font seperti aplikasi berita berbayar lainnya.,0.0,,,,
"Semua fitur berita dikunci paywall, padahal cukup dibuat gratis aja biar semua orang Indonesia bisa akses informasi dengan mudah.",,,-1.0,,
"Senang bgt, beritanya akurat dan kredibel",,,,1.0,
Senang bisa membaca berita yang akurat dan bisa dipercaya sepenuhnya,,,,1.0,
"Sering ada penawaran menarik untuk langganan, harganya jadi lebih terjangkau dan worth it bgt deh",,,1.0,,
"Sering ada promo langganan yg menarik bgt, harga berlangganannya jadi lebih terjangkau dan worth it bgt deh",,,1.0,,
"Sering kali login gagal karena server lagi maintenance, bikin kesal banget.",,,,,-1.0
"Seru banget dapet akses penuh ke semua konten Kompas dengan harga yang super terjangkau, worth it bgt buat baca berita berkualitas! 👍😊",,,1.0,,
"Setelah bayar langganan, aplikasi jadi error dan artikel gabisa dibuka sama sekali, CS cuma nyaranin buka lewat website aja, udah 1 bulan berlangganan tapi aplikasinya rusak terus jadi gak bisa dipake, harus log-in berkali-kali di web jadinya ribet banget.",,,,,-1.0
"Setelah bayar langsung bisa langsung diakses premium-nya, ga perlu nunggu lama, praktis banget!",,,1.0,,
"Setelah di-update aplikasi jadi error, e-paper nya gabisa dibuka sama sekali",,,,,-1.0
"Setelah diupdate, aplikasi tidak lagi crash. Sangat bagus.",,,,,1.0
"Setelah pembayaran berhasil, akun premium langsung bisa digunakan tanpa perlu menunggu lama",,,,,1.0
"Setelah reinstall aplikasi langsung bisa login dengan lancar tanpa masalah, makasih tim supportnya",,,,,1.0
"Setelah reinstall aplikasinya langsung login dengan lancar tanpa masalah, makasih tim Kompas!",,,,,1.0
"Setelah saya coba geser, aplikasinya langsung keluar",,,,,-1.0
"Setelah terbuka di halaman depan, akan selalu crash dan menutup begitu digunakan di iPad Mini dg iOS 11.3.1

Ayo diperbaiki lagi, supaya saya jadi langganan epaper premium. Ayo kompas kamu bisa lebih baik lagi",,,,,-1.0
Setelah update aplikasi ePaper jadi error dan tidak bisa diakses sama sekali.,,,,,-1.0
Setelah update epaper jadi ga bisa dibuka sama sekali,,,,,-1.0
"Setelah update malah error, epaper ga bisa dibuka di iOS 14",,,,,-1.0
"Setelah update terbaru aplikasi jadi error terus, berita ga bisa dibuka padahal udah login dan langganan aktif, muncul notif belum berlangganan mulu, tolong diperbaiki dong",,,,,-1.0
"Setelah update terbaru tanggal 17 Nov, aplikasi jadi error dan ga bisa di-download sama sekali. Padahal sebelumnya lancar. Mohon diperbaiki segera dong",,,,,-1.0
"Setelah update terbaru, aplikasi sering lag dan bermasalah saat scroll di halaman utama Kompas. Pakai iPad Pro iPadOS 15.4.1 tapi tetap error. Tolong diperbaiki.",,,,,-1.0
"Setelah update terbaru, e-paper jadi susah dibaca di iPad karena hanya support mode landscape, padahal dulu bisa portrait juga. Sangat mengecewakan!",-1.0,,,,
"Setelah update terbaru, epaper jadi error dan ga bisa diakses sama sekali",,,,,-1.0
"Setelah update terbaru, file yang sudah diunduh hilang dan ga bisa diakses. Jadi setiap kali mau baca harus download lagi, sangat merepotkan.",,,,,-1.0
"Setelah update terbaru, ga bisa download epaper di ipad apple sama sekali.",,,,,-1.0
"Setelah update terbaru, tampilan di iPad malah jadi berantakan—selalu memaksa landscape padahal orientasi udah dikunci portrait, jadi gak nyaman dibaca sama sekali tolong dibenerin ya.",-1.0,,,,
"Setelah update, e-paper ga bisa dibuka di iPad. Tolong diperbaiki segera...",,,,,-1.0
"Setelah update, font aplikasi Kompas.id jadi buram dan susah dibaca, mata jadi lelah. Tolong kembalikan font lama atau minimal kasih pilihan font yang lebih nyaman buat pembaca.",-1.0,,,,
"Setelah update, saat membaca ePaper mode full screen, tombol navigasi halaman di bawah ga bisa hilang otomatis, jadi konten artikel bagian bawah jadi tertutup dan ga bisa dibaca.",-1.0,,,,
"Setelah update, tampilan jadi berantakan di iPad mini, ga sesuai ukuran layarnya.",-1.0,,,,
"Setelah upgrade aplikasi jadi error terus, ga bisa buka ePaper sama sekali padahal saya cuma bayar buat versi digital aja",,,,,-1.0
"Setelah upgrade, e-paper jadi error dan ga bisa dibuka sama sekali",,,,,-1.0
"Setiap hari bisa dapetin berita yg komprehensif mulai dari politik, ekonomi, olahraga hingga isu-isu terkini yg paling update.",,,,1.0,
"Setiap kali saya buka ePaper yang udah diunduh untuk dibaca offline, selalu ada error di file pdfnya jadi harus download ulang lagi, padahal sinyal bagus. Gimana sih cara laporin bug ini?",,,,,-1.0
"Setiap kali saya coba akses artikel Kompas lewat Safari di iPad, langsung di-redirect ke aplikasi terus muncul error ""artikel tidak ditemukan"". Jadi saya gabisa baca webpage Kompas di iPad karena selalu di-redirect gitu. Tadi mau buka link ""Promosi-kompas"" terjadi lagi hal yang sama. Ini sih terjadi di kebanyakan link Kompas, sangat mengganggu banget.",,,,,-1.0
Setiap kali scroll pasti langsung crash aplikasinya,,,,,-1.0
"Sudah bayar berlangganan 6 bulan, tapi fitur download pdf nya error terus ga bisa dipakai. Sayang banget duitnya...tolong diperbaiki dong!",,,,,-1.0
"Sudah bayar berlangganan setahun tapi aplikasi tetap error, gabisa buka berita sama sekali, ini kenapa sih?",,,,,-1.0
"Sudah bayar berlangganan tapi fitur premium tetap ga bisa diakses, customer service juga susah banget dihubungi dan lama respon.",,,,,-1.0
"Sudah bayar langganan bulanan tapi akun masih belum teraktivasi, kenapa gini?",,,,,-1.0
"Sudah bayar langganan tapi ga bisa login, error terus di akses",,,,,-1.0
"Sudah bayar langganan tapi sistem masih bilang belum aktif, jadinya ga bisa akses epaper sama sekali",,,,,-1.0
Sudah bayar lewat browser tapi epaper di aplikasi tetap gak bisa dibuka.. gimana ini solusinya??,,,,,-1.0
Sudah berlangganan premium tapi fitur e-paper masih ga bisa dibuka dengan lancar..sangat mengecewakan..apalagi setiap kali download koran digital file nya error dan tidak terbuka..ini benar benar bikin frustrasi.,,-1.0,,,
Sudah konfirmasi pembayaran berlangganan tapi aplikasi masih error dan tidak bisa akses konten premium.,,,,,-1.0
Sudah lancar di iPad. Terima kasih atas respon dari developer!,,,,,1.0
Sudah langganan tapi aplikasi ga bisa buka e-paper kompas..sangat mengecewakan..aneh banget klo udah download file malah error ga bisa dibuka..ini beneran bikin kesal..minta diperbaiki segera.,,,,,-1.0
"Sudah transfer pembayaran Kompas Premium + Koran tapi akun saya sampe sekarang masih belum aktif, padahal udah menunggu lama bgt. Berapa lama sih proses aktivasi berlangganan di Kompas? Jadi rugi waktu nih.",,,,,-1.0
Sudah transfer pembayaran tapi akun masih belum bisa diaktifkan... error terus aplikasinya 👎👎👎,,,,,-1.0
"Suka baca berita kompas cetak tapi sayang fitur download epaper nya gak bisa disimpan permanen, jadi gak bisa dibaca lagi kapan-kapan kalo udah offline",,-1.0,,,
TTS nya sering internal server error,,,,,-1.0
"Tampilan aplikasi di iPad sangat tidak nyaman, fontnya terlalu kecil dan sulit dibaca meski mata normal, padahal perlu di-zoom dulu baru bisa dilihat dengan jelas.",-1.0,,,,
"Tampilan aplikasi ga responsif sama sekali, layout jadi berantakan di hp saya. Teksnya sering kepotong dan gelagapan, jadinya harus buka dari laptop aja biar nyaman.",-1.0,,,,
Tampilan artikelnya rapi dan nyaman untuk dibaca,1.0,,,,
"Tampilan di iPad mini 7 orientasi portrait masih ada yang terpotong di sisi kanan kiri, jadi kurang nyaman dipandang. Tolong diperbaiki ya.",-1.0,,,,
"Tampilan di iPad mini masih bermasalah, konten sering terpotong di sisi kanan kirinya tolong diperbaiki",-1.0,,,,
"Tampilan ePaper di HP kok jadi berantakan, nama file nya muncul di kanan terus nutup teks jadi susah dibaca banget. Di tablet sih oke, tapi di handphone kok gini? Tolong dong dihilangkan nama filenya biar bisa baca dengan nyaman.",-1.0,,,,
"Tampilan epaper kompas bagus sih, tapi sayang banget ga bisa diputar landscape di iPad saya, jadi harus selalu portrait aja yang bikin tidak nyaman. Tolong dong min ditambahkan fitur rotasi layar biar lebih fleksibel, soalnya sumber berita favorit saya cuma kompas. Semoga segera diupdate ya, kalo udah bisa landscape pasti saya kasih rating 5 bintang deh, keep up the good work!",-1.0,,,,
"Tampilan interface aplikasi semakin berantakan, desainnya jadi ga menarik bgt. Kapan diperbaiki min?",-1.0,,,,
"Tampilan subscription section masih berantakan dengan kode HTML yang keliatan, bikin user bingung banget. Padahal udah bayar berlangganan tapi informasinya ga jelas disajikan. Bagian UI lainnya sih oke aja, tapi ini perlu urgent diperbaiki.",-1.0,,,,
"Tampilan tab vertikal masih perlu dioptimalkan bgt, jadi agak berantakan gitu",-1.0,,,,
"Tampilannya kurang eye-catching dan desainnya membuat mata cepat lelah, ditambah lagi fitur copy-paste nya ga ada jadi ribet banget buat yang butuh ambil referensi dari artikel.",-1.0,,,,
"Tampilannya penuh banget sama iklan, bikin mata sakit. Desainnya berantakan, prioritas cari duit aja kayaknya.",-1.0,,,,
Tata letak berita di halaman utama ditampilkan dalam format grid dua kolom.,0.0,,,,
"Teks nya terlalu kecil bgt, susah dibaca apalagi buat yg punya mata minus. Mohon tambahin fitur pengatur ukuran font dong, soalnya setting di pengaturan iPhone juga ga bekerja...",-1.0,,,,
Terima kasih udah ngasih berita akurat saat media lain pada diem aja,,,,1.0,
"Terlalu banyak paywall skrg, padahal kompas udah dapet revenue banyak dr iklan aja kok mesti charge user segala....",,,-1.0,,
"Terus pertahankan kredibilitas berita yg akurat dan terpercaya, jangan sampai jadi clickbait murahan kaya media lain..semoga Kompas tetap jadi sumber informasi yg bisa dipercaya dan mendidik masyarakat Indonesia.",,,,1.0,
"Tiba-tiba jadi berbayar, langsung aku hapus. Dulu kan gratis, sekarang minta bayaran.",,,-1.0,,
"Tidak berfungsi di iOS14, tolong diperbaiki",,,,,-1.0
Tidak berfungsi...setelah diinstal hanya muncul layar putih,,,,,-1.0
Tidak bisa digunakan di iPad Pro dengan iOS terbaru,,,,,-1.0
Tidak bisa download dan membuka e-paper setelah upgrade,,,,,-1.0
"Tidak bisa masuk pakai akun google, epaper jadi nggak bisa dibuka.",,,,,-1.0
Tidak tahu kenapa aplikasi ini memaksa saya menggunakan mode landscape. Jadi susah untuk membaca artikel,-1.0,,,,
"Tolong KOMPAS lebih konsisten dalam menyajikan berita yg faktual, terkini, dan berimbang supaya bisa menjadi rujukan terpercaya bagi seluruh masyarakat 🙏",,,,0.0,
Tolong appnyansupaya bisa rotate donk!!!,0.0,,,,
Tolong berita-beritanya lebih faktual dan konkret yaa,,,,0.0,
Tolong berita-beritanya terus diperbarui ya.,,,,0.0,
Tolong cakupan beritanya diperluas lagi sampai ke tingkat internasional biar jangkauan pembacanya lebih luas dan beragam.,,,,0.0,
"Tolong diperbaiki lagi layout ePaper nya, banyak yang nutup teks nya",-1.0,,,,
Tolong diperbaiki! Aplikasi force closed setelah scrolling. iOS 16,,,,,-1.0
"Tolong diperbaiki, aplikasinya error saat mau buka epaper",,,,,-1.0
"Tolong dong kompas tambahin artikel yg lebih detail dan analisisnya, jangan cuma berita kejadian aja.",,,,0.0,
"Tolong jangkauan berita kompas.id diperluas lagi hingga ke tingkat dunia supaya pembaca bisa dapet informasi yg lebih luas, dan semoga biayanya tetap terjangkau oke!!!",,,,0.0,
Tolong kompas lebih sering liputi cerita-cerita inspiratif dari daerah-daerah di seluruh nusantara.,,,,0.0,
Tolong kompas tambahkan artikel yang lebih mudah dicerna oleh semua kalangan masyarakat.,,,,0.0,
Tolong kompas tambahkan lebih banyak artikel dengan penjelasan yg sederhana supaya mudah dipahami semua orang,,,,0.0,
Tolong kompas tambahkan lebih banyak artikel investigasi mendalam yang memberikan informasi lengkap.,,,,0.0,
Tolong kompas tambahkan lebih banyak artikel yg menggunakan bahasa sederhana agar mudah dipahami oleh semua orang.,,,,0.0,
Tolong kompas tambahkan lebih banyak konten berita dengan format visual yg lebih menarik,,,,0.0,
Tolong kompas tambahkan lebih banyak konten berita dengan visualisasi yang lebih variatif.,,,,0.0,
Tolong kompas tambahkan lebih banyak update berita ekonomi dan bisnis setiap hari.,,,,0.0,
Tolong kompas tambahkan liputan investigatif yang lebih sistematis untuk topik-topik penting.,,,,0.0,
"Tolong kompas tambahkan liputan lebih mendalam tentang permasalahan industri sawit, khususnya terkait kebijakan pajak pemerintah dan mekanisme penetapan harga yg dilakukan pabrik sawit terhadap petani.",,,,0.0,
Tolong kompas terus pertahankan keseimbangan dalam penyajian setiap beritanya,,,,0.0,
Tolong kompas tetap menjaga keseimbangan perspektif dalam setiap berita yg disajikan,,,,0.0,
Tolong kompas tetap menjaga objektivitas dalam setiap berita yang ditampilkan,,,,0.0,
Tolong kompas tetap menjaga objektivitas dan keseimbangan dalam penyajian setiap beritanya.,,,,0.0,
Tolong kompas tetap menjaga standar berita yang objektif dan berimbang dalam setiap liputan,,,,0.0,
"Tolong kompas tingkatkan konten analitik yang lebih mendalam, bukan sekadar berita peristiwa biasa aja.",,,,0.0,
"Tolong kompas tingkatkan liputan tentang industri sawit, khususnya mengenai kebijakan pajak pemerintah dan penetapan harga oleh pabrik yang berdampak pada petani sawit.",,,,0.0,
"Tolong kompas untuk lebih sering menghadirkan artikel dengan pembahasan mendalam, bukan sekadar pemberitaan peristiwa saja.",,,,0.0,
"Tolong kompas.id perluas jangkauan berita internasional supaya pembaca bisa dapet informasi dunia yg lebih lengkap, dan semoga tetap terjangkau untuk semua orang.",,,,0.0,
"Tolong kompas.id tambahkan lebih banyak artikel investigasi dan penjelasan detail, bukan cuma berita singkat peristiwa aja.",,,,0.0,
Tolong konten berita nya di update lebih sering lagi 😊,,,,0.0,
"Tolong pastikan berita yg disajikan akurat dan faktual, jangan terlalu banyak iklan",,,,0.0,
"Tolong pastikan setiap berita yg disajikan KOMPAS selalu akurat, netral, dan terkini supaya bisa menjadi sumber informasi terpercaya bagi masyarakat 🙏",,,,0.0,
Tolong pastikan setiap berita yg ditampilkan tetap menjunjung tinggi standar jurnalisme yang objektif dan berimbang.,,,,0.0,
"Tolong perbaiki bug-nya, aplikasi terus crash setelah sign in.",,,,,-1.0
Tolong sajikan berita yang lebih faktual dan konkret,,,,0.0,
Tolong tambahkan akses kategori berita langsung dari menu utama di bagian bawah layar,0.0,,,,
Tolong tambahkan artikel sains dan teknologi lebih rutin supaya konten tetap aktual.,,,,0.0,
"Tolong tambahkan fitur back to top, misalnya dengan klik tab aktif aplikasi agar bisa langsung kembali ke konten teratas + refresh otomatis",,0.0,,,
Tolong tambahkan fitur dark mode agar pembaca bisa menyesuaikan latar belakang aplikasi sesuai kondisi pencahayaan sekitar.,0.0,,,,
Tolong tambahkan fitur dark mode dan pengaturan ukuran teks seperti aplikasi berita berbayar lainnya.,0.0,,,,
Tolong tambahkan fitur kompaskarier di aplikasi ini seperti yang ada di website kompas .. mohon dipertimbangkan,,0.0,,,
Tolong tambahkan fitur kompass karir yg sama seperti di website kompas.. semoga bisa segera ditambahkan fiturnya,,0.0,,,
Tolong tambahkan fitur mode gelap dan tingkatkan responsifitas tampilan aplikasi di berbagai ukuran layar.,0.0,,,,
Tolong tambahkan fitur pencarian yang bisa disaring berdasarkan waktu penerbitan berita.,,0.0,,,
Tolong tambahkan kemampuan text to speech yang bisa tetap berjalan saat membuka aplikasi lain di background,,0.0,,,
"Tolong tambahkan konten dalam format podcast dan video pendek selain berita, video, e-paper, dan artikel interaktif yang sudah ada.",,,,0.0,
Tolong tambahkan lebih banyak analisis mendalam untuk berita-berita dari Jawa Tengah.,,,,0.0,
Tolong tambahkan lebih banyak artikel dengan analisis data yang mendalam dan terukur.,,,,0.0,
"Tolong tambahkan lebih banyak artikel dengan pembahasan mendalam, bukan hanya sekadar pemberitaan peristiwa saja.",,,,0.0,
"Tolong tambahkan lebih banyak artikel dengan penjelasan detail dan konteks, bukan hanya berita singkat tentang kejadian",,,,0.0,
Tolong tambahkan lebih banyak artikel jurnalisme data yang memberikan informasi mendalam.,,,,0.0,
Tolong tambahkan lebih banyak artikel jurnalisme data yang mendalam dan informatif.,,,,0.0,
Tolong tambahkan lebih banyak artikel tentang isu-isu sosial kemasyarakatan dengan pembahasan yg lebih detail dan komprehensif.,,,,0.0,
Tolong tambahkan lebih banyak artikel yang disajikan dengan bahasa yang accessible untuk semua segmen pembaca.,,,,0.0,
Tolong tambahkan lebih banyak artikel yang menggunakan bahasa sederhana supaya bisa dipahami oleh semua orang.,,,,0.0,
"Tolong tambahkan lebih banyak artikel yang relevan untuk pembaca muda supaya mereka tertarik membaca kompas.id, dan gencarkan promosi tentang nilai tambah aplikasi premium ini dibanding cara downloadnya aja.",,,,0.0,
Tolong tambahkan lebih banyak artikel yg mengupas isu-isu sosial dan kemasyarakatan secara lebih detail.,,,,0.0,
"Tolong tambahkan lebih banyak artikel yg relevan untuk kalangan muda supaya mereka tertarik baca di kompas.id, dan jelaskan lebih gencar apa manfaat sebenarnya pake aplikasi ini dibanding yg lain.",,,,0.0,
Tolong tambahkan lebih banyak cerita-cerita inspiratif dari berbagai daerah di seluruh Indonesia.,,,,0.0,
Tolong tambahkan lebih banyak konten berita dengan visualisasi yang lebih informatif dan menarik.,,,,0.0,
Tolong tambahkan lebih banyak konten video singkat yang gampang dipahami di kompas.id,,,,0.0,
Tolong tambahkan lebih banyak konten video singkat yang mudah dipahami di aplikasi kompas,,,,0.0,
Tolong tambahkan lebih banyak liputan tentang perkembangan teknologi dan startup Indonesia di kompas.id,,,,0.0,
Tolong tambahkan liputan investigasi yang lebih terstruktur untuk topik-topik penting.,,,,0.0,
"Tolong tambahkan liputan kesehatan yg lebih luas, khususnya untuk masyarakat di daerah terpencil",,,,0.0,
Tolong tambahkan liputan lebih mendalam tentang perkembangan teknologi dan startup lokal Indonesia.,,,,0.0,
Tolong tambahkan opsi orientasi landscape untuk membaca artikel dengan lebih lebar,0.0,,,,
Tolong tambahkan opsi orientasi landscape untuk membaca koran cetak.,0.0,,,,
Tolong tambahkan opsi ukuran font yang lebih besar di pengaturan tampilan,0.0,,,,
Tolong tambahkan opsi untuk memperbesar ukuran teks di pengaturan tampilan,0.0,,,,
Tolong tambahkan opsi untuk mengakses kategori berita langsung dari menu navigasi bawah layar agar lebih mudah,0.0,,,,
Tolong tambahkan opsi untuk mengatur frekuensi notifikasi berita terbaru agar tidak terlalu banyak,,0.0,,,
Tolong tambahkan perspektif yang lebih beragam dalam pemberitaan setiap isu yang diangkat.,,,,0.0,
Tolong tambahkan perspektif yang lebih beragam dalam setiap pemberitaan isu tertentu.,,,,0.0,
Tolong tambahkan update lebih rutin untuk rubrik sains dan teknologi di kompas.,,,,0.0,
Tolong tingkatkan desain antarmuka Kompas agar lebih user-friendly dan responsif. Semoga update berikutnya bisa meminimalkan bug juga. Terima kasih.,0.0,,,,
Tolong tingkatkan frekuensi pembaruan artikel sains dan teknologi di kompas,,,,0.0,
Tolong tingkatkan frekuensi pembaruan konten di rubrik sains dan teknologi kompas.,,,,0.0,
Tolong tingkatkan frekuensi update berita sepak bola di aplikasi ini.,,,,0.0,
Tolong tingkatkan jumlah artikel investigatif yang lebih mendalam dan menyeluruh.,,,,0.0,
Tolong tingkatkan jumlah artikel yang menggunakan bahasa sederhana agar dapat diakses oleh semua pembaca.,,,,0.0,
Tolong tingkatkan jumlah artikel yang mengupas isu-isu sosial dan kemasyarakatan dengan analisis yang lebih komprehensif.,,,,0.0,
Tolong tingkatkan keakuratan dan kelengkapan berita agar masyarakat bisa mempercayai KOMPAS sebagai sumber informasi utama 🙏,,,,0.0,
Tolong tingkatkan kedalaman pemberitaan mengenai isu-isu sosial dan kemasyarakatan di aplikasi ini.,,,,0.0,
"Tolong tingkatkan kejelasan dan akurasi berita yg disajikan ya, terima kasih.",,,,0.0,
"Tolong tingkatkan kejelasan dan akurasi dalam penyajian berita ya, terima kasih.",,,,0.0,
"Tolong tingkatkan kejelasan dan akurasi pemberitaannya ya, terima kasih.",,,,0.0,
Tolong tingkatkan kejelasan dan akurasi penulisan berita di aplikasi ini ya.. terima kasih.,,,,0.0,
Tolong tingkatkan porsi artikel yang mengupas isu-isu sosial dan kemasyarakatan dengan pembahasan yg lebih mendalam.,,,,0.0,
Tombol navigasi di iPad terus error dan membuat aplikasi crash berkali-kali,,,,,-1.0
"Tombol verifikasi error terus, aplikasi gabisa dibuka sama sekali",,,,,-1.0
"Trik nipu, suruh sign in katanya gratis eh ternyata mesti bayar langganan buat baca berita lengkap 😤 aplikasi menipu banget sih.",,,-1.0,,
"Udah baca beberapa artikel tp kok berita sama gambarnya ga match, jadi bingung maksudnya apa sih.",,,,-1.0,
"Udah bayar berlangganan bulanan, tapi login ga bisa masuk.",,,,,-1.0
"Udah bayar berlangganan tapi e paper nya ga mau kebuka, terus selalu error di loading. Sangat mengecewakan 😠",,,,,-1.0
"Udah bayar berlangganan tapi ga bisa login, akun ga teraktivasi dengan jelas.",,,,,-1.0
Udah bayar di google play tapi tetap ga bisa dibuka. Gimana ini?,,,,,-1.0
"Udah bayar langganan Kompas id minggu lalu di indomaret sesuai petunjuk kalian, tp pas dibuka hari ini malah error bilang belum aktif, harus bayar lagi kah?",,,,,-1.0
"Udah bayar langganan bulanan 50rb tapi kenapa fitur e-paper masih harus download terus-terusan? Setiap kali buka koran harus download lagi per tanggal, padahal udah pernah didownload sebelumnya. Pas aplikasi ditutup trus dibuka lagi, file yg udah ada malah diminta download ulang. Ini boros kuota bgt, tolong diperbaiki sistemnya dong.",,-1.0,,,
"Udah bayar langganan tapi akun saya ga bisa diaktifin sampai sekarang, padahal email konfirmasi udah masuk??",,,,,-1.0
"Udah bayar langganan tapi aplikasi terus bilang belum aktif. Udah coba cancel terus langganan lagi, sempet normal. Tapi besoknya error lagi, minta tolong diperbaiki.",,,,,-1.0
Udah bayar langganan tapi e-paper di aplikasi ga bisa dibuka sama sekali,,,,,-1.0
"Udah bayar langganan tapi pas login malah muncul notif belum berlangganan, padahal transaksi udah masuk.",,,,,-1.0
"Udah bayar langganan tapi sistemnya ga recognize. Akses artikel jadi terblokir terus, ini gimana sih",,,,,-1.0
Udah bayar langganan tp login error terus. Customer service juga ga responsif,,,,,-1.0
"Udah bayar langganan tp pas mau buka konten langsung diminta bayar lagi, padahal di sistem udah tercatat berlangganan. Ini bug apa gimana sih?",,,,,-1.0
"Udah bayar lewat Shopee, tapi aplikasi masih error dan ga bisa buka epaper. Padahal subscription udah aktif, tapi tetap aja akses ditolak. Gak ada notifikasi apa-apa, rugi banget.",,,,,-1.0
"Udah bayar lewat shopee tapi epaper masih gabisa diakses, padahal udah terlangganan. Rugi bgt, ga ada notif sama sekali, layanannya juga jelek",,,-1.0,,
"Udah bayar paket premium + koran tapi sampai sekarang belum aktif juga, berapa lama sih proses berlangganannya di kompas... sayang uang saya terbuang percuma setiap hari.",,,-1.0,,
"Udah bayar premium setahun tapi aplikasinya error terus, ga bisa login sama sekali. Mesti buka lewat browser aja padahal udah langganan. CS juga ga membantu, cuma disuruh update melulu tapi masalahnya tetap aja. Sangat mengecewakan bgt!",,,,,-1.0
"Udah bayar premium setahun tapi kontennya malah kecewa bgt, menu berita sering diubah sembarangan, koleksi cerpen yg harusnya lengkap jadi cuma 4 doang, humaniora ilang entah kemana, terus berita hukum malah muncul di menu ekonomi... ini gak profesional, tolong diperbaiki!",,,,-1.0,
"Udah bayar premium setahun tp berita yg ditampilkan ga lengkap bgt, cerpen harusnya banyak malah cuma 4 doang, terus konten humaniora ilang kemana? menu jg berantakan, berita hukum muncul di ekonomi, ini ga terorganisir sama sekali, tolong diperbaiki!",,,,-1.0,
"Udah bayar premium setahun tp berita yg ditampilkan gak lengkap dan gak terstruktur, menu cerpen harusnya ratusan tapi cuma 4 doang, humaniora ilang kemana, terus berita ekonomi campur sama hukum, ini beneran gak profesional dan bikin bingung!",,,,-1.0,
"Udah bayar premium setahun tp beritanya kacau bgt, menu selalu berubah-ubah tanpa jelas, cerpen yg harusnya banyak cuma 4 doang, konten humaniora hilang, trus berita hukum muncul di menu ekonomi?? Ini bukan jurnalisme yg kredibel, tolong dibenerin sistemnya!",,,,-1.0,
"Udah bayar premium setahun tp kontennya berantakan, menu cerpen harusnya ribuan tapi cuma 4 doang, humaniora ilang kemana, terus berita ekonomi campur hukum sembarangan, organisasi konten nya kacau bgt!",,,,-1.0,
"Udah bayar premium setahun tp kontennya malah berkurang, cerpen yg harusnya lengkap jadi cuma 4 doang, humaniora hilang, terus berita ekonomi campur sama hukum?? Ini bukan update, ini malah downgrade bgt! Dimana kredibilitas organisasi berita yg katanya profesional?",,,,-1.0,
"Udah bayar premium tapi tetap dikasih iklan berlangganan, terus pas buka berita premium malah disuruh bayar lagi. Langganan Kompas cuma bikin kesel, bukan dapet berita",,,-1.0,,
"Udah bayar subscription tapi aplikasi stuck di loading, gabisa akses halaman utama sama sekali",,,,,-1.0
Udah bayar tapi akun ga teraktivasi juga. Kecewa banget sama Kompas,,,,,-1.0
"Udah bertahun-tahun jadi subscriber dan harganya totally worth it, ga nyesel sama sekali.",,,1.0,,
"Udah coba baca tp beritanya ga konsisten, fotonya malah ga cocok sama isinya bgt.",,,,-1.0,
"Udah coba buka tp beritanya sama gambarnya ga cocok, jadi bingung banget maksudnya apa.",,,,-1.0,
"Udah isi saldo 55rb tapi ga bisa aktivasi langganan, kenapa sih sistemnya error gini?",,,,,-1.0
"Udah lama pake di iPad mini, tapi tampilan di sisi kiri selalu kepotong, belum ada update untuk benerin ini.",-1.0,,,,
"Udah langganan e paper tp aplikasinya sering error pas mau download, bahkan gabisa diunduh sama sekali.",,,,,-1.0
"Udah langganan e-paper tp setiap kali mau baca harus download lagi, padahal harusnya bisa tersimpan jadi PDF aja biar ga perlu download berkali-kali dan app ga jadi lemot.. apalagi sekarang udah berat bgt pas ganti halaman e-paper nya, jadi kecewa deh.",,-1.0,,,
"Udah langganan sebelumnya, terus mau perpanjang lagi tapi sistemnya error mulu. Metode pembayaran yg sama kok ditolak, padahal pulsa udah kepotong. Tolong dibenerin dong.",,,,,-1.0
"Udah langganan setahun lebih, tapi tiba-tiba login ga bisa masuk ke e-paper. Ini udah ketiga kalinya error gini, bener2 kesel.",,,,,-1.0
"Udah langganan tahunan tapi aplikasi Kompas ga bisa dibuka di iPad Air lama saya karena minimum iOS requirement-nya iOS 14, padahal device saya cuma bisa update sampai iOS 12. Jadi sekarang ga bisa akses ePaper sama sekali, padahal saya pembaca setia. Tolong dong support iOS 12 lagi biar saya ga perlu ganti device.",,,,,-1.0
"Udah langganan tp login pake email kok susah bgt, tiba2 hilang sinyal terus ga bisa di-refresh. Udah coba uninstall-install ulang malah makin ga bisa masuk, mohon segera diperbaiki!",,,,,-1.0
"Udah login pake email tapi tetap gabisa buka berita, muncul error terus menerus. Aplikasi ini benar-benar ribet dan bikin kesel 😤",,,,,-1.0
"Udah login tapi tetep diminta bayar membership buat baca artikel? Ini ga fair banget sih, padahal udah punya akun kok masih disuruh berlangganan",,,-1.0,,
"Udah males pake app ini, mau baca berita aja harus bayar berlangganan, padahal banyak aplikasi berita lain yg gratis dan lebih sering update sih",,,-1.0,,
"Udah tiga hari berturut-turut aplikasi ini error, halaman utama ga mau load dan e-paper juga selalu bilang sedang maintenance. Berapa lama sih maintenance-nya harus?",,,,,-1.0
"Ukuran huruf di aplikasi kompas id pas banget, ga bikin mata capek dan tetap mudah dibaca",1.0,,,,
"Uninstall aja, setiap artikel langsung minta bayar. Masih banyak aplikasi berita yang gratis kok.",,,-1.0,,
"Uninstall aplikasi kompas karena banyak artikel yang harus bayar berlangganan, padahal aplikasi berita lain seperti detik sama republika bisa dibaca gratis tanpa perlu langganan.",,,-1.0,,
"Uninstall, cuma boleh baca 5 artikel terus langsung minta bayar 50rb per bulan 😤",,,-1.0,,
"Untuk akses berita berkualitas di Kompas.id memang diperlukan langganan berbayar, tapi bagi yg prefer gratis bisa pakai aplikasi berita lain yg tidak memerlukan subscription.",,,0.0,,
Untuk akses konten lengkap di kompas id memang harus bayar berlangganan,,,0.0,,
Untuk buka semua artikel di kompas id memang harus bayar berlangganan,,,0.0,,
"Update terbaru menghilangkan fitur highlight kata dan terjemahan. Ini dulunya layanan yang luar biasa untuk orang yang belajar Bahasa Indonesia, tapi sekarang tidak lagi. Tolong kembalikan seperti semula!!!",,,,,-1.0
"Update terbaru ringan dan cepat. Kerja bagus kompas. Batasan perangkat membingungkan. Akan senang kalau ada variasi konten selain berita, video, e-paper, dan artikel interaktif. Mungkin podcast dan video pendek?",,,,0.0,1.0
Videonya ga mau play sama sekali,,,,,-1.0
"Voucher langganan yg didapat dr tukar poin ternyata ga bisa dipakai, jadi percuma banget deh.",,,-1.0,,
ada diskon khusus untuk pelajar atau mahasiswa ga di paket langganannya,,,0.0,,
ada paket berlangganan mulai dari 50.000 rupiah ga,,,0.0,,
apakah ada cara berlangganan kompas id dari aplikasi iphone atau harus lewat website,,,0.0,,
apakah ada diskon khusus atau paket langganan untuk pelajar dan mahasiswa,,,0.0,,
apakah ada fitur untuk mengakses e-paper edisi sebelumnya di bagian arsip aplikasi,,0.0,,,
apakah ada kemungkinan untuk menambahkan pengaturan line spacing pada tampilan artikel,0.0,,,,
apakah ada opsi untuk mengubah skema warna tampilan beranda kompas id,0.0,,,,
apakah ada panduan untuk memperpanjang paket berlangganan kompas id,,,0.0,,
apakah ada promo khusus untuk paket langganan kompas id,,,0.0,,
apakah bisa ada fitur untuk subscribe topik atau penulis favorit secara spesifik,,0.0,,,
apakah bisa bayar langganan pakai transfer bank biasa?,,,0.0,,
apakah bisa berhenti berlangganan kompas id dari aplikasi iphone,,,0.0,,
apakah bisa berlangganan kompas id langsung dari aplikasi iphone,,,0.0,,
apakah bisa berlangganan tanpa harus pakai kartu kredit,,,0.0,,
apakah bisa berlangganan tanpa menggunakan kartu kredit,,,0.0,,
"apakah bisa ditambah metode pembayaran langganan, seperti voucher google play atau sejenisnya",,,0.0,,
apakah bisa ditambahkan metode pembayaran lain seperti voucher google play untuk proses berlangganan?,,,0.0,,
apakah bisa ditampilkan pilihan warna lain selain biru untuk tampilan beranda kompas id,0.0,,,,
apakah bisa langganan premium pake pulsa telkomsel tanpa kartu kredit,,,0.0,,
apakah bisa membatalkan langganan kompas id dari aplikasi iphone,,,0.0,,
apakah fitur text to speech bisa dijalankan di background saat membuka aplikasi lain,,0.0,,,
apakah harus bayar premium untuk bisa download e-paper nya,,,0.0,,
apakah kompas id mewajibkan berlangganan untuk bisa akses semua artikel?,,,0.0,,
apakah kompas.id punya paket khusus untuk pelajar atau mahasiswa,,,0.0,,
apakah metode pembayaran langganan hanya bisa transfer bank atau ada pilihan lain,,,0.0,,
apakah perlu berlangganan premium untuk akses semua berita?,,,0.0,,
apakah perlu berlangganan untuk mengakses semua artikel berita?,,,0.0,,
apakah perlu paket premium untuk mengunduh e-paper?,,,0.0,,
apakah semua berita harus berlangganan untuk dibaca,,,0.0,,
apakah semua berita harus dibayar untuk bisa dibaca,,,0.0,,
apakah semua berita memerlukan pembayaran untuk dibaca,,,0.0,,
apakah semua fitur kompas id hanya bisa diakses dengan berlangganan,,,0.0,,
apakah semua fitur kompas id memerlukan paket berlangganan untuk bisa diakses,,,0.0,,
apakah semua konten di kompas id memerlukan paket berlangganan untuk bisa dibaca,,,0.0,,
apakah tersedia opsi berlangganan dengan pembayaran mingguan,,,0.0,,
apakah tersedia opsi pembayaran langganan mingguan,,,0.0,,
apakah tersedia paket berlangganan yg digabung dgn layanan kompas lainnya,,,0.0,,
apakah tersedia paket bundling kompas id dengan produk kompas lainnya,,,0.0,,
apakah tersedia paket khusus langganan untuk pelajar dan mahasiswa,,,0.0,,
apakah tersedia paket langganan khusus untuk pelajar atau mahasiswa,,,0.0,,
apakah tersedia pilihan paket langganan dengan sistem pembayaran mingguan,,,0.0,,
"aplikasi kompas id setelah di-update jadi lebih lancar dan stabil, ga pernah force close lagi",,,,,1.0
"aplikasi langsung bisa diakses tanpa delay setelah pembayaran berhasil diproses, akun premium langsung aktif",,,,,1.0
"aplikasi sekarang udah bisa dibuka portrait lagi setelah komplain, responsnya cepat banget!",,,,,1.0
"aplikasi udah bisa dibuka portrait mode lagi setelah komplain, mantap tim development nya!",,,,,1.0
"aplikasinya sering error pas mau buka koran digital, padahal udah bayar subscription tp tetep ga mau jalan, ini bikin kesel bgt",,,,,-1.0
"berita kompas skrg ga seimbang, sumber yg diambil selalu dari pihak yg sama aja, kurang objektif bgt",,,,-1.0,
berita terbaik dari yang terbaik,,,,1.0,
beritanya akurat dan bahasanya standar bgt,,,,1.0,
bosan deh harus bayar langganan segala.. mending gratis aja atau bundel sama paket internet gitu sih.,,,-1.0,,
"cari berita olahraga terkini malah ketemu artikel lama dr tahun 2023, berita ga fresh bgt",,,,-1.0,
"dapat promo gratis 3 bulan dari traveloka dan benar2 worth it, fitur premium tanpa iklan sama berita berkualitas daging semua bikin langganan ini sangat hemat dan menguntungkan",,,1.0,,
"dapat promo gratis 3 bulan dari traveloka, super worth it bgt, ga ada iklan sama sekali, konten beritanya berkualitas, bisa didengarkan juga, plus akses e-paper lengkap, benar-benar harga yang sangat sebanding dengan apa yang didapat",,,1.0,,
fitur baca artikel otomatis kompas id sangat berguna saat saya lagi di perjalanan,,1.0,,,
fitur dengarkan berita super membantu saat lagi sibuk dan ga bisa fokus ke layar,,1.0,,,
"fitur kliping di aplikasi ini sangat memudahkan, ga perlu repot gunting-gunting koran kertas lagi",,1.0,,,
fitur langganan topik sangat memudahkan karena berita sesuai minat langsung muncul di halaman utama,,1.0,,,
fitur pencarian berdasarkan tanggal sangat berguna banget untuk mencari artikel lama dengan cepat,,1.0,,,
fitur pencarian dengan kategori filter-nya sangat memudahkan cari berita yang kita butuhkan,,1.0,,,
"fitur pencarian di kompas id bekerja dengan sangat baik, hasil yang ditampilkan selalu sesuai dengan yang dicari",,1.0,,,
fitur text-to-speech kompas id suaranya bagus dan pengucapannya terasa natural jadi enak didengarkan dalam waktu lama,,1.0,,,
fitur zoom e-paper kompas id bekerja dengan sangat smooth dan gambarnya tetap jernih,,1.0,,,
gimana caranya buat redeem voucher di aplikasi kompas id,,,0.0,,
gimana sih cara extend subscription kompas id nya,,,0.0,,
gimana sih caranya perpanjang paket berlangganan kompas id?,,,0.0,,
harga berlangganan kompas id termasuk murah banget dibanding kualitas konten beritanya yang premium,,,1.0,,
"harga langganan tahunan kompas id terbilang terjangkau, bisa baca berita terbaru sepanjang tahun tanpa khawatir kehabisan kuota",,,1.0,,
"kak minta bantuan dong, udah punya kode voucher kompas 1 bulan tapi ga tau cara redeem nya gimana?",,,0.0,,
"kak mohon bantu, udah dapet voucher kompas buat sebulan tapi ga tau gimana cara masukin kode vouchernya?",,,0.0,,
"kenapa aplikasi kompas saya sering error saat login??? padahal udah bayar langganan, harusnya bisa diakses dengan lancar. tolong diperbaiki admin, ini udah berulang kali terjadi 😞",,,,,-1.0
kenapa nama file nya ngeblok tulisan di belakang sih,-1.0,,,,
"konten di bagian cetak dan e-paper jarang diperbarui, meskipun udah di-refresh berkali-kali",,,,-1.0,
"konten teknologi kompas kurang update bgt, berita yg disajikan udah ketinggalan sama media lain seminggu sebelumnya",,,,-1.0,
langganan saya sudah tidak aktif sejak bulan kemarin,,,0.0,,
langganan saya sudah tidak aktif sejak sebulan yang lalu,,,0.0,,
layout halaman utama menampilkan artikel dalam format grid dua kolom,0.0,,,,
"login akun ribet bgt, padahal udah pake data buat buka aplikasi...mau baca berita aja jadi susah",,,,,-1.0
masih ragu-ragu mau langganan atau engga,,,0.0,,
masih ragu-ragu mau langganan kompas id atau tidak,,,0.0,,
mau tanya paket berlangganan mana yang paling sesuai untuk saya,,,0.0,,
mohon kompas lebih sering meliput cerita-cerita menarik dari daerah-daerah di seluruh nusantara,,,,0.0,
mohon kompas lebih sering menyertakan visualisasi data dalam artikel berita yg rumit agar lebih mudah dipahami,,,,0.0,
mohon kompas tambah lebih banyak artikel investigasi mendalam yg berbasis data,,,,0.0,
mohon perbanyak artikel pendidikan yang lebih sesuai dengan kebutuhan generasi muda,,,,0.0,
mohon tambahkan fitur untuk menyesuaikan spasi antar baris pada teks,0.0,,,,
pengen tau gimana caranya pake kode promo untuk berlangganan kompas id,,,0.0,,
pengen tau lebih detail tentang pilihan paket berlangganan yang tersedia,,,0.0,,
"salah satu alasan saya beli iPad 2017 adalah untuk membaca kompas, sangat kecewa dengan aplikasi kompas. Baru install lalu dibuka langsung tertutup sendiri. Bagaimana saya mau berlangganan kompas secara rutin. Tolong diperbaiki, ketika aplikasi lain berjalan dengan baik, ini koran nasional besar tidak bisa membuat aplikasinya berjalan baik",,,,,-1.0
"seharusnya berita ga perlu bayar biar lebih luas jangkauannya, kan tujuannya kasih info ke publik, pendapatan bisa dari iklan aja kok, tapi kalo sistem berbayar gini jadi pembaca berkurang dan app kurang populer, ya terserah sih keputusan kalian",,,-1.0,,
"semoga kompas bisa lebih mendalam dalam mengupas setiap berita, bukan hanya sekadar liputan permukaan",,,,0.0,
semoga kompas bisa lebih sering hadirin artikel investigasi yg lebih mendalami isu-isu penting,,,,0.0,
semoga kompas bisa lebih sering hadirkan cerita-cerita menarik dari daerah-daerah di seluruh nusantara,,,,0.0,
semoga kompas bisa lebih sering menampilkan artikel investigasi yang mendalam dan terverifikasi,,,,0.0,
semoga kompas bisa lebih sering menampilkan cerita-cerita positif dari seluruh nusantara,,,,0.0,
semoga kompas bisa menambah ragam perspektif dalam konten opini dan esai yang ditampilkan,,,,0.0,
semoga kompas bisa menambahkan perspektif yg lebih beragam dalam meliput setiap isu,,,,0.0,
semoga kompas bisa menyajikan lebih banyak artikel pendidikan yang sesuai dengan kebutuhan anak muda,,,,0.0,
semoga kompas lebih rutin menambah artikel sains dan teknologi terbaru,,,,0.0,
semoga kompas memastikan setiap artikel mencakup perspektif dari semua pihak yang berkepentingan,,,,0.0,
semoga kompas menambah konten video singkat yg lebih mudah dipahami,,,,0.0,
semoga kompas selalu melakukan verifikasi lengkap dari berbagai sumber sebelum menerbitkan berita,,,,0.0,
semoga kompas selalu menjaga standar akurasi dan keseimbangan dalam setiap pemberitaannya,,,,0.0,
semoga kompas terus mempertahankan akurasi dan kredibilitas dalam setiap pemberitaan,,,,0.0,
semoga kompas terus mempertahankan standar kredibilitas dan netralitas dalam setiap pemberitaannya,,,,0.0,
semoga kompas.id bisa lebih teliti lagi dalam memverifikasi sumber dan data sebelum menerbitkan berita,,,,0.0,
semoga kompas.id terus mempertahankan objektivitas dan keseimbangan dalam setiap pemberitaan,,,,0.0,
tampilan artikel di kompas id sudah mengikuti format standar koran digital,0.0,,,,
terbaik untuk mencari update berita,,,,1.0,
"terdepan dlm berita, kerja bagus.",,,,1.0,
tolong kompas hadirkan lebih banyak artikel investigasi yang terorganisir untuk topik-topik strategis,,,,0.0,
tolong kompas menambahkan lebih banyak perspektif beragam dalam meliput setiap isu penting,,,,0.0,
tolong kompas pastikan semua artikel tetap menjaga standar penulisan yang konsisten dan berkualitas,,,,0.0,
tolong kompas tambahkan liputan berita lokal dan regional lebih lengkap lagi,,,,0.0,
tolong kompas tambahkan perspektif yang lebih beragam dalam meliput setiap isu,,,,0.0,
tolong kompas tetap mempertahankan objektivitas dalam setiap pemberitaannya,,,,0.0,
"tolong kompas tingkatkan porsi artikel dengan pembahasan analitik yg lebih dalam, bukan hanya sekadar pemberitaan peristiwa saja",,,,0.0,
tolong kompas.id lebih sering menampilkan cerita-cerita inspiratif dari seluruh nusantara,,,,0.0,
tolong kompas.id tambahin infografis lebih banyak biar berita yang rumit jadi lebih gampang dipahami,,,,0.0,
"tolong kompas.id tambahkan lebih banyak artikel dengan pembahasan mendalam, bukan cuma berita kejadian aja",,,,0.0,
tolong tambahkan fitur arsip untuk mengakses e-paper edisi-edisi sebelumnya di aplikasi kompas id,,0.0,,,
tolong tambahkan fitur filter pencarian berdasarkan waktu publikasi artikel,,0.0,,,
tolong tambahkan frekuensi update berita sepak bola agar pembaca bisa mendapat informasi terkini,,,,0.0,
"tolong tambahkan lebih banyak artikel dengan penjelasan detail dan investigasi mendalam, bukan cuma berita singkat",,,,0.0,
tolong tambahkan lebih banyak artikel di rubrik sains dan teknologi agar pembaca bisa mendapat informasi terbaru,,,,0.0,
"tolong tambahkan lebih banyak berita ekonomi dan bisnis dengan pembahasan yg lebih mendalam, supaya kompas.id bisa jadi satu aplikasi yg mencakup semua aspek kehidupan dalam satu genggaman",,,,0.0,
tolong tambahkan lebih banyak liputan berita dari berbagai daerah di seluruh indonesia,,,,0.0,
tolong tambahkan lebih banyak liputan berita dari wilayah Jawa Tengah,,,,0.0,
tolong tingkatkan jumlah artikel analisis mendalam tentang isu-isu penting di indonesia,,,,0.0,
tolong tingkatkan jumlah artikel investigasi yang lebih menggali detail dan latar belakang masalah,,,,0.0,
tolong tingkatkan kejelasan dan akurasi penyajian berita di aplikasi ini ya,,,,0.0,
tolong tingkatkan liputan tentang perkembangan teknologi dan startup Indonesia di aplikasi ini,,,,0.0,
udah langganan trial 3 hari tapi tetep ga bisa buka fitur premium nya gimana sih?,,,,,-1.0
"untuk bisa akses semua konten di kompas id, memang harus ada langganan",,,0.0,,
"waktu yang menyenangkan, bacaan bagus, koran terbaik",,,,1.0,
