,Unnamed: 0,UI/UX,Functionality,Subscription & Pricing,Content Quality,Rating,Komentar,Technical & Access,is_no_word,detected_language,is_code_mixing,indonesian_words,english_words,unknown_words
0,0,,,,,3.0,Bintang. :3. Score :7,,False,tl,True,bintang,score,
1,1,,,,,5.0,kompas is the best,,False,en,False,,"the, best","kompas, is"
2,2,,,0.0,,4.0,berbayar untuk baca berita,,False,id,False,"berbayar, untuk, baca, berita",,
3,3,,,,,5.0,Kenapa malah ada iklanya...,,False,id,False,"kenapa, malah, ada",,iklanya
4,4,,,,1.0,5.0,berita up to date,,False,id,True,berita,date,"up, to"
5,5,,,,,5.0,perlu pengetahuan & pengalaman.,,False,id,False,"perlu, pengetahuan, pengalaman",,
6,6,,,,1.0,5.0,"terpercaya beritanya, terstandarkan diksinya.",,False,id,False,"terpercaya, beritanya",,"terstandarkan, diksinya"
7,7,,,,,5.0,panjang umur jurnalisme 🔥,,False,id,False,"panjang, umur, jurnalisme",,
8,8,,,,1.0,5.0,Beritanya dapat di percaya,,False,id,False,"beritanya, dapat, percaya",,di
9,9,,,,,4.0,Suka hobi baca sy,,False,so,False,"suka, hobi, baca",,sy
10,10,,,,-1.0,5.0,Kurang berani kritik pemerintah,,False,id,False,"kurang, berani, kritik, pemerintah",,
11,11,,,,1.0,5.0,Sangat up to date,,False,id,True,sangat,date,"up, to"
12,12,,,,,5.0,berita yang sangat penting,,False,id,False,"berita, yang, sangat, penting",,
13,13,,,,-1.0,1.0,"Bintang 1, Kurang update",,False,tl,False,"bintang, kurang",,update
14,14,,,,1.0,5.0,berita aktual dan akurat,,False,id,False,"berita, aktual, dan, akurat",,
15,15,,,,1.0,5.0,laporan berita nya bagus,,False,id,False,"laporan, berita, nya, bagus",,
16,16,,,,,4.0,smoga terus memberi informasi,,False,id,False,"smoga, terus, memberi, informasi",,
17,17,,,,,5.0,"bagus. banyaklah membaca, ya.",,False,id,False,"bagus, membaca",,"banyaklah, ya"
18,18,,,,,5.0,membantu pengetahuan dan perkembangan...,,False,id,False,"membantu, pengetahuan, dan, perkembangan",,
19,19,,,,-1.0,1.0,Mulai ga netral ini.,,False,id,False,"mulai, ga, netral, ini",,
20,20,,,1.0,,4.0,Aku beli premium. Puas,,False,id,False,"aku, beli, puas",,premium
21,21,,,,1.0,5.0,"jurnalisme berkualitas, ya Kompas",,False,id,False,"jurnalisme, berkualitas",,"ya, kompas"
22,22,,,,,5.0,S balacewarma janggelan sekian,,False,id,False,sekian,,"s, balacewarma, janggelan"
23,23,,,,1.0,5.0,informatif & inspiratif. KEREN,,False,da,False,"informatif, inspiratif, keren",,
24,24,,,,1.0,5.0,Jurnalis Lokal Kualitas Internasional....,,False,et,False,"jurnalis, lokal, kualitas, internasional",,
25,25,,,-1.0,,1.0,susah pembayaran untuk berlangganan,,False,id,False,"susah, pembayaran, untuk, berlangganan",,
26,26,,,,,2.0,video tidak bisa diputar,-1.0,False,id,False,"tidak, bisa, diputar",,video
27,27,,,,1.0,5.0,Berita aktual. Mantap pokoknya.,,False,id,False,"berita, aktual, mantap, pokoknya",,
28,28,,,,,1.0,Mengikuti inf. Kompas selengkapnja,,False,id,False,"mengikuti, inf",,"kompas, selengkapnja"
29,29,,,,1.0,5.0,Nyimak berita terbaru update....👍👍,,False,id,False,"berita, terbaru",,"nyimak, update"
30,30,,,,,1.0,tidak bisa di buka,-1.0,False,id,False,"tidak, bisa, buka",,di
31,31,,,,,5.0,Kompas tetap mantap .,,False,id,False,"tetap, mantap",,kompas
32,32,,,,1.0,5.0,"lebih akurat, tepat topik",,False,id,False,"lebih, akurat, tepat, topik",,
33,33,,,,1.0,5.0,berita aktual dan terpercaya,,False,id,False,"berita, aktual, dan, terpercaya",,
34,34,,,,1.0,5.0,Lancar jaya dan lengkap..,,False,id,False,"lancar, jaya, dan, lengkap",,
35,35,,,,,5.0,Bru coba btg 5,,False,ro,True,coba,bru,btg
36,36,1.0,,,,5.0,nyaman dan enak dibaca,,False,id,False,"nyaman, dan, enak, dibaca",,
37,37,,,,,4.0,sangat membantu informasi masyarakat.,,False,id,False,"sangat, membantu, informasi, masyarakat",,
38,38,,,,1.0,5.0,sangat informatif dan tuntas,,False,id,False,"sangat, informatif, dan, tuntas",,
39,39,,,,1.0,5.0,Informasi akurat dan berkualitas.,,False,id,False,"informasi, akurat, dan, berkualitas",,
40,40,,,,1.0,5.0,Jurnalisme mendalam dan profesional,,False,id,False,"jurnalisme, mendalam, dan, profesional",,
41,41,,,1.0,,5.0,Menyenangkan lho berlangganan Kompas,,False,id,False,"menyenangkan, lho, berlangganan",,kompas
42,42,,,,1.0,5.0,"Berita terbaik,khusus saya peribadi",,False,id,False,"berita, terbaik, khusus, saya, peribadi",,
43,43,,,,1.0,5.0,Koran digital yang revolusioner,,False,id,False,"koran, yang, revolusioner",,digital
44,44,,,1.0,,5.0,bagus ga banyak iklan...,,False,tl,False,"bagus, ga, banyak, iklan",,
45,45,,,,,5.0,sangat Bagus dan keren,,False,id,False,"sangat, bagus, dan, keren",,
46,46,,,-1.0,,1.0,tak rama sama kantong..,,False,id,False,"tak, rama, sama, kantong",,
47,47,,,,1.0,5.0,informasi yg ter update,,False,id,False,"informasi, ter",,"yg, update"
48,48,,,,,5.0,I love kompas id....,,False,hr,False,,love,"i, kompas, id"
49,49,,,,,4.0,Terimakasih sudah diperbaiki kinerjanya,1.0,False,id,False,"terimakasih, sudah, diperbaiki, kinerjanya",,
50,50,,,,,5.0,Saya suka apps nya,,False,tl,False,"saya, suka, nya",,apps
51,51,,,,,5.0,Paling bagus sekali Waooo,,False,tl,False,"paling, bagus, sekali",,waooo
52,52,,,,-1.0,1.0,Sering rasis..TDK Sesuai fakta,,False,id,False,"sering, rasis, tdk, sesuai, fakta",,
53,53,,,,,1.0,Sangat penting membaca berita,,False,id,False,"sangat, penting, membaca, berita",,
54,54,,,,,5.0,platform digital yg mumpuni,,False,id,False,mumpuni,,"platform, digital, yg"
55,55,,,,,5.0,kompas bagus sekali bagus,,False,id,False,"bagus, sekali, bagus",,kompas
56,56,,,,,5.0,Semoga akurat dan bermanfaat,,False,id,False,"semoga, akurat, dan, bermanfaat",,
57,57,,,,,5.0,Saya menyukainya selamanya,,False,no,False,,"like, forever","i, it"
58,58,,,,1.0,5.0,bagus dan komplit beritanys,,False,id,False,"bagus, dan, komplit",,beritanys
59,59,,,,1.0,5.0,berita terbaru dan terpercaya,,False,id,False,"berita, terbaru, dan, terpercaya",,
60,60,,,,1.0,5.0,ok bgt berita nya,,False,id,False,"bgt, berita, nya",,ok
61,61,,,,-1.0,1.0,Media yg tidak independen,,False,id,False,"tidak, independen",,"media, yg"
62,62,,,,0.0,3.0,Kompas jangan jadi kompor,,False,id,False,"jangan, jadi, kompor",,kompas
63,63,,,,,5.0,Bagus layanan ya bsik,,False,id,False,"bagus, layanan",,"ya, bsik"
64,64,,,,,5.0,Good job Kompas 👍👍,,False,sl,False,,"good, job",kompas
65,65,,,,1.0,5.0,Credible...beritanya mendalam. Banyak analisisnya,,False,id,True,"beritanya, mendalam, banyak",credible,analisisnya
66,66,,,,,5.0,Sopang santung terhadap teman,,False,id,False,"terhadap, teman",,"sopang, santung"
67,67,,,,,5.0,Ingin tau berita dunia,,False,id,False,"ingin, tau, berita, dunia",,
68,68,,,,1.0,5.0,Berita no.1 di Indo,,False,it,False,"berita, indo",,"no, di"
69,69,,,,,5.0,Terimakasih atas informasinya Bagus,,False,id,False,"terimakasih, atas, informasinya, bagus",,
70,70,,,,,5.0,KOMPAS MAJU DAN HEBAT,,False,id,False,"maju, dan, hebat",,kompas
71,71,,,,,5.0,Saya belum bisa perbaharui,,False,id,False,"saya, belum, bisa",,perbaharui
72,72,,,,1.0,5.0,Berita2nya akurat dan lengkap,,False,id,False,"berita, nya, akurat, dan, lengkap",,
73,73,,,,1.0,5.0,"Sangat update, terima kasih",,False,id,False,"sangat, terima, kasih",,update
74,74,,,,,1.0,Jelek tidak bisa konek,-1.0,False,hu,False,"jelek, tidak, bisa, konek",,
75,75,,,,,3.0,Oke lah aiing wkwkwk,,False,sw,False,"lah, wkwkwk",,"oke, aiing"
76,76,,,,-1.0,1.0,Sangat jelek tidak mendidik...,,False,id,False,"sangat, jelek, tidak, mendidik",,
77,77,-1.0,,,,1.0,Banyak iklan daripada berita!,,False,id,False,"banyak, iklan, daripada, berita",,
78,78,,,,,5.0,W NN dan pasar,,False,id,False,"dan, pasar",,"w, nn"
79,79,,,,1.0,5.0,Kompas memberi informasi baik,,False,id,False,"memberi, informasi, baik",,kompas
80,80,,,,1.0,5.0,Bisa cepat mengetahui berita,,False,id,False,"bisa, cepat, mengetahui, berita",,
81,81,,,,1.0,5.0,Berita selali U apdet,,False,id,False,berita,,"selali, u, apdet"
82,82,,,,,3.0,Berita teraktual sajikan.pada says,,False,id,True,"berita, sajikan, pada",says,teraktual
83,83,,,,,5.0,Sangat puas dengan gojek,,False,id,False,"sangat, puas, dengan, gojek",,
84,84,,,,1.0,5.0,"Pasti,aktual dan terpercaya.Terima Kasih.",,False,id,False,"pasti, aktual, dan, terpercaya, terima, kasih",,
85,85,,,,1.0,5.0,Akurat dan berimbang 👍⭐⭐⭐⭐⭐,,False,id,False,"akurat, dan, berimbang",,
86,86,,,-1.0,,2.0,Voucher nggak bisa dipakai,,False,tl,False,"voucher, nggak, bisa, dipakai",,
87,87,,,,1.0,4.0,"Akurat, independen dan akuntable",,False,id,False,"akurat, independen, dan",,akuntable
88,88,,,,1.0,5.0,Salah satu referensi terpercaya,,False,id,False,"salah, satu, referensi, terpercaya",,
89,89,,,,,4.0,Tertarik dengan update nya,,False,id,False,"tertarik, dengan, nya",,update
90,90,,,,0.0,1.0,Jadilah media yang kredibel,,False,id,False,"jadilah, yang, kredibel",,media
91,91,,,,,1.0,Cukup ini aja dulu,,False,id,False,"cukup, ini, aja, dulu",,
92,92,,,,1.0,4.0,Media informasi yg terbaik,,False,id,False,"informasi, terbaik",,"media, yg"
93,93,,,,1.0,5.0,Dapat mengikuti berita-berita terkini,,False,id,False,"dapat, mengikuti, berita-berita, terkini",,
94,94,,,,,5.0,PT Kompas Media Nusantara,,False,id,False,nusantara,,"pt, kompas, media"
95,95,,,,1.0,5.0,Cukup memuaskan dengan beritanya,,False,id,False,"cukup, memuaskan, dengan, beritanya",,
96,96,,,,1.0,5.0,"kompat akurat,padat dn terpercaya",,False,id,False,"akurat, padat, terpercaya",,"kompat, dn"
97,97,,,,-1.0,1.0,kompas berita kurang terupdate,,False,id,False,"berita, kurang, terupdate",,kompas
98,98,,,,1.0,5.0,Kompas beritanya dapat dipercaya.,,False,id,False,"beritanya, dapat, dipercaya",,kompas
99,99,,,,,5.0,kabar terkini tentang pilpres,,False,id,False,"kabar, terkini, tentang, pilpres",,
100,100,,,,,5.0,mabtabbbb tab tab puasdss,,False,id,False,,,"mabtabbbb, tab, tab, puasdss"
101,101,,,,,2.0,Tidak bisa memutar suara,-1.0,False,id,False,"tidak, bisa, memutar, suara",,
102,102,,,,-1.0,1.0,banyak berita hoak palsu,,False,id,False,"banyak, berita, palsu",,hoak
103,103,,,0.0,,3.0,Sy ingin berita gratis,,False,en,False,"ingin, berita, gratis",,sy
104,104,,,,1.0,5.0,Berita up to date,,False,id,True,berita,date,"up, to"
105,105,,,,0.0,4.0,Semoga beritanya selalu update,,False,id,False,"semoga, beritanya, selalu",,update
106,106,,,,,5.0,Informasi sangatlah dibutuhkan 😊,,False,id,False,"informasi, sangatlah, dibutuhkan",,
107,107,,,,1.0,5.0,Berita Netral dan akurat,,False,id,False,"berita, netral, dan, akurat",,
108,108,,,,,5.0,Jangan dibuat ribet ajaa,,False,id,False,"jangan, dibuat, ribet",,ajaa
109,109,,,,,5.0,Lumayan buat waktu senggang,,False,id,False,"lumayan, buat, waktu, senggang",,
110,110,,,0.0,,4.0,it's work..promonya agar diperpanjang.,,False,id,True,"promonya, agar, diperpanjang","it's, work",
111,111,,,,1.0,5.0,Harian Kompas luar biasa,,False,id,False,"harian, luar, biasa",,kompas
112,112,,,,1.0,5.0,Mantab... kontennya makin premium,,False,id,False,"mantab, kontennya, makin",,premium
113,113,,,,1.0,5.0,Beritanya terbaru dan terpercaya,,False,id,False,"beritanya, terbaru, dan, terpercaya",,
114,114,,,,,4.0,Kompas top banget dah,,False,id,True,"banget, dah",top,kompas
115,115,,,,,1.0,Auto hide tidak tampil,,False,id,True,"tidak, tampil",hide,auto
116,116,,,,1.0,5.0,"Artikel-artikel berkualitas, harga murah.",,False,id,False,"artikel-artikel, berkualitas, harga, murah",,
117,117,,,,,5.0,Luar biasa kompas,,False,af,False,,awesome,kompas
118,118,,,,,5.0,ka olin mirip pantun,,False,fi,True,"mirip, pantun",olin,ka
119,119,,,,,1.0,sering error. mohon diperbaiki,-1.0,False,id,False,"sering, mohon, diperbaiki",,error
120,120,,,,,5.0,Dan nyaman dengan iPad,,False,id,False,"dan, nyaman, dengan",,ipad
121,121,,,,,2.0,Belum bisa back menu,-1.0,False,id,True,"belum, bisa",back,menu
122,122,,,,1.0,5.0,terimakasih sudah memberikan informasi ketika dmn yg lain hanya diam,,False,id,False,"terimakasih, sudah, memberikan, informasi, ketika, lain, hanya, diam",,"dmn, yg"
123,123,,,,,4.0,saat ini 6 juni 2026 pkl 10.00 wib sampai sekarang kenapa tidak bisa buka kompas ya ?,-1.0,False,id,False,"saat, ini, juni, pkl, wib, sampai, sekarang, kenapa, tidak, bisa, buka",,"kompas, ya"
124,124,,,0.0,,1.0,ga bisa baca berita kalo ga bayar,,False,so,False,"ga, bisa, baca, berita, kalo, ga, bayar",,
125,125,,,-1.0,,1.0,aplikasi kikir jangan di download 😡,,False,id,False,"aplikasi, kikir, jangan",,"di, download"
126,126,,,-1.0,,1.0,"Jelek bet, cuma buat buka berita harus bayar, gak jelas🤬🤬",,False,id,True,"jelek, cuma, buat, buka, berita, harus, bayar, gak, jelas",bet,
127,127,,,,,2.0,"dicoba dulu.. kalo ribet use nya, bye..hapuzz!",,False,sw,True,"dicoba, dulu, kalo, ribet, nya",use,"bye, hapuzz"
128,128,,,,,2.0,lagi bermasalah ya aplikasinya? kok ga bisa login dan ga tampil di tiap rubrik berita2nya,-1.0,False,id,False,"lagi, bermasalah, aplikasinya, kok, ga, bisa, login, dan, ga, tampil, tiap, rubrik, berita, nya",,"ya, di"
129,129,,,,,1.0,"ga bisa di baca, lama loading nya",-1.0,False,tl,False,"ga, bisa, baca, lama, nya",,"di, loading"
130,130,,,,1.0,5.0,"Mencerdaskan, Tepercaya dan Memperluas Wawasan. 👍",,False,id,False,"mencerdaskan, tepercaya, dan, memperluas, wawasan",,
131,131,,,,,1.0,gak sesuai dengan iklannya di produk google play store,,False,id,True,"gak, sesuai, dengan, iklannya, produk","play, store","di, google"
132,132,,-1.0,,,1.0,"enggk bisa di kliping ya, sedikit kecewa setelah kita dowload teryata enggk bisa di simpen ketika sudah tidak berlangganan",,False,id,False,"bisa, kliping, sedikit, kecewa, setelah, kita, bisa, ketika, sudah, tidak, berlangganan",,"enggk, di, ya, dowload, teryata, enggk, di, simpen"
133,133,,,,1.0,5.0,Aku lihat sih beritanya lengkap 😊😇🙏,,False,id,False,"aku, lihat, sih, beritanya, lengkap",,
134,134,0.0,,,,5.0,Saran.. supaya bisa kompas.id dibaca secara layar landscape,,False,id,True,"saran, supaya, bisa, dibaca, secara, layar",landscape,"kompas, id"
135,135,,,0.0,,2.0,apa harus langganan untuk baca berita?,,False,id,False,"apa, harus, langganan, untuk, baca, berita",,
136,136,,,,,3.0,absolute cinema kembangkan lebih bagus lagi,,False,id,True,"kembangkan, lebih, bagus, lagi","absolute, cinema",
137,137,,,,,5.0,lansia sangat membutuhkan berita terimakasih Kompas,,False,id,False,"lansia, sangat, membutuhkan, berita, terimakasih",,kompas
138,138,,,,,2.0,Sering kelogout sendiri dan masuknya susah.,-1.0,False,id,False,"sering, sendiri, dan, masuknya, susah",,kelogout
139,139,,,,1.0,5.0,Yang terbaik dari berita terbaik,,False,en,False,,"best, the, best","on, nwes"
140,140,,,,1.0,4.0,"Sangat enak dibaca nggak pake mikir, langsung dicerna",,False,id,False,"sangat, enak, dibaca, nggak, pake, mikir, langsung, dicerna",,
141,141,,,,,5.0,Tetap S3mangat Kompas meningkatkan literasi indonesia,,False,id,False,"tetap, meningkatkan, literasi, indonesia",,"s, mangat, kompas"
142,142,,,,1.0,4.0,saya selalu tertarik dengan tulisan tulisan orang hebat yg dimuat oleh kompas.id. faktual dan aktual.,,False,id,False,"saya, selalu, tertarik, dengan, tulisan, tulisan, orang, hebat, dimuat, oleh, faktual, dan, aktual",,"yg, kompas, id"
143,143,,,,1.0,5.0,"Aktual, faktual, terpercaya, dan tidak memancing opini publik.",,False,id,False,"aktual, faktual, terpercaya, dan, tidak, memancing, opini, publik",,
144,144,,,-1.0,,1.0,"KECEWA BERLANGGANAN, seharusnya kompas biasa dan kompas .id gak perlu dipisah2 aksesnya. Bisa aja akal2in cari duitnya",,False,id,False,"kecewa, berlangganan, seharusnya, biasa, dan, gak, perlu, dipisah, aksesnya, bisa, aja, akal, cari, duitnya",,"kompas, kompas, id, in"
145,145,-1.0,,,,5.0,Mohon untuk ada optimalisasi tampilan vertikal tab. Terimakasih,,False,id,False,"mohon, untuk, ada, optimalisasi, tampilan, vertikal, terimakasih",,tab
146,146,,,,,4.0,"sejak thn1981 diMedan.. sy sdh baca harian kompas, .... karena bs melengkapi kliping koran sy u literatur",,False,id,False,"sejak, thn, sdh, baca, harian, karena, melengkapi, kliping, koran, literatur",,"dimedan, sy, kompas, bs, sy, u"
147,147,,,,-1.0,1.0,"berita tidak update,, saya cari artikel tentang teknologi, berita yg mucul 3 bulan lalu",,False,id,False,"berita, tidak, saya, cari, artikel, tentang, teknologi, berita, bulan, lalu",,"update, yg, mucul"
148,148,1.0,,,,5.0,"aplikasi berita yang sangat menarik, interface yg sangat ringan dan bener2 bermanfaat bgt",,False,id,True,"aplikasi, berita, yang, sangat, menarik, sangat, ringan, dan, bener, bermanfaat, bgt",interface,yg
149,149,-1.0,,-1.0,,1.0,"Kebanyakan iklan, beritanya ngak berlanjut hanya sepenggal",,False,id,False,"kebanyakan, iklan, beritanya, ngak, berlanjut, hanya, sepenggal",,
150,150,,,,,1.0,Aplikasi paling gagal yg pernah aku instalm,,False,id,False,"aplikasi, paling, gagal, pernah, aku",,"yg, instalm"
151,151,,,1.0,,5.0,Saya baru berlangganan untuk setahun murah banget dengan harga 139.000 saja. Akhirnya saya bisa baca opini dengan leluasan,,False,id,False,"saya, baru, berlangganan, untuk, setahun, murah, banget, dengan, harga, saja, akhirnya, saya, bisa, baca, opini, dengan",,leluasan
152,152,,,-1.0,,2.0,Jangan download berita berbayar semua cari duit,,False,id,False,"jangan, berita, berbayar, semua, cari, duit",,download
153,153,,,1.0,,5.0,I love this. kalau harganya tetap 100 ribu per tahun bakalan tetap langganan.,,False,id,True,"kalau, harganya, tetap, ribu, tahun, bakalan, tetap, langganan","love, this","i, per"
154,154,,,,1.0,5.0,Kompas tetap yang terbaik dan terpercaya,,False,id,False,"tetap, yang, terbaik, dan, terpercaya",,kompas
155,155,,,,,4.0,di hp samsung epaper tidak bisa dibaca secara horosontal,-1.0,False,id,False,"samsung, tidak, bisa, dibaca, secara",,"di, hp, epaper, horosontal"
156,156,,-1.0,,,4.0,next smoga ada pilihan suara g transate.. bosen cuman itu²,,False,id,True,"smoga, ada, pilihan, suara, bosen, cuman, itu",next,"g, transate"
157,157,,,,1.0,5.0,Bagus beritanya utk mengisi otak yg kosong.,,False,id,False,"bagus, beritanya, utk, mengisi, otak, kosong",,yg
158,158,-1.0,,,,3.0,ada bagian tertentu yang tombol audionya gk keliatan kak,,False,id,False,"ada, bagian, tertentu, yang, tombol, keliatan, kak",,"audionya, gk"
159,159,,,,,5.0,"gacor, semoga bisa memberikan Pendidikan kepada penulis-penulis muda. terutama yang memiliki keterbatasan.",,False,id,False,"semoga, bisa, memberikan, pendidikan, kepada, penulis-penulis, muda, terutama, yang, memiliki, keterbatasan",,gacor
160,160,1.0,,,1.0,5.0,"sangat mudah digunakan, berita mendalam",,False,id,False,"sangat, mudah, digunakan, berita, mendalam",,
161,161,,,,1.0,5.0,"Bernas, selalu peduli dengan masalah aktual dengan analisa yang mengedepankan nilai-nilai kemanusiaan.",,False,id,False,"selalu, peduli, dengan, masalah, aktual, dengan, analisa, yang, mengedepankan, nilai-nilai, kemanusiaan",,bernas
162,162,,,,,5.0,"Aplikasi sangat bagus, lengkap. CS sangat cepat dalam merespon. Terima kasih",1.0,False,id,False,"aplikasi, sangat, bagus, lengkap, sangat, cepat, dalam, merespon, terima, kasih",,cs
163,163,,,,1.0,4.0,Kompas sebuah nama media cetak & elektronik yang tidak asing lagi pemberitaannya tajam terpercaya dan berimbang.,,False,id,False,"sebuah, nama, cetak, elektronik, yang, tidak, asing, lagi, tajam, terpercaya, dan, berimbang",,"kompas, media, pemberitaannya"
164,164,,,,1.0,4.0,Akses berita aktual dan terpercaya dari Kompas,,False,id,False,"akses, berita, aktual, dan, terpercaya, dari",,kompas
165,165,1.0,,,1.0,5.0,"Lebih update dengan isu-isu aktual. Keren sih. Tampilannya juga enak, easy reading lah",,False,id,True,"lebih, dengan, isu-isu, aktual, keren, sih, tampilannya, juga, enak, lah","easy, reading",update
166,166,,,,,5.0,Sangat bagus dan sangat bermanfaat.,,False,id,False,"sangat, bagus, dan, sangat, bermanfaat",,
167,167,,,,1.0,5.0,informasi yg mantab terpercaya mendidik masa depan kita,,False,id,False,"informasi, mantab, terpercaya, mendidik, masa, depan, kita",,yg
168,168,,,,1.0,5.0,cerdas menyikapi peristiwa dengan sumber referensi terpercaya,,False,id,False,"cerdas, menyikapi, peristiwa, dengan, sumber, referensi, terpercaya",,
169,169,,,,,5.0,Kompas.id : Baca Berita Lengkap Aplikasi Terbaik 💯,,False,id,False,"baca, berita, lengkap, aplikasi, terbaik",,"kompas, id"
170,170,1.0,,,1.0,5.0,"ok baru nyoba... isi berita nya bagus, berkualitas. aplikasi nya nyaman digunakan, user friendly.",,False,id,True,"baru, nyoba, isi, berita, nya, bagus, berkualitas, aplikasi, nya, nyaman, digunakan","user, friendly",ok
171,171,,,,,5.0,"Mudah2 an Kompas bisa tetap berusaha berpikir kritis demi kebaikan, keadilan & kemakmuran bersama/masyarakat Indonesia.",,False,id,False,"mudah, bisa, tetap, berusaha, berpikir, kritis, demi, kebaikan, keadilan, kemakmuran, bersama, masyarakat, indonesia",,"an, kompas"
172,172,,,,,5.0,Membaca berita jadi lebih mudah,,False,id,False,"membaca, berita, jadi, lebih, mudah",,
173,173,,,,1.0,5.0,"kompas independen dan terpercaya ,",,False,id,False,"independen, dan, terpercaya",,kompas
174,174,,,,1.0,5.0,"Waktu yang menyenangkan, bacaan yang bagus, surat kabar terbaik.",,False,en,False,,"good, time, good, read, best, newspaper",
175,175,,,,1.0,5.0,Kompas.id menyajikan berita yg up to date dan terpercaya.,,False,id,True,"menyajikan, berita, dan, terpercaya",date,"kompas, id, yg, up, to"
176,176,,,,,4.0,"perlu perbaikan perihal menampilkan gambar pada artikel. jika di zoom, seringkali malah pindah ke gambar berikutnya.",-1.0,False,id,False,"perlu, perbaikan, perihal, menampilkan, gambar, pada, artikel, jika, seringkali, malah, pindah, gambar, berikutnya",,"di, zoom, ke"
177,177,,,,,1.0,"Kebanyakan bug, artikel suka balik sendiri ke awal menu. CS nya sama sekali tdk kooperatif. Sdh kayak paling bener aja.",-1.0,False,id,False,"kebanyakan, artikel, suka, balik, sendiri, awal, nya, sama, sekali, tdk, kooperatif, sdh, kayak, paling, bener, aja",,"bug, ke, menu, cs"
178,178,,,,,5.0,Kok aku nggak bisa mendownload koran kompas ?,-1.0,False,id,False,"kok, aku, nggak, bisa, mendownload, koran",,kompas
179,179,,1.0,,,5.0,"Keren, bahkan ada audionya kalau kita pengen denger berita saat gak pegang smartphone.",,False,id,False,"keren, bahkan, ada, kalau, kita, pengen, denger, berita, saat, gak, pegang, smartphone",,audionya
180,180,,,,1.0,5.0,Selalu menikmati membaca berita di kompas.id karena berita yang disajikan update dan akurat,,False,id,False,"selalu, menikmati, membaca, berita, karena, berita, yang, disajikan, dan, akurat",,"di, kompas, id, update"
181,181,,,,,5.0,Aplikasi ini juga sangat bagus sekali untuk digunakan sebagai pengganti koran,,False,id,False,"aplikasi, ini, juga, sangat, bagus, sekali, untuk, digunakan, sebagai, pengganti, koran",,
182,182,,,,,4.0,sy kasi bintang 4 tar kalo bgs tak tambai mks,,False,id,True,"kasi, bintang, kalo, tak",bgs,"sy, tar, tambai, mks"
183,183,,,-1.0,,1.0,segala pakai berbayar buat baca berita aja.di buat gratis aja baca berita nya. biar masyarakat Indonesia semua gemar membaca.,,False,id,False,"segala, pakai, berbayar, buat, baca, berita, aja, buat, gratis, aja, baca, berita, nya, biar, masyarakat, indonesia, semua, gemar, membaca",,di
184,184,,,,-1.0,1.0,Infonya gk akuat. Malu2 in aja,,False,id,False,"infonya, malu, aja",,"gk, akuat, in"
185,185,,,,,4.0,"baru gabung, sementara bintang 4 dl",,False,id,False,"baru, gabung, sementara, bintang",,dl
186,186,,,,,5.0,Dengan cara Ini saya rasa lebihmenarik dan cepat,,False,id,False,"dengan, cara, ini, saya, rasa, dan, cepat",,lebihmenarik
187,187,,,,1.0,5.0,berita yang cepat dan bisa di percaya,,False,id,False,"berita, yang, cepat, dan, bisa, percaya",,di
188,188,,,,-1.0,1.0,Belum bisa dikatakan netral dalam hal pemberitaan. masih keberpihakan sebelah. itu intinya.,,False,id,False,"belum, bisa, dikatakan, netral, dalam, hal, pemberitaan, masih, keberpihakan, sebelah, itu, intinya",,
189,189,,,-1.0,1.0,5.0,"sangat membantu untuk mengupdate berita terkini, sayang nya harus berlangganan",,False,id,False,"sangat, membantu, untuk, berita, terkini, sayang, nya, harus, berlangganan",,mengupdate
190,190,,,,1.0,3.0,Ulasannya bagus manambah pengalaman bagi kita,,False,id,False,"ulasannya, bagus, pengalaman, bagi, kita",,manambah
191,191,1.0,1.0,,,5.0,interface halamannya enak dibaca dan suka dengan fitur text to speech,,False,id,True,"halamannya, enak, dibaca, dan, suka, dengan, fitur","interface, text, speech",to
192,192,,,,,5.0,semua informasi ada dalam genggaman,,False,id,False,"semua, informasi, ada, dalam, genggaman",,
193,193,,0.0,,,5.0,Permis mau bertny apakah bisa print ya koran e paapernya,,False,id,True,"mau, apakah, bisa, koran",print,"permis, bertny, ya, e, paapernya"
194,194,,,,1.0,5.0,best for search a news update,,False,en,False,,"best, for, search, news","a, update"
195,195,,,0.0,,2.0,"Kalau boleh saran,seharusnya kalau kami mau membaca buku/artikel tidak usah berbayar,supaya orang yang ingin berliterasi tidak harus ada hambatan",,False,id,False,"kalau, boleh, saran, seharusnya, kalau, kami, mau, membaca, buku, artikel, tidak, usah, berbayar, supaya, orang, yang, ingin, tidak, harus, ada, hambatan",,berliterasi
196,196,,,,1.0,5.0,"Up date kok,meski 5 W dan I H layak terus di jadikan ajangNya",,False,id,True,"kok, meski, dan, layak, terus, jadikan",date,"up, w, i, h, di, ajangnya"
197,197,,,,1.0,5.0,Jelas dan bagus untuk berita,,False,id,False,"jelas, dan, bagus, untuk, berita",,
198,198,,,,,1.0,"Lumayan bagus, maaf baru buka",,False,id,False,"lumayan, bagus, maaf, baru, buka",,
199,199,,,-1.0,,5.0,Berhubung saya harus bayar setengah juta saya hapus,,False,id,False,"berhubung, saya, harus, bayar, setengah, juta, saya, hapus",,
200,200,,,,,5.0,"Asal jangan memprsilit aja tak masalah,",,False,id,False,"asal, jangan, aja, tak, masalah",,memprsilit
201,201,,,,,5.0,Sangat membatu sekali semoga makin bagus lagi kedepan nya,,False,id,False,"sangat, membatu, sekali, semoga, makin, bagus, lagi, kedepan, nya",,
202,202,,,,,5.0,aplikasinya bagus untuk membaca berita,,False,id,False,"aplikasinya, bagus, untuk, membaca, berita",,
203,203,,,,,5.0,Mantap bisa membantu untuk melihat kejadian dunia.,,False,id,False,"mantap, bisa, membantu, untuk, melihat, kejadian, dunia",,
204,204,-1.0,,,,5.0,"di bagian fotografi kenapa gak dipisahkan foto cerita, galeri foto dan klinik foto..? seperti di web, lebih enak..",,False,id,False,"bagian, fotografi, kenapa, gak, dipisahkan, foto, cerita, galeri, foto, dan, klinik, foto, seperti, lebih, enak",,"di, di, web"
205,205,,,,1.0,5.0,Makin keren dengan berita tepercaya dan bisa diandalkan,,False,id,False,"makin, keren, dengan, berita, tepercaya, dan, bisa, diandalkan",,
206,206,,1.0,,,5.0,"ada format koran cetak, sangat menarik",,False,id,False,"ada, koran, cetak, sangat, menarik",,format
207,207,,,,,2.0,Kenapa tidak bisa berlanggann yah...? Mungkin bisa kasih solusi.. ?,,False,id,False,"kenapa, tidak, bisa, yah, mungkin, bisa, kasih, solusi",,berlanggann
208,208,,,,,5.0,"DL cepat, simpel buat bacaan harian dimana saja bisa dilakukan",1.0,False,id,False,"cepat, simpel, buat, bacaan, harian, dimana, saja, bisa, dilakukan",,dl
209,209,,,,1.0,5.0,berita-beritanya sangat update dan faktual disertai data-data yg sangat akurat....ulasannya menarik dan mendalam...,,False,id,False,"berita-beritanya, sangat, dan, faktual, disertai, sangat, akurat, ulasannya, menarik, dan, mendalam",,"update, data-data, yg"
210,210,,,,1.0,5.0,Kompas sangat bagus beri infor Masi,,False,id,False,"sangat, bagus, beri, masi",,"kompas, infor"
211,211,,,,,2.0,Aku beri nilai dua bintang dulu nanti kalau hasilnya baik aku kasih tambah nilai lagi,,False,id,False,"aku, beri, nilai, dua, bintang, dulu, nanti, kalau, hasilnya, baik, aku, kasih, tambah, nilai, lagi",,
212,212,,,,1.0,5.0,"Jurnalisme bermutu dan kritis, mantap, maju terus KOMPAS.",,False,id,False,"jurnalisme, bermutu, dan, kritis, mantap, maju, terus",,kompas
213,213,,,,1.0,5.0,Menyajikan berita secara faktual dan aktual.,,False,id,False,"menyajikan, berita, secara, faktual, dan, aktual",,
214,214,,,,1.0,4.0,aplikasinya sangat bagus dan efisien dalam memberikan informasi dari dalam dan luar negeri,,False,id,False,"aplikasinya, sangat, bagus, dan, efisien, dalam, memberikan, informasi, dari, dalam, dan, luar, negeri",,
215,215,,,,1.0,5.0,"Tercepat, akurat, dan terdepan 👉",,False,id,False,"tercepat, akurat, dan, terdepan",,
216,216,,,-1.0,,1.0,"Terlalu mahal, perbulan 50k, mending beli quota cuma 20k",,False,id,True,"terlalu, mahal, perbulan, mending, beli, cuma",quota,"k, k"
217,217,,,,1.0,3.0,memuat berita berta yang akurat,,False,id,True,"memuat, berita, yang, akurat",berta,
218,218,,,,1.0,5.0,Media yg baik dan objektif,,False,id,False,"baik, dan, objektif",,"media, yg"
219,219,,,,1.0,5.0,kompas sangat memperbarui pengetahuan 👍,,False,id,False,"sangat, memperbarui, pengetahuan",,kompas
220,220,,,,1.0,5.0,"Kompas menyajikan berita aktual, tajam terpercaya, Bravo Kompas🙏",,False,id,False,"menyajikan, berita, aktual, tajam, terpercaya",,"kompas, bravo, kompas"
221,221,,,,1.0,5.0,berita terupdate sehingga menjadi sumber informasi yang akurat dalam mendapatkan informasi dan berita terbaru.,,False,id,False,"berita, terupdate, sehingga, menjadi, sumber, informasi, yang, akurat, dalam, mendapatkan, informasi, dan, berita, terbaru",,
222,222,,,,,2.0,Saya bisa tau semua berita,,False,id,False,"saya, bisa, tau, semua, berita",,
223,223,,,,1.0,5.0,Terimakasih untuk informasi yang selalu valid kompas..,,False,id,False,"terimakasih, untuk, informasi, yang, selalu",,"valid, kompas"
224,224,,,,1.0,5.0,kompas termasuk media yang memberikan informasi terpercaya,,False,id,False,"termasuk, yang, memberikan, informasi, terpercaya",,"kompas, media"
225,225,1.0,,,,5.0,"Baru mulai berlangganan, tampilan aplikasi lumayan bagus",,False,id,False,"baru, mulai, berlangganan, tampilan, aplikasi, lumayan, bagus",,
226,226,1.0,,,,5.0,fitur2nya sangat mudah dipahami bagi awam.,,False,id,False,"fitur, nya, sangat, mudah, dipahami, bagi, awam",,
227,227,,,,-1.0,2.0,Berita nya kok gk lengkap,,False,id,False,"berita, nya, kok, lengkap",,gk
228,228,,,,1.0,5.0,berita yang sangat akurat dan independen,,False,id,False,"berita, yang, sangat, akurat, dan, independen",,
229,229,,,,,5.0,sangat membantu .tetap evaluasi agar lbh baik lg,,False,id,False,"sangat, membantu, tetap, evaluasi, agar, lbh, baik",,lg
230,230,,,0.0,1.0,5.0,"Untuk news sudah bagus sekali, di harapkan supaya aplikasi ini bisa di baca gratis.",,False,id,True,"untuk, sudah, bagus, sekali, harapkan, supaya, aplikasi, ini, bisa, baca, gratis",news,"di, di"
231,231,,,,1.0,5.0,liputan nasional nya update dan bagus .,,False,id,False,"liputan, nasional, nya, dan, bagus",,update
232,232,,,,,5.0,Wow keren banget. Bisa mendapatkan banyak informasi dari aplikasi ini,,False,id,False,"keren, banget, bisa, mendapatkan, banyak, informasi, dari, aplikasi, ini",,wow
233,233,,,-1.0,,1.0,"Uninstall, mau baca aja disuruh langganan. Masih ada situs berita online yang gratis.",,False,id,False,"mau, baca, aja, disuruh, langganan, masih, ada, situs, berita, yang, gratis",,"uninstall, online"
234,234,,,,,3.0,Kompas Id mantap. Semoga lebih ditingkatkan lagi untuk fiturnya.,,False,id,False,"mantap, semoga, lebih, ditingkatkan, lagi, untuk, fiturnya",,"kompas, id"
235,235,1.0,0.0,,,4.0,"Tampilan sangat enak dibaca, hanya saja mesin pencarian berita bisa lebih baik. Tidak ada filter untuk mengetahui berita paling populer/terbaru.",,False,id,False,"tampilan, sangat, enak, dibaca, hanya, saja, mesin, pencarian, berita, bisa, lebih, baik, tidak, ada, untuk, mengetahui, berita, paling, populer, terbaru",,filter
236,236,,,,,5.0,Melihat membaca dan mendengarkan acara di Kompas dengan baik.,,False,id,False,"melihat, membaca, dan, mendengarkan, acara, dengan, baik",,"di, kompas"
237,237,,,1.0,,5.0,Bisa baca berita tanpa diganggu iklan,,False,id,False,"bisa, baca, berita, tanpa, diganggu, iklan",,
238,238,,,,1.0,5.0,sangat bermanfaat... semoga berita update terus setiap saat..,,False,id,False,"sangat, bermanfaat, semoga, berita, terus, setiap, saat",,update
239,239,,,,1.0,5.0,"Kompas adalah media informasi terbaik menurut saya, saya membacanya sejak dari koran, sekarang online media, informasi terbaik mantap terpercaya.",,False,id,False,"adalah, informasi, terbaik, menurut, saya, saya, membacanya, sejak, dari, koran, sekarang, informasi, terbaik, mantap, terpercaya",,"kompas, media, online, media"
240,240,,,,,5.0,*KOMPAS* sekarang bisa ketemui lewat kang _ANDROID_ digunung gunung terima kasih KOMPAS,,False,id,False,"sekarang, bisa, lewat, kang, android, gunung, terima, kasih",,"kompas, ketemui, digunung, kompas"
241,241,,,,1.0,5.0,Beritanya lengkap dan up to date,,False,id,True,"beritanya, lengkap, dan",date,"up, to"
242,242,,,,1.0,5.0,Terpercaya dan terdepan dalam penyampaian berita.,,False,id,False,"terpercaya, dan, terdepan, dalam, penyampaian, berita",,
243,243,,,,1.0,5.0,Beritanya sangat akurat lugas & dg bahasanya sangat di pahami semua kalangan👍🏽,,False,id,False,"beritanya, sangat, akurat, lugas, bahasanya, sangat, pahami, semua, kalangan",,"dg, di"
244,244,,,,1.0,4.0,keren mudah dimengerti bahasa beritanya,,False,id,False,"keren, mudah, dimengerti, bahasa, beritanya",,
245,245,,,,1.0,3.0,Memnberikan informasi cepat dan akurat,,False,id,False,"informasi, cepat, dan, akurat",,memnberikan
246,246,,,-1.0,,1.0,Mau berlangganan tapi mekanisme pembayarannya kurang lancar,,False,id,False,"mau, berlangganan, tapi, mekanisme, pembayarannya, kurang, lancar",,
247,247,,,,1.0,5.0,bagus . beritanya aktual . semoga makin sukses . 👍,,False,id,False,"bagus, beritanya, aktual, semoga, makin, sukses",,
248,248,,,,,5.0,"Aplikasi nya bagus, tidak ada masalah dan sangat lancar saat digunakan.",1.0,False,id,False,"aplikasi, nya, bagus, tidak, ada, masalah, dan, sangat, lancar, saat, digunakan",,
249,249,,,1.0,1.0,5.0,"Keren bgt Kompas, sering2 promo langganan. Suka dgn berita2 ulasan yg lengkap dan detail",,False,id,False,"keren, bgt, sering, promo, langganan, suka, dgn, berita, ulasan, lengkap, dan",,"kompas, yg, detail"
250,250,,,,1.0,5.0,menarik dan memperkaya wawasan semoga tetap independent kompas,,False,id,True,"menarik, dan, memperkaya, wawasan, semoga, tetap",independent,kompas
251,251,,,-1.0,,1.0,"Kenapa bayar utk membaca, ngak mampu ya",,False,id,False,"kenapa, bayar, utk, membaca, ngak, mampu",,ya
252,252,,,,,5.0,Ampliksai ini pasang saja saya beri reting bintang lima Amplikasi,,False,id,False,"ini, pasang, saja, saya, beri, bintang, lima",,"ampliksai, reting, amplikasi"
253,253,,,,1.0,5.0,berita yg sangat uptudate dan independen,,False,id,False,"berita, sangat, dan, independen",,"yg, uptudate"
254,254,,,,,5.0,"Untuk Developer Harian Kompas. Kompas.id : Baca Berita Lengkap Sangat Bermanfaat, Terus Tingkatkan Fitur Dan Kualitas Di Dalam Aplikasi.",,False,id,True,"untuk, harian, baca, berita, lengkap, sangat, bermanfaat, terus, tingkatkan, fitur, dan, kualitas, dalam, aplikasi",developer,"kompas, kompas, id, di"
255,255,,,,,1.0,saya sudah bayar berlangganan tetapi tidak bisa akses,-1.0,False,id,False,"saya, sudah, bayar, berlangganan, tetapi, tidak, bisa, akses",,
256,256,,-1.0,,,1.0,Masak pencarian berita nggak urut dari yang terbaru,,False,id,False,"masak, pencarian, berita, nggak, urut, dari, yang, terbaru",,
257,257,,,,,5.0,Alhamdu Lillah Semoga Mengerti Aamiiin,,False,id,False,"semoga, mengerti",,"alhamdu, lillah, aamiiin"
258,258,,,,,2.0,"Ga usah pake pake email dan kata sandi boss...saya baru, kalo pake ginian lebih baik keluar maaaff",-1.0,False,id,False,"ga, usah, pake, pake, dan, kata, sandi, saya, baru, kalo, pake, lebih, baik, keluar",,"email, boss, ginian, maaaff"
259,259,,,,1.0,5.0,"GOOD Apps, ada e paper yg 100 % sama dgn koran fisik, dan info² ter update",,False,id,True,"ada, sama, dgn, koran, fisik, dan, ter","good, paper","apps, e, yg, info, update"
260,260,,,-1.0,,1.0,"mau baca cerpen karya sastra aja harus berlangganan, makin terbatas ya sekarang",,False,id,False,"mau, baca, cerpen, karya, sastra, aja, harus, berlangganan, makin, terbatas, sekarang",,ya
261,261,,,,1.0,5.0,"Saya adalah pelanggan setia Kompas.id, bagus beritanya",,False,id,False,"saya, adalah, pelanggan, setia, bagus, beritanya",,"kompas, id"
262,262,,,-1.0,,4.0,Harus mbayar user gratisan jangan download,,False,id,True,"harus, gratisan, jangan",user,"mbayar, download"
263,263,,,,1.0,4.0,Aplikasi ini sangat penting dalam proses mengikuti perkembangan informasi nasional,,False,id,False,"aplikasi, ini, sangat, penting, dalam, proses, mengikuti, perkembangan, informasi, nasional",,
264,264,,,,1.0,5.0,"Kerenn,,bisa dpt berita setiap hari lewat kompas gak perlu beli koran",,False,id,False,"bisa, dpt, berita, setiap, hari, lewat, gak, perlu, beli, koran",,"kerenn, kompas"
265,265,1.0,,,1.0,5.0,ulasan kompas sangat enak dibaca dan dicerna. tampilan digital menarik dan e-paper nya selayaknya baca koran kompas spt dulu.,,False,id,True,"ulasan, sangat, enak, dibaca, dan, dicerna, tampilan, menarik, dan, nya, selayaknya, baca, koran, spt, dulu",e-paper,"kompas, digital, kompas"
266,266,,,0.0,,1.0,Kasih free trial kek 3 hari minimal biar ngerasain suka atau enggaknya dengan app-nya,,False,id,True,"kasih, kek, hari, minimal, biar, ngerasain, suka, atau, dengan, app-nya","free, trial",enggaknya
267,267,,,,1.0,5.0,"Berita Update, penulisan & penyampaian terukur serta terarah..recommended u/ berlangganan berita era digital saat ini",,False,id,True,"berita, penulisan, penyampaian, terukur, serta, terarah, berlangganan, berita, saat, ini",recommended,"update, u, era, digital"
268,268,,,,1.0,5.0,Ini bagus banget. Bagus untuk kita menambah wawasan pengetahuan kita,,False,id,False,"ini, bagus, banget, bagus, untuk, kita, menambah, wawasan, pengetahuan, kita",,
269,269,,,,1.0,5.0,banyak ilmu yang bermanfaat. terima kasih Kompas,,False,id,False,"banyak, ilmu, yang, bermanfaat, terima, kasih",,kompas
270,270,,,,,5.0,"Bacaan dari usia SMA, blm tergantikan",,False,id,False,"bacaan, dari, usia, sma, tergantikan",,blm
271,271,,,,,5.0,Kompas selalu menjadi pilihan utama,,False,id,False,"selalu, menjadi, pilihan, utama",,kompas
272,272,,,,,5.0,Terimakasih untuk segala pengalaman yang telah jauh membawa saya dalam pengajaran,,False,id,False,"terimakasih, untuk, segala, pengalaman, yang, telah, jauh, membawa, saya, dalam, pengajaran",,
273,273,,,,,5.0,Satu kata utk Kompas.id: keren,,False,id,False,"satu, kata, utk, keren",,"kompas, id"
274,274,,,,1.0,5.0,"Apapun medianya, Kompas masih bisa disebut salah satu barometer jurnalik Indonesia, selamat.",,False,id,False,"apapun, masih, bisa, disebut, salah, satu, indonesia, selamat",,"medianya, kompas, barometer, jurnalik"
275,275,,,,,1.0,Tidak bisa bantu ya buka,,False,id,False,"tidak, bisa, bantu, buka",,ya
276,276,,,,1.0,5.0,berita dan featurenya bagus dan mendalam. sering muncul berita investigasi yg mendalam dan berbeda dari lainnya. benar2 jurnalisme berkualitas.,,False,id,False,"berita, dan, bagus, dan, mendalam, sering, muncul, berita, investigasi, mendalam, dan, berbeda, dari, lainnya, benar, jurnalisme, berkualitas",,"featurenya, yg"
277,277,,,,1.0,5.0,"Memperoleh informasi terbaru, dapat dipercaya dan semua aspek kehidupan dengan mudah.",,False,id,False,"memperoleh, informasi, terbaru, dapat, dipercaya, dan, semua, aspek, kehidupan, dengan, mudah",,
278,278,,,,1.0,4.0,Beritanya selaku aktual sesuai facta,,False,id,False,"beritanya, selaku, aktual, sesuai",,facta
279,279,,,,,5.0,Ingin gabung sebagai pembawa perubahan untuk berita-berita bermanfaat.,,False,id,False,"ingin, gabung, sebagai, pembawa, perubahan, untuk, berita-berita, bermanfaat",,
280,280,,,,,5.0,tetap menjunjung tinggi kerahasiaan data pribadi,,False,id,False,"tetap, menjunjung, tinggi, kerahasiaan, pribadi",,data
281,281,,,,,5.0,Keluhan langsung ditindak lanjuti.. mantap 👍,1.0,False,id,False,"keluhan, langsung, ditindak, lanjuti, mantap",,
282,282,,,,1.0,5.0,"saatnya baca berita yg akurat, terpercaya,..",,False,id,False,"saatnya, baca, berita, akurat, terpercaya",,yg
283,283,,,,1.0,4.0,"ok bagus berita nya,,, lanjutkan saja,,,siiip..josss",,False,id,False,"bagus, berita, nya, lanjutkan, saja",,"ok, siiip, josss"
284,284,,,,,3.0,Kito cobo mace kak berita sape tau ade paeda ee,,False,id,False,"kito, kak, berita, sape, tau, ade",,"cobo, mace, paeda, ee"
285,285,,,,1.0,5.0,"Mendalam, berimbang, dan mendudukan persoalan untuk mendapatkan solusi tanpa menghakimi pihak2 yg menciptakan persoalan.",,False,id,False,"mendalam, berimbang, dan, persoalan, untuk, mendapatkan, solusi, tanpa, menghakimi, pihak, menciptakan, persoalan",,"mendudukan, yg"
286,286,,,,1.0,5.0,Wawasan makin bertambah klo baca Kompas,,False,id,False,"wawasan, makin, bertambah, klo, baca",,kompas
287,287,,,,1.0,5.0,Ter..update dan bisa dipercaya dr zaman koran ya nice,,False,id,True,"ter, dan, bisa, dipercaya, zaman, koran",nice,"update, dr, ya"
288,288,,,,,5.0,Google the best mohon bantuan agar lancar,,False,en,True,"mohon, bantuan, agar, lancar","the, best",google
289,289,,,,1.0,5.0,Memang kt.perlu angkat jempol buat Kompas berita yg akurat dan terukur..selamat buat Koompas ya?,,False,id,False,"memang, perlu, angkat, jempol, buat, berita, akurat, dan, terukur, selamat, buat",,"kt, kompas, yg, koompas, ya"
290,290,,,,1.0,4.0,"Beritanya tersajih lebih lengkap,saran kalau bisa sertakan video pendeknya",,False,id,False,"beritanya, lebih, lengkap, saran, kalau, bisa, sertakan, pendeknya",,"tersajih, video"
291,291,,,,,4.0,udah bagus... perlu lebih di sempurnakan.,,False,id,False,"udah, bagus, perlu, lebih, sempurnakan",,di
292,292,,,,,5.0,Saya kasi bintang 5 👍,,False,tl,False,"saya, kasi, bintang",,
293,293,,,,,5.0,apk nya bagus banget sampe mau kayang,,False,tl,False,"apk, nya, bagus, banget, sampe, mau",,kayang
294,294,,,,1.0,5.0,"Puas, dg isi berita terpercaya",,False,id,False,"puas, isi, berita, terpercaya",,dg
295,295,,,-1.0,,1.0,Berbayar mending baca di tempat lain,,False,id,False,"berbayar, mending, baca, tempat, lain",,di
296,296,,,,1.0,5.0,"Mendapatkan informasi yg lengkap setiap pagi dari politik, ekonomi, olah raga dan apa yg menjadi issue yg terbaru.",,False,id,True,"mendapatkan, informasi, lengkap, setiap, pagi, dari, politik, ekonomi, olah, raga, dan, apa, menjadi, terbaru",issue,"yg, yg, yg"
297,297,,,,1.0,5.0,"Berita nya akurat, enak dibaca",,False,id,False,"berita, nya, akurat, enak, dibaca",,
298,298,,,,,5.0,iaaa bagus agar tau berita lewat kompas,,False,id,False,"bagus, agar, tau, berita, lewat",,"iaaa, kompas"
299,299,,,,0.0,5.0,ditambah lagi dong ulasan berita daerah Jawa Tengah.,,False,id,False,"ditambah, lagi, dong, ulasan, berita, daerah, jawa, tengah",,
300,300,,,,,4.0,coba dulu. Bagus no uninstal dan tamba bintang.,,False,id,False,"coba, dulu, bagus, dan, bintang",,"no, uninstal, tamba"
301,301,,,-1.0,,1.0,"baca berita aja bayar harus langganan, gimana mau pintar masyarakatnya",,False,id,False,"baca, berita, aja, bayar, harus, langganan, gimana, mau, pintar, masyarakatnya",,
302,302,,,,,5.0,"karena sy seneng baca berita,jd ya mantap bngt ini apl,ga bakal kètinggalan informasi👍",,False,id,True,"karena, seneng, baca, berita, mantap, ini, ga, bakal, informasi",apl,"sy, jd, ya, bngt, kètinggalan"
303,303,,,-1.0,,1.0,"Mau baca berita aja berbayar??? Lebih baik cari cara lain,di internet sekarang banyak cara dan gak bayar.",,False,id,False,"mau, baca, berita, aja, berbayar, lebih, baik, cari, cara, lain, sekarang, banyak, cara, dan, gak, bayar",,"di, internet"
304,304,,,,,5.0,Sangat membantu aktivitas kami. thanks,,False,id,True,"sangat, membantu, aktivitas, kami",thanks,
305,305,,,,,5.0,Tetaplah menjadi media yang netral (tidak memihak) dan profesional.,,False,id,False,"tetaplah, menjadi, yang, netral, tidak, memihak, dan, profesional",,media
306,306,,,,,5.0,Kompas.id.baca Berita lengkap.:Amplikasi yang seperti ini saya pasang Amplikasi ini saya beri reting bintang lima,,False,id,False,"baca, berita, lengkap, yang, seperti, ini, saya, pasang, ini, saya, beri, bintang, lima",,"kompas, id, amplikasi, amplikasi, reting"
307,307,,-1.0,,,2.0,Percuma ada aplikasi kalo mau baca masih dilempar ke browser webview,,False,id,False,"percuma, ada, aplikasi, kalo, mau, baca, masih, dilempar",,"ke, browser, webview"
308,308,,,,1.0,5.0,"berita update. ulasan berimbang, dapat dipercaya, dan memperkaya wawasan. bukan sekadar clickbait. bahasanya pun bagus.",,False,id,True,"berita, ulasan, berimbang, dapat, dipercaya, dan, memperkaya, wawasan, bukan, sekadar, bahasanya, pun, bagus",clickbait,update
309,309,,,-1.0,,1.0,"Saya unisntal aplikas kompas... banyak aplikasi lain yg gk mintak berlangganan baca artikelnya ...seperti detik, republika dll.",,False,id,False,"saya, banyak, aplikasi, lain, berlangganan, baca, artikelnya, seperti, detik, republika, dll",,"unisntal, aplikas, kompas, yg, gk, mintak"
310,310,,,,1.0,5.0,beritanya sangat aktual dan terpercaya,,False,id,False,"beritanya, sangat, aktual, dan, terpercaya",,
311,311,,,,-1.0,4.0,"Baik juga, cuman beritanya kurang akurat..",,False,id,False,"baik, juga, cuman, beritanya, kurang, akurat",,
312,312,,,,,5.0,"Pimpinan kompas, almarhum bp yacob utama sgt tinggi perhatian kpd karyawannya, sy kagum kepadanys",,False,id,False,"pimpinan, almarhum, utama, tinggi, perhatian, kpd, karyawannya, kagum",,"kompas, bp, yacob, sgt, sy, kepadanys"
313,313,,,,-1.0,1.0,Jadi ini ya media nasional sialan itu yg suka blackcampaign pak anies,,False,id,False,"jadi, ini, nasional, sialan, itu, suka, pak, anies",,"ya, media, yg, blackcampaign"
314,314,,,,1.0,5.0,Bagus banget rekemond buat baca koran and apknya gratis topo deh buat kompas.id👍,,False,id,True,"bagus, banget, buat, baca, koran, gratis, deh, buat",and,"rekemond, apknya, topo, kompas, id"
315,315,,,,-1.0,1.0,KOMPAS Punya dendam apaan ama pak Anis,,False,id,False,"punya, dendam, apaan, ama, pak, anis",,kompas
316,316,,,,-1.0,1.0,Parah sih kompas. Gak nyambung antara foto sama beritanya. Bawa ke Dewan Pers aja pak.,,False,id,False,"parah, sih, gak, nyambung, antara, foto, sama, beritanya, bawa, dewan, pers, aja, pak",,"kompas, ke"
317,317,,,,,1.0,Pengen kasih bintang 1 aja boleh kan,,False,id,False,"pengen, kasih, bintang, aja, boleh, kan",,
318,318,,,,1.0,5.0,Merawat jurnalisme dengan pemberitaan yang berkualitas.,,False,id,False,"merawat, jurnalisme, dengan, pemberitaan, yang, berkualitas",,
319,319,,,,1.0,5.0,"Yaaxchaa kalau cari berita yang terhangat dan terpercaya disini ni , Aplikasi ini tempatnya,",,False,id,False,"kalau, cari, berita, yang, terhangat, dan, terpercaya, disini, aplikasi, ini, tempatnya",,"yaaxchaa, ni"
320,320,,,,1.0,5.0,keren aplikasinya. baca berita nya lengkap,,False,id,False,"keren, aplikasinya, baca, berita, nya, lengkap",,
321,321,,,,1.0,5.0,"Mantap Kompas, selalu berinovasi. Konten berkualitas terus semakin mudah diakses!",,False,id,False,"mantap, selalu, berinovasi, konten, berkualitas, terus, semakin, mudah, diakses",,kompas
322,322,,,,,5.0,"Aplikasi bagus, meskipun kadang kadang saat memperpanjang langganan, kadang kadang ada masalah, sehingga harus menghubungi Costumer Service",,False,id,True,"aplikasi, bagus, meskipun, kadang, kadang, saat, memperpanjang, langganan, kadang, kadang, ada, masalah, sehingga, harus, menghubungi",service,costumer
323,323,,,,1.0,5.0,Masya allah aplikasinya bagus untuk pembaca berita dan terjamin kualitasnya insya allah,,False,id,False,"masya, allah, aplikasinya, bagus, untuk, pembaca, berita, dan, terjamin, kualitasnya, insya, allah",,
324,324,,,,1.0,5.0,Lebih lengkap dan lebih informatif,,False,id,False,"lebih, lengkap, dan, lebih, informatif",,
325,325,,,,,3.0,Saya suka dengan Harian Kompas,,False,id,False,"saya, suka, dengan, harian",,kompas
326,326,,,,1.0,5.0,Semakin update dg berita terkini.,,False,id,False,"semakin, berita, terkini",,"update, dg"
327,327,,,,1.0,5.0,"Memang beda, konsisten menyajikan fakta dan data. Thanks",,False,id,True,"memang, beda, konsisten, menyajikan, fakta, dan",thanks,data
328,328,,,,1.0,5.0,Kompas berita independen teraktual dan profesional,,False,id,False,"berita, independen, dan, profesional",,"kompas, teraktual"
329,329,,,,,5.0,Kompas. Id untuk tahu berita yang menarik. Selengkapnya saya baca Koran Kompas yang mana kami sudah berlangganan sejak 1973. Terimakasih.,,False,id,False,"untuk, tahu, berita, yang, menarik, selengkapnya, saya, baca, koran, yang, mana, kami, sudah, berlangganan, sejak, terimakasih",,"kompas, id, kompas"
330,330,,,,1.0,5.0,inisangat membantu sy trutama mendptkan berita ygup tothat.sysangat butuhdhn beritaataunews ygterbaru jelasnarasumbernya dandpt dipercaya.,,False,id,False,"membantu, berita, dipercaya",,"inisangat, sy, trutama, mendptkan, ygup, tothat, sysangat, butuhdhn, beritaataunews, ygterbaru, jelasnarasumbernya, dandpt"
331,331,,,,,4.0,"Sudah pilih opsi berlangganan, sudah konfirmasi berlangganan, tapi di aplikasi masih belum berlangganan.",-1.0,False,id,False,"sudah, pilih, opsi, berlangganan, sudah, konfirmasi, berlangganan, tapi, aplikasi, masih, belum, berlangganan",,di
332,332,,,,,5.0,"Syam sul bahrieon,,alham Dulilah terimakasih",,False,id,False,"syam, sul, terimakasih",,"bahrieon, alham, dulilah"
333,333,,,,0.0,4.0,Cukup baik berita nya namun tingkatkan lagi yg lebih update 😊,,False,id,False,"cukup, baik, berita, nya, namun, tingkatkan, lagi, lebih",,"yg, update"
334,334,,,,1.0,5.0,Untk mengetahui berita2 terpenting dalam kehidupan sehari-hari dan juga bisa digunakan sebagai alat bantu.,,False,id,False,"untk, mengetahui, berita, terpenting, dalam, kehidupan, sehari-hari, dan, juga, bisa, digunakan, sebagai, alat, bantu",,
335,335,,,,-1.0,1.0,"Berita nya gak update apalagi tentang club sepakbola. Tidak ada update transfer pemain, isu transfer.",,False,id,True,"berita, nya, gak, apalagi, tentang, sepakbola, tidak, ada, pemain, isu",club,"update, update, transfer, transfer"
336,336,,,,1.0,5.0,Aplikasi ini bisa menjadi referensi untuk baca berita dari Indonesia lho!,,False,id,False,"aplikasi, ini, bisa, menjadi, referensi, untuk, baca, berita, dari, indonesia, lho",,
337,337,,,,1.0,5.0,Aplikasi mudah digunakan dan isi berita update terpercaya,,False,id,False,"aplikasi, mudah, digunakan, dan, isi, berita, terpercaya",,update
338,338,,,,,1.0,Sudah berlangganan berbayar. Tapi fitur premium tidak aktif. Tolong diberesin dong. Ada bugs di aplikasi.,-1.0,False,id,True,"sudah, berlangganan, berbayar, tapi, fitur, tidak, aktif, tolong, dong, ada, aplikasi",bugs,"premium, diberesin, di"
339,339,,,,,1.0,Teramat sangat tidak memuaskan sekali,,False,id,False,"teramat, sangat, tidak, memuaskan, sekali",,
340,340,,0.0,-1.0,,1.0,"harus bayar, tidak ada versi trial. kita mau baca berita offline",,False,id,True,"harus, bayar, tidak, ada, versi, kita, mau, baca, berita",trial,offline
341,341,,,,,1.0,Sangat baik dimana kita berada bisa ngikutin berita,,False,id,False,"sangat, baik, dimana, kita, berada, bisa, ngikutin, berita",,
342,342,-1.0,,-1.0,,1.0,Webnya full iklan. Jijik lihatnya. Cari duit ampe begitunya amat. Tolol tim kalian.,,False,id,True,"webnya, iklan, jijik, cari, duit, ampe, amat, tolol, tim, kalian",full,"lihatnya, begitunya"
343,343,,,,,2.0,Daftar akun kompas.id langsung di spam promo investasi dong nomer WA kuh?kok bisa?,,False,id,False,"daftar, akun, langsung, promo, investasi, dong, nomer, kuh, kok, bisa",,"kompas, id, di, spam, wa"
344,344,-1.0,,,,1.0,Ribet bacanya. Krng praktis tata letak dlm setiap rubrik,,False,id,False,"ribet, bacanya, praktis, tata, letak, dlm, setiap, rubrik",,krng
345,345,,,,,5.0,Seperti membaca koran Kompas sesungguhnya....,,False,id,False,"seperti, membaca, koran, sesungguhnya",,kompas
346,346,,,,,5.0,Baca ungkapan kompas.id jadi saya senang untuk melihatnya terima kasih kompas.id,,False,id,False,"baca, ungkapan, jadi, saya, senang, untuk, melihatnya, terima, kasih",,"kompas, id, kompas, id"
347,347,,,,1.0,4.0,"Beritanya akurat, sederhana dan jelas",,False,id,False,"beritanya, akurat, sederhana, dan, jelas",,
348,348,1.0,,,,5.0,"Kompatibel dan mudah digunakan, perlu ditingkatkan terus.",,False,id,False,"kompatibel, dan, mudah, digunakan, perlu, ditingkatkan, terus",,
349,349,,,,1.0,5.0,Paling ditunggu kompas minggu cerpen dan TTS ya yg sangat menghibur..,,False,id,False,"paling, ditunggu, minggu, cerpen, dan, tts, sangat, menghibur",,"kompas, ya, yg"
350,350,,,,,5.0,"Sangat membantu dalam membaca koran Kompas, tanpa harus membeli koran fisik",,False,id,False,"sangat, membantu, dalam, membaca, koran, tanpa, harus, membeli, koran, fisik",,kompas
351,351,,,,,1.0,"Sudah berlangganan berbayar, tapi tetap tidak bisa akses fitur premiumnya. Customer service sulit dihubungi, respon sangat lambat.",-1.0,False,id,True,"sudah, berlangganan, berbayar, tapi, tetap, tidak, bisa, akses, fitur, sulit, dihubungi, respon, sangat, lambat","customer, service",premiumnya
352,352,,,,1.0,5.0,Saya percaya sajian2 Kompas yang profesional dan independen,,False,id,False,"saya, percaya, sajian, yang, profesional, dan, independen",,kompas
353,353,,,,,3.0,Saya dari dulu selalu baca kompas,,False,id,False,"saya, dari, dulu, selalu, baca",,kompas
354,354,,,,,5.0,Mantap kompas slalu yg terbaik,,False,id,False,"mantap, slalu, terbaik",,"kompas, yg"
355,355,,,,1.0,5.0,Saya suka membaca berita di aplikasi ini dan turut berlangganan. Koran Kompas memang mengusung jurnalisme berkualitas.,,False,id,False,"saya, suka, membaca, berita, aplikasi, ini, dan, turut, berlangganan, koran, memang, mengusung, jurnalisme, berkualitas",,"di, kompas"
356,356,,,,,5.0,Sangat bermanfaat dan bacaan setiap hari,,False,id,False,"sangat, bermanfaat, dan, bacaan, setiap, hari",,
357,357,,,,,1.0,Gak bisa baca buku ketika mode android gelap,,False,id,False,"gak, bisa, baca, buku, ketika, android, gelap",,mode
358,358,,,,1.0,5.0,Beritanya objektif dan seimbang .,,False,id,False,"beritanya, objektif, dan, seimbang",,
359,359,,,,,1.0,"sdh brlangganan, gak bisa bca e paper. dan selalu diarahkan via ke google play. jelek😡",-1.0,False,id,True,"sdh, gak, bisa, bca, dan, selalu, diarahkan, jelek","paper, play","brlangganan, e, via, ke, google"
360,360,-1.0,,,,2.0,Kompas id gak bisa landscape ya?,,False,id,True,"gak, bisa",landscape,"kompas, id, ya"
361,361,,,,1.0,5.0,Kompas sangat penting untuk dibaca sintaksisnya apik.,,False,id,False,"sangat, penting, untuk, dibaca, apik",,"kompas, sintaksisnya"
362,362,,,,,5.0,"Sdh lbh 50th membaca Kompas cetak, di era IT stop berlangganan mngikuti kemajuan tekhnologi",,False,id,True,"sdh, lbh, membaca, cetak, berlangganan, kemajuan",stop,"th, kompas, di, era, it, mngikuti, tekhnologi"
363,363,,,,,1.0,koran digitalnya berbayar pdhl udah didownload tp ga bisa dibuka males bgt kalo hrs nonton iklan justru gpp,-1.0,False,id,True,"koran, berbayar, udah, didownload, ga, bisa, dibuka, bgt, kalo, nonton, iklan, justru, gpp",males,"digitalnya, pdhl, tp, hrs"
364,364,,,0.0,,5.0,Saran : harusnya buat paket Rp. 1000. Jadi enak buat test test dulu. Kalau sor baru..lanjut,,False,id,True,"saran, harusnya, buat, paket, jadi, enak, buat, dulu, kalau, baru, lanjut","test, test, sor",rp
365,365,,,,1.0,5.0,Sangat bagus dan bisa dipercaya,,False,id,False,"sangat, bagus, dan, bisa, dipercaya",,
366,366,,-1.0,-1.0,,1.0,Saya jengkel dgn Kompas e paper. Saya mau berhenti saja setelah sejak 1967 langganan Kompas,,False,id,True,"saya, jengkel, dgn, saya, mau, berhenti, saja, setelah, sejak, langganan",paper,"kompas, e, kompas"
367,367,,,,,4.0,KOMPAS MATA HATI KATA HATI,,False,sw,False,"mata, hati, kata, hati",,kompas
368,368,,,1.0,,5.0,"Bagus, Daripada langganan koran Kompas yang hardcopy lebih baik yang digital, Bisa dibawa dan dibaca dimana-mana 🙂...",,False,id,False,"bagus, daripada, langganan, koran, yang, lebih, baik, yang, bisa, dibawa, dan, dibaca, dimana-mana",,"kompas, hardcopy, digital"
369,369,,,-1.0,,1.0,Saya tak suka aja aplikasi berita tapi berbayar 🙄,,False,id,False,"saya, tak, suka, aja, aplikasi, berita, tapi, berbayar",,
370,370,,,,,5.0,Terima kasih atas bantuan dan pertolongannya,,False,id,False,"terima, kasih, atas, bantuan, dan",,pertolongannya
371,371,,,,1.0,5.0,"Bagus, mendalam, dan terpercaya, cepat, represehtatif",,False,id,False,"bagus, mendalam, dan, terpercaya, cepat",,represehtatif
372,372,,,,1.0,5.0,Banyak informasi baru yang up to date dan terpercaya sumbernya. Saya suka baca kompas sejak usia 12 tahun,,False,id,True,"banyak, informasi, baru, yang, dan, terpercaya, sumbernya, saya, suka, baca, sejak, usia, tahun",date,"up, to, kompas"
373,373,,,,,1.0,Susah download walaupun kuota penuh... tapi saya merasa koneksi internet dan kuota saya mencukupi.. ini aneh... tujuan saya update..🙏,-1.0,False,id,False,"susah, walaupun, kuota, penuh, tapi, saya, merasa, koneksi, dan, kuota, saya, mencukupi, ini, aneh, tujuan, saya",,"download, internet, update"
374,374,,,0.0,,1.0,Bagaimana cara berhenti berlangganan.... Ga ketemu caranya,,False,id,False,"bagaimana, cara, berhenti, berlangganan, ga, ketemu, caranya",,
375,375,,,,1.0,1.0,Akurat dlm pemberitsanx dan sangat di percaya,,False,id,False,"akurat, dlm, dan, sangat, percaya",,"pemberitsanx, di"
376,376,,,,,1.0,Sudah dilakukan pembayaran tapi status masih belum aktif. Kecewa dengan Kompas,-1.0,False,id,False,"sudah, dilakukan, pembayaran, tapi, masih, belum, aktif, kecewa, dengan",,"status, kompas"
377,377,,,,,5.0,Klu cari lowongan kerja dibagian apa?,,False,id,False,"klu, cari, lowongan, kerja, dibagian, apa",,
378,378,,,,1.0,5.0,Sangat membantu mendapatkan informasi dan tulisan yg mencerahkan,,False,id,False,"sangat, membantu, mendapatkan, informasi, dan, tulisan, mencerahkan",,yg
379,379,,,,,5.0,Selalu terdepan dalam kualitas untuk kepuasan pelanggan,,False,id,False,"selalu, terdepan, dalam, kualitas, untuk, kepuasan, pelanggan",,
380,380,,,,1.0,5.0,"Berita aktual dan terpercaya , kompas tetap yang terbaik , netralitas adalah kunci keadilan ,,,",,False,id,False,"berita, aktual, dan, terpercaya, tetap, yang, terbaik, netralitas, adalah, kunci, keadilan",,kompas
381,381,,,,,5.0,بسم الله الرحمن الرحيم Mengulas serta menyampaikan wacana dengan jernih.,,False,id,False,"الله, mengulas, serta, menyampaikan, wacana, dengan, jernih",,"بسم, الرحمن, الرحيم"
382,382,,,,-1.0,1.0,Khusus covid media knp memberi berita yg sll menyeramkan pdhl 95% covid bs sembuh dan kurang pemberitaan,,False,id,False,"khusus, knp, memberi, berita, menyeramkan, sembuh, dan, kurang, pemberitaan",,"covid, media, yg, sll, pdhl, covid, bs"
383,383,,,,1.0,5.0,"Berita Lengkap, Ulasan dengan bahasa yg tinggi, ciri dari kompas tdk pernah berubah",,False,id,False,"berita, lengkap, ulasan, dengan, bahasa, tinggi, ciri, dari, tdk, pernah, berubah",,"yg, kompas"
384,384,,,,1.0,5.0,Informasi yg up to date hingga tidak termakan berita hoax,,False,id,True,"informasi, hingga, tidak, termakan, berita, hoax",date,"yg, up, to"
385,385,,,,1.0,5.0,Beritanya dari zaman dulu sampai sekarang dapat dipercayadan terkemuka,,False,id,False,"beritanya, dari, zaman, dulu, sampai, sekarang, dapat, terkemuka",,dipercayadan
386,386,,,,,5.0,Indonesia peta Indonesia malam 🌃 dan informasi kompas tv online streaming Sidoarjo Jawa timur Indonesia,,False,id,False,"indonesia, peta, indonesia, malam, dan, informasi, sidoarjo, jawa, timur, indonesia",,"kompas, tv, online, streaming"
387,387,,,,1.0,5.0,"Kompas menurut gue dah lama di Indonesia dan berbagai sumber berita akurat,terpercaya",,False,id,False,"menurut, gue, dah, lama, indonesia, dan, berbagai, sumber, berita, akurat, terpercaya",,"kompas, di"
388,388,,,,0.0,3.0,"Beritakan yg benar/ril bukan pencitraan, iklan jangan berlebihan",,False,id,False,"beritakan, benar, bukan, pencitraan, iklan, jangan, berlebihan",,"yg, ril"
389,389,,,,-1.0,1.0,Tidak bersikap netral sebagai pemberi berita. Beritanya hoak semua demi kepentingan pihak tertentu,,False,id,False,"tidak, bersikap, netral, sebagai, pemberi, berita, beritanya, semua, demi, kepentingan, pihak, tertentu",,hoak
390,390,,,,1.0,5.0,Membaca harian kompas lbh oercaya daripd google indonesia,,False,id,False,"membaca, harian, lbh, indonesia",,"kompas, oercaya, daripd, google"
391,391,,,0.0,,2.0,kira in bisa baca berlanggan dulu 50.000 rupiah,,False,id,False,"kira, bisa, baca, dulu, rupiah",,"in, berlanggan"
392,392,,,,,2.0,Agak nge lag gitu ya,-1.0,False,tl,False,"agak, nge, gitu",,"lag, ya"
393,393,,,,,5.0,Memberi arah agar tepat tujuan/sasaran secara pasti,,False,id,False,"memberi, arah, agar, tepat, tujuan, sasaran, secara, pasti",,
394,394,,,,,1.0,Aplikasi ini jelik banget!!!!!!!!!!!!!!!!!!!!!!!!!!!!!!!!!!!!!!!!!!!!!!!!!!!!!!!!!!!!!!!!!!!!!!!!!!!!!!!!!!!@!!!!!!!!!!!!!!!!!!!!!!!!!!!!!!!!!!!!!!!!!!!!!!!!!!!!!!!!!!!!!!!!!!tapi bo'ong hayuk papali papali *,,False,id,False,"aplikasi, ini, banget, tapi",,"jelik, bo'ong, hayuk, papali, papali"
395,395,,,,1.0,5.0,"Harian Kompas salah surat kabar yang berani mengungkap kebenaran, tidak memihak dan berpihak",,False,id,False,"harian, salah, surat, kabar, yang, berani, mengungkap, kebenaran, tidak, memihak, dan, berpihak",,kompas
396,396,,,,1.0,5.0,"Walaupun berbayar, content content nya sangat bagus di banding yang lain. Good apps",,False,id,True,"walaupun, berbayar, nya, sangat, bagus, banding, yang, lain","content, content, good","di, apps"
397,397,,,,,5.0,Hebat. Sangat bermanfaat untuk dibaca dan dipelajari.,,False,id,False,"hebat, sangat, bermanfaat, untuk, dibaca, dan, dipelajari",,
398,398,,,,-1.0,1.0,NETRALAH.........DALAM MEMBERIKAN BERITA JANGAN PRO KE PEMERINTAH JUGA JANGAN JUGA PRO KE PIHAK OPOSISI...PAYAH....AUTO UNINSTAL...,,False,id,False,"dalam, memberikan, berita, jangan, pemerintah, juga, jangan, juga, pihak, oposisi, payah",,"netralah, pro, ke, pro, ke, auto, uninstal"
399,399,,0.0,,,5.0,Memuaskan. Apa epaper tak bisa full warna,,False,id,True,"memuaskan, apa, tak, bisa, warna",full,epaper
400,400,,,-1.0,-1.0,1.0,Berita sampah aja pake berbayar.. ajiggg,,False,id,False,"berita, sampah, aja, pake, berbayar",,ajiggg
401,401,,,,1.0,5.0,Beritanya selalu terbaru dan kopeten dan bersifat netral.bagus,,False,id,False,"beritanya, selalu, terbaru, dan, dan, bersifat, netral, bagus",,kopeten
402,402,,,,1.0,4.0,Berita2 di kompas singkat dan akurat,,False,id,False,"berita, singkat, dan, akurat",,"di, kompas"
403,403,,,,,3.0,Buka mau baca kok sulit,-1.0,False,id,False,"buka, mau, baca, kok, sulit",,
404,404,,,,1.0,5.0,Informasi yg Akurat..Kompas..berita terupdate..sangat berguna Good Job,,False,id,True,"informasi, akurat, berita, terupdate, sangat, berguna","good, job","yg, kompas"
405,405,,0.0,,,4.0,Mohon dong tambahkan fitur kompaskarier seperti kompas website .. Itu saja ulasan saya tolong di respon secepat ny,,False,id,False,"mohon, dong, tambahkan, fitur, seperti, itu, saja, ulasan, saya, tolong, respon, secepat",,"kompaskarier, kompas, website, di, ny"
406,406,,,-1.0,,1.0,"Membaca berita berbayar, masih banyak cara lain mendapatkan berita gratis. Jangan download app ini, app berbayar 👎👎👎👎👎",,False,id,False,"membaca, berita, berbayar, masih, banyak, cara, lain, mendapatkan, berita, gratis, jangan, ini, berbayar",,"download, app, app"
407,407,,,,0.0,5.0,Berita yang benar²... jangan berita HOAkompas yaa,,False,id,False,"berita, yang, benar, jangan, berita, yaa",,hoakompas
408,408,,,-1.0,,1.0,"Dapat voucher dr tukar poin bli bli, ternyata ga bisa pake...sama aja mubazir....",,False,id,False,"dapat, voucher, tukar, poin, ternyata, ga, bisa, pake, sama, aja, mubazir",,"dr, bli, bli"
409,409,,,,1.0,4.0,Semoga aku puas baca harian kompas Kompas tv independen terpercaya,,False,id,False,"semoga, aku, puas, baca, harian, independen, terpercaya",,"kompas, kompas, tv"
410,410,,,,,1.0,Sudah beli google play tapi tidak bisa akses. Knp ya ?,-1.0,False,id,True,"sudah, beli, tapi, tidak, bisa, akses, knp",play,"google, ya"
411,411,,,,,1.0,Hari gini ga ada yg gratis 😂😂😂,,False,id,False,"hari, gini, ga, ada, gratis",,yg
412,412,,,,,3.0,Sy baru install. Semoga baik,,False,id,False,"baru, semoga, baik",,"sy, install"
413,413,,,,,5.0,Tanggal. 29 / 7 / 2020 Jam. 16:21🇮🇩❤📌.oke,,False,id,False,"tanggal, jam",,oke
414,414,,,,-1.0,1.0,Media abal2....isinya ga jelas ....,,False,id,False,"abal, isinya, ga, jelas",,media
415,415,,,,-1.0,1.0,"Beritanya mulai banyak yg hoax, tdk akurat, jadi sebel membacanya",,False,id,False,"beritanya, mulai, banyak, hoax, tdk, akurat, jadi, sebel, membacanya",,yg
416,416,,,,-1.0,1.0,Asal masukan media tanpa diklarifikasi,,False,id,False,"asal, masukan, tanpa",,"media, diklarifikasi"
417,417,,,,-1.0,1.0,"Clickbait, isi tidak sesuai fakta, provokatif, berlebihan, hiperbola, ditambah bumbu",,False,id,True,"isi, tidak, sesuai, fakta, provokatif, berlebihan, ditambah, bumbu",clickbait,hiperbola
418,418,,,,-1.0,1.0,"Berita a****g, gak netral dan tdk mendidik",,False,id,False,"berita, gak, netral, dan, tdk, mendidik",,"a, g"
419,419,,,,1.0,5.0,Berbayar sih tapi berbobot. Maju terus kompas,,False,id,False,"berbayar, sih, tapi, berbobot, maju, terus",,kompas
420,420,,,,0.0,5.0,"Semoga KOMPAS bisa menyajikan berita yg Akurat , Netral , terUpDate , sehingga dapat dijadikan acuan/pedoman semua masyarakat indonesia 🙏",,False,id,False,"semoga, bisa, menyajikan, berita, akurat, netral, terupdate, sehingga, dapat, dijadikan, acuan, pedoman, semua, masyarakat, indonesia",,"kompas, yg"
421,421,,,,,1.0,"Cczeher,nya c km n pin oli, fkompas",,False,hu,False,"nya, oli",,"cczeher, c, km, n, pin, fkompas"
422,422,,,,-1.0,1.0,Ciee mau ikutan buat HOAkompas ky aplikasi sebelah...,,False,id,False,"mau, ikutan, buat, aplikasi, sebelah",,"ciee, hoakompas, ky"
423,423,,,,,3.0,"Untuk sementara bintang 3 dulu ya, semoga bisa baik ke bibtang 5",,False,id,False,"untuk, sementara, bintang, dulu, semoga, bisa, baik",,"ya, ke, bibtang"
424,424,,,,,4.0,Semoga tetap berpegang pada independen.,,False,id,False,"semoga, tetap, berpegang, pada, independen",,
425,425,,,,-1.0,1.0,Beritanya mulai gak singkron banyak hoaxnya payahhh,,False,id,False,"beritanya, mulai, gak, banyak",,"singkron, hoaxnya, payahhh"
426,426,,,,,1.0,Gw instal tp boong.. Hahahaha ha..,,False,tl,False,"gw, instal",,"tp, boong, hahahaha, ha"
427,427,,,,1.0,5.0,Berita menarik dan e book nya layak dibaca....,,False,id,True,"berita, menarik, dan, nya, layak, dibaca",book,e
428,428,,,,-1.0,2.0,Kurang Updete Sperti Di Google,,False,id,False,"kurang, sperti",,"updete, di, google"
429,429,,,,,1.0,Kecewa..🙈🙉🙊💩.. Mending pindah kesebelah... Bukan KOMPAS yg dulu😝,,False,id,False,"kecewa, mending, pindah, bukan, dulu",,"kesebelah, kompas, yg"
430,430,,,0.0,,5.0,Bagaimanan scan uji coba gratis langganan aesuai koran hari ini,,False,id,False,"uji, coba, gratis, langganan, koran, hari, ini",,"bagaimanan, scan, aesuai"
431,431,,,,,1.0,Lupa password tidak ada solusi,-1.0,False,id,False,"lupa, tidak, ada, solusi",,password
432,432,,,,1.0,5.0,Bagus nih update terus dilanjut terus bang,,False,id,False,"bagus, nih, terus, dilanjut, terus",,"update, bang"
433,433,,,,1.0,5.0,Koran ditinggalkan ada applikasi News Yang. Lebih memukau mampu terpercaya dalam menghadirkan Berita Dunia,,False,id,True,"koran, ditinggalkan, ada, applikasi, yang, lebih, memukau, mampu, terpercaya, dalam, menghadirkan, berita, dunia",news,
434,434,,,,,1.0,"ternyata mau baca koran aja ribet pakai masuk"" akun sgala,padahal dah pake kuota data...hmmm",-1.0,False,id,False,"ternyata, mau, baca, koran, aja, ribet, pakai, masuk, akun, padahal, dah, pake, kuota",,"sgala, data, hmmm"
435,435,,,,0.0,2.0,Beritanya di update lagi makasih,,False,id,False,"beritanya, lagi, makasih",,"di, update"
436,436,,,,1.0,4.0,"Kompas 3 T : top, tepat dan terpecaya",,False,id,True,"tepat, dan",top,"kompas, t, terpecaya"
437,437,,,-1.0,,1.0,Mahal om 50rb per bulan,,False,id,False,"mahal, bulan",,"om, rb, per"
438,438,,,,1.0,5.0,Ok bos sy puas degan britanya,,False,tl,False,"bos, puas, degan",,"ok, sy, britanya"
439,439,,,-1.0,,1.0,Baca berita kok harus bayar...?!,,False,id,False,"baca, berita, kok, harus, bayar",,
440,440,,,,1.0,4.0,"Bagus , beritanya dpt dipercaya",,False,id,False,"bagus, beritanya, dpt, dipercaya",,
441,441,,,,,5.0,Kompas memang tiada dua nya,,False,id,False,"memang, tiada, dua, nya",,kompas
442,442,,,,1.0,5.0,Jurnalisme berkualitas dan terpercaya ada dalam genggaman,,False,id,False,"jurnalisme, berkualitas, dan, terpercaya, ada, dalam, genggaman",,
443,443,,,-1.0,,1.0,"Maaf, terpaksa di uninstall masih banyak app lain yg memberi tanpa mengharapkan imbalan.",,False,id,False,"maaf, terpaksa, masih, banyak, lain, memberi, tanpa, mengharapkan, imbalan",,"di, uninstall, app, yg"
444,444,,,,,1.0,"Punya saya tidak bisa berlangganan,padahal udah di isi pulsa 55.000 apa masalah nya ini? Mau dilanggani atau tidak?",-1.0,False,id,False,"punya, saya, tidak, bisa, berlangganan, padahal, udah, isi, pulsa, apa, masalah, nya, ini, mau, atau, tidak",,"di, dilanggani"
445,445,,,,1.0,5.0,ngikuti kompas nambah wawasan pengetahusn kita.,,False,id,False,"nambah, wawasan, kita",,"ngikuti, kompas, pengetahusn"
446,446,,,-1.0,,1.0,Ketika mengetahui harus berbayar..langsung hapus..masih banyak konten berita yang gratis..thanks,,False,id,True,"ketika, mengetahui, harus, berbayar, langsung, hapus, masih, banyak, konten, berita, yang, gratis",thanks,
447,447,,,,,5.0,Sa sdh konfirmasi pembayaran lwt browser kok buka epaper di apps gak bisa.. tolong petunjuknya,-1.0,False,id,False,"sdh, konfirmasi, pembayaran, kok, buka, gak, bisa, tolong, petunjuknya",,"sa, lwt, browser, epaper, di, apps"
448,448,,,,,5.0,Berita nasional masalah politik pasca pemilu,,False,id,False,"berita, nasional, masalah, politik, pasca, pemilu",,
449,449,,,,,5.0,Aku merasa senang bisa bergabung dengan semua disini,,False,id,False,"aku, merasa, senang, bisa, bergabung, dengan, semua, disini",,
450,450,,,,,3.0,belum di goba sementara bintang 3 dl.,,False,id,False,"belum, sementara, bintang",,"di, goba, dl"
451,451,,,,1.0,5.0,"Berita terkini dan selalu update, membuka wawasan berpikir.",,False,id,False,"berita, terkini, dan, selalu, membuka, wawasan, berpikir",,update
452,452,,,,-1.0,2.0,"beberapa berita, sangat tidak netral. mungkin meraih pundi pundi uang, lewat situ kali ya?",,False,id,False,"beberapa, berita, sangat, tidak, netral, mungkin, meraih, pundi, pundi, uang, lewat, situ, kali",,ya
453,453,,,,,1.0,lebih mudah masa awal dulu buka kompas id. sekarang ribet.,-1.0,False,id,False,"lebih, mudah, masa, awal, dulu, buka, sekarang, ribet",,"kompas, id"
454,454,,,,1.0,4.0,"cepat,akurat dan terintegrasi secara berkesinambungan.",,False,id,False,"cepat, akurat, dan, terintegrasi, secara, berkesinambungan",,
455,455,,,,-1.0,5.0,Artikel judul masih sering berulang ( double ).,,False,id,True,"artikel, judul, masih, sering, berulang",double,
456,456,,,,1.0,5.0,bisa baca berita setiap hari. terima kasih,,False,id,False,"bisa, baca, berita, setiap, hari, terima, kasih",,
457,457,,,,0.0,4.0,test dlu semoga independen beritanya,,False,id,True,"semoga, independen, beritanya",test,dlu
458,458,,,,,1.0,"masa harus login dulu payahhh, uninstal deh jadinya",-1.0,False,id,False,"masa, harus, login, dulu, deh, jadinya",,"payahhh, uninstal"
459,459,,,,,4.0,suka untuk ikut berita. tapi bintangnya saya tambahkan jadi 5 klo aplikasinya bagus dan terpercaya,,False,id,False,"suka, untuk, ikut, berita, tapi, bintangnya, saya, tambahkan, jadi, klo, aplikasinya, bagus, dan, terpercaya",,
460,460,,,,0.0,3.0,mohon beritanya supaya lebih jelas dan akurat ya.. trimksh.,,False,id,False,"mohon, beritanya, supaya, lebih, jelas, dan, akurat",,"ya, trimksh"
461,461,,,,1.0,5.0,"mantap berita yg aktual dan terjamin,maju terusss",,False,id,False,"mantap, berita, aktual, dan, terjamin, maju",,"yg, terusss"
462,462,,,0.0,,5.0,"kak tolong bantu ,Punya voucher kompas yang satu bulan tapu gimana cara aktivasiin kode voucher nya?",,False,id,False,"kak, tolong, bantu, punya, voucher, yang, satu, bulan, gimana, cara, kode, voucher, nya",,"kompas, tapu, aktivasiin"
463,463,,,-1.0,,1.0,masa maw liat berita harus pakai paket berlangganan....sy uinstal aja...aplikasi gak berguna,,False,id,True,"masa, liat, berita, harus, pakai, paket, berlangganan, aja, aplikasi, gak, berguna",maw,"sy, uinstal"
464,464,,,,,5.0,"aplikasi tdk bisa dibukaharus dilogging bagaimana caranya ,",-1.0,False,id,False,"aplikasi, tdk, bisa, bagaimana, caranya",,"dibukaharus, dilogging"
465,465,,,,-1.0,2.0,"berita di menu cetak dan e-paper sering gak update, padahal udah di refresh berkali2",,False,id,True,"berita, cetak, dan, sering, gak, padahal, udah, berkali",e-paper,"di, menu, update, di, refresh"
466,466,,,,1.0,5.0,mantab. Kemudahan dalam mencari berita yang mendalam. Salah satu alternatif penangkal hoax,,False,id,False,"mantab, kemudahan, dalam, mencari, berita, yang, mendalam, salah, satu, alternatif, penangkal, hoax",,
467,467,,,,,4.0,"Bagus, terimakasih sangat membantu 👍",,False,id,False,"bagus, terimakasih, sangat, membantu",,
468,468,,,,,5.0,Kompas mantap jadi bisa monitoring iklan harian saya smoga banyak peminat,,False,tl,True,"mantap, jadi, bisa, iklan, harian, saya, smoga, banyak, peminat",monitoring,kompas
469,469,-1.0,,,,3.0,Akan lebih baik lagi kalau ukuran font nya bisa di custom. Di HP saya fontnya terlalu kecil.,,False,id,True,"akan, lebih, baik, lagi, kalau, ukuran, nya, bisa, saya, terlalu, kecil",custom,"font, di, di, hp, fontnya"
470,470,,,-1.0,,1.0,"Masa harus langganan 50,RB perbulan, SDH makan Kouta, masih kurangkah????",,False,id,False,"masa, harus, langganan, perbulan, sdh, makan, masih",,"rb, kouta, kurangkah"
471,471,,,-1.0,,1.0,Masa baca berita sedikit aja harus bayar,,False,id,False,"masa, baca, berita, sedikit, aja, harus, bayar",,
472,472,,,-1.0,,1.0,"Mending baca berita ol sebelah,,, gini2 berlanganan....",,False,id,False,"mending, baca, berita, sebelah, gini",,"ol, berlanganan"
473,473,,,,,1.0,Ampas mau sign in pakai gogle akun pakai fb maupun buat akun ngak bisa2 tele lh,-1.0,False,id,True,"ampas, mau, pakai, akun, pakai, maupun, buat, akun, ngak, bisa, tele",sign,"in, gogle, fb, lh"
474,474,,,,0.0,4.0,Beritakan berita yang benar benar kejadian nyata,,False,id,False,"beritakan, berita, yang, benar, benar, kejadian, nyata",,
475,475,,,,,5.0,Sangat hebat Saya didatangi langsung oleh petugas kompas Saat berkunjung Di gramedia,,False,id,False,"sangat, hebat, saya, didatangi, langsung, oleh, petugas, saat, berkunjung, gramedia",,"kompas, di"
476,476,,,,,1.0,"Kenapa ya...?? Saya sdh berlangganan, malah aplikasinya baru dibuka keluar lagi dgn sendirinya...???",-1.0,False,id,False,"kenapa, saya, sdh, berlangganan, malah, aplikasinya, baru, dibuka, keluar, lagi, dgn, sendirinya",,ya
477,477,,,-1.0,,2.0,"Setelah diminta sign in untuk bebas akses, setelah sign in ternyata tetap harus berlangganan☺️ untuk baca berita lengkap. Uninstall deh.",,False,id,True,"setelah, diminta, untuk, bebas, akses, setelah, ternyata, tetap, harus, berlangganan, untuk, baca, berita, lengkap, deh","sign, sign","in, in, uninstall"
478,478,,,,,5.0,Terima kasih kepada Kompas yg telah memberikan informasi kpd masyarakat. Sukses selalu,,False,id,False,"terima, kasih, kepada, telah, memberikan, informasi, kpd, masyarakat, sukses, selalu",,"kompas, yg"
479,479,,,,,5.0,Perbesar kontribusi para pembaca dalam penyajian informasi,,False,id,False,"perbesar, kontribusi, para, pembaca, dalam, penyajian, informasi",,
480,480,,,,,5.0,Tambah sukses dan lebih inovasi,,False,id,False,"tambah, sukses, dan, lebih, inovasi",,
481,481,,,,1.0,5.0,"Oke, beritanya, tingkatkan trus, maju kompas",,False,id,False,"beritanya, tingkatkan, trus, maju",,"oke, kompas"
482,482,,,,,5.0,Semoga Kompas tetap menjaga Marwah KEINDONESIAAN,,False,id,False,"semoga, tetap, menjaga, marwah",,"kompas, keindonesiaan"
483,483,,,,,1.0,"Saya sulit untuk membaca isi beritanya. Ber kali2 selalu tidak bisa, 
padahal berita yang saya suka.",-1.0,False,id,False,"saya, sulit, untuk, membaca, isi, beritanya, ber, kali, selalu, tidak, bisa, padahal, berita, yang, saya, suka",,
484,484,,,,,5.0,Pepatatah mengatakan berita itu bukan persis kejadian yg sebenarnya,,False,id,False,"mengatakan, berita, itu, bukan, persis, kejadian, sebenarnya",,"pepatatah, yg"
485,485,0.0,,,,4.0,Tampilan gambar dan penulisan untuk minat baca,,False,id,False,"tampilan, gambar, dan, penulisan, untuk, minat, baca",,
486,486,,,,1.0,5.0,"Saya menyukai berita2 politik di kompas, saya punya kliping kompas sejak 
1994",,False,id,False,"saya, menyukai, berita, politik, saya, punya, kliping, sejak",,"di, kompas, kompas"
487,487,0.0,,,,3.0,"Tulisan fontnya hrs bisa diatur besar kecilnya agar dpt bisa dibaca dgn 
jelas bagi penggunanya.",,False,id,False,"tulisan, bisa, diatur, besar, kecilnya, agar, dpt, bisa, dibaca, dgn, jelas, bagi, penggunanya",,"fontnya, hrs"
488,488,,,,-1.0,1.0,Betita lama sering di muat lg,,False,id,False,"lama, sering, muat",,"betita, di, lg"
489,489,,-1.0,,,1.0,"Knapa buku yg udah di donlot, setiap mo baca kudu donlot dulu..? Boros 
kuota , Mas... Bintang 1 cukuplah.",,False,id,False,"buku, udah, setiap, baca, kudu, dulu, boros, kuota, mas, bintang, cukuplah",,"knapa, yg, di, donlot, mo, donlot"
490,490,,,,,5.0,"GK harus nunggu koran pagi dikirim, bangun tidur jam 4.30 bisa menikmati 
berita pagi",,False,id,False,"harus, nunggu, koran, pagi, dikirim, bangun, tidur, jam, bisa, menikmati, berita, pagi",,gk
491,491,,,-1.0,,1.0,"Ribet,.. bayar lagi. Males.. langdung uninstall. Install yg lain masih 
banyak",,False,id,True,"ribet, bayar, lagi, lain, masih, banyak",males,"langdung, uninstall, install, yg"
492,492,,,-1.0,,3.0,Yah bayar. Langsung uninstall. Padahal beberapa bulan lalu masih gratis.,,False,id,False,"yah, bayar, langsung, padahal, beberapa, bulan, lalu, masih, gratis",,uninstall
493,493,,,,1.0,5.0,"Berita terpopuler & terpercaya, thanks",,False,id,True,"berita, terpopuler, terpercaya",thanks,
494,494,,,,,5.0,Bermanfaat untuk menambah wawasan dan infotmasi,,False,id,False,"bermanfaat, untuk, menambah, wawasan, dan",,infotmasi
495,495,,,,,5.0,Tingkatkan kualitas dan pelayanan nya,,False,id,False,"tingkatkan, kualitas, dan, pelayanan, nya",,
496,496,,,,,5.0,Terima kasih semoga bermanfaat selalu,,False,id,False,"terima, kasih, semoga, bermanfaat, selalu",,
497,497,,,,,1.0,"ribet sekali bro...! gak bisa bikin yang simpel saja kah. kayak detik gitu 
loh...!",,False,id,False,"ribet, sekali, gak, bisa, bikin, yang, simpel, saja, kah, kayak, detik, gitu, loh",,bro
498,498,,,-1.0,,1.0,"Komersil banget sekarang.... Padahal dengan kita baca artikel aja kompas 
Uda dapat uang banyak....",,False,id,False,"komersil, banget, sekarang, padahal, dengan, kita, baca, artikel, aja, uda, dapat, uang, banyak",,kompas
499,499,,,,,4.0,"Tambah wawasan, sip deh, makasih",,False,id,False,"tambah, wawasan, deh, makasih",,sip
500,500,,,,,5.0,Bagus buat mengisi waktu luang,,False,id,False,"bagus, buat, mengisi, waktu, luang",,
501,501,,,,,4.0,"Mengakses kompas.id sejak 2017 saat masih beta. Sekarang berlangganan 
sampai Juni 2018. Semoga semakin baik.",,False,id,False,"mengakses, sejak, saat, masih, sekarang, berlangganan, sampai, juni, semoga, semakin, baik",,"kompas, id, beta"
502,502,,,,1.0,5.0,Selalu menyajikan berita yg aktual.. intelektual.. terpercaya & independen!,,False,id,False,"selalu, menyajikan, berita, aktual, intelektual, terpercaya, independen",,yg
503,503,,,,,5.0,Media tertua dan bergengsi di Jakarta Indonesia.,,False,id,False,"tertua, dan, bergengsi, jakarta, indonesia",,"media, di"
504,504,,,,,3.0,"sejak upgrade versi terakhir, download tidak tersimpan. saya harus download ulang setiap mau baca lagi.",-1.0,False,id,False,"sejak, versi, terakhir, tidak, tersimpan, saya, harus, ulang, setiap, mau, baca, lagi",,"upgrade, download, download"
505,505,,,,,5.0,"Terima kasih ada berita kompas yg baru, Semoga beritanya tidak kalah dengan berita babe thks alot",,False,id,True,"terima, kasih, ada, berita, baru, semoga, beritanya, tidak, kalah, dengan, berita",alot,"kompas, yg, babe, thks"
506,506,,,,,1.0,harus pakai log in segala norak juga,-1.0,False,id,False,"harus, pakai, segala, norak, juga",,"log, in"
507,507,,,,1.0,5.0,"KOMPAS sumber berita terlengkap, akurat, dan terpercaya.****",,False,id,False,"sumber, berita, terlengkap, akurat, dan, terpercaya",,kompas
508,508,,,,1.0,5.0,"Kompas.id *cermat* memilih berita , *akurat* data2nya, *tepat* sasaran pembacanya, *hebat* design layout penyajiannya. Pokoknya Kompas.id *mantap*.",,False,id,True,"cermat, memilih, berita, akurat, nya, tepat, sasaran, pembacanya, hebat, pokoknya, mantap",design,"kompas, id, data, layout, penyajiannya, kompas, id"
509,509,,,,1.0,5.0,Berita ok. Selalu update trs ya,,False,id,True,"berita, selalu",trs,"ok, update, ya"
510,510,1.0,,,,5.0,"Keren, desain visualnya meningkatkan minat baca😍 makasih Kompas.id",,False,id,False,"keren, desain, visualnya, meningkatkan, minat, baca, makasih",,"kompas, id"
511,511,,,,1.0,5.0,Untuk berita yang akurat ... Kompas oke,,False,id,False,"untuk, berita, yang, akurat",,"kompas, oke"
512,512,,,,1.0,5.0,"Untuk bacaan anak muda, dan untuk menambahkan wawasan kita. Kompas adalah pilihan yang tepat. Semoga makin jaya Kompas.Id 😆",,False,id,False,"untuk, bacaan, anak, muda, dan, untuk, menambahkan, wawasan, kita, adalah, pilihan, yang, tepat, semoga, makin, jaya",,"kompas, kompas, id"
513,513,,,,,5.0,"Hampir tiap hari tak sempat baca koran, akan dicoba baca yang e.koran yang premium",,False,id,False,"hampir, tiap, hari, tak, sempat, baca, koran, akan, dicoba, baca, yang, koran, yang",,"e, premium"
514,514,,,,,4.0,Kompas pass untuk di baca.,,False,id,True,"untuk, baca",pass,"kompas, di"
515,515,,,,,1.0,"Mantap gan, ana suka, terus berikan yang terbaik untuk bNgsa",,False,id,False,"mantap, gan, suka, terus, berikan, yang, terbaik, untuk",,"ana, bngsa"
516,516,,,,1.0,5.0,Bersyukur dengan berita yang terpercaya dan bisa dipertanggung jawabkan,,False,id,False,"bersyukur, dengan, berita, yang, terpercaya, dan, bisa, jawabkan",,dipertanggung
517,517,,,,,5.0,Lebih mudah dalam mengupdate informasi,,False,id,False,"lebih, mudah, dalam, informasi",,mengupdate
518,518,,,,1.0,5.0,"Luar biasa, berita-beritanya sangat kredibel, independen, dan terpercaya",,False,id,False,"luar, biasa, berita-beritanya, sangat, kredibel, independen, dan, terpercaya",,
519,519,,,,1.0,5.0,Mantap... Untuk mendapatkan berita terkini dan independen,,False,id,False,"mantap, untuk, mendapatkan, berita, terkini, dan, independen",,
520,520,,,,1.0,4.0,"Senang sekali karena beritanya bermutu, netral nasional, mencerdaskan masyarakat dan menambah wawasan.",,False,id,False,"senang, sekali, karena, beritanya, bermutu, netral, nasional, mencerdaskan, masyarakat, dan, menambah, wawasan",,
521,521,,,,,5.0,Gue pembaca setia kompas. Terima kasih kompas!,,False,id,False,"gue, pembaca, setia, terima, kasih",,"kompas, kompas"
522,522,,,,1.0,4.0,Sangat informatif dan berita yg bisa diakui,,False,id,False,"sangat, informatif, dan, berita, bisa, diakui",,yg
523,523,,,,1.0,5.0,Anda bisa mendapatkan berita terkini dari Harian Kompas di Kompas.id. Ini adalah aplikasi yang direkomendasikan.,,False,en,False,,"you, can, get, news, from, daily, recommended","upadated, kompas, on, kompas, id, it, s, apps"
524,524,,,,,5.0,Mantap saya sudah daftar member di gramedia pondok indah,,False,id,False,"mantap, saya, sudah, daftar, gramedia, pondok, indah",,"member, di"
525,525,,,,0.0,5.0,tingkatkan update annya dgn berita yg lebih informatif,,False,id,False,"tingkatkan, annya, dgn, berita, lebih, informatif",,"update, yg"
526,526,,,,,5.0,Sangat memuaskan dan menbuka pikiran kita,,False,id,False,"sangat, memuaskan, dan, pikiran, kita",,menbuka
527,527,,,-1.0,,2.0,ini ko udah login tapi ko gabisa ya pas buka korannya malah harus daftat membership? tolong infonya dong,,False,id,True,"ini, udah, login, tapi, pas, buka, malah, harus, tolong, infonya, dong",membership,"ko, ko, gabisa, ya, korannya, daftat"
528,528,,,0.0,,5.0,Semoga koran kompas semakin mudah diakses melalui android dan gratis,0.0,False,id,False,"semoga, koran, semakin, mudah, diakses, melalui, android, dan, gratis",,kompas
529,529,,,,1.0,5.0,Suka banget baca berita Kompas selalu update dan menghemat waktu tentunya karena bisa baca berita Kompas di mana Saja.,,False,id,False,"suka, banget, baca, berita, selalu, dan, menghemat, waktu, tentunya, karena, bisa, baca, berita, mana, saja",,"kompas, update, kompas, di"
530,530,,,-1.0,,1.0,Bahkan baca berita aja suruh bayar 🤣🤣🤣,,False,id,False,"bahkan, baca, berita, aja, suruh, bayar",,
531,531,-1.0,-1.0,,,1.0,Notif untuk mengaktifkan notifikasi sangat mengganggu. Tampilan koran juga semakin jelek. Tumben?,,False,id,False,"untuk, mengaktifkan, notifikasi, sangat, mengganggu, tampilan, koran, juga, semakin, jelek, tumben",,notif
532,532,,,,,1.0,"Pas mau masuk sering banget ""aplikasi dalam perbaikan"". Bikin stres",-1.0,False,id,False,"pas, mau, masuk, sering, banget, aplikasi, dalam, perbaikan, bikin, stres",,
533,533,-1.0,,,,1.0,Navbar bawah di-epaper tidak bisa dihide sehingga menghalangi epaper bagian bawah,,False,id,False,"bawah, tidak, bisa, sehingga, menghalangi, bagian, bawah",,"navbar, di-epaper, dihide, epaper"
534,534,-1.0,,,,4.0,Tolong perbaiki tampilan di iPad mini a17 supaya pas tidak terpotong kanan kirinya,,False,id,False,"tolong, perbaiki, tampilan, supaya, pas, tidak, terpotong, kanan, kirinya",,"di, ipad, mini, a"
535,535,-1.0,,,,3.0,"diinstall di ipad mini, sisi sebelah kiri terpotong, sudah lama tidak ada perbaikan",,False,id,False,"sisi, sebelah, kiri, terpotong, sudah, lama, tidak, ada, perbaikan",,"diinstall, di, ipad, mini"
536,536,,,,1.0,5.0,"Berita selau update dan memberikan peluang suara dari pelosok untuk dimuat di media nasional, sangat membatu kami di daerah 3T",,False,id,False,"berita, dan, memberikan, peluang, suara, dari, pelosok, untuk, dimuat, nasional, sangat, membatu, kami, daerah",,"selau, update, di, media, di, t"
537,537,,,1.0,,5.0,Tidak mengapa ada iklan yang penting gratis😁🙏,,False,id,False,"tidak, mengapa, ada, iklan, yang, penting, gratis",,
538,538,-1.0,,,,3.0,Kepotong teksnya kalau di iphone 13,,False,id,False,kalau,,"kepotong, teksnya, di, iphone"
539,539,,,,,1.0,Tombol kembali sederhana di bagian atas aplikasi iPad terus-menerus mengalami crash.,-1.0,False,en,False,,"simple, back, button, the, top, keep, crashing","ipad, app, on"
540,540,,,,,5.0,TTS nya sering internal server error,-1.0,False,no,False,"tts, nya, sering",,"internal, server, error"
541,541,-1.0,,,,2.0,Aplikasinya kenapa sekarang tidak menyesuaikan dengan device ya? Terpotong dan tidak smooth. Saya harus selalu buka dari PC,,False,id,True,"aplikasinya, kenapa, sekarang, tidak, menyesuaikan, dengan, terpotong, dan, tidak, saya, harus, selalu, buka, dari","device, smooth","ya, pc"
542,542,,-1.0,,,1.0,"Aneh, udh didownload masih harus konek internet. Padahal dipesawat kita baca paper ini",,False,id,True,"aneh, udh, didownload, masih, harus, konek, padahal, kita, baca, ini",paper,"internet, dipesawat"
543,543,,,,,1.0,"Saya sudah melakukan payment untuk 1 tahun, tetapi saya tetap tidak bisa mengakses untuk baca berita, ini bagaimana sih ?",-1.0,False,id,True,"saya, sudah, melakukan, untuk, tahun, tetapi, saya, tetap, tidak, bisa, mengakses, untuk, baca, berita, ini, bagaimana, sih",payment,
544,544,,,,,1.0,Tidak ada response setelah login melalui Google.,-1.0,False,id,True,"tidak, ada, setelah, login, melalui",response,google
545,545,,,,,1.0,udah subscribe tapi gabisa log in. tiap log in cuma loading tapi ga masuk ke halaman utama,-1.0,False,id,True,"udah, tapi, tiap, cuma, tapi, ga, masuk, halaman, utama",subscribe,"gabisa, log, in, log, in, loading, ke"
546,546,,,,,1.0,"Sudah subscribed bulanan, tapi tidak bisa log in.",-1.0,False,id,True,"sudah, bulanan, tapi, tidak, bisa",subscribed,"log, in"
547,547,,,,,5.0,Menyenangkan dengan riset menggunakan kompas.,,False,en,False,,"enjoyable, with, research","by, kompas"
548,548,,,,,5.0,Sdh klik yg berlangganan bulanan kenapa status langganan msh tdk aktif ya?,-1.0,False,id,False,"sdh, klik, berlangganan, bulanan, kenapa, langganan, msh, tdk, aktif",,"yg, status, ya"
549,549,,,,,1.0,"pas log in mala dibilang blm subs, pdhl sudah subs.",-1.0,False,id,True,"pas, mala, dibilang, sudah","subs, subs","log, in, blm, pdhl"
550,550,,,,,5.0,Mau berhenti langganan koran kompas manual kasihan sama tukang loper korannya saya berlangganan sejak tahun 1990. Jadinya manual kombinasi deh.😀🙏🏼,,False,id,False,"mau, berhenti, langganan, koran, kasihan, sama, tukang, saya, berlangganan, sejak, tahun, jadinya, kombinasi, deh",,"kompas, manual, loper, korannya, manual"
551,551,,,1.0,,5.0,"dapet diskon member kompas id setahun, jadi update berita terus baca kompas. keren kompas",,False,id,False,"dapet, diskon, setahun, jadi, berita, terus, baca, keren",,"member, kompas, id, update, kompas, kompas"
552,552,,,,1.0,5.0,"Beritanya bernas, mendidik serta eksklusive",,False,id,False,"beritanya, mendidik, serta",,"bernas, eksklusive"
553,553,,,,1.0,5.0,Penuh dg bacaan yg informatif,,False,id,False,"penuh, bacaan, informatif",,"dg, yg"
554,554,,,,,5.0,Sudah lancar di ipad. Thanks response developer!,1.0,False,ca,True,"sudah, lancar","thanks, response, developer","di, ipad"
555,555,,,,1.0,5.0,kompas memberikan informasi terkurasi yang berkualitas sesuai standar Harian kompas yg terjaga selama ini.,,False,id,False,"memberikan, informasi, yang, berkualitas, sesuai, standar, harian, terjaga, selama, ini",,"kompas, terkurasi, kompas, yg"
556,556,,,,,5.0,Aplikasinya mudah digunakan dan nggak pernah error sejauh ini.,1.0,False,id,False,"aplikasinya, mudah, digunakan, dan, nggak, pernah, sejauh, ini",,error
557,557,,,,1.0,5.0,Berita berkualitas terpercaya. Bebas dari hoax. Saya baca terus tiap pagi. Terus tingkatkan jurnalisme berkualitas,,False,id,False,"berita, berkualitas, terpercaya, bebas, dari, hoax, saya, baca, terus, tiap, pagi, terus, tingkatkan, jurnalisme, berkualitas",,
558,558,,,,1.0,5.0,Terimakasih untuk jurnalisme berkualitasnya. Lanjutkan kompas!,,False,id,False,"terimakasih, untuk, jurnalisme, lanjutkan",,"berkualitasnya, kompas"
559,559,0.0,,,,5.0,Aplikasi yang keren! Terima kasih. Semoga ke depannya lebih mudah digunakan.,,False,en,False,,"cool, thank, you, hopefully, more, easy, use","app, to"
560,560,,,,1.0,5.0,"Saya sangat suka kompas id, berita nya bagus dan tutur katanya terbaik dari yang terbaik. Aplikasinya nggak pernah keluar sendiri",1.0,False,id,False,"saya, sangat, suka, berita, nya, bagus, dan, tutur, katanya, terbaik, dari, yang, terbaik, aplikasinya, nggak, pernah, keluar, sendiri",,"kompas, id"
561,561,,,,,4.0,Sudah 2 x status langganan saya selama 1 tahun menjadi tidak berlangganan lagi pdhl baru bberpa bulan saja,-1.0,False,id,False,"sudah, langganan, saya, selama, tahun, menjadi, tidak, berlangganan, lagi, baru, bulan, saja",,"x, status, pdhl, bberpa"
562,562,,,,,1.0,"Seharusnya kompas tidak menghapus aplikasi versi lama, agar bisa di download juga oleh iOS yg versi lama.",-1.0,False,id,False,"seharusnya, tidak, menghapus, aplikasi, versi, lama, agar, bisa, juga, oleh, versi, lama",,"kompas, di, download, ios, yg"
563,563,,,,,5.0,"Mohon untuk diperbaiki aplikasi ini, karena sering sekali aplikasi tertutup mendadak/crash ketika discroll ke bawah. Utamakan pelayanan terhadap pelanggan.",-1.0,False,id,True,"mohon, untuk, diperbaiki, aplikasi, ini, karena, sering, sekali, aplikasi, tertutup, mendadak, ketika, bawah, utamakan, pelayanan, terhadap, pelanggan",crash,"discroll, ke"
564,564,,,,,2.0,Tolong diperbaiki! Aplikasinya force close setelah scroll. iOS 16.,-1.0,False,en,False,,"please, fix, force, closed, after, scrolling","app, ios"
565,565,,0.0,,,5.0,Tolong dibuat fitur offline untuk kompas e-paper sehingga bisa tetap dibaca saat perjalanan udara. Tks,,False,id,True,"tolong, dibuat, fitur, untuk, sehingga, bisa, tetap, dibaca, saat, perjalanan, udara, tks",e-paper,"offline, kompas"
566,566,,,,,2.0,scroll scroll pasti selalu force closed,-1.0,False,it,True,"pasti, selalu","force, closed","scroll, scroll"
567,567,,,,,1.0,Wah sdh gak bisa dibuka di iOS 12.5.5 lagi ya. Pilihannya hanya berhenti berlangganan atau beli HP baru?,-1.0,False,id,False,"wah, sdh, gak, bisa, dibuka, lagi, pilihannya, hanya, berhenti, berlangganan, atau, beli, baru",,"di, ios, ya, hp"
568,568,,,,,5.0,"sebulan setelah mengeluh, kini bisa buka dalam posisi portrait lagi, good job!",1.0,False,id,True,"sebulan, setelah, mengeluh, kini, bisa, buka, dalam, posisi, lagi","portrait, good, job",
569,569,,,,,1.0,Aplikasi ga jalan di ipad.. percuma saya sudah langganan setahun.. perbaiki segera,-1.0,False,id,False,"aplikasi, ga, jalan, percuma, saya, sudah, langganan, setahun, perbaiki, segera",,"di, ipad"
570,570,,,,,2.0,Aplikasi seringkali crash untuk device saya (iPhone 11) terpaksa uninstalled karena gak bisa dipakai dan balik ke web.,-1.0,False,id,True,"aplikasi, seringkali, untuk, saya, terpaksa, karena, gak, bisa, dipakai, dan, balik","crash, device","iphone, uninstalled, ke, web"
571,571,,,,,1.0,"Setiap mau baca disuruh login, pdhl sudah login. Cek status katanya belum berlangganan, padahal bayar terus. Aneh banget deh ih",-1.0,False,id,False,"setiap, mau, baca, disuruh, login, sudah, login, cek, katanya, belum, berlangganan, padahal, bayar, terus, aneh, banget, deh",,"pdhl, status, ih"
572,572,1.0,,,,5.0,Thanks kompas sudah update . Suka dengan designya yeayy,1.0,False,id,True,"sudah, suka, dengan",thanks,"kompas, update, designya, yeayy"
573,573,,,,,5.0,"Akhirnya, app yang sekarang bisa dikatakan layak. Setara dengan app milik media sebelah. Keren. Masih bisa ditingkatkan lagi sih.",,False,id,False,"akhirnya, yang, sekarang, bisa, dikatakan, layak, setara, dengan, milik, sebelah, keren, masih, bisa, ditingkatkan, lagi, sih",,"app, app, media"
574,574,,,,,3.0,"kompas di iPhone / iPad saya gak bisa buka isi berita, mentok di loading screen. Mohon di perbaiki. Terima kasih",-1.0,False,id,True,"saya, gak, bisa, buka, isi, berita, mentok, mohon, perbaiki, terima, kasih",screen,"kompas, di, iphone, ipad, di, loading, di"
575,575,1.0,,-1.0,,2.0,"Kalo menurut saya kurang bagus, karena terlalu banyak yg harus berlangganan. Untuk design sih udah ok dan penataan konten.",,False,id,True,"kalo, menurut, saya, kurang, bagus, karena, terlalu, banyak, harus, berlangganan, untuk, sih, udah, dan, penataan, konten",design,"yg, ok"
576,576,,,,,1.0,Saya tidak bisa download epaper sejak update di Version 2.0. Sudah dicoba di iPad dan iPhone. Mohon diperbaiki.,-1.0,False,id,True,"saya, tidak, bisa, sejak, sudah, dicoba, dan, mohon, diperbaiki",version,"download, epaper, update, di, di, ipad, iphone"
577,577,,,,,1.0,Tolong diperbaiki segera. Terima kasih.,,False,id,False,"tolong, diperbaiki, segera, terima, kasih",,
578,578,,,-1.0,,1.0,"Rugi saya berlangganan premium, e-paper aja gak bisa dibuka",-1.0,False,id,True,"rugi, saya, berlangganan, aja, gak, bisa, dibuka",e-paper,premium
579,579,,,,,1.0,Setelah update tak bisa dibaca epapernya,-1.0,False,id,False,"setelah, tak, bisa, dibaca",,"update, epapernya"
580,580,,,,,5.0,Setelah update malah gak bisa di download dibuka sama sekali e-paper nya,-1.0,False,id,True,"setelah, malah, gak, bisa, dibuka, sama, sekali, nya",e-paper,"update, di, download"
581,581,,,,,1.0,Barusan update kok malah epaper nya gak bisa dibuka,-1.0,False,id,False,"barusan, kok, malah, nya, gak, bisa, dibuka",,"update, epaper"
582,582,,,,,1.0,Diupdate malah jd g bisa buka epaper (IOS14),-1.0,False,id,False,"diupdate, malah, bisa, buka",,"jd, g, epaper, ios"
583,583,,,,,1.0,Sebelumnya tanggal 15  Novbisa download. Ganti version tgl 17 Nov jadi tidak bisa. Tolong segera perbaiki,-1.0,False,id,True,"sebelumnya, tanggal, ganti, tgl, jadi, tidak, bisa, tolong, segera, perbaiki","version, nov","novbisa, download"
584,584,,,,,1.0,Tidak dapat mengunduh dan membuka e-paper setelah upgrade,-1.0,False,en,False,,"cannot, and, open, after","download, epaper, upgrade"
585,585,,,,,4.0,"Mohon untuk di perbaiki, gak bisa download epaper",-1.0,False,id,False,"mohon, untuk, perbaiki, gak, bisa",,"di, download, epaper"
586,586,0.0,,,,2.0,"Tolong ditambah beberapa fitur yang buat lebihenak baca, seperti dark mode, landscape mode",,False,id,True,"tolong, ditambah, beberapa, fitur, yang, buat, baca, seperti","dark, landscape","lebihenak, mode, mode"
587,587,,,,,2.0,Ada error selalu gagal membaca pdf & gak bisa baca e paper,-1.0,False,id,True,"ada, selalu, gagal, membaca, gak, bisa, baca",paper,"error, pdf, e"
588,588,,,,,1.0,"Saya berlangganan E paper di aplikasi ini, tapi susah sekali di download bahkan tidak bisa di download.",-1.0,False,id,True,"saya, berlangganan, aplikasi, ini, tapi, susah, sekali, bahkan, tidak, bisa",paper,"e, di, di, download, di, download"
589,589,-1.0,,,,2.0,"Tampilan portrait membuat UI terlihat sempit, dan tidak adanya darkmode cukup mengganggu saat ingin membuka aplikasi di malam hari",,False,id,True,"tampilan, membuat, terlihat, sempit, dan, tidak, adanya, cukup, mengganggu, saat, ingin, membuka, aplikasi, malam, hari",portrait,"ui, darkmode, di"
590,590,,,,,1.0,sudah bayar berlangganan tapi sampai sekarang masih belum aktif... gak jelas ni aplikasi 👎👎👎👎👎👎👎,-1.0,False,id,False,"sudah, bayar, berlangganan, tapi, sampai, sekarang, masih, belum, aktif, gak, jelas, aplikasi",,ni
591,591,,,,,5.0,"Untuk akses login lewat google belum bisa mendirect kembali ke apps kompas
Mohon diperbaiki",-1.0,False,id,False,"untuk, akses, login, lewat, belum, bisa, kembali, mohon, diperbaiki",,"google, mendirect, ke, apps, kompas"
592,592,0.0,,,,3.0,Kebanyakan aplikasi berbayar untuk membaca konten sudah mempunyai dark mode dan pengaturan teks. Ditunggu tambahan fitur tersebut.,,False,id,True,"kebanyakan, aplikasi, berbayar, untuk, membaca, konten, sudah, mempunyai, dan, pengaturan, teks, ditunggu, tambahan, fitur, tersebut",dark,mode
593,593,0.0,,,,3.0,Mungkin bisa ditingkatkan responsifitas dan mode malam atau tema background menjadi gelap.,,False,id,True,"mungkin, bisa, ditingkatkan, dan, malam, atau, tema, menjadi, gelap",background,"responsifitas, mode"
594,594,,,,,1.0,Gagal login pakai google. Tidak bisa akses epaper.,-1.0,False,tl,False,"gagal, login, pakai, tidak, bisa, akses",,"google, epaper"
595,595,,,-1.0,,1.0,"Uda langganan 6 bulan, tapi tiap mau download pdf gagal melulu
Mubazir dong...
Benerin bisa ga tolong?",-1.0,False,id,False,"uda, langganan, bulan, tapi, tiap, mau, gagal, melulu, mubazir, dong, bisa, ga, tolong",,"download, pdf, benerin"
596,596,,,,,1.0,"Mau klik langganan, tp nggak bisa2. Diperbaiki dong",-1.0,False,id,False,"mau, klik, langganan, nggak, bisa, diperbaiki, dong",,tp
597,597,0.0,,,,5.0,"Menurut saya, Anda bisa memperbarui UI/UX agar lebih ramah pengguna, serta meminimalkan bug dan mempercepat pembaruan. Terima kasih.",0.0,False,en,False,,"think, you, can, your, more, friendly, and, less, bugs, fast, thanks","i, update, ui, ukompas, to, be, update"
598,598,-1.0,,,,2.0,"Aplikasi terlalu berat, loading lama. enggak bisa landscape juga.",-1.0,False,id,True,"aplikasi, terlalu, berat, lama, enggak, bisa, juga",landscape,loading
599,599,,,,,5.0,Tolong perbaiki aplikasinya. Saya sudah membeli membership untuk satu tahun.,0.0,False,en,False,,"please, fix, the, already, purchased, the, membership, for, one, year","app, i"
600,600,,,,,1.0,"Sy berlanggan kompas digital premium, aplikasi tdak berjalan di ios 12.1.2, tlg di update segera",-1.0,False,id,False,"aplikasi, tdak, berjalan, segera",,"sy, berlanggan, kompas, digital, premium, di, ios, tlg, di, update"
601,601,,,-1.0,,1.0,knp mesti langganan? padahal aplikasi lain yg serupa gk perlu langganan,,False,id,False,"knp, mesti, langganan, padahal, aplikasi, lain, serupa, perlu, langganan",,"yg, gk"
602,602,,,,,1.0,"Awalnya, aplikasi itu berjalan dengan baik. Lama-kelamaan kinerjanya memburuk. Sekarang, aplikasi itu terus-menerus mengalami crash",-1.0,False,en,False,,"the, beginning, that, worked, fine, eventually, it's, getting, worse, now, crashes, all, the, time","in, app, it"
603,603,,1.0,,,5.0,"Oke, aplikasinya bagus. Saya bisa menikmati e-paper di iPad saya. :D",,False,en,False,,"okay, good, can, enjoy","apps, i, epaper, in, my, ipad, d"
604,604,,,,,5.0,Mohon perbaiki bug-nya; aplikasi terus mengalami crash setelah masuk.,-1.0,False,en,False,,"please, fix, the, the, keep, crashing, after, sign","bug, app, in"
605,605,,,,,1.0,Ini gimana sih baru 5detik dibuka crash terus,-1.0,False,id,True,"ini, gimana, sih, baru, detik, dibuka, terus",crash,
606,606,,,,,1.0,Tidak berfungsi di iPad Pro dengan iOS terbaru.,-1.0,False,en,False,,"doesn’t, work, with, the, latest","on, ipad, pro, ios"
607,607,,,,,1.0,Kalau ngak siao bikinnaplikasi mending ga usah bikin....begitu buka apps lsg crash...pengalaman ygbmengecewakan.tidak sejalan dengan reputasi harian kompas edisi cetak,-1.0,False,id,True,"kalau, ngak, mending, ga, usah, bikin, begitu, buka, pengalaman, tidak, sejalan, dengan, reputasi, harian, edisi, cetak",crash,"siao, bikinnaplikasi, apps, lsg, ygbmengecewakan, kompas"
608,608,,,,,1.0,"Digunakan di IOS ga berjalan bagus, bisa dibuka tp lgs keluar lagi, berulang kali di reinstall problemnya sama saja",-1.0,False,id,True,"digunakan, ga, berjalan, bagus, bisa, dibuka, keluar, lagi, berulang, kali, sama, saja",reinstall,"di, ios, tp, lgs, di, problemnya"
609,609,,,,,5.0,Btw mohon update kompas idnya app biar ios 11.3 bisa terbacaca appnya soalnya sering crash appnya,-1.0,False,id,True,"mohon, biar, bisa, soalnya, sering",crash,"btw, update, kompas, idnya, app, ios, terbacaca, appnya, appnya"
610,610,,,,,2.0,Setelah update Epaper sama sekali tidak dapat di buka.,-1.0,False,id,False,"setelah, sama, sekali, tidak, dapat, buka",,"update, epaper, di"
611,611,,,,,1.0,Apss dibuka selalu crash di ios 11.3 pada ipad.,-1.0,False,id,True,"dibuka, selalu, pada",crash,"apss, di, ios, ipad"
612,612,,,,,4.0,Di menh buku sering force close. Mohon update app nya. Tks.,-1.0,False,id,True,"buku, sering, mohon, nya, tks","force, close","di, menh, update, app"
613,613,,,,,3.0,Ga bs close di iPhone x,-1.0,False,it,True,ga,close,"bs, di, iphone, x"
614,614,,-1.0,,,3.0,"Aplikasi ini cukup bagus untuk membaca harian kompas, namun sayang belum/tidak bisa untuk akses kompas versi e-paper / digital.",,False,id,True,"aplikasi, ini, cukup, bagus, untuk, membaca, harian, namun, sayang, belum, tidak, bisa, untuk, akses, versi",e-paper,"kompas, kompas, digital"
615,615,,,-1.0,-1.0,1.0,"jadi member premium selama setahun sangat dirugikan, karena menu berita selalu diubah, kenapa cerpen yang harusnya berisi ratusan cerpen malah hanya menampilkan 4 cerpen saja? dimana saya bisa menemukan cerpen lain? terus dimama sajian humaniora? kok ilang? gak jelas, kadang di menu ekonomi ada berita hukum... perbaiki ya!",,False,id,False,"jadi, selama, setahun, sangat, dirugikan, karena, berita, selalu, diubah, kenapa, cerpen, yang, harusnya, berisi, ratusan, cerpen, malah, hanya, menampilkan, cerpen, saja, dimana, saya, bisa, menemukan, cerpen, lain, terus, sajian, humaniora, kok, ilang, gak, jelas, kadang, ekonomi, ada, berita, hukum, perbaiki",,"member, premium, menu, dimama, di, menu, ya"
616,616,,,,1.0,3.0,"aplikasi sering tidak berjalan lancar, ketika aplikasi dibuka yang muncul hanya halaman loading yang sangat lama, dan ujung ujungnya gagal memuat halaman, sering seperti ini, padahal sudah bayar dan langganan untuk satu tahun....sayang sekali, padahal kompas.id adalah salah satu rujukan untuk informasi berita yang kredibel.",-1.0,False,id,False,"aplikasi, sering, tidak, berjalan, lancar, ketika, aplikasi, dibuka, yang, muncul, hanya, halaman, yang, sangat, lama, dan, ujung, ujungnya, gagal, memuat, halaman, sering, seperti, ini, padahal, sudah, bayar, dan, langganan, untuk, satu, tahun, sayang, sekali, padahal, adalah, salah, satu, rujukan, untuk, informasi, berita, yang, kredibel",,"loading, kompas, id"
617,617,,-1.0,,1.0,4.0,beritanya lengkap sih. tpi gimana sih caranya liat berita-berita di bulan sebelumnya? atau 2-3 bulan yang lalu?? masa harus ngescroll?? capek bgt dong. padahal udh bayar,,False,id,False,"beritanya, lengkap, sih, tpi, gimana, sih, caranya, liat, berita-berita, bulan, sebelumnya, atau, bulan, yang, lalu, masa, harus, capek, bgt, dong, padahal, udh, bayar",,"di, ngescroll"
618,618,,,-1.0,,4.0,"saya sebenarnya suka sama aplikasi ini jadi bisa membaca artikel baru dengan mudah tapi saya tidak bisa membaca artikel lain lagi karna SAYA SUDAH MEMBACA ARTIKEL DI BULAN INI dan saya disuruh berlangganan yang awalnya 15rb tapi jadi 50rb setelah pembayaran pertama, aku akui aplikasi ini emang bagus banget jadi, aku bakal coba aplikasi ini lagi di lain waktu karna sekarang aku gapunya uang nya :p",,False,id,False,"saya, sebenarnya, suka, sama, aplikasi, ini, jadi, bisa, membaca, artikel, baru, dengan, mudah, tapi, saya, tidak, bisa, membaca, artikel, lain, lagi, karna, saya, sudah, membaca, artikel, bulan, ini, dan, saya, disuruh, berlangganan, yang, awalnya, tapi, jadi, setelah, pembayaran, pertama, aku, akui, aplikasi, ini, emang, bagus, banget, jadi, aku, bakal, coba, aplikasi, ini, lagi, lain, waktu, karna, sekarang, aku, uang, nya",,"di, rb, rb, di, gapunya, p"
619,619,1.0,,-1.0,,3.0,"aplikasi mudah untuk digunakan, cuma agak disayangkan kita sudah berlangganan premium masih dapat iklan digital segede gaban. semoga bisa dijadikan pertimbangan kritis tsb.",,False,id,False,"aplikasi, mudah, untuk, digunakan, cuma, agak, disayangkan, kita, sudah, berlangganan, masih, dapat, iklan, semoga, bisa, dijadikan, pertimbangan, kritis, tsb",,"premium, digital, segede, gaban"
620,620,,,,,4.0,"mengapa kompas e paper saya suka gagal masuk ??? sering bermasalah padahal saya sengaja berlangganan online agar lebih fleksibel , sudah sering kali mohon perhatian nya admin kompas yg terhormat",-1.0,False,id,True,"mengapa, saya, suka, gagal, masuk, sering, bermasalah, padahal, saya, sengaja, berlangganan, agar, lebih, fleksibel, sudah, sering, kali, mohon, perhatian, nya, admin, terhormat",paper,"kompas, e, online, kompas, yg"
621,621,,,,,1.0,"Pada awalnya kukasih bintang 4, karena soal fitur kolom komentar yang TDK bisa digunakan. Dan sekarang ini, kukasih bintang 1 karena tidak bisa akses di HP ku. Mohon diperbaiki aplikasinya, admin",-1.0,False,id,False,"pada, awalnya, bintang, karena, soal, fitur, kolom, komentar, yang, tdk, bisa, digunakan, dan, sekarang, ini, bintang, karena, tidak, bisa, akses, mohon, diperbaiki, aplikasinya, admin",,"kukasih, kukasih, di, hp, ku"
622,622,1.0,,1.0,,5.0,"Saya berlanganan dengan menggunakan voucher dari My Value, hitungannya jadi gratis dari poin. Kesan pertama saya, memang nyaman baca berita tanpa iklan dan visual yang memenajakan mata, dibanding baca berita gratisan yang penuh iklan.",,False,id,True,"saya, dengan, menggunakan, voucher, dari, hitungannya, jadi, gratis, dari, poin, kesan, pertama, saya, memang, nyaman, baca, berita, tanpa, iklan, dan, yang, mata, dibanding, baca, berita, gratisan, yang, penuh, iklan",value,"berlanganan, my, visual, memenajakan"
623,623,,,,,4.0,"Mohon maaf, saya sudah berlangganan namun susah sekali masuk ketika memasukkan email saya saat ini. Jadi tiba-tiba saja kayak hilang sinyal dan tidak bisa direfresh. Saya udah coba instal ulang tpi malah tidak bisa masuk melalui email saya. Mohon bantuannya!",-1.0,False,id,False,"mohon, maaf, saya, sudah, berlangganan, namun, susah, sekali, masuk, ketika, memasukkan, saya, saat, ini, jadi, tiba-tiba, saja, kayak, hilang, sinyal, dan, tidak, bisa, saya, udah, coba, instal, ulang, tpi, malah, tidak, bisa, masuk, melalui, saya, mohon, bantuannya",,"email, direfresh, email"
624,624,,,,1.0,5.0,Salah satu aplikasi yang memuat berbagai macam warta dan rubrik cerita baik dalam lingkup nasional maupun internasional secara lengkap. Dapat menjadi salah satu referensi informasi online.,,False,id,False,"salah, satu, aplikasi, yang, memuat, berbagai, macam, warta, dan, rubrik, cerita, baik, dalam, lingkup, nasional, maupun, internasional, secara, lengkap, dapat, menjadi, salah, satu, referensi, informasi",,online
625,625,1.0,1.0,,1.0,5.0,Tersedia berita dengan tampilan yang nyaman seperti membaca website tapi bedanya disini diberitakan secara lebih mendalam dan juga tanpa iklan yang mengganggu. Ada juga pilihan tampilan seperti koran. Selain itu ada fitur dimana AI bisa membacakan berita untuk kita sehingga kita tinggal mendengarkan saja tanpa harus membaca. Kita juga bisa download ebook gratis disini.,,False,id,False,"tersedia, berita, dengan, tampilan, yang, nyaman, seperti, membaca, tapi, bedanya, disini, diberitakan, secara, lebih, mendalam, dan, juga, tanpa, iklan, yang, mengganggu, ada, juga, pilihan, tampilan, seperti, koran, selain, itu, ada, fitur, dimana, bisa, membacakan, berita, untuk, kita, sehingga, kita, tinggal, mendengarkan, saja, tanpa, harus, membaca, kita, juga, bisa, gratis, disini",,"website, ai, download, ebook"
626,626,,,0.0,,3.0,Sebaiknya sih kalau itu berita digratiskan saja untuk umum kasian kalau disuruh bayar premium dulu kalo buat baca berita jadinya kayak ngga iklas ngasi berita,,False,id,False,"sebaiknya, sih, kalau, itu, berita, saja, untuk, umum, kasian, kalau, disuruh, bayar, dulu, kalo, buat, baca, berita, jadinya, kayak, ngga, berita",,"digratiskan, premium, iklas, ngasi"
627,627,0.0,,,,4.0,Tolong sediakan tampilan layout seperti berita digital pada umumnya juga di korannya. Bisa cek di tampilan aplikasi koran tempo. Kita buka koean di ponsel jadi harus repot zoom in zoom out dulu.,,False,id,True,"tolong, sediakan, tampilan, seperti, berita, pada, umumnya, juga, bisa, cek, tampilan, aplikasi, koran, tempo, kita, buka, ponsel, jadi, harus, repot, dulu",out,"layout, digital, di, korannya, di, koean, di, zoom, in, zoom"
628,628,-1.0,,,,3.0,kenapa tampilan ePaper nya muncul nama file di sebelah kanan yang menutupi teks sehingga menyulitkan membaca. khusus nya di akses menggunakan handphone. sementara di akses di tablet aman aja. mohon info bagaimana cara supaya tidak muncul nama file nya,,False,id,False,"kenapa, tampilan, nya, muncul, nama, sebelah, kanan, yang, menutupi, teks, sehingga, menyulitkan, membaca, khusus, nya, akses, menggunakan, handphone, sementara, akses, aman, aja, mohon, bagaimana, cara, supaya, tidak, muncul, nama, nya",,"epaper, file, di, di, di, di, tablet, info, file"
629,629,,,0.0,,2.0,"mohon maaf admin kompas, ijin menyampaikan untuk membuka artikel atau berita dalam kompas harus belangganan, apakah boleh secara GRATIS untuk memudahkan para pelajar dan mahasiswa untuk membaca berita dengan tidak memerlukan biaya. ada gratis tapi hanya untuk tiga kali saja. itu belum cukup puas buat para pelajar dan mahasiswa. Terimakasih",,False,id,False,"mohon, maaf, admin, ijin, menyampaikan, untuk, membuka, artikel, atau, berita, dalam, harus, apakah, boleh, secara, gratis, untuk, memudahkan, para, pelajar, dan, mahasiswa, untuk, membaca, berita, dengan, tidak, memerlukan, biaya, ada, gratis, tapi, hanya, untuk, tiga, kali, saja, itu, belum, cukup, puas, buat, para, pelajar, dan, mahasiswa, terimakasih",,"kompas, kompas, belangganan"
630,630,,,,1.0,3.0,Salam sejahtera kita semuaSemoga mendapat RahmatNya .Saya senang membuka Kompas kerna banyak berita berita yang pentig perlu diketahui sebagai pelajaran bagi kita semoga Kompas Sokses selalu Amiin YRA HjSaniah Tgl 10 Disember 2023,,False,id,False,"salam, sejahtera, kita, mendapat, saya, senang, membuka, banyak, berita, berita, yang, perlu, diketahui, sebagai, pelajaran, bagi, kita, semoga, selalu, amiin, tgl",,"semuasemoga, rahmatnya, kompas, kerna, pentig, kompas, sokses, yra, hjsaniah, disember"
631,631,,,,1.0,5.0,"Aplikasi Kompas.id ini sangat berguna sekali, semenjak saya menggunakan aplikasi ini, saya bisa mengetahui update berita terbaru, mantep banget guys 🤩🤩👍👍",,False,id,True,"aplikasi, ini, sangat, berguna, sekali, semenjak, saya, menggunakan, aplikasi, ini, saya, bisa, mengetahui, berita, terbaru, banget",guys,"kompas, id, update, mantep"
632,632,,,,1.0,5.0,"aplikasi berita bagus di tengah banjirnya informasi. baca kompas.id banyak ulasan, mencerahkan, bukan sekadar berita. search engine-nya mungkin bisa diperbaiki supaya pencarian lebih mudah.",,False,id,True,"aplikasi, berita, bagus, tengah, informasi, baca, banyak, ulasan, mencerahkan, bukan, sekadar, berita, engine-nya, mungkin, bisa, diperbaiki, supaya, pencarian, lebih, mudah",search,"di, banjirnya, kompas, id"
633,633,,,,,5.0,"Konsonan langit yang akan menjadi sebuah takdir cinta kita, menjadikan hamparan bahwa saksi ini, detik ini, secara sinaran ultrafeng yang mulai dinaungi oleh greenday akan menjadi cranberries cinta kita menjadi nyata. Aku sudah mempersembahkan terjun dari helikopter untuk kamu, sayang... by. vicky prasetyo",,False,id,True,"konsonan, langit, yang, akan, menjadi, sebuah, takdir, cinta, kita, menjadikan, hamparan, bahwa, saksi, ini, detik, ini, secara, yang, mulai, dinaungi, oleh, akan, menjadi, cinta, kita, menjadi, nyata, aku, sudah, mempersembahkan, terjun, dari, helikopter, untuk, kamu, sayang, vicky, prasetyo",cranberries,"sinaran, ultrafeng, greenday, by"
634,634,,,,,4.0,bLom melihat ada minusnya ntar kaLo da minusnya siap di komen ya? dan di perbaiki. tapi berusahalah untuk terus menjadi berita terkini,,False,id,False,"melihat, ada, ntar, kalo, siap, komen, dan, perbaiki, tapi, berusahalah, untuk, terus, menjadi, berita, terkini",,"blom, minusnya, da, minusnya, di, ya, di"
635,635,,,,,4.0,"SAYA SUDAH MENCOBA BETBSGAI APLILASI NAMUN ADA SAJA KENDALA YANG SAYA HADAPI DAN MENBACA TAWARAN APLIKASI INI KEKIATANNYA SANGAT BAGUS MAKA SAYA MAU MENCOBANYA, WASSALAM.",,False,id,False,"saya, sudah, mencoba, namun, ada, saja, kendala, yang, saya, hadapi, dan, tawaran, aplikasi, ini, sangat, bagus, maka, saya, mau, mencobanya, wassalam",,"betbsgai, aplilasi, menbaca, kekiatannya"
636,636,,,1.0,1.0,5.0,"Aplikasi yang sangat dibutuhkan bagi kaum anak muda, sangat recommended untuk berlangganan dengan segala fitur kerennya. Dari kompas muda, bahkan game edukatifnya. Luv bgt pokoknya...",,False,id,True,"aplikasi, yang, sangat, dibutuhkan, bagi, kaum, anak, muda, sangat, untuk, berlangganan, dengan, segala, fitur, kerennya, dari, muda, bahkan, bgt, pokoknya",recommended,"kompas, game, edukatifnya, luv"
637,637,-1.0,,,,5.0,"Untuk edisi e paper, pada setiap halaman, disamping kanan, selalu tertera nomor/angka2. Keberadaan nomor/angka ini menutupi sebagian teks berita, sehingga pembaca kesulitan untuk membaca teks berita. Hal ini sangat menganggu kenyamanan.",,False,id,True,"untuk, edisi, pada, setiap, halaman, disamping, kanan, selalu, tertera, nomor, angka, keberadaan, nomor, angka, ini, menutupi, sebagian, teks, berita, sehingga, pembaca, kesulitan, untuk, membaca, teks, berita, hal, ini, sangat, menganggu, kenyamanan",paper,e
638,638,-1.0,-1.0,,,1.0,"Kekurangan nya: kurang menarik mata dan tidak dapat di salin, kalau boleh sih harusnya bisa di salin karena para Mahasiswa atau Siswa sering memiliki tugas makala",,False,id,False,"kekurangan, nya, kurang, menarik, mata, dan, tidak, dapat, salin, kalau, boleh, sih, harusnya, bisa, salin, karena, para, mahasiswa, atau, siswa, sering, memiliki, tugas",,"di, di, makala"
639,639,,,,,5.0,sangat cocok bagi Anda ketahui sebelumnya yang hanya bisa pasrah saja dan kapan saja tanpa ada batasan usia kehamilan sekitar pukul penjualan mobil Honda Brio Satya dan darma jaya Cisauk Tangerang Selatan Banten Jakarta DKI Jakarta Jakarta barat Jakarta Selatan Banten dan Jawa timur dan barat komplit,,False,id,False,"sangat, cocok, bagi, anda, ketahui, sebelumnya, yang, hanya, bisa, pasrah, saja, dan, kapan, saja, tanpa, ada, batasan, usia, kehamilan, sekitar, pukul, penjualan, mobil, honda, brio, satya, dan, darma, jaya, tangerang, selatan, banten, jakarta, dki, jakarta, jakarta, barat, jakarta, selatan, banten, dan, jawa, timur, dan, barat, komplit",,cisauk
640,640,,,,,5.0,"PEMBIARAN PEMERINTAH dengan membibiarkan Galian C di wilayah Bekasi,kecamatan serang baru desa sirna jaya,seakan pemerintah setempat turup mata,kami sebagai warga masyarakat,tida seruju dengan ada nya perusahaan iru,karena sangat mengganggu aktipitas masyarakat,reutama ,jalanan rusak,",,False,id,False,"pemerintah, dengan, galian, wilayah, bekasi, kecamatan, serang, baru, desa, sirna, jaya, seakan, pemerintah, setempat, mata, kami, sebagai, warga, masyarakat, tida, dengan, ada, nya, perusahaan, karena, sangat, mengganggu, masyarakat, jalanan, rusak",,"pembiaran, membibiarkan, c, di, turup, seruju, iru, aktipitas, reutama"
641,641,,,-1.0,,1.0,"Bingung caranya berhenti berlangganan, udah ikuti instruksi tapi ga ketemu langkah yang diarahkan di petunjuk berhenti berlangganan. Ribet. Hal mendasar begini mestinya tinggal klik, selesai. Ga recommended buat yang cuma mau coba-coba.",,False,id,True,"bingung, caranya, berhenti, berlangganan, udah, ikuti, instruksi, tapi, ga, ketemu, langkah, yang, diarahkan, petunjuk, berhenti, berlangganan, ribet, hal, mendasar, begini, mestinya, tinggal, klik, selesai, ga, buat, yang, cuma, mau, coba-coba",recommended,di
642,642,,,,,2.0,Nama lengkap Dr Arifuddim MM sangat tertarik berita 2 ulasan sport sepak bola tennis berenang dan juga ulasan politik dalam negeri danluar negeri dan perkembangan sektor Maritim dan pelajaran di negeri kita sebagai salah satu negara maritim terbesar didunia terima kasih Atas perhatian wassalam,,False,id,True,"nama, lengkap, sangat, tertarik, berita, ulasan, sepak, bola, berenang, dan, juga, ulasan, politik, dalam, negeri, negeri, dan, perkembangan, sektor, maritim, dan, pelajaran, negeri, kita, sebagai, salah, satu, negara, maritim, terbesar, didunia, terima, kasih, atas, perhatian, wassalam",tennis,"dr, arifuddim, mm, sport, danluar, di"
643,643,,1.0,,,5.0,Baru saya sadari ternyata zoom-in dengan cara tap 2 kali saat membaca e-paper itu berbeda-beda. Kalo tap nya di text konten akan ngezoom-in sesuai ukuran layar. Kalo tap nya di gambar akan menyesuaikan ukuran layar. Mantap dah gak usah repot² ngezoom pake 2 jari. Makin nyaman baca koran sambil tiduran.,,False,id,True,"baru, saya, sadari, ternyata, dengan, cara, kali, saat, membaca, itu, berbeda-beda, kalo, nya, konten, akan, sesuai, ukuran, layar, kalo, nya, gambar, akan, menyesuaikan, ukuran, layar, mantap, dah, gak, usah, repot, pake, jari, makin, nyaman, baca, koran, sambil, tiduran","e-paper, text","zoom-in, tap, tap, di, ngezoom-in, tap, di, ngezoom"
644,644,,,-1.0,,1.0,"Sudah berlangganan, tapi tetap tidak bisa akses epaper, lewat shopeepay udah terbayarkan padahal. Rugi malah tidak ada pemberitahuan tidak ada layanan",-1.0,False,id,False,"sudah, berlangganan, tapi, tetap, tidak, bisa, akses, lewat, udah, terbayarkan, padahal, rugi, malah, tidak, ada, pemberitahuan, tidak, ada, layanan",,"epaper, shopeepay"
645,645,,,-1.0,1.0,5.0,bagus sekali aplikasi nya menbuat kita jadi ga ketinggalan impormasi cuma sayang kita hrs berlangganan dgn mahal di saat ekonomi sprti ini saya rasa itu sngt memberatkan pdhl impormasi itu hak masarakat tapi knpa hrs di bebankan dgn harga yg mahal mungkin hanya beberapa orang aja yg mau berlangganan tdk menjangkau semua kalangan masarakat.,,False,id,False,"bagus, sekali, aplikasi, nya, kita, jadi, ga, ketinggalan, cuma, sayang, kita, berlangganan, dgn, mahal, saat, ekonomi, ini, saya, rasa, itu, memberatkan, itu, hak, tapi, dgn, harga, mahal, mungkin, hanya, beberapa, orang, aja, mau, berlangganan, tdk, menjangkau, semua, kalangan",,"menbuat, impormasi, hrs, di, sprti, sngt, pdhl, impormasi, masarakat, knpa, hrs, di, bebankan, yg, yg, masarakat"
646,646,,,,,5.0,"""Media kompas tetaplah menjadi dirimu sendiri dan corong bagi seluruh isi bumi dan langit untuk menyuarakan hal benar kalau itu benar dan salah kalau itu salah walau mimis moncong senjata ada di kepalamu""",,False,id,False,"tetaplah, menjadi, dirimu, sendiri, dan, corong, bagi, seluruh, isi, bumi, dan, langit, untuk, menyuarakan, hal, benar, kalau, itu, benar, dan, salah, kalau, itu, salah, walau, moncong, senjata, ada, kepalamu",,"media, kompas, mimis, di"
647,647,0.0,,,1.0,4.0,"Bagus aplikasinya, beritanya selalu terupdate termasuk epapernya meski nggak selalu. Dan kalau bisa tambahkan efek 3D pada epapernya ketika berpindah halaman, agar terlihat seperti asli👍",,False,id,False,"bagus, aplikasinya, beritanya, selalu, terupdate, termasuk, meski, nggak, selalu, dan, kalau, bisa, tambahkan, efek, pada, ketika, berpindah, halaman, agar, terlihat, seperti, asli",,"epapernya, d, epapernya"
648,648,,,,,2.0,"isinya bagus, cuma setiap bulan saat saya membayar perpanjangan langganan Kompas.id dengan dipotong pulsa Indosat, selalu ada error, dan setiap bulan saya harus menghubungi Customer Service Kompas agar Kompas.id saya bisa diakses dan tidak ada perubahan perbaikan. Mohon bantuannya untuk perbaikan agar setiap saya memperpanjang langganan akses Kompas.id tidak ada kendala lagi dan bisa cukup praktis saat dipotong pulsa Indosat saya setiap bulan. Terima kasih",-1.0,False,id,True,"isinya, bagus, cuma, setiap, bulan, saat, saya, membayar, perpanjangan, langganan, dengan, dipotong, pulsa, indosat, selalu, ada, dan, setiap, bulan, saya, harus, menghubungi, agar, saya, bisa, diakses, dan, tidak, ada, perubahan, perbaikan, mohon, bantuannya, untuk, perbaikan, agar, setiap, saya, memperpanjang, langganan, akses, tidak, ada, kendala, lagi, dan, bisa, cukup, praktis, saat, dipotong, pulsa, indosat, saya, setiap, bulan, terima, kasih","customer, service","kompas, id, error, kompas, kompas, id, kompas, id"
649,649,,,,,1.0,"kl langganan ga bisa langsung masih harus lapor admin untuk aktifasi. ada bug, berupa notifikasi blm dibaca, walau sudah buka semua notifikasi.",-1.0,False,id,False,"langganan, ga, bisa, langsung, masih, harus, lapor, admin, untuk, ada, berupa, notifikasi, dibaca, walau, sudah, buka, semua, notifikasi",,"kl, aktifasi, bug, blm"
650,650,,-1.0,,,2.0,"Update terakhir justru membuat tidak nyaman, setiap membaca 1 artikel selalu kembali ke artikel paling baru/paling atas sehingga harus scroll ke bawah yg kadang2 butuh waktu lama",,False,id,False,"terakhir, justru, membuat, tidak, nyaman, setiap, membaca, artikel, selalu, kembali, artikel, paling, baru, paling, atas, sehingga, harus, bawah, kadang, butuh, waktu, lama",,"update, ke, scroll, ke, yg"
651,651,-1.0,,,,4.0,"Tolong Kompas.id, font-nya setelah update aplikasi Android kok jelek sekali, pusing bacanya. Lebih bagus font sebelumnya. Tolong kembalikan font yang lama. Atau setidak-tidaknya beri kami opsi untuk menggunakan font yang lama. Terimakasih.",,False,id,False,"tolong, font-nya, setelah, aplikasi, android, kok, jelek, sekali, pusing, bacanya, lebih, bagus, sebelumnya, tolong, kembalikan, yang, lama, atau, setidak-tidaknya, beri, kami, opsi, untuk, menggunakan, yang, lama, terimakasih",,"kompas, id, update, font, font, font"
652,652,,,,-1.0,1.0,"Independen terpercaya?? yakin ga tuh?Kayaknya kompas udah kehilangan arah. Makin kesini makin kelihatan framing yg disajikan tergantung uang dan kekuasaan.. Yg penting cuan, independensi nomer sekian",,False,id,True,"independen, terpercaya, yakin, ga, tuh, kayaknya, udah, kehilangan, arah, makin, kesini, makin, kelihatan, disajikan, tergantung, uang, dan, kekuasaan, penting, independensi, nomer, sekian",framing,"kompas, yg, yg, cuan"
653,653,,,,,1.0,"Kenapa selalu mendapat info bahwa saya belum langganan ya? Padahal sudah bayar langganan. Akhirnya coba batalin layanan, lalu langganan kembali. Hasilnya bisa dan aman. Tetapi keesokan harinya error kembali.",-1.0,False,id,False,"kenapa, selalu, mendapat, bahwa, saya, belum, langganan, padahal, sudah, bayar, langganan, akhirnya, coba, layanan, lalu, langganan, kembali, hasilnya, bisa, dan, aman, tetapi, keesokan, harinya, kembali",,"info, ya, batalin, error"
654,654,,,-1.0,1.0,3.0,"Big love for you! Tapi sayang banget mau apa apa harus premium, baca berita dua kali juga harus premium..🤦 ya kalo e-paper nya premium saya maklumi ya orang koran kerats aja ada harganya. Tapi untuk membaca sebuah berita artikel untuk kedua kalinya kok ya harus banget pake premium. Tapi jujur beritanya bagus bagus 🥲",,False,id,True,"tapi, sayang, banget, mau, apa, apa, harus, baca, berita, dua, kali, juga, harus, kalo, nya, saya, orang, koran, aja, ada, harganya, tapi, untuk, membaca, sebuah, berita, artikel, untuk, kedua, kalinya, kok, harus, banget, pake, tapi, jujur, beritanya, bagus, bagus","big, love, for, you, e-paper","premium, premium, ya, premium, maklumi, ya, kerats, ya, premium"
655,655,1.0,1.0,,1.0,5.0,"Sangat suka dengan kualitas sajian berita dan fotonya yang luar biasa. Aplikasinya juga sangat mudah digunakan, dan punya beberapa fitur unik yang sangat berguna, misalnya mengubah text menjadi suara.",,False,id,True,"sangat, suka, dengan, kualitas, sajian, berita, dan, fotonya, yang, luar, biasa, aplikasinya, juga, sangat, mudah, digunakan, dan, punya, beberapa, fitur, unik, yang, sangat, berguna, misalnya, mengubah, menjadi, suara",text,
656,656,,,,,1.0,"Saya sudah berlangganan, tapi kenapa sampai sekarang statusnya masih belum aktif? Padahal saya sudah mendapat email bahwa langganan saya sudah berhasil",-1.0,False,id,False,"saya, sudah, berlangganan, tapi, kenapa, sampai, sekarang, statusnya, masih, belum, aktif, padahal, saya, sudah, mendapat, bahwa, langganan, saya, sudah, berhasil",,email
657,657,,,,,5.0,"Saya bekerja sebagai penilai sejak tahun 1981,pernah Menjadi sekretaris Jenderal Asosiasi GAPPI(Gabungan Perusahaan Penilai indonesia).GAPPI telah dibubarkan pemerintah diganti oleh MAPPI yang juga dilahirkan oleh GAPPI",,False,id,False,"saya, bekerja, sebagai, penilai, sejak, tahun, pernah, menjadi, sekretaris, jenderal, asosiasi, gabungan, perusahaan, penilai, indonesia, telah, dibubarkan, pemerintah, diganti, oleh, yang, juga, dilahirkan, oleh",,"gappi, gappi, mappi, gappi"
658,658,,,1.0,1.0,5.0,"Dapat berita dan ulasan terbaik, di mana pun sesuai waktu yg diperlukan... ndak ribet juga utk jd pelanggan, bisa diatur sesuai kebutuhan. Terima kasih Kompas.id",,False,id,False,"dapat, berita, dan, ulasan, terbaik, mana, pun, sesuai, waktu, diperlukan, ndak, ribet, juga, utk, pelanggan, bisa, diatur, sesuai, kebutuhan, terima, kasih",,"di, yg, jd, kompas, id"
659,659,,,,,4.0,Awal saya sudah berlangganan. Trus kemudian tidak perpanjangan. Ketika saya mau langganan kembali Metode ditolak sistem. Padahal sebelum sama. Dipotong pulsa. Mohon solusi.,-1.0,False,id,False,"awal, saya, sudah, berlangganan, trus, kemudian, tidak, perpanjangan, ketika, saya, mau, langganan, kembali, metode, ditolak, sistem, padahal, sebelum, sama, dipotong, pulsa, mohon, solusi",,
660,660,,,,,5.0,"Pelayanan admin sangat responsif, awalnya saya terkendala akses padahal sudah berlangganan, tetapi dipandu dengan baik by wa, sekarang alhamdulillah sudah bisa akses tanpa kendala, sukses selalu Kompas.",1.0,False,id,False,"pelayanan, admin, sangat, responsif, awalnya, saya, terkendala, akses, padahal, sudah, berlangganan, tetapi, dipandu, dengan, baik, sekarang, alhamdulillah, sudah, bisa, akses, tanpa, kendala, sukses, selalu",,"by, wa, kompas"
661,661,,,,,3.0,"Saya masuk di PenulisKompas. Lumayan ribet.😇. untuk masuk ke Kompas.id Berulang"" coba, solusi mudahnya dong. Yg mudah dibuat nda usah ribet, yg sulit dicarikan solusi termudah. Bagaimana spy maju (ke depan), nyatanya apa"" supaya bayar. Kirim karyaku sejak tahun 1990 (puisi, cerpen, opini) belum 1 pun pernah tayang di versi cetak. 1990-2022 artinya 32 tahun. Salam, (Agustinus Andoyo Sulyantoro, S.Pd.) Nama pena: Lintang Alit Wetan",,False,id,True,"saya, masuk, lumayan, ribet, untuk, masuk, berulang, coba, solusi, mudahnya, dong, mudah, dibuat, usah, ribet, sulit, solusi, termudah, bagaimana, maju, depan, nyatanya, apa, supaya, bayar, kirim, sejak, tahun, puisi, cerpen, opini, belum, pun, pernah, tayang, versi, cetak, artinya, tahun, salam, agustinus, nama, pena, lintang, alit, wetan",spy,"di, penuliskompas, ke, kompas, id, yg, nda, yg, dicarikan, ke, karyaku, di, andoyo, sulyantoro, s, pd"
662,662,,,,1.0,5.0,"Kompas dari dulu adalah koran yg saya sukai berita dan opininya terpercaya..menjaga Indonesia tetap bersatu dan politisinya dan pemikinya punya moral,logika etika dan integritas...",,False,id,False,"dari, dulu, adalah, koran, saya, sukai, berita, dan, terpercaya, menjaga, indonesia, tetap, bersatu, dan, dan, punya, logika, etika, dan, integritas",,"kompas, yg, opininya, politisinya, pemikinya, moral"
663,663,,,,,1.0,"Gimana sih? Sudah langganan e paper tapi giliran mau dibuka suruh langganan lagi. Di klik langganan, keterangan sudah berlangganan. Ini saya yang bego atau gimana",-1.0,False,id,True,"gimana, sih, sudah, langganan, tapi, giliran, mau, dibuka, suruh, langganan, lagi, klik, langganan, keterangan, sudah, berlangganan, ini, saya, yang, bego, atau, gimana",paper,"e, di"
664,664,,,,,4.0,"Kemarin saya kesulitan membuka aplikasi dan tidak bisa login, baik lwat email ataupun google. Tapi setelah menyampaikan keluhan lewat wa admin kompas akhirnya dibantu dan saya bisa kembali mengakses aplikasi. Terima kasih admin.",1.0,False,id,False,"kemarin, saya, kesulitan, membuka, aplikasi, dan, tidak, bisa, login, baik, ataupun, tapi, setelah, menyampaikan, keluhan, lewat, admin, akhirnya, dibantu, dan, saya, bisa, kembali, mengakses, aplikasi, terima, kasih, admin",,"lwat, email, google, wa, kompas"
665,665,,,,,5.0,Aplikasi kerenn.. Min biasanya e-paper saya terbit pukul 1.00 tapi hari ini terbit kok pukul 6 apa karna aplikasi saya yak???,,False,id,True,"aplikasi, biasanya, saya, terbit, pukul, tapi, hari, ini, terbit, kok, pukul, apa, karna, aplikasi, saya, yak",e-paper,"kerenn, min"
666,666,,,,,5.0,Aplikasinya cepet banget dibenahi yang masalah ui buku. Saran saya untuk bukunya diupload seperti komik2 . Biar anak muda makin suka apps nya.,1.0,False,id,False,"aplikasinya, cepet, banget, dibenahi, yang, masalah, buku, saran, saya, untuk, bukunya, diupload, seperti, komik, biar, anak, muda, makin, suka, nya",,"ui, apps"
667,667,,-1.0,,,1.0,"Dulu epaper bisa dibaca walaupun sedang offline. Sekarang harus online dulu supaya bisa baca. Kalau begitu, buat apa ada fungsi download epaper? Payah sekali. Diupdate malah kualitasnya menurun",,False,id,False,"dulu, bisa, dibaca, walaupun, sedang, sekarang, harus, dulu, supaya, bisa, baca, kalau, begitu, buat, apa, ada, fungsi, payah, sekali, diupdate, malah, kualitasnya, menurun",,"epaper, offline, online, download, epaper"
668,668,,,,1.0,5.0,"Ketimbang Baca TEMPE Bagus Baca KOMPAS. Lebih berimbang, tetap beritika dalam pemberitaan baik bagus dan buruk soal kinerja Pemerintah, kritis dalam penyampaian untuk menegakan jurnalisme yang independen. SALUT. JANGAN SAMPAI SEPERTI TEMPO jadi SAMPAH.",,False,id,False,"ketimbang, baca, tempe, bagus, baca, lebih, berimbang, tetap, dalam, pemberitaan, baik, bagus, dan, buruk, soal, kinerja, pemerintah, kritis, dalam, penyampaian, untuk, jurnalisme, yang, independen, salut, jangan, sampai, seperti, tempo, jadi, sampah",,"kompas, beritika, menegakan"
669,669,,,,0.0,5.0,"Aq mnta beritanya kompas. id, lebh di prluaskn lagi sampai dunia biar yng pmbacanya mnkmtmtti lebh Luas oke!!!nmbh.dan jngn di mhlkn biayanya (usullan dari49035 )waslmmuallaikm wr.bk",,False,id,False,"beritanya, lagi, sampai, dunia, biar, yng, luas, dan, biayanya, dari",,"aq, mnta, kompas, id, lebh, di, prluaskn, pmbacanya, mnkmtmtti, lebh, oke, nmbh, jngn, di, mhlkn, usullan, waslmmuallaikm, wr, bk"
670,670,,,-1.0,,1.0,Sangat tidak membantu untuk dapat info secara rinci karena harus berlangganan dulu 😭😭 Saya tidak suka aplikasi ini ... Mohon maaf sebelumnya tapi itu pengalaman saya dengan app ini 🙏,,False,id,False,"sangat, tidak, membantu, untuk, dapat, secara, rinci, karena, harus, berlangganan, dulu, saya, tidak, suka, aplikasi, ini, mohon, maaf, sebelumnya, tapi, itu, pengalaman, saya, dengan, ini",,"info, app"
671,671,,,0.0,,4.0,"saran untuk kompas id , tolong mudah kan proses transaksi berlangganan di situs kompas.id , kalo bisa one clik pay , dan lebih responsif setelah transaksi , kendala utama adalah setelah pembayaran harus menunggu lama untuk dapat di proses , dan juga harus mengisi ulang formulir identitas setiap berlangganan.terimakasih",-1.0,False,id,True,"saran, untuk, tolong, mudah, kan, proses, transaksi, berlangganan, situs, kalo, bisa, dan, lebih, responsif, setelah, transaksi, kendala, utama, adalah, setelah, pembayaran, harus, menunggu, lama, untuk, dapat, proses, dan, juga, harus, mengisi, ulang, formulir, identitas, setiap, berlangganan, terimakasih","one, pay","kompas, id, di, kompas, id, clik, di"
672,672,,,,-1.0,1.0,Ga independen....jadilah media itu ibarat oposisi bagi pemerintah...g selalu pemerintah itu selalu benar....dan g selalu juga rakyat itu salah berimbanglah dalam menulis suatu berita,,False,id,False,"ga, independen, jadilah, itu, ibarat, oposisi, bagi, pemerintah, selalu, pemerintah, itu, selalu, benar, dan, selalu, juga, rakyat, itu, salah, dalam, menulis, suatu, berita",,"media, g, g, berimbanglah"
673,673,,,,1.0,5.0,"kompas tingkatkan lagi profesionalisme mu,,,, selalu berikan berita berita yg kredible , , dg itu maka masyarakat akan percaya padamu,,,, salam buat kak rosi silalahi",,False,id,False,"tingkatkan, lagi, profesionalisme, selalu, berikan, berita, berita, itu, maka, masyarakat, akan, percaya, padamu, salam, buat, kak, silalahi",,"kompas, mu, yg, kredible, dg, rosi"
674,674,,,,-1.0,1.0,Media tidak berbobot. Menyebarkan hoak. Judulnya tidak sesuai dengan kenyataan. Terbukti kerusuhan di Pekanbaru. Ojol bertindak bukan tidak ada sebab. Salah satu pengemudi ditendang dan dianiaya wajar lah ojol mengamuk. Nyesal saya download aplikasi mu. Kompas,,False,id,False,"tidak, berbobot, menyebarkan, judulnya, tidak, sesuai, dengan, kenyataan, terbukti, kerusuhan, pekanbaru, bertindak, bukan, tidak, ada, sebab, salah, satu, pengemudi, ditendang, dan, dianiaya, wajar, lah, mengamuk, saya, aplikasi",,"media, hoak, di, ojol, ojol, nyesal, download, mu, kompas"
675,675,,,1.0,1.0,5.0,"Di tahun berapa kalian tahu kalau kompascom berbeda dengan kompas.id ? Beneran dah adanya kompas.id membuat gw yang ga percaya berita kembali percaya lagi dengan berita karena semua beritanya di buat dengan akurat lengkap sama data-data yang benar2 prinsip jurnalistik tanpa unsur politik. Berbeda dari aplikasi2 berita yang hampir semuanya dibuat agar mancing orang baca biarpun isinya ga bagus, berita di kompas.id dibuat sesuai dengan tujuan berita. Ga rugi sih langganan 50.000 sebulan",,False,id,False,"tahun, berapa, kalian, tahu, kalau, berbeda, dengan, beneran, dah, adanya, membuat, gw, yang, ga, percaya, berita, kembali, percaya, lagi, dengan, berita, karena, semua, beritanya, buat, dengan, akurat, lengkap, sama, yang, benar, prinsip, jurnalistik, tanpa, unsur, politik, berbeda, dari, aplikasi, berita, yang, hampir, semuanya, dibuat, agar, mancing, orang, baca, biarpun, isinya, ga, bagus, berita, dibuat, sesuai, dengan, tujuan, berita, ga, rugi, sih, langganan, sebulan",,"di, kompascom, kompas, id, kompas, id, di, data-data, di, kompas, id"
676,676,,,,,5.0,Selamat pagi pak guru yang telah kamu lakukan saat ini aku masih sayang kamu juga harus di lakukan di musim hujan gini masih banyak yang suka kamu tonton di dalam negeri idaman itu yg bikin aku nangis lagi ya allah semoga panjang dapat membuat hidup lebih sehat dan kuat agama,,False,id,False,"selamat, pagi, pak, guru, yang, telah, kamu, lakukan, saat, ini, aku, masih, sayang, kamu, juga, harus, lakukan, musim, hujan, gini, masih, banyak, yang, suka, kamu, tonton, dalam, negeri, idaman, itu, bikin, aku, nangis, lagi, allah, semoga, panjang, dapat, membuat, hidup, lebih, sehat, dan, kuat, agama",,"di, di, di, yg, ya"
677,677,,,,1.0,5.0,"Kompas masih belum tercemar oleh pengusaha hitam seperti yang membeli saham detik dan tempo, yg membuat kehilangan etika jurnalistik tidak ada.",,False,id,False,"masih, belum, tercemar, oleh, pengusaha, hitam, seperti, yang, membeli, saham, detik, dan, tempo, membuat, kehilangan, etika, jurnalistik, tidak, ada",,"kompas, yg"
678,678,,,,-1.0,2.0,"Kasih bintang 2 dulu aja.tolong jangan ikut2an berita yg provokasi dan main politik kaya media mainstream tempo, CNN indonesia dan detik ..actual dan real aja beritanya pasti anda bisa jadi bintang 5. Dari dulu aku suka dengan kompas sampai bertahun2 langganan korannya. Please keep honesty with your news ok ..good luck",,False,id,True,"kasih, bintang, dulu, aja, tolong, jangan, ikut, berita, provokasi, dan, politik, kaya, tempo, indonesia, dan, detik, dan, aja, beritanya, pasti, anda, bisa, jadi, bintang, dari, dulu, aku, suka, dengan, sampai, bertahun, langganan","cnn, actual, real, please, keep, honesty, with, your, news, good, luck","an, yg, main, media, mainstream, kompas, korannya, ok"
679,679,1.0,,1.0,1.0,5.0,"Alasan saya pribadi lebih menyukai baca berita Kompas.id daripada portal berita online gratisan: • Kompas.id arus update beritanya tidak ngebut, jadinya kualitas konten berita Kompas.id dibahasnya lebih mendalam dan gak gegabah. Ini yang paling saya suka 💙. • Tampilan aplikasi Kompas.id bersih dari banner iklan dan gak disusupi video autoplay di dalam artikel. • Iuran langganan 50 ribu sebulan termasuk murah, eh dapet e-koran juga. Mantap.",,False,id,False,"alasan, saya, pribadi, lebih, menyukai, baca, berita, daripada, berita, gratisan, arus, beritanya, tidak, ngebut, jadinya, kualitas, konten, berita, lebih, mendalam, dan, gak, gegabah, ini, yang, paling, saya, suka, tampilan, aplikasi, bersih, dari, iklan, dan, gak, disusupi, dalam, artikel, iuran, langganan, ribu, sebulan, termasuk, murah, dapet, e-koran, juga, mantap",,"kompas, id, portal, online, kompas, id, update, kompas, id, dibahasnya, kompas, id, banner, video, autoplay, di, eh"
680,680,-1.0,,,,4.0,"Bagus, cantik. Tapi UInya belum konsisten. Aneh aja ada warna biru tua, biru muda, dan gradasi. Mending biru tua sih khas Kompas.",,False,id,False,"bagus, cantik, tapi, belum, konsisten, aneh, aja, ada, warna, biru, tua, biru, muda, dan, gradasi, mending, biru, tua, sih, khas",,"uinya, kompas"
681,681,,,,1.0,5.0,Kompas sudah terkenal selama puluhan tahun dengan produk jurnalistiknya yang berkelas dan berkualitas. Apalagi di tengah jaman modern saat ini kompas mampu membuat aplikasi digital yang mudah digunakan. Saat wabah ini kompas juga peduli dengan masyarakat karena menggratiskan layanan epaper untuk semua,,False,id,False,"sudah, terkenal, selama, puluhan, tahun, dengan, produk, yang, berkelas, dan, berkualitas, apalagi, tengah, jaman, saat, ini, mampu, membuat, aplikasi, yang, mudah, digunakan, saat, wabah, ini, juga, peduli, dengan, masyarakat, karena, layanan, untuk, semua",,"kompas, jurnalistiknya, di, modern, kompas, digital, kompas, menggratiskan, epaper"
682,682,,,,,5.0,"Permisi, maaf kalo agak OOT, saya ingin sedikit protes, tadi saya dapat notifikasi dari Kompasiana mengenai survei Kompasiana sendiri, tapi saya tidak bisa login, saya juga berpikir untuk mengisi waktu luang dengan menulis lagi di Kompasiana. Mohon di perbaiki lagi fitur login dan kolom menulis di webnya melalui smartphone, saya tidak bisa login dan menulis tadi, padahal hp ngk kentang wkwkw,, berhubungan Kompasiana tidak punya aplikasi, saya mohon maaf protes di kolom aplikasi ini. 🙏",,False,id,True,"permisi, maaf, kalo, agak, saya, ingin, sedikit, protes, tadi, saya, dapat, notifikasi, dari, mengenai, survei, sendiri, tapi, saya, tidak, bisa, login, saya, juga, berpikir, untuk, mengisi, waktu, luang, dengan, menulis, lagi, mohon, perbaiki, lagi, fitur, login, dan, kolom, menulis, webnya, melalui, smartphone, saya, tidak, bisa, login, dan, menulis, tadi, padahal, kentang, berhubungan, tidak, punya, aplikasi, saya, mohon, maaf, protes, kolom, aplikasi, ini",oot,"kompasiana, kompasiana, di, kompasiana, di, di, hp, ngk, wkwkw, kompasiana, di"
683,683,,0.0,,1.0,5.0,"Bagus. Akhirnya 'kompas dalam genggaman'. Bisa diajak menjadi teman ngopi di pagi hari. Terkait Aplikasi, apakah TTS bisa digunakan untuk versi online (e-paper)? Jika bisa, bagaimana dengan kupon yang dimaksud, dari mana mendapatkannya? Terima kasih jika berkenan Jawab",,False,id,True,"bagus, akhirnya, dalam, genggaman, bisa, diajak, menjadi, teman, ngopi, pagi, hari, terkait, aplikasi, apakah, tts, bisa, digunakan, untuk, versi, jika, bisa, bagaimana, dengan, kupon, yang, dimaksud, dari, mana, mendapatkannya, terima, kasih, jika, berkenan, jawab",e-paper,"kompas, di, online"
684,684,,,-1.0,,1.0,Saya sdh berlangganan Kompas Premium + Koran dan sudah di transfer juga pada saat yg sama tpi sampai skrg paket berlangganan saya masih tertahan. Perlu berapa lama untuk diproses sbnrnya berlangganan dikompas... Rugi sehari dong saya.,-1.0,False,id,False,"saya, sdh, berlangganan, koran, dan, sudah, juga, pada, saat, sama, tpi, sampai, skrg, paket, berlangganan, saya, masih, tertahan, perlu, berapa, lama, untuk, diproses, berlangganan, rugi, sehari, dong, saya",,"kompas, premium, di, transfer, yg, sbnrnya, dikompas"
685,685,,-1.0,,,4.0,"Saya berlangganan e-paper setiap kali membuka selalu mendownload untuk membaca, sebaiknya sudah bisa tersimpan dalam bentuk softcopy PDF, jadi setiap akan membaca koran e-paper tidak perlu lagi mendownload dan juga tidak akan membuat berat sistem pada aplikasi (untuk saat ini lemot untuk memindah halaman setiap kali membaca e-paper)",-1.0,False,id,True,"saya, berlangganan, setiap, kali, membuka, selalu, mendownload, untuk, membaca, sebaiknya, sudah, bisa, tersimpan, dalam, bentuk, jadi, setiap, akan, membaca, koran, tidak, perlu, lagi, mendownload, dan, juga, tidak, akan, membuat, berat, sistem, pada, aplikasi, untuk, saat, ini, lemot, untuk, memindah, halaman, setiap, kali, membaca","e-paper, e-paper, e-paper","softcopy, pdf"
686,686,,,-1.0,1.0,3.0,"Artikelnya kebanyakan berbayar, kurang leluasa untuk membaca padahal beritanya menarik, tau banyak berbayar jadi malas buat membaca. Jadi nilai paling minus dari kompas.id. Bukan nya gak bisa bayar, akan tetapi untuk 50k perbulan menurut saya terlalu expensive buat berita yang bisa dicari bebas di internet.",,False,id,True,"artikelnya, kebanyakan, berbayar, kurang, leluasa, untuk, membaca, padahal, beritanya, menarik, tau, banyak, berbayar, jadi, malas, buat, membaca, jadi, nilai, paling, dari, bukan, nya, gak, bisa, bayar, akan, tetapi, untuk, perbulan, menurut, saya, terlalu, buat, berita, yang, bisa, dicari, bebas",expensive,"minus, kompas, id, k, di, internet"
687,687,,,-1.0,-1.0,3.0,"Rubrik Jendela tidak disertakan di kemasan cetak. Payah. Padahal saya sudah menginginkan rubrik ini disertakan di kemasan cetak. Kalau mau baca, kudu bayar yang nilainya sampe sejuta. Sangat payah.",,False,id,False,"rubrik, jendela, tidak, disertakan, kemasan, cetak, payah, padahal, saya, sudah, menginginkan, rubrik, ini, disertakan, kemasan, cetak, kalau, mau, baca, kudu, bayar, yang, nilainya, sampe, sejuta, sangat, payah",,"di, di"
688,688,,-1.0,,,2.0,"Kok saya sudah berlangganan perbulan 50ribu ,knp harus tetap mendownload jika membuka e paper ??? Download nya pun harus pertanggal koran yang mau kita lihat dan ketika apliksi di tutup ,pas mau buka lagi kenapa harus mendownload lagi ya ? Padahal kan sudah di download .tolong di perbaiki aplikasinya,kalau kayak begini terus kan membuang quota .",,False,id,True,"kok, saya, sudah, berlangganan, perbulan, ribu, knp, harus, tetap, mendownload, jika, membuka, nya, pun, harus, koran, yang, mau, kita, lihat, dan, ketika, tutup, pas, mau, buka, lagi, kenapa, harus, mendownload, lagi, padahal, kan, sudah, tolong, perbaiki, aplikasinya, kalau, kayak, begini, terus, kan, membuang","paper, quota","e, download, pertanggal, apliksi, di, ya, di, download, di"
689,689,,,1.0,1.0,5.0,Ternyata asyik baca berita berkualitas dengan langganan premium di Kompas. Harga terjangkau dan bebas akses ke semua fitur Kompas. Bravo Kompas. 😉👍,,False,id,False,"ternyata, asyik, baca, berita, berkualitas, dengan, langganan, harga, terjangkau, dan, bebas, akses, semua, fitur",,"premium, di, kompas, ke, kompas, bravo, kompas"
690,690,,,0.0,1.0,5.0,"Untuk memproduksi berita bagus perlu biaya besar. Bagi yang tak ingin berlangganan atau membaca berita secara berbayar, bisa lewat aplkasi berita gratisan. Kompas jadi salah satu barometer media massa terpeecaya di tanah air. Maju terus di tengah konvergensi media. Salam.",,False,id,False,"untuk, memproduksi, berita, bagus, perlu, biaya, besar, bagi, yang, tak, ingin, berlangganan, atau, membaca, berita, secara, berbayar, bisa, lewat, berita, gratisan, jadi, salah, satu, massa, tanah, air, maju, terus, tengah, salam",,"aplkasi, kompas, barometer, media, terpeecaya, di, di, konvergensi, media"
691,691,,,-1.0,,1.0,Aslinya payah banget... Mo baca berita aja harus berbayar. Mending berita di sebelah aja lah. Padahal hanya ingin lihat iklan aja 😞 harus bayar..,,False,id,False,"aslinya, payah, banget, baca, berita, aja, harus, berbayar, mending, berita, sebelah, aja, lah, padahal, hanya, ingin, lihat, iklan, aja, harus, bayar",,"mo, di"
692,692,,-1.0,,,5.0,"Suka baca berita kompas cetak tapi sayang gak bisa tersimpan dokumen berita harian kompas epaper yg telah didownload, untuk nanti dibaca di kesempatan lain misalnya",,False,id,False,"suka, baca, berita, cetak, tapi, sayang, gak, bisa, tersimpan, dokumen, berita, harian, telah, didownload, untuk, nanti, dibaca, kesempatan, lain, misalnya",,"kompas, kompas, epaper, yg, di"
693,693,0.0,,,,4.0,"Saran, alangkah lebih bagusnya lagi kalau diberi fitur mode baca. Jadi 
latarnya berwarna gelap, shg nyaman untuk dibaca di area kurang cahaya",,False,id,False,"saran, alangkah, lebih, bagusnya, lagi, kalau, diberi, fitur, baca, jadi, berwarna, gelap, nyaman, untuk, dibaca, kurang, cahaya",,"mode, latarnya, shg, di, area"
694,694,,,,,4.0,"Bintang lima kalau ada aplikasi ini di Windows Store. Ingat lebih nyaman baca di PC, Laptop, dan Tablet daripada di HP. Ditunggu di Windows Store dan saya pasti langganan. Go paperless!",0.0,False,id,True,"bintang, lima, kalau, ada, aplikasi, ini, ingat, lebih, nyaman, baca, dan, daripada, ditunggu, dan, saya, pasti, langganan","store, store","di, windows, di, pc, laptop, tablet, di, hp, di, windows, go, paperless"
695,695,,,,,3.0,"Secara keseluruhan aplikasinya bagus. Tapi, terkadang suka ngaco. Kalo saya mau baca lagi edisi beberapa minggu lalu, aplikasinya langsung 'force close'. Entah ini karena hp saya atau memang dari aplikasinya. Juga, saya barusan unduh harian Kompas edisi hari ini, tapi pas dibuka malah cuma ada tanda kompas besar di tengah dan layarnya justru gelap. Mohon diperbaiki.",-1.0,False,id,True,"secara, keseluruhan, aplikasinya, bagus, tapi, terkadang, suka, kalo, saya, mau, baca, lagi, edisi, beberapa, minggu, lalu, aplikasinya, langsung, entah, ini, karena, saya, atau, memang, dari, aplikasinya, juga, saya, barusan, unduh, harian, edisi, hari, ini, tapi, pas, dibuka, malah, cuma, ada, tanda, besar, tengah, dan, layarnya, justru, gelap, mohon, diperbaiki","force, close","ngaco, hp, kompas, kompas, di"
696,696,0.0,-1.0,,,2.0,"1. Kenapa di aplikasi perlu download e-paper baru bisa dibaca, sedangkan di browser bisa langsung baca tanpa download? Tidak setiap waktu & semua orang mau/bisa download. Jangan skill issue. 

2. Please enable fitur rotate phone/baca secara landscape! Koran itu luas, buat apa ada 2-page view ketika baca koran tapi ga bisa baca secara landscape?",,False,id,True,"kenapa, aplikasi, perlu, baru, bisa, dibaca, sedangkan, bisa, langsung, baca, tanpa, tidak, setiap, waktu, semua, orang, mau, bisa, jangan, fitur, baca, secara, koran, itu, luas, buat, apa, ada, ketika, baca, koran, tapi, ga, bisa, baca, secara","e-paper, issue, please, enable, rotate, phone, landscape, page, view, landscape","di, download, di, browser, download, download, skill"
697,697,,,,,1.0,Udah dua hari ini section beranda loading terus dan di section e-paper dikatakan sedang dalam pemeliharaan. Emang sampai perlu dua hari ya untuk maintenance?,-1.0,False,id,True,"udah, dua, hari, ini, beranda, terus, dan, dikatakan, sedang, dalam, pemeliharaan, emang, sampai, perlu, dua, hari, untuk","section, section, e-paper, maintenance","loading, di, ya"
698,698,1.0,,,-1.0,2.0,"Canggih sebetulnya aplikasinya dan nyaman juga membukanya. Namun sayang setelah 2 tahun berlangganan, menurut saya konten materinya cenderung tidak netral dan ada yang mengendalikan dari politik. Terpaksa saya harus uninstall karena zaman seperti sekarang sangat perlu mendapatkan materi pemberitaan yang netral namun tidak mengurangi kualitas.",,False,id,False,"canggih, sebetulnya, aplikasinya, dan, nyaman, juga, membukanya, namun, sayang, setelah, tahun, berlangganan, menurut, saya, konten, materinya, cenderung, tidak, netral, dan, ada, yang, mengendalikan, dari, politik, terpaksa, saya, harus, karena, zaman, seperti, sekarang, sangat, perlu, mendapatkan, materi, pemberitaan, yang, netral, namun, tidak, mengurangi, kualitas",,uninstall
699,699,,-1.0,,,2.0,"skrg baca paper yg sudah didownload tetap harus connect internet. susah untuk baca di pesawat. di versi sebelumnya sudah nyaman untuk membaca offline, walaupun readernya tidak otomatis nenghilangkan kontrol yg ada di bawah halaman.",,False,id,True,"skrg, baca, sudah, didownload, tetap, harus, susah, untuk, baca, pesawat, versi, sebelumnya, sudah, nyaman, untuk, membaca, walaupun, tidak, otomatis, kontrol, ada, bawah, halaman","paper, connect","yg, internet, di, di, offline, readernya, nenghilangkan, yg, di"
700,700,,,,,2.0,"Download dan baca gratisan lancar, setelah sudah bayar langganan semua artikel di click tidak bisa kebuka, kontak CS bilang aplikasi eror dan disuru buka di website, rusak  aplikasinya udah 1 bulan langganan gak kepake jadinya. Krn ribet bgd harus buka web dan log-in2 lagi.",-1.0,False,id,True,"dan, baca, gratisan, lancar, setelah, sudah, bayar, langganan, semua, artikel, tidak, bisa, kontak, bilang, aplikasi, eror, dan, buka, rusak, aplikasinya, udah, bulan, langganan, gak, jadinya, krn, ribet, harus, buka, dan, lagi",click,"download, di, kebuka, cs, disuru, di, website, kepake, bgd, web, log-in"
701,701,-1.0,,,,2.0,"Setelah update, waktu baca ePaper dalam model full screen, tampilan pilihan halaman di bagian bawah tidak bisa auto-hide, sehingga artikel di bagian bawah tidak bisa terbaca.",,False,id,True,"setelah, waktu, baca, dalam, tampilan, pilihan, halaman, bagian, bawah, tidak, bisa, sehingga, artikel, bagian, bawah, tidak, bisa, terbaca","full, screen, auto-hide","update, epaper, model, di, di"
702,702,,,,,1.0,Aplikasinya tidak bisa digunakan dan konten tidak bisa diakses. Padahal sudah subscribe untuk 1 tahun. Customer service juga sama sekali tidak membantu padahal saya sudah hampir sebulan tidak bisa mengakses aplikasi. kompas sudah terang-terangan tidak peduli sudah merugikan konsumen.,-1.0,False,id,True,"aplikasinya, tidak, bisa, digunakan, dan, konten, tidak, bisa, diakses, padahal, sudah, untuk, tahun, juga, sama, sekali, tidak, membantu, padahal, saya, sudah, hampir, sebulan, tidak, bisa, mengakses, aplikasi, sudah, terang-terangan, tidak, peduli, sudah, merugikan, konsumen","subscribe, customer, service",kompas
703,703,,,,,3.0,"Pembaruan terbaru telah menghilangkan fitur untuk highlight kata dan menerjemahkannya. Fitur ini sangat bermanfaat bagi orang yang sedang belajar bahasa Indonesia, namun kini tidak lagi tersedia. Tolong kembalikan seperti semula!!!",-1.0,False,en,False,,"latest, has, removed, the, ability, highlight, words, and, this, was, amazing, service, for, people, learning, but, not, anymore, please, change, back","update, to, translate, an, indonesian"
704,704,,,,,1.0,"Masih ada subscribe 1 tahun, tapi akun tidak bisa login. Sudah pernah hubungin cs tapi tidak ada perbaikan sama sekali. Terima kasih",-1.0,False,id,True,"masih, ada, tahun, tapi, akun, tidak, bisa, login, sudah, pernah, tapi, tidak, ada, perbaikan, sama, sekali, terima, kasih",subscribe,"hubungin, cs"
705,705,-1.0,,,,3.0,"Viewing dr browser baik2 saja, namun tidak dr aplikasi, margin kanan kiri terpotong. Mengganggu sekali. Saya akses dr iPhone 12Pro, iOS 18.2. Mohon bantuannya",,False,id,True,"baik, saja, namun, tidak, aplikasi, kanan, kiri, terpotong, mengganggu, sekali, saya, akses, mohon, bantuannya","viewing, margin","dr, browser, dr, dr, iphone, pro, ios"
706,706,,,-1.0,,1.0,"Ketika bicara era, aplikasi seakan mengikuti tren kapitalis, dalam bahasa Jawa istilahnya ‘“Gruduk Sapen” atau “Rok-rok Asem”.

Apa iya platfom sebesar kompas dengan gedung mewahnya, Gramedia dan mendiang Jakob Oetama tidak memilah masyarakat indonesia secara bijak.

Tidak semua orang Indonesia “beruang”, kami yang dipelosok terjebak pada sistem UMR kadang merasa keberatan dan atas sistem berbayar, sedangkan paket data sudah mencekik, belum lagi BBM pun dikabarkan naik. Pisahkan golongan pembaca yang jelas kaya menengah dan kami kelas bawah supaya informasi dan edukasi merata. Bukankah hal ini sudah termaktub pada kaidah jurnalistik?",,False,id,True,"ketika, bicara, aplikasi, seakan, mengikuti, tren, kapitalis, dalam, bahasa, jawa, istilahnya, atau, rok-rok, asem, apa, iya, sebesar, dengan, gedung, gramedia, dan, mendiang, tidak, memilah, masyarakat, indonesia, secara, bijak, tidak, semua, orang, indonesia, beruang, kami, yang, terjebak, pada, sistem, umr, kadang, merasa, keberatan, dan, atas, sistem, berbayar, sedangkan, paket, sudah, mencekik, belum, lagi, bbm, pun, dikabarkan, naik, pisahkan, golongan, pembaca, yang, jelas, kaya, menengah, dan, kami, kelas, bawah, supaya, informasi, dan, edukasi, merata, bukankah, hal, ini, sudah, termaktub, pada, kaidah, jurnalistik",jakob,"era, gruduk, sapen, platfom, kompas, mewahnya, oetama, dipelosok, data"
707,707,,,,1.0,5.0,"Tiap hari saya baca kompas. Rubrik Opininya diisi oleh penulis-penulis yang kredible. Informasi yang saya dapat pun menambah pengetahuan, mempertajam cara pandang. Maju terus kompas!",,False,id,False,"tiap, hari, saya, baca, rubrik, diisi, oleh, penulis-penulis, yang, informasi, yang, saya, dapat, pun, menambah, pengetahuan, mempertajam, cara, pandang, maju, terus",,"kompas, opininya, kredible, kompas"
708,708,,,,,1.0,"Ribet lah, pake ini itu, zaman ura canggih gini hrsnya makin mudah, plug and play aja lah, nggak semua org ahli IT tau",,False,id,True,"ribet, lah, pake, ini, itu, zaman, canggih, gini, makin, mudah, aja, lah, nggak, semua, org, ahli, tau","plug, and, play","ura, hrsnya, it"
709,709,,,-1.0,,1.0,"Pada 18-Jan-2024 langganan pada applikasi baru, dibayar pakai Gojek Rp360,000 untuk 1 tahun.
Status langganan tetap tidak active pada saat membuka e-paper.
19-Jan-2024 aku coba bula e-paper, ligin melalui Apple dan ditagih oleh Apel Rp,359,000
Check WA online, pembayaran pada 18-Jan-2024 dinyatakan HILANG-dihapus dari starus langganan",-1.0,False,id,True,"pada, langganan, pada, applikasi, baru, dibayar, pakai, gojek, untuk, tahun, langganan, tetap, tidak, pada, saat, membuka, aku, coba, melalui, dan, ditagih, oleh, apel, pembayaran, pada, dinyatakan, hilang-dihapus, dari, langganan","active, e-paper, e-paper, check","jan, rp, status, jan, bula, ligin, apple, rp, wa, online, jan, starus"
710,710,,,,,5.0,"Aplikasi sudah cukup bagus dan stabil, login melalui Apple ID kadang terjadi error, hotline cukup responsif dan membantu melalui WA, hanya yang melalui telpon tidak diangkat. Kecepatan respon cukup baik.",1.0,False,id,False,"aplikasi, sudah, cukup, bagus, dan, stabil, login, melalui, kadang, terjadi, cukup, responsif, dan, membantu, melalui, hanya, yang, melalui, telpon, tidak, diangkat, kecepatan, respon, cukup, baik",,"apple, id, error, hotline, wa"
711,711,,,,,1.0,"kompasID. Kenapa ya? Setelah update, saya mau baca tentang topik Gaya, Kendara, malah apps tidak membuka. Sebagai gantinya malah di""lempar"" ke Safari (browser IOS), dan tidak jalan pula. Mohon perbaikan yaa.... Trims",-1.0,False,id,False,"kenapa, setelah, saya, mau, baca, tentang, topik, gaya, malah, tidak, membuka, sebagai, gantinya, malah, lempar, dan, tidak, jalan, pula, mohon, perbaikan, yaa, trims",,"kompasid, ya, update, kendara, apps, di, ke, safari, browser, ios"
712,712,,0.0,,,4.0,"Satu hal yang kurang: seharusnya ada fitur back to top, biasanya dengan klik tab aktif aplikasi agar bisa kembali ke konten teratas + refresh otomatis",,False,id,True,"satu, hal, yang, kurang, seharusnya, ada, fitur, biasanya, dengan, klik, aktif, aplikasi, agar, bisa, kembali, konten, teratas, otomatis","back, top","to, tab, ke, refresh"
713,713,,,,,4.0,"Saya pembaca setia kompas dengan menggunakan device Apple iPad Air lama saya yang update iOS-nya mentok di iOS 12. Dan saya sangat sedih sekali karena update terakhir aplikasi kompas di App Store mengharuskan versi iOS minimal iOS 14. Ini membuat saya tidak bisa lagi mengakses ePaper kompas dengan device saya lagi.

Mohon bantuannya untuk meneruskan support aplikasi kompas untuk iOS 12, agar saya tidak perlu membeli device baru.

Terima kasih.",-1.0,False,id,True,"saya, pembaca, setia, dengan, menggunakan, air, lama, saya, yang, ios-nya, mentok, dan, saya, sangat, sedih, sekali, karena, terakhir, aplikasi, mengharuskan, versi, minimal, ini, membuat, saya, tidak, bisa, lagi, mengakses, dengan, saya, lagi, mohon, bantuannya, untuk, meneruskan, aplikasi, untuk, agar, saya, tidak, perlu, membeli, baru, terima, kasih","device, store, device, support, device","kompas, apple, ipad, update, di, ios, update, kompas, di, app, ios, ios, epaper, kompas, kompas, ios"
714,714,,,,1.0,4.0,"Berita di kompas sangat komprehensif dan lengkap. Sangat menginspirasi. Rubrik favorit sa adalah Humaniora dengan pendekatan yang halus namun tetap tajam. Sa pun setiap pagi dapat membaca ePaper kompas, yang kemudian pecahan beritanya pada berbagai artikel di kompas. Sa sangat mengapresiasi kinerja Jurnalistik yang semacam ini. Cuma saran saja, tolong diekspansi ke iOS 12 supaya beberapa kawan sa bisa juga menikmatinya lewat App. Itu saja sih, selebihnya kompas memang Worth it. Terima kasih, kompas. Memang kompas Amanat Hati Nurani Rakyat. Salaam 

- DSAB (Juga Mewakili Angga Bassoni Al Barkah & Ayisha Abdul Basith)",,False,id,True,"berita, sangat, komprehensif, dan, lengkap, sangat, menginspirasi, rubrik, favorit, adalah, humaniora, dengan, pendekatan, yang, halus, namun, tetap, tajam, pun, setiap, pagi, dapat, membaca, yang, kemudian, pecahan, beritanya, pada, berbagai, artikel, sangat, mengapresiasi, kinerja, jurnalistik, yang, semacam, ini, cuma, saran, saja, tolong, supaya, beberapa, kawan, bisa, juga, menikmatinya, lewat, itu, saja, sih, selebihnya, memang, terima, kasih, memang, amanat, hati, nurani, rakyat, juga, mewakili, angga, abdul",worth,"di, kompas, sa, sa, epaper, kompas, di, kompas, sa, diekspansi, ke, ios, sa, app, kompas, it, kompas, kompas, salaam, dsab, bassoni, al, barkah, ayisha, basith"
715,715,,,,,1.0,Saya pengguna baru dan penasaran untuk membaca berita di kompas. Namun sayang ketika saya coba scroll beritanya aplikasi langsung force close. Selain itu agak berat juga ketika scroll.,-1.0,False,id,True,"saya, pengguna, baru, dan, penasaran, untuk, membaca, berita, namun, sayang, ketika, saya, coba, beritanya, aplikasi, langsung, selain, itu, agak, berat, juga, ketika","force, close","di, kompas, scroll, scroll"
716,716,1.0,,,,5.0,"Sekarang sudah bisa portrait, sudah ga laggy pas ganti halaman. Good job deh akhirnya setelah beberapa bulan ngeluh via DM IG, sekarang nyaman lagi baca koran di iPad. Rating saya ubah ke 5. Masih jadi favorit berita kompas sampai sekarang.",1.0,False,id,True,"sekarang, sudah, bisa, sudah, ga, pas, ganti, halaman, deh, akhirnya, setelah, beberapa, bulan, sekarang, nyaman, lagi, baca, koran, saya, ubah, masih, jadi, favorit, berita, sampai, sekarang","portrait, good, job","laggy, ngeluh, via, dm, ig, di, ipad, rating, ke, kompas"
717,717,1.0,,,,5.0,"Update 05 May 2022 :

“Setelah komplain via email pertengahan April 2022, hari ini muncul update kompas di appstore, dan kali ini mode potrait sudah dikembalikan utk para pembaca. Bravo tim IT kompas, terima kasih…ratingnya sy naikkan jadi 5* ( dr 2*)”

Update versi ipad terbaru menyebabkan tidak bisa membaca dgn mode potrait, sangat tidak nyaman, harusnya pembaca diberikan pilihan untuk memilihmpottait atau landscape, pdhl udah nyaman dgn kondisi sebelumnya bertahun2",1.0,False,id,True,"setelah, komplain, pertengahan, hari, ini, muncul, dan, kali, ini, sudah, dikembalikan, utk, para, pembaca, tim, terima, kasih, naikkan, jadi, versi, terbaru, menyebabkan, tidak, bisa, membaca, dgn, sangat, tidak, nyaman, harusnya, pembaca, diberikan, pilihan, untuk, atau, udah, nyaman, dgn, kondisi, sebelumnya, bertahun","may, landscape","update, via, email, april, update, kompas, di, appstore, mode, potrait, bravo, it, kompas, ratingnya, sy, dr, update, ipad, mode, potrait, memilihmpottait, pdhl"
718,718,-1.0,,,,1.0,"e-paper gak nyaman dibaca dengan iPad karena update terakhir cuma bisa dibaca dengan mode landscape doang, sebelumnya mode potrait bisa. Payah!",,False,id,True,"gak, nyaman, dibaca, dengan, karena, terakhir, cuma, bisa, dibaca, dengan, doang, sebelumnya, bisa, payah","e-paper, landscape","ipad, update, mode, mode, potrait"
719,719,-1.0,,,1.0,5.0,"Untuk update terakhir posisi di ipad selalu default landscape, padahal orientasi sudah di lock pada posisi potrait. Tolong segera diperbaiki terima kasih.

Selain bug di update terakhir overall untuk epaper sangat membantu dalam membaca koran kompas secara digital. 

Sukses selalu untuk team kompas",,False,id,True,"untuk, terakhir, posisi, selalu, padahal, orientasi, sudah, pada, posisi, tolong, segera, diperbaiki, terima, kasih, selain, terakhir, untuk, sangat, membantu, dalam, membaca, koran, secara, sukses, selalu, untuk","default, landscape, lock, overall, team","update, di, ipad, di, potrait, bug, di, update, epaper, kompas, digital, kompas"
720,720,,0.0,,,5.0,"Bagaimana caranya mengunduh epaper ke PDF? Seingat saya aplikasi terdahulu bisa dilakukan, namun sejak aplikasi yg baru ini tdk bisa atau mungkin sy belum tahu cara mengunduh epaper PDF?

Saya pelanggan berbayar, agak menyangkan kalau epaper tdk bs sy unduh utk dokumentasi (kliping) digital saya.",,False,id,False,"bagaimana, caranya, mengunduh, saya, aplikasi, terdahulu, bisa, dilakukan, namun, sejak, aplikasi, baru, ini, tdk, bisa, atau, mungkin, belum, tahu, cara, mengunduh, saya, pelanggan, berbayar, agak, kalau, tdk, unduh, utk, dokumentasi, kliping, saya",,"epaper, ke, pdf, seingat, yg, sy, epaper, pdf, menyangkan, epaper, bs, sy, digital"
721,721,1.0,,,,5.0,"Setelah update ios dan update app kompas, sudah bisa masuk akun dengan lancar, desain dan peforma juga makin bagus. Good Job untuk developernya.",1.0,False,id,True,"setelah, dan, sudah, bisa, masuk, akun, dengan, lancar, desain, dan, juga, makin, bagus, untuk","good, job","update, ios, update, app, kompas, peforma, developernya"
722,722,,,,0.0,5.0,"Pembaruan terbarunya ringan dan cepat. Kerja bagus, Kompas. Saya berharap ada lebih banyak variasi konten selain berita, video, e-paper, dan artikel interaktif. Mungkin podcast atau video pendek?",1.0,False,en,False,,"the, new, light, and, fast, good, work, the, device, limit, confusing, would, love, get, more, variety, contents, other, than, news, videos, and, articles, podcasts, and, short, videos, perhaps","update, is, kompas, is, to, if, epaper, interactiver"
723,723,,,,,2.0,"Berita yang saya buka pada aplikasi selalu tidak terbuka dan ada note belum berlangganan, padahal saya sudah login dan akun saya statusnya sudah berlangganan, ini terjadi setelah update terakhir. mohon ditangani ya

Terima Kasih",-1.0,False,id,True,"berita, yang, saya, buka, pada, aplikasi, selalu, tidak, terbuka, dan, ada, belum, berlangganan, padahal, saya, sudah, login, dan, akun, saya, statusnya, sudah, berlangganan, ini, terjadi, setelah, terakhir, mohon, ditangani, terima, kasih",note,"update, ya"
724,724,,,,,1.0,Setelah update ke iPad OS 15 artikel2nya ga ada yang bisa dibuka. Setiap diklik loading terus ga selesai2. Please fix this…,-1.0,False,id,True,"setelah, artikel, nya, ga, ada, yang, bisa, dibuka, setiap, terus, ga, selesai","please, fix, this","update, ke, ipad, os, diklik, loading"
725,725,,,,,1.0,"! 

QR Code yang Anda masukkan tidak sesuai. Pastikan Anda memindai QR Code pada Harian kompas edisi hari ini.

Selalu qr code dari harian cetak tidak sesuai, padahal adalah edisi terbatu/hari ini. Sudah lebih dari 3 hari begini.",-1.0,False,id,True,"yang, anda, masukkan, tidak, sesuai, pastikan, anda, memindai, pada, harian, edisi, hari, ini, selalu, dari, harian, cetak, tidak, sesuai, padahal, adalah, edisi, hari, ini, sudah, lebih, dari, hari, begini","code, code, code","qr, qr, kompas, qr, terbatu"
726,726,,-1.0,,,1.0,"- tidak mudah untuk refresh untuk menampilkan beruta terbaru — atau untuk menampilkan berita yang lebih lama
- tidak ada feature filter/sort berdasarkan tanggal terbit
- e-paper tidak dapat mengakses berita yang lebih lama dari sebulan yang lalu
- masih sering terjadi link berita yang error
- terkadang masih memonta login ulang ketika link berita akan dibuka",-1.0,False,id,True,"tidak, mudah, untuk, untuk, menampilkan, terbaru, atau, untuk, menampilkan, berita, yang, lebih, lama, tidak, ada, berdasarkan, tanggal, terbit, tidak, dapat, mengakses, berita, yang, lebih, lama, dari, sebulan, yang, lalu, masih, sering, terjadi, berita, yang, terkadang, masih, login, ulang, ketika, berita, akan, dibuka","feature, sort, e-paper","refresh, beruta, filter, link, error, memonta, link"
727,727,,-1.0,,,3.0,"kurang puas membaca lewat aplikasi karena pembaruan fitur yang lamban. tema night mode belum bisa berjalan di iphone 12. selain itu, sulit mencari versi berita digital dari tiap berita di halaman koran/epaper.",-1.0,False,id,True,"kurang, puas, membaca, lewat, aplikasi, karena, pembaruan, fitur, yang, lamban, tema, belum, bisa, berjalan, selain, itu, sulit, mencari, versi, berita, dari, tiap, berita, halaman, koran",night,"mode, di, iphone, digital, di, epaper"
728,728,,-1.0,,,1.0,"Kenapa skg ga ada menu kirim email ya? Bisa tlg di tambah in menu email, karena dgn format pdf lbh mudah di baca.",,False,id,False,"kenapa, ga, ada, kirim, bisa, tambah, karena, dgn, lbh, mudah, baca",,"skg, menu, email, ya, tlg, di, in, menu, email, format, pdf, di"
729,729,-1.0,,,1.0,5.0,"Saya suka tampilan berita epapernya kompas tapi yang buat kesal saya harus pegang dalam kondisi portrait IPAD saya, mohon diupgrade supaya bisa tampilannya landscape ya min. So far sumber berita yang saya gunakan selalu kompas terima kasih, selalu berkarya ya. Sekarang saya kasih bintang 3, kalau nanti sudah landscape saya kasih bintang 4. Joss gandosss...",,False,id,True,"saya, suka, tampilan, berita, tapi, yang, buat, kesal, saya, harus, pegang, dalam, kondisi, saya, mohon, diupgrade, supaya, bisa, tampilannya, sumber, berita, yang, saya, gunakan, selalu, terima, kasih, selalu, berkarya, sekarang, saya, kasih, bintang, kalau, nanti, sudah, saya, kasih, bintang","portrait, landscape, far, landscape","epapernya, kompas, ipad, ya, min, so, kompas, ya, joss, gandosss"
730,730,,-1.0,,,1.0,"Jangan langganan & download appsnya..sekelas kompas aplikasinya sampah, yakali mau baca berita harus klik link dulu trs bacanya di browser lg..trs gunanya aplikasi buat apa..semoga cepet di takedown apple deh nih aplikasi.",,False,id,True,"jangan, langganan, sekelas, aplikasinya, sampah, mau, baca, berita, harus, klik, dulu, bacanya, gunanya, aplikasi, buat, apa, semoga, cepet, deh, nih, aplikasi","trs, trs, takedown","download, appsnya, kompas, yakali, link, di, browser, lg, di, apple"
731,731,,-1.0,,,4.0,Suka dengan app ini cuman kadang suka berulang beritanya kalo lagi scrolling seharusnya ke berita yang lebih lama jadinya terbatas membaca berita,,False,id,True,"suka, dengan, ini, cuman, kadang, suka, berulang, beritanya, kalo, lagi, seharusnya, berita, yang, lebih, lama, jadinya, terbatas, membaca, berita",scrolling,"app, ke"
732,732,0.0,0.0,,,2.0,"Tab pilihanku kadang ada kadang engga. bikin lah tab khusus supaya bisa endless scrolling gt kalo milih berita, jd bukan berita hari itu aja. Untuk epaper lebih enak kalo judul berita disitu berupa link dan bisa langsung klik dan berubah menjadi tampilan baca.",,False,id,True,"pilihanku, kadang, ada, kadang, engga, bikin, lah, khusus, supaya, bisa, kalo, milih, berita, bukan, berita, hari, itu, aja, untuk, lebih, enak, kalo, judul, berita, disitu, berupa, dan, bisa, langsung, klik, dan, berubah, menjadi, tampilan, baca","endless, scrolling","tab, tab, gt, jd, epaper, link"
733,733,,,,1.0,5.0,"Sejak beberapa hari yang lalu, saya mencoba mencari sumber berita seperti ketika membaca koran era dahulu, yang detail dalam penulisannya, demi akurasi informasi yang mau saya peroleh. kompas sepertinya memberikan jawaban itu untuk saya.",,False,id,False,"sejak, beberapa, hari, yang, lalu, saya, mencoba, mencari, sumber, berita, seperti, ketika, membaca, koran, dahulu, yang, dalam, penulisannya, demi, akurasi, informasi, yang, mau, saya, peroleh, sepertinya, memberikan, jawaban, itu, untuk, saya",,"era, detail, kompas"
734,734,,,,,1.0,"Pada awalnya download ePaper kompas sangat lancar. Setelah berjalan 3-4 bulan download menjadi sangat lamban. Terbitan 28 April perlu upaya berkali-kali kadangkala diakhiri pemberitahuan time-out dan akhirnya berhasil download 100% dengan waktu 15-20 menit. 

Cape deh.

Pertimbangkan ulang apabila anda ingin berlangganan.",-1.0,False,id,True,"pada, awalnya, sangat, lancar, setelah, berjalan, bulan, menjadi, sangat, lamban, terbitan, perlu, upaya, berkali-kali, kadangkala, diakhiri, pemberitahuan, dan, akhirnya, berhasil, dengan, waktu, menit, deh, pertimbangkan, ulang, apabila, anda, ingin, berlangganan",time-out,"download, epaper, kompas, download, april, download, cape"
735,735,-1.0,1.0,,1.0,4.0,"Aplikasi cukup bagus, news lengkap, mudah download e paper. Tapi sayangnya gabisa tampilan landscape, padahal baca koran lebih enak landscape ya.
Will edit to 5 stars when landscape mode enabled 😊",,False,id,True,"aplikasi, cukup, bagus, lengkap, mudah, tapi, sayangnya, tampilan, padahal, baca, koran, lebih, enak","news, paper, landscape, landscape, will, stars, when, landscape, enabled","download, e, gabisa, ya, edit, to, mode"
736,736,,0.0,,,4.0,"tolong tambahkan fitur baca nanti di setiap artikel baik di web maupun di aplikasi karena beberapa artikel tidak ada fungsi baca nanti,,terima kasih",,False,id,False,"tolong, tambahkan, fitur, baca, nanti, setiap, artikel, baik, maupun, aplikasi, karena, beberapa, artikel, tidak, ada, fungsi, baca, nanti, terima, kasih",,"di, di, web, di"
737,737,,,-1.0,-1.0,4.0,"Rasa nya tidak etis saja jika seseorang merogoh kocek nya untuk berlangganan sebuah portal berita tetapi timbal balik nya tidak sesuai ekspetasi. Saat saya ingin membaca tentang analisa taktik klub sepak bola Barcelona di tutur visual, terima kasih yang saya dapat hanya background para pemain dan judul nya saja",,False,id,True,"rasa, nya, tidak, etis, saja, jika, seseorang, merogoh, nya, untuk, berlangganan, sebuah, berita, tetapi, timbal, balik, nya, tidak, sesuai, saat, saya, ingin, membaca, tentang, analisa, taktik, klub, sepak, bola, barcelona, tutur, terima, kasih, yang, saya, dapat, hanya, para, pemain, dan, judul, nya, saja",background,"kocek, portal, ekspetasi, di, visual"
738,738,-1.0,,,,1.0,"Would like to measure how long kompas will fix the bug 🙄 crash everytime in ipad/ios, and what about landscape view?
Klik!",-1.0,False,en,True,klik,"would, like, measure, how, long, will, fix, the, crash, everytime, and, what, about, landscape, view","to, kompas, bug, in, ipad, ios"
739,739,,,,,1.0,"Aplikasi saya sudah versi terbaru, namun saya terus diminta untuk mengunduh versi terbaru (yang sebenarnya tidak ada). Setelah mencoba berkali-kali, saya tetap tidak bisa membuka aplikasi maupun membaca korannya. Masalah ini sudah pernah terjadi sebelumnya, dan lama-kelamaan hal ini mulai menjengkelkan.",-1.0,False,en,False,,"date, yet, have, been, prompted, the, latest, version, the, non-exist, after, trying, for, many, times, still, can’t, open, the, and, read, the, paper, this, problem, has, happened, before, and, after, while, getting, irritating","my, app, is, up, to, i, to, download, of, app, i, app, a, it, is"
740,740,-1.0,,1.0,,1.0,"Saya mengapresiasi strategi Kompas dalam menawarkan layanan berita berbayar (premium). Sejujurnya, saya lebih memilih membayar daripada harus terus-menerus dibombardir dengan banyak iklan. Namun, saya tidak menemukan opsi berlangganan di dalam aplikasi. Apakah saya harus mendaftar paket berlangganan melalui situs webnya? Aplikasi yang mengalami crash hingga 3 kali dalam waktu 5 menit itu sungguh tidak bisa diterima. Oh ya, apa gunanya membuat aplikasi iPad jika tidak mendukung tampilan landscape dan pengalaman penggunaannya pun terbatas (dibandingkan dengan versi web. Untuk saat ini, mengakses lewat situs web jauh lebih baik daripada menggunakan aplikasinya.",-1.0,False,en,False,,"give, props, for, their, strategy, offering, paid, news, fact, would, gladly, pay, rather, than, blasted, with, lots, advertising, however, didn’t, see, the, subscription, option, from, within, the, should, opt, subscription, plan, from, within, the, application, crashes, times, minutes, unacceptable, yeah, whats, the, point, making, you, can’t, even, support, landscape, viewing, and, limited, experience, compared, version, for, now, more, way, than, accessing, from","i, to, kompas, in, premium, in, i, to, be, of, i, app, i, web, in, is, ouw, of, ipad, app, if, to, web, web, is, a, to, go, app"
741,741,,0.0,,,5.0,"Kehadiran kompas cukup saya tunggu-tunggu karena saya merupakan pelanggan & pembaca setia koran kompas. Dalam beberapa tahun belakangan semenjak kompas muncul dalam versi digital di toko-toko buku digital saya memilih untuk berlangganan tidak lagi secara fisik namun secara e-papper dimana saya bisa membaca dengan mudah di gawai saya.

Kehadiran kompas merupakan salah satu perwujudan dari perkembangan jaman dimana perubahan-perubahan berjalan mengiringi perkembangan teknologi, terutama dalam perkembangan telephone pintar yang semakin maju.

Lebih baik lagi jika tim kompas mulai memikirkan bagaimana jika applikasi ini dipakai dalam keadaan luring / offline mode. Ini akan sangat bermanfaat bagi para pembaca yang mungkin tidak terkoneksi dengan jaringan dalam beberapa saat dan ingin membaca apa yang sudah di unduh terlebih dahulu sebelumnya

Salam hangat

Pembaca setia kompas",,False,id,True,"kehadiran, cukup, saya, tunggu-tunggu, karena, saya, merupakan, pelanggan, pembaca, setia, koran, dalam, beberapa, tahun, belakangan, semenjak, muncul, dalam, versi, toko-toko, buku, saya, memilih, untuk, berlangganan, tidak, lagi, secara, fisik, namun, secara, dimana, saya, bisa, membaca, dengan, mudah, gawai, saya, kehadiran, merupakan, salah, satu, perwujudan, dari, perkembangan, jaman, dimana, perubahan-perubahan, berjalan, mengiringi, perkembangan, teknologi, terutama, dalam, perkembangan, pintar, yang, semakin, maju, lebih, baik, lagi, jika, tim, mulai, memikirkan, bagaimana, jika, applikasi, ini, dipakai, dalam, keadaan, ini, akan, sangat, bermanfaat, bagi, para, pembaca, yang, mungkin, tidak, terkoneksi, dengan, jaringan, dalam, beberapa, saat, dan, ingin, membaca, apa, yang, sudah, unduh, terlebih, dahulu, sebelumnya, salam, hangat, pembaca, setia","telephone, luring","kompas, kompas, kompas, digital, di, digital, e-papper, di, kompas, kompas, offline, mode, di, kompas"
742,742,,,,,1.0,"Salah satu alasan saya membeli iPad 2017 adalah untuk membaca Kompas, namun saya sangat kecewa dengan aplikasi Kompas. Baru saja diinstal, lalu dibuka, aplikasi itu tiba-tiba tertutup sendiri. Bagaimana saya bisa berlangganan Kompas secara rutin jika begini? Tolong perbaiki masalah ini; aplikasi lain bisa berjalan dengan sangat lancar, masa surat kabar nasional sebesar ini tidak bisa membuat aplikasinya berjalan dengan baik?",-1.0,False,en,False,,"one, reason, buy, reading, very, disappointed, just, then, open, and, close, suddenly, come, how, want, subscribe, regularly, please, fix, them, when, others, runs, very, well, this, big, national, paper, can, not, this, running, well","ipad, is, kompas, on, kompas, apps, install, on, i, to, kompas, apps, is, do, apps"
743,743,,,,,1.0,"Baru testing dengan ipad 2 retina, di ios 11.3.1 selalu nutup ketika baru dibuka, mohon diperbaiki ga ada guna subs dan bayar kalau tidak bisa terpakai..",-1.0,False,id,True,"baru, dengan, selalu, ketika, baru, dibuka, mohon, diperbaiki, ga, ada, guna, dan, bayar, kalau, tidak, bisa, terpakai","testing, subs","ipad, retina, di, ios, nutup"
744,744,,,,,2.0,"Setelah terbuka di halaman depan, akan selalu crash dan menutup begitu digunakan di iPad Mini dg iOS 11.3.1

Ayo diperbaiki lagi, supaya saya jadi langganan epaper premium. Ayo kompas you can do better",-1.0,False,id,True,"setelah, terbuka, halaman, depan, akan, selalu, dan, menutup, begitu, digunakan, ayo, diperbaiki, lagi, supaya, saya, jadi, langganan, ayo","crash, you, can, better","di, di, ipad, mini, dg, ios, epaper, premium, kompas, do"
745,745,,,,,3.0,"Saya kurang paham cara melaporkan bug di ios.
Selalu ketika ePaper yang sudah saya unduh, ketika akan dibaca pada mode offline terjadi kesalahan pada pembacaan pdf sehingga memerlukan pengunduhan ulang.",-1.0,False,id,False,"saya, kurang, paham, cara, melaporkan, selalu, ketika, yang, sudah, saya, unduh, ketika, akan, dibaca, pada, terjadi, kesalahan, pada, pembacaan, sehingga, memerlukan, ulang",,"bug, di, ios, epaper, mode, offline, pdf, pengunduhan"
746,746,-1.0,,,,2.0,"Aplikasi ini sebenarnya bagus, tapi penuh dengan bug dan sering sekali crash. Lagipula, siapa yang lupa menyertakan mode lanskap di aplikasi ini?",-1.0,False,en,False,,"this, good, but, it’s, just, full, bugs, and, crashes, all, time, and, who, forgot, put, landscape, into, the","is, a, app, of, to, mode, app"
747,747,,,,,1.0,Tdk bisa dibuka sama sekali di ios v 11. Langsung crash. kompas tdk pernah serius berinvestasi di pembuatan aplikasi. Sangat disayangkan krn kalah jauh dari media digital lainnya.,-1.0,False,id,True,"tdk, bisa, dibuka, sama, sekali, langsung, tdk, pernah, serius, berinvestasi, pembuatan, aplikasi, sangat, disayangkan, krn, kalah, jauh, dari, lainnya",crash,"di, ios, v, kompas, di, media, digital"
748,748,0.0,0.0,,,3.0,"Akan lebih baik jika ketika hp sy dalam posisi horizontal, posisi app ini juga menyesuaikan menjadi horizontal, seperti baca ebook di iBooks. Selain itu mohon dipertimbangkan agar kita bisa buka edisi2 yg lama hingga 10 tahun ke belakang. Sy sedang nyari koran kompas edisi Juni 2004. Thanks.",,False,id,True,"akan, lebih, baik, jika, ketika, dalam, posisi, posisi, ini, juga, menyesuaikan, menjadi, seperti, baca, selain, itu, mohon, dipertimbangkan, agar, kita, bisa, buka, edisi, lama, hingga, tahun, belakang, sedang, nyari, koran, edisi, juni",thanks,"hp, sy, horizontal, app, horizontal, ebook, di, ibooks, yg, ke, sy, kompas"
749,749,-1.0,,,,3.0,"Tolong buatkan versi iPad. Versi ini kl dipakai di iPad, jika tidak di-zoom, tidak bisa terbaca oleh mata yang sehat sekalipun.",,False,id,False,"tolong, buatkan, versi, versi, ini, dipakai, jika, tidak, tidak, bisa, terbaca, oleh, mata, yang, sehat, sekalipun",,"ipad, kl, di, ipad, di-zoom"
750,750,,,0.0,,,apakah ada paket berlangganan untuk pelajar atau mahasiswa,,False,id,False,"apakah, ada, paket, berlangganan, untuk, pelajar, atau, mahasiswa",,
751,751,,,0.0,,,cara perpanjang langganan kompas id bagaimana ya,,False,id,False,"cara, perpanjang, langganan, bagaimana",,"kompas, id, ya"
752,752,,,0.0,,,bisa tidak bayar langganan pakai pulsa telkomsel,,False,id,False,"bisa, tidak, bayar, langganan, pakai, pulsa, telkomsel",,
753,753,,,0.0,,,sudah tidak aktif langganan sejak bulan lalu,,False,id,False,"sudah, tidak, aktif, langganan, sejak, bulan, lalu",,
754,754,,,0.0,,,mau tanya soal cara mengaktifkan kode voucher kompas id,,False,id,False,"mau, tanya, soal, cara, mengaktifkan, kode, voucher",,"kompas, id"
755,755,,,0.0,,,kapan promo langganan kompas id biasanya diadakan,,False,id,False,"kapan, promo, langganan, biasanya, diadakan",,"kompas, id"
756,756,,,0.0,,,ada paket bundling dengan produk kompas lainnya tidak ya,,False,id,True,"ada, paket, dengan, produk, lainnya, tidak",bundling,"kompas, ya"
757,757,,,0.0,,,bisa tidak berlangganan kompas id lewat aplikasi di iphone,,False,id,False,"bisa, tidak, berlangganan, lewat, aplikasi",,"kompas, id, di, iphone"
758,758,,,0.0,,,proses pembayaran langganan bisa lewat transfer bank biasa,,False,id,False,"proses, pembayaran, langganan, bisa, lewat, biasa",,"transfer, bank"
759,759,,,0.0,,,mau coba berlangganan tapi belum tahu paket mana yang cocok,,False,id,False,"mau, coba, berlangganan, tapi, belum, tahu, paket, mana, yang, cocok",,
760,760,,,1.0,,,harga langganan kompas id sangat terjangkau untuk kualitas berita sekelas ini,,False,id,False,"harga, langganan, sangat, terjangkau, untuk, kualitas, berita, sekelas, ini",,"kompas, id"
761,761,,,1.0,,,"promo diskon tahunan kemarin sangat membantu, langsung saya ambil",,False,id,False,"promo, diskon, tahunan, kemarin, sangat, membantu, langsung, saya, ambil",,
762,762,,,1.0,,,biaya langganan sebanding dengan kedalaman analisis yang didapat,,False,id,False,"biaya, langganan, sebanding, dengan, kedalaman, analisis, yang, didapat",,
763,763,,,1.0,,,senang banget dapat promo langganan setahun dengan harga yang murah,,False,id,False,"senang, banget, dapat, promo, langganan, setahun, dengan, harga, yang, murah",,
764,764,,,1.0,,,murah banget dibanding harus beli koran fisik setiap hari,,False,id,False,"murah, banget, dibanding, harus, beli, koran, fisik, setiap, hari",,
765,765,,,1.0,,,"langganan premium kompas id tidak menyesal, harganya masuk akal",,False,id,False,"langganan, tidak, menyesal, harganya, masuk, akal",,"premium, kompas, id"
766,766,,,1.0,,,paket langganan tahunan kompas id jauh lebih hemat kalau dihitung per bulannya,,False,id,False,"paket, langganan, tahunan, jauh, lebih, hemat, kalau, dihitung, bulannya",,"kompas, id, per"
767,767,,,1.0,,,tidak perlu beli koran fisik lagi karena harga digital jauh lebih murah,,False,id,False,"tidak, perlu, beli, koran, fisik, lagi, karena, harga, jauh, lebih, murah",,digital
768,768,,,1.0,,,"harga promo flashnya terjangkau, langsung saya manfaatkan",,False,id,False,"harga, promo, terjangkau, langsung, saya, manfaatkan",,flashnya
769,769,,,1.0,,,sudah dua tahun berlangganan dan tidak pernah menyesal soal harganya,,False,id,False,"sudah, dua, tahun, berlangganan, dan, tidak, pernah, menyesal, soal, harganya",,
770,770,,,1.0,,,benefit yang didapat jauh melebihi harga yang dibayarkan setiap bulannya,,False,id,True,"yang, didapat, jauh, melebihi, harga, yang, dibayarkan, setiap, bulannya",benefit,
771,771,0.0,,,,,tolong ditambahkan opsi dark mode agar nyaman dibaca malam hari,,False,id,True,"tolong, ditambahkan, opsi, agar, nyaman, dibaca, malam, hari",dark,mode
772,772,0.0,,,,,apakah ada rencana untuk menambahkan mode baca landscape di iPhone,,False,id,True,"apakah, ada, rencana, untuk, menambahkan, baca",landscape,"mode, di, iphone"
773,773,0.0,,,,,tampilan beranda kompas id menggunakan warna biru khas kompas,,False,id,False,"tampilan, beranda, menggunakan, warna, biru, khas",,"kompas, id, kompas"
774,774,0.0,,,,,layout artikel kompas id mengikuti gaya koran pada umumnya,,False,id,False,"artikel, mengikuti, gaya, koran, pada, umumnya",,"layout, kompas, id"
775,775,0.0,,,,,navigasi utama ada di bagian bawah layar dengan lima ikon menu,,False,id,False,"navigasi, utama, ada, bagian, bawah, layar, dengan, lima, ikon",,"di, menu"
776,776,0.0,,,,,tolong sediakan pilihan tema gelap untuk pengguna yang sering baca malam,,False,id,False,"tolong, sediakan, pilihan, tema, gelap, untuk, pengguna, yang, sering, baca, malam",,
777,777,0.0,,,,,apakah bisa ditambahkan opsi untuk mengatur jarak antar baris teks,,False,id,False,"apakah, bisa, ditambahkan, opsi, untuk, mengatur, jarak, antar, baris, teks",,
778,778,0.0,,,,,beranda aplikasi menampilkan berita terbaru dengan thumbnail gambar,,False,id,True,"beranda, aplikasi, menampilkan, berita, terbaru, dengan, gambar",thumbnail,
779,779,0.0,,,,,diharapkan ada pilihan warna tema selain putih untuk variasi tampilan,,False,id,False,"diharapkan, ada, pilihan, warna, tema, selain, putih, untuk, variasi, tampilan",,
780,780,0.0,,,,,semoga ada fitur penyesuaian ukuran teks untuk pengguna dengan keterbatasan penglihatan,,False,id,False,"semoga, ada, fitur, penyesuaian, ukuran, teks, untuk, pengguna, dengan, keterbatasan, penglihatan",,
781,781,1.0,,,,,tampilan artikel kompas id menggunakan margin yang cukup lega,,False,id,True,"tampilan, artikel, menggunakan, yang, cukup, lega",margin,"kompas, id"
782,782,0.0,,,,,apakah orientasi landscape untuk membaca artikel sudah tersedia,,False,id,True,"apakah, orientasi, untuk, membaca, artikel, sudah, tersedia",landscape,
783,783,1.0,,,,,ikon-ikon menu di kompas id cukup jelas dan mudah dikenali,,False,id,False,"ikon-ikon, cukup, jelas, dan, mudah, dikenali",,"menu, di, kompas, id"
784,784,1.0,,,,,tampilan foto artikel sudah memenuhi lebar layar dengan baik,,False,id,False,"tampilan, foto, artikel, sudah, memenuhi, lebar, layar, dengan, baik",,
785,785,0.0,,,,,tolong pertimbangkan untuk menambahkan pilihan font yang lebih bervariasi,,False,id,False,"tolong, pertimbangkan, untuk, menambahkan, pilihan, yang, lebih, bervariasi",,font
786,786,0.0,,,,,diharapkan ada pilihan orientasi landscape saat membaca artikel agar lebih leluasa,,False,id,True,"diharapkan, ada, pilihan, orientasi, saat, membaca, artikel, agar, lebih, leluasa",landscape,
787,787,1.0,,,,,warna aksen yang digunakan konsisten dengan identitas visual kompas,,False,id,False,"warna, aksen, yang, digunakan, konsisten, dengan, identitas",,"visual, kompas"
788,788,1.0,,,,,"tampilan kompas id bersih dan tidak berantakan, sangat nyaman untuk dibaca",,False,id,False,"tampilan, bersih, dan, tidak, berantakan, sangat, nyaman, untuk, dibaca",,"kompas, id"
789,789,1.0,,,,,desain aplikasinya elegan dan profesional sesuai citra koran ternama,,False,id,False,"desain, aplikasinya, elegan, dan, profesional, sesuai, citra, koran, ternama",,
790,790,1.0,,,,,"tampilan e-paper sangat mirip koran cetak, nyaman dan familiar",,False,id,True,"tampilan, sangat, mirip, koran, cetak, nyaman, dan","e-paper, familiar",
791,791,1.0,,,,,menu navigasi terorganisir dengan baik sehingga tidak membingungkan pengguna baru,,False,id,False,"navigasi, terorganisir, dengan, baik, sehingga, tidak, membingungkan, pengguna, baru",,menu
792,792,1.0,,,,,antarmuka kompas id terasa ringan dan responsif saat berpindah halaman,,False,id,False,"antarmuka, terasa, ringan, dan, responsif, saat, berpindah, halaman",,"kompas, id"
793,793,1.0,,,,,tampilan bersih tanpa iklan membuat fokus membaca jauh lebih terjaga,,False,id,False,"tampilan, bersih, tanpa, iklan, membuat, fokus, membaca, jauh, lebih, terjaga",,
794,794,1.0,,,,,desain visual kompas id meningkatkan kenyamanan dan minat baca setiap hari,,False,id,False,"desain, meningkatkan, kenyamanan, dan, minat, baca, setiap, hari",,"visual, kompas, id"
795,795,,0.0,,,,tolong tambahkan fitur bookmark agar bisa menyimpan artikel untuk dibaca nanti,,False,id,False,"tolong, tambahkan, fitur, agar, bisa, menyimpan, artikel, untuk, dibaca, nanti",,bookmark
796,796,,0.0,,,,apakah notifikasi breaking news bisa diatur agar tidak terlalu sering,,False,id,True,"apakah, notifikasi, bisa, diatur, agar, tidak, terlalu, sering","breaking, news",
797,797,,0.0,,,,mohon ditambahkan fitur berbagi artikel langsung ke whatsapp dengan satu klik,,False,id,False,"mohon, ditambahkan, fitur, berbagi, artikel, langsung, whatsapp, dengan, satu, klik",,ke
798,798,,0.0,,,,apakah e-paper edisi lama bisa diakses dari arsip kompas id,,False,id,True,"apakah, edisi, lama, bisa, diakses, dari, arsip",e-paper,"kompas, id"
799,799,,0.0,,,,tolong tambahkan fitur highlight teks saat membaca artikel,,False,id,True,"tolong, tambahkan, fitur, teks, saat, membaca, artikel",highlight,
800,800,,0.0,,,,apakah ada fitur untuk mengikuti topik atau penulis tertentu secara khusus,,False,id,False,"apakah, ada, fitur, untuk, mengikuti, topik, atau, penulis, tertentu, secara, khusus",,
801,801,,0.0,,,,tolong sediakan fitur download artikel agar bisa dibaca saat tidak ada internet,,False,id,False,"tolong, sediakan, fitur, artikel, agar, bisa, dibaca, saat, tidak, ada",,"download, internet"
802,802,,1.0,,,,"kliping artikel berjalan dengan baik, memudahkan saya menyimpan referensi",,False,id,False,"kliping, artikel, berjalan, dengan, baik, memudahkan, saya, menyimpan, referensi",,
803,803,,,,,,"e-paper kompas id benar-benar identik dengan koran cetak, saya suka",,False,id,True,"benar-benar, identik, dengan, koran, cetak, saya, suka",e-paper,"kompas, id"
804,804,,1.0,,,,fitur audio sangat berguna untuk multitasking saat tidak bisa baca layar,,False,id,False,"fitur, sangat, berguna, untuk, saat, tidak, bisa, baca, layar",,"audio, multitasking"
805,805,,1.0,,,,pencarian artikel di kompas id akurat dan hasilnya relevan dengan kata kunci,,False,id,False,"pencarian, artikel, akurat, dan, hasilnya, relevan, dengan, kata, kunci",,"di, kompas, id"
806,806,,1.0,,,,fitur bookmark artikel memudahkan saya kembali ke bacaan yang belum selesai,,False,id,False,"fitur, artikel, memudahkan, saya, kembali, bacaan, yang, belum, selesai",,"bookmark, ke"
807,807,,1.0,,,,"bisa baca e-paper edisi kemarin lewat arsip, fitur yang sangat berguna",,False,id,True,"bisa, baca, edisi, kemarin, lewat, arsip, fitur, yang, sangat, berguna",e-paper,
808,808,,1.0,,,,"tts-nya bisa berjalan sambil layar mati, sangat praktis saat berolahraga",,False,id,False,"tts-nya, bisa, berjalan, sambil, layar, mati, sangat, praktis, saat, berolahraga",,
809,809,,1.0,,,,e-paper kompas id bisa di-zoom dengan lancar tanpa pecah kualitas gambarnya,,False,id,True,"bisa, dengan, lancar, tanpa, pecah, kualitas, gambarnya",e-paper,"kompas, id, di-zoom"
810,810,,1.0,,,,"suka banget ada fitur dengarkan berita, cocok buat yang sibuk tapi mau update info",,False,id,False,"suka, banget, ada, fitur, dengarkan, berita, cocok, buat, yang, sibuk, tapi, mau",,"update, info"
811,811,,1.0,,,,fitur subscribe topik membuat berita yang relevan langsung tersaji di beranda,,False,id,True,"fitur, topik, membuat, berita, yang, relevan, langsung, tersaji, beranda",subscribe,di
812,812,,1.0,,,,fitur simpan untuk baca nanti sangat berguna ketika tidak ada waktu baca sekarang,,False,id,False,"fitur, simpan, untuk, baca, nanti, sangat, berguna, ketika, tidak, ada, waktu, baca, sekarang",,
813,813,,1.0,,,,"e-paper kompas id bisa diakses kapan saja, tidak harus pagi seperti koran fisik",,False,id,True,"bisa, diakses, kapan, saja, tidak, harus, pagi, seperti, koran, fisik",e-paper,"kompas, id"
814,814,,1.0,,,,notifikasi harian dari kompas id membantu saya tidak ketinggalan berita pagi,,False,id,False,"notifikasi, harian, dari, membantu, saya, tidak, ketinggalan, berita, pagi",,"kompas, id"
815,815,,1.0,,,,kliping artikel sudah tersimpan rapi dan bisa diakses kapan saja tanpa internet,,False,id,False,"kliping, artikel, sudah, tersimpan, rapi, dan, bisa, diakses, kapan, saja, tanpa",,internet
816,816,,1.0,,,,"ada fitur rekomendasi artikel berdasarkan riwayat baca, sangat relevan dan berguna",,False,id,False,"ada, fitur, rekomendasi, artikel, berdasarkan, riwayat, baca, sangat, relevan, dan, berguna",,
817,817,,1.0,,,,e-paper bisa dibaca dalam mode landscape dengan nyaman di tablet,,False,id,True,"bisa, dibaca, dalam, dengan, nyaman","e-paper, landscape","mode, di, tablet"
818,818,,1.0,,,,fitur pencarian dengan filter tanggal sangat membantu saat riset berita lama,,False,id,False,"fitur, pencarian, dengan, tanggal, sangat, membantu, saat, riset, berita, lama",,filter
819,819,,,,,,setelah update terbaru aplikasi kompas id jauh lebih stabil dan tidak pernah crash,1.0,False,id,True,"setelah, terbaru, aplikasi, jauh, lebih, stabil, dan, tidak, pernah",crash,"update, kompas, id"
820,820,,,,,,performa aplikasi konsisten cepat bahkan saat koneksi internet sedang tidak stabil,1.0,False,id,False,"performa, aplikasi, konsisten, cepat, bahkan, saat, koneksi, sedang, tidak, stabil",,internet
821,821,,,,,,terima kasih kompas id sudah memperbaiki bug login yang mengganggu sebelumnya,1.0,False,id,False,"terima, kasih, sudah, memperbaiki, login, yang, mengganggu, sebelumnya",,"kompas, id, bug"
822,822,,,,,,aplikasi tidak pernah force close sekalipun dalam sebulan penggunaan terakhir,1.0,False,id,True,"aplikasi, tidak, pernah, sekalipun, dalam, sebulan, penggunaan, terakhir","force, close",
823,823,,,,,,"sesudah reinstall langsung bisa masuk akun tanpa hambatan, terima kasih timnya",1.0,False,id,True,"sesudah, langsung, bisa, masuk, akun, tanpa, hambatan, terima, kasih, timnya",reinstall,
824,824,,,,,,loading halaman sangat cepat bahkan ketika membuka berita dengan banyak gambar sekaligus,1.0,False,id,False,"halaman, sangat, cepat, bahkan, ketika, membuka, berita, dengan, banyak, gambar, sekaligus",,loading
825,825,,,1.0,,,akun premium langsung aktif dan bisa diakses segera setelah proses pembayaran selesai,1.0,False,id,False,"akun, langsung, aktif, dan, bisa, diakses, segera, setelah, proses, pembayaran, selesai",,premium
826,826,,,,,,hotline kompas id cukup responsif ketika saya melaporkan kendala akses berlangganan,1.0,False,id,False,"cukup, responsif, ketika, saya, melaporkan, kendala, akses, berlangganan",,"hotline, kompas, id"
827,827,,,,,,sinkronisasi data akun antara web dan aplikasi berjalan lancar tanpa kendala,1.0,False,id,False,"sinkronisasi, akun, antara, dan, aplikasi, berjalan, lancar, tanpa, kendala",,"data, web"
828,828,,,,,,update terbaru kompas id terasa lebih smooth dan tidak ada lag saat digunakan,1.0,False,id,True,"terbaru, terasa, lebih, dan, tidak, ada, saat, digunakan",smooth,"update, kompas, id, lag"
829,829,,,,1.0,5.0,Berita beragam. Ulasan lengkap.,,False,id,False,"berita, beragam, ulasan, lengkap",,
830,830,,,,1.0,5.0,"Tajam, independen dan terpercaya",,False,id,False,"tajam, independen, dan, terpercaya",,
831,831,,,,1.0,5.0,"lebih terpercaya, mudah diakses",,False,id,False,"lebih, terpercaya, mudah, diakses",,
832,832,,,,1.0,5.0,cukup membantu menambah informasi,,False,id,False,"cukup, membantu, menambah, informasi",,
833,833,,,,1.0,4.0,kompas trupdet dan terpercaya,,False,id,False,"dan, terpercaya",,"kompas, trupdet"
834,834,,,,1.0,5.0,beritanya sangat sy suka,,False,id,False,"beritanya, sangat, suka",,sy
835,835,,,,,5.0,Wahh keren banget aplikasinya,,False,id,False,"wahh, keren, banget, aplikasinya",,
836,836,,,,1.0,4.0,Bagus dan menambah wawasan,,False,id,False,"bagus, dan, menambah, wawasan",,
837,837,,,,1.0,5.0,Beritanya up-to-date dan akurat,,False,id,True,"beritanya, dan, akurat",up-to-date,
838,838,,,,,5.0,Gak bisa beri komentar,-1.0,False,id,False,"gak, bisa, beri, komentar",,
839,839,,,,,5.0,"Mudah, cepat, dan aktual",,False,id,False,"mudah, cepat, dan, aktual",,
840,840,,,,1.0,5.0,Bagus untuk tingkatkan literasi,,False,id,False,"bagus, untuk, tingkatkan, literasi",,
841,841,,,,1.0,5.0,Sumber informasi yang dipercaya,,False,id,False,"sumber, informasi, yang, dipercaya",,
842,842,,,,,5.0,Bagus ! ... ☺,,False,too_short,False,bagus,,
843,843,,,,,5.0,SANGAT Baik & Bermanfaat?!?,,False,id,False,"sangat, baik, bermanfaat",,
844,844,,,,1.0,5.0,Menambah Informasi yg bermutu,,False,id,False,"menambah, informasi, bermutu",,yg
845,845,,,,,5.0,Bagus sekali aku suka,,False,id,False,"bagus, sekali, aku, suka",,
846,846,,,-1.0,,1.0,G bisa gratis lg,,False,tl,False,"bisa, gratis",,"g, lg"
847,847,,,,-1.0,4.0,berita up todate diperlukan.,,False,id,False,"berita, diperlukan",,"up, todate"
848,848,,,,,3.0,Ya sk aplikasi ini,,False,sw,False,"aplikasi, ini",,"ya, sk"
849,849,,,,,5.0,Pelanggan setia harian Kompas,,False,id,False,"pelanggan, setia, harian",,kompas
850,850,,,,,4.0,Saya pelanggan koran kompas..,,False,id,False,"saya, pelanggan, koran",,kompas
851,851,,,,,5.0,Membuka akses tanpa batas,,False,id,False,"membuka, akses, tanpa, batas",,
852,852,,,1.0,,5.0,"Lenganan sejak 2023. Worth it, lenagganan e-paper lebih murah dari pada lengganan cetak",,False,id,True,"sejak, lebih, murah, dari, pada, cetak","worth, e-paper","lenganan, it, lenagganan, lengganan"
853,853,,,,,3.0,jaringan bagus tapi sulit akses aplikasinya sehingga sulit membaca dalam aplikasi... tolong perbaiki.,-1.0,False,id,False,"jaringan, bagus, tapi, sulit, akses, aplikasinya, sehingga, sulit, membaca, dalam, aplikasi, tolong, perbaiki",,
854,854,,,,,5.0,mantap banget ya berita kompas lagi,,False,id,False,"mantap, banget, berita, lagi",,"ya, kompas"
855,855,,,,,2.0,"kompast tolong adakan aplikasi ini versi pc pleaseee, pengen baca di layar yang agak lebar soalnya",,False,id,False,"tolong, adakan, aplikasi, ini, versi, pengen, baca, layar, yang, agak, lebar, soalnya",,"kompast, pc, pleaseee, di"
856,856,,1.0,,,5.0,Saya beri bintang 5 karena tersedianya fasilitas dengar/suara,,False,id,False,"saya, beri, bintang, karena, tersedianya, fasilitas, dengar, suara",,
857,857,,,,,5.0,Bagus sekali. Andai ada paket murah untuk guru honorer.,,False,id,False,"bagus, sekali, andai, ada, paket, murah, untuk, guru, honorer",,
858,858,,,,1.0,5.0,semenjak berlangganan saya semakin mudan update berita berkualitas,,False,id,False,"semenjak, berlangganan, saya, semakin, berita, berkualitas",,"mudan, update"
859,859,,,-1.0,,1.0,Cuma baca berita aja harus langganan per bulan. Gimana ini??? Auto uninstall,,False,id,False,"cuma, baca, berita, aja, harus, langganan, bulan, gimana, ini",,"per, auto, uninstall"
860,860,,,,,2.0,"Aplikasi yang baik, sesuai panggilan zaman",,False,id,False,"aplikasi, yang, baik, sesuai, panggilan, zaman",,
861,861,,,,1.0,5.0,Bagus banget. Berita dari kompas memang top,,False,id,True,"bagus, banget, berita, dari, memang",top,kompas
862,862,,,,,5.0,"Biar negara subur rakyat makmur ,semua koroptor di basmi apapun setatus jabatan nya.",,False,id,False,"biar, negara, subur, rakyat, makmur, semua, apapun, jabatan, nya",,"koroptor, di, basmi, setatus"
863,863,,,,-1.0,1.0,Beritanya tidak update kalau kita nyari yg terbaru tentang timnas yg muncul berita timnas 2023,,False,id,False,"beritanya, tidak, kalau, kita, nyari, terbaru, tentang, timnas, muncul, berita, timnas",,"update, yg, yg"
864,864,,,1.0,,5.0,bintang 5 karena dapat berlangganan gratis wkwkwk,,False,id,False,"bintang, karena, dapat, berlangganan, gratis, wkwkwk",,
865,865,,,,,5.0,Terimakasih sudah banyak membantu pekerjaanku,,False,id,False,"terimakasih, sudah, banyak, membantu, pekerjaanku",,
866,866,1.0,,,1.0,5.0,"bagus sekali beritanya, aplikasi nya mudah digunakan,",,False,id,False,"bagus, sekali, beritanya, aplikasi, nya, mudah, digunakan",,
867,867,,,,1.0,5.0,sangat bermanfaat untuk mendapatkan informasi yg uptodate. patut untuk dicoba..,,False,id,False,"sangat, bermanfaat, untuk, mendapatkan, informasi, patut, untuk, dicoba",,"yg, uptodate"
868,868,-1.0,,,,4.0,"Tolong ePaper nya diperbaiki lagi, ada yang menutupi tulisan nya",,False,id,False,"tolong, nya, diperbaiki, lagi, ada, yang, menutupi, tulisan, nya",,epaper
869,869,,,-1.0,,1.0,Uninstall... Aplikasi Sampah.. mau baca aja udh disuruh Bayar!! 😤,,False,id,False,"aplikasi, sampah, mau, baca, aja, udh, disuruh, bayar",,uninstall
870,870,,,,,5.0,Ok sangat perlu di ketahui ok ws,,False,id,False,"sangat, perlu, ketahui",,"ok, di, ok, ws"
871,871,,,,1.0,4.0,ulasan berita nya menarik puaaaaan!,,False,id,False,"ulasan, berita, nya, menarik",,puaaaaan
872,872,-1.0,,,,1.0,knp naama file nya muncul di belakang,,False,id,False,"knp, nya, muncul, belakang",,"naama, file, di"
873,873,,,,1.0,5.0,beritanya terbaru tdk diulang ulang,,False,id,False,"beritanya, terbaru, tdk, diulang, ulang",,
874,874,,,,1.0,5.0,Bacaannya sangat menambah pengetahuan dan informasi,,False,id,False,"bacaannya, sangat, menambah, pengetahuan, dan, informasi",,
875,875,,,,,1.0,"Sudah bayar, tapi tidak terbaca langganan. Gimana sih ini kompas",-1.0,False,id,False,"sudah, bayar, tapi, tidak, terbaca, langganan, gimana, sih, ini",,kompas
876,876,,,,1.0,4.0,bagus beritanya kita juga bisa berinteraksi dengan yg laen,,False,id,False,"bagus, beritanya, kita, juga, bisa, berinteraksi, dengan, laen",,yg
877,877,,,1.0,,5.0,"Terbaik untuk platform berita dijital berbayar. Aku sendiri sudah berhenti langganan versi kertasnya, beralih ke dijital.",,False,id,False,"terbaik, untuk, berita, berbayar, aku, sendiri, sudah, berhenti, langganan, versi, kertasnya, beralih",,"platform, dijital, ke, dijital"
878,878,,,,-1.0,1.0,pemberitaan kalian sudah tidak berimbang drun,,False,id,False,"pemberitaan, kalian, sudah, tidak, berimbang",,drun
879,879,,,,,1.0,"Bego, Baca2 berita GK ada waktu buat ini njing..",,False,id,False,"bego, baca, berita, ada, waktu, buat, ini",,"gk, njing"
880,880,,,,,4.0,ini bila kabar ini benar Indonesa ta kenapa komentarnya di sembunyikan Kamu paling tidak suka kaku tida bisa ikut komentar,,False,id,False,"ini, bila, kabar, ini, benar, kenapa, komentarnya, sembunyikan, kamu, paling, tidak, suka, kaku, tida, bisa, ikut, komentar",,"indonesa, ta, di"
881,881,,,,,5.0,Terima kasih Kompas . Mengisi waktu luang jadi berguna !,,False,id,False,"terima, kasih, mengisi, waktu, luang, jadi, berguna",,kompas
882,882,,,,,5.0,Semoga Aplikasi Ini Bermanfaat Untuk Kita Semua dan Keluarga,,False,id,False,"semoga, aplikasi, ini, bermanfaat, untuk, kita, semua, dan, keluarga",,
883,883,,,,1.0,5.0,"Kompas, profesional dalam menyajikan berita. Bahasanya enak dinikmati.",,False,id,False,"profesional, dalam, menyajikan, berita, bahasanya, enak, dinikmati",,kompas
884,884,,,,1.0,2.0,Isi berita anda bagus n bermanfaat buat yg mengerti n suka dgn kebenaran berita atau informasinya.Terima kasih.,,False,id,False,"isi, berita, anda, bagus, bermanfaat, buat, mengerti, suka, dgn, kebenaran, berita, atau, informasinya, terima, kasih",,"n, yg, n"
885,885,,,,1.0,5.0,"berita bariatif, positif dan berbobot",,False,id,False,"berita, positif, dan, berbobot",,bariatif
886,886,,,,,5.0,Selama saya menggunakan aplikasi ini sangat bagus,,False,id,False,"selama, saya, menggunakan, aplikasi, ini, sangat, bagus",,
887,887,,,0.0,,5.0,"utk berlangganan, fasilitas pembayaran nya bisa ditambah, misalnya dgn voucher google play.",,False,id,True,"utk, berlangganan, fasilitas, pembayaran, nya, bisa, ditambah, misalnya, dgn, voucher",play,google
888,888,,,,,4.0,"Saya suka Kompas, saya cinta Kompas.",,False,sl,False,,like,"o, kompas, ilove, kompass"
889,889,,,,1.0,5.0,"terdepan dlm berita, good job.",,False,nl,True,"terdepan, dlm, berita","good, job",
890,890,,,,1.0,5.0,Kompas tetap kritis dan keren,,False,id,False,"tetap, kritis, dan, keren",,kompas
891,891,,,,0.0,5.0,tetap pertahankan netral dan anti clickbait,,False,id,True,"tetap, pertahankan, netral, dan",clickbait,anti
892,892,,,-1.0,,1.0,"Nonton berita kok bayar,,mending dwnld apk yg lain",,False,id,False,"nonton, berita, kok, bayar, mending, apk, lain",,"dwnld, yg"
893,893,,,,1.0,5.0,Betul betul bebas dan indipendent. Netral dan objektif. Tidak tercemar kepentingan politik.,,False,id,False,"betul, betul, bebas, dan, netral, dan, objektif, tidak, tercemar, kepentingan, politik",,indipendent
894,894,,,,-1.0,1.0,"Berita gak valid yang terbaru mengenai 1 keluarga kelaparan, yang disalahkan agama islam. Penistaan ini",,False,id,False,"berita, gak, yang, terbaru, mengenai, keluarga, kelaparan, yang, disalahkan, agama, islam, penistaan, ini",,valid
895,895,,,,1.0,4.0,"Berita yg di keluwarkan kepublik sangat terpercaya, trimakadih kompas tv",,False,id,False,"berita, sangat, terpercaya",,"yg, di, keluwarkan, kepublik, trimakadih, kompas, tv"
896,896,,,-1.0,,3.0,"Knp kok hrs brlangganan 50 rb /bln, Kami buka kn sdh harus tersambung net..",,False,id,False,"knp, kok, bln, kami, buka, sdh, harus, tersambung",,"hrs, brlangganan, rb, kn, net"
897,897,,,-1.0,,1.0,Masak iya bisa baca artikelnya cuma 5 setiap bulan sedih banget login juga ngak bisa-bisa 😢,-1.0,False,id,False,"masak, iya, bisa, baca, artikelnya, cuma, setiap, bulan, sedih, banget, login, juga, ngak, bisa-bisa",,
898,898,,,,1.0,4.0,berita yang akurat kompas sangat terpercaya dan disukai masyarakat,,False,id,False,"berita, yang, akurat, sangat, terpercaya, dan, disukai, masyarakat",,kompas
899,899,,,,,5.0,berita anget baru pulang kerja nobi ain malem jam:0304,,False,id,False,"berita, baru, pulang, kerja, malem, jam",,"anget, nobi, ain"
900,900,,,,,2.0,"Saya sudah berlangganan, tapi muncul tulisan belum berlangganan. Akibatnya saya tdk bsa membaca epaper",-1.0,False,id,False,"saya, sudah, berlangganan, tapi, muncul, tulisan, belum, berlangganan, akibatnya, saya, tdk, membaca",,"bsa, epaper"
901,901,,,,,1.0,Mohon maaf anda tidak adil.,,False,id,False,"mohon, maaf, anda, tidak, adil",,
902,902,,,,1.0,5.0,Sangat membantu sekali dalam mengetahui berita perkembangan negara yang kita cintai ini,,False,id,False,"sangat, membantu, sekali, dalam, mengetahui, berita, perkembangan, negara, yang, kita, cintai, ini",,
903,903,,,,1.0,5.0,Berita terbaru tercakup secara keseluruhan dalam aplikasi ini !!!!!!!!!,,False,id,False,"berita, terbaru, tercakup, secara, keseluruhan, dalam, aplikasi, ini",,
904,904,,,,,5.0,Semangat mantap didepan memimpin media Indonesia,,False,id,False,"semangat, mantap, didepan, memimpin, indonesia",,media
905,905,,,,,5.0,"Sangat bagus dan sangat membantu untuk,mencari berita.",,False,id,False,"sangat, bagus, dan, sangat, membantu, untuk, mencari, berita",,
906,906,,,,1.0,5.0,Baca tiap hari untuk beritayang berkualitas. Andalan,,False,id,False,"baca, tiap, hari, untuk, berkualitas, andalan",,beritayang
907,907,,,,1.0,3.0,memang kompas beritanya baik kami sangat dapat informasi yg lebih,,False,id,False,"memang, beritanya, baik, kami, sangat, dapat, informasi, lebih",,"kompas, yg"
908,908,,,,1.0,5.0,"Ayah saya berlangganan kompas cetak sejak tahun 90 an, dan kami berlangganan yang versi ini. Kompas, selalu terpercaya.",,False,id,False,"ayah, saya, berlangganan, cetak, sejak, tahun, dan, kami, berlangganan, yang, versi, ini, selalu, terpercaya",,"kompas, an, kompas"
909,909,,,,1.0,5.0,"Beritanya selalu up-to-date, selalu memuat artikel (ekonomi, politik dll) yang berbobot.",,False,id,True,"beritanya, selalu, selalu, memuat, artikel, ekonomi, politik, dll, yang, berbobot",up-to-date,
910,910,,,,,5.0,"Aplikasi terbaik sepanjang masa, update terbaru lebih kencang dan smooth",1.0,False,id,True,"aplikasi, terbaik, sepanjang, masa, terbaru, lebih, kencang, dan",smooth,update
911,911,,,,1.0,5.0,Di saat media lain diisi berita clickbait dan banyak yg tidak penting. Di sini masih tetap mempertahankan isinya.,,False,id,True,"saat, lain, diisi, berita, dan, banyak, tidak, penting, sini, masih, tetap, mempertahankan, isinya",clickbait,"di, media, yg, di"
912,912,,,,,1.0,Masih adakah media yg netral ???,,False,id,False,"masih, adakah, netral",,"media, yg"
913,913,,,,,3.0,Maaf dikasih bintang tiga aja dulu takut eror apksinya,,False,id,False,"maaf, dikasih, bintang, tiga, aja, dulu, takut, eror",,apksinya
914,914,,,-1.0,,1.0,Baca berita kok bayar... Masih banyak yg lainnya kok berita..,,False,id,False,"baca, berita, kok, bayar, masih, banyak, lainnya, kok, berita",,yg
915,915,,,,1.0,3.0,Tambah cerdas sebab banyak membaca,,False,id,False,"tambah, cerdas, sebab, banyak, membaca",,
916,916,,,,-1.0,1.0,Ulasan dan beritanya kurang menarik,,False,id,False,"ulasan, dan, beritanya, kurang, menarik",,
917,917,,,,-1.0,1.0,"Kompas gak kredible, persis kayak metro tipu, terlalu memaksakan framing dan kelihatan punya hidden agenda untuk satu golongan. Memecah belah...",,False,id,True,"gak, persis, kayak, tipu, terlalu, memaksakan, dan, kelihatan, punya, untuk, satu, golongan, memecah, belah","framing, hidden","kompas, kredible, metro, agenda"
918,918,,,,,5.0,Semoga menjadi digital news yg memberikan informasi membangun bagi kalangan masyarakat.,,False,id,True,"semoga, menjadi, memberikan, informasi, membangun, bagi, kalangan, masyarakat",news,"digital, yg"
919,919,,,,,5.0,Terimakasih keluhan saya sdh ditindaklanjuti...,1.0,False,id,False,"terimakasih, keluhan, saya, sdh, ditindaklanjuti",,
920,920,,,-1.0,,1.0,Udah langganan Potong 50rb..e paper ngga bisa dibaca...payah,-1.0,False,tl,True,"udah, langganan, potong, ngga, bisa, dibaca, payah",paper,"rb, e"
921,921,,,,,4.0,Aplikasi kompas.id tak bisa diakses lagi. Menyebalkan. Saga coba ulang apl baru normal,-1.0,False,id,True,"aplikasi, tak, bisa, diakses, lagi, menyebalkan, coba, ulang, baru",apl,"kompas, id, saga, normal"
922,922,,,,1.0,5.0,kompas beritanya sangat baik dan penuh pengetahuan,,False,id,False,"beritanya, sangat, baik, dan, penuh, pengetahuan",,kompas
923,923,,,,,5.0,kurio menerima berita kotak markus uti,,False,id,False,"menerima, berita, kotak, markus",,"kurio, uti"
924,924,,,,1.0,5.0,beritanya sangat akurat dan obyektif,,False,id,False,"beritanya, sangat, akurat, dan, obyektif",,
925,925,,,,1.0,4.0,"Yang penting, tidak hoax, akurat dan nyata.",,False,id,False,"yang, penting, tidak, hoax, akurat, dan, nyata",,
926,926,,,-1.0,,1.0,Buset apaan nih.. ko ga bisa dibuka.. harus berlangganan.. bayar pula.. mending detik,-1.0,False,id,False,"buset, apaan, nih, ga, bisa, dibuka, harus, berlangganan, bayar, pula, mending, detik",,ko
927,927,,,,,1.0,Email udah ada mau baca nggak bisa silahkan login bebas akses gitu terus menerus hapus aja ribet,-1.0,False,id,False,"udah, ada, mau, baca, nggak, bisa, silahkan, login, bebas, akses, gitu, terus, menerus, hapus, aja, ribet",,email
928,928,,,,,2.0,"Harus log in, tetapi kok tidak ada kolom untuk log in?",-1.0,False,id,False,"harus, tetapi, kok, tidak, ada, kolom, untuk",,"log, in, log, in"
929,929,,,,1.0,4.0,bagus berita nya . . mantaplah,,False,id,False,"bagus, berita, nya",,mantaplah
930,930,,,,1.0,5.0,Beritanya engkap dan memberi pencerahan,,False,id,False,"beritanya, dan, memberi, pencerahan",,engkap
931,931,,0.0,,,5.0,tolong d up date kompas karirnya.trimakasih,,False,id,True,"tolong, karirnya, trimakasih",date,"d, up, kompas"
932,932,,-1.0,,,1.0,Ko gk ada kompas karier nya sih???,,False,id,False,"ada, karier, nya, sih",,"ko, gk, kompas"
933,933,,,,,5.0,Membaca berita singkat sebelum berangkat sekolah,,False,id,False,"membaca, berita, singkat, sebelum, berangkat, sekolah",,
934,934,,,,,1.0,"Mau baca aja harus login dulu, maksa bgt.. payah.. langsung uninstall",-1.0,False,id,False,"mau, baca, aja, harus, login, dulu, maksa, bgt, payah, langsung",,uninstall
935,935,,,,,3.0,Coba dulu klw bagus tmbah lgi bntg nya,,False,id,False,"coba, dulu, bagus, nya",,"klw, tmbah, lgi, bntg"
936,936,,,,1.0,5.0,Sangat membantu mendapatkan berita yg kredibel,,False,id,False,"sangat, membantu, mendapatkan, berita, kredibel",,yg
937,937,,0.0,,,5.0,ga ada pilihan ke kompas one,,False,id,True,"ga, ada, pilihan",one,"ke, kompas"
938,938,,,,1.0,5.0,"berita update, disertai analisa dan tulisan yg berkualitas. tambah lebih banyak ulasan dan berita olahraga.",,False,id,False,"berita, disertai, analisa, dan, tulisan, berkualitas, tambah, lebih, banyak, ulasan, dan, berita, olahraga",,"update, yg"
939,939,-1.0,,,,2.0,Setelah diupdate ukuran tampilan malah jadi tidak sesuai dengan screen ipad mini.,,False,id,True,"setelah, diupdate, ukuran, tampilan, malah, jadi, tidak, sesuai, dengan",screen,"ipad, mini"
940,940,,,,,5.0,"Banyak fitur baru jadi makin enak bacanya, keren kompas!",,False,id,False,"banyak, fitur, baru, jadi, makin, enak, bacanya, keren",,kompas
941,941,,,,,2.0,sedikit kecewa karena aplikasi kadang menutup sendiri ketika lagi baca berita. padahal udah berlangganan.,-1.0,False,id,False,"sedikit, kecewa, karena, aplikasi, kadang, menutup, sendiri, ketika, lagi, baca, berita, padahal, udah, berlangganan",,
942,942,0.0,,,,4.0,Lebih baik jika bisa membaca koran cetak secara lamdscape,,False,id,False,"lebih, baik, jika, bisa, membaca, koran, cetak, secara",,lamdscape
943,943,,,,,5.0,"Seneng deh sekarang sudah bisa baca e-paper dengan lancar. Tadinya mau download e-paper aja susah. Good job, kompas 👍🏻",1.0,False,id,True,"seneng, deh, sekarang, sudah, bisa, baca, dengan, lancar, tadinya, mau, aja, susah","e-paper, e-paper, good, job","download, kompas"
944,944,-1.0,,,,2.0,Not sure why the app force me to use in landscape mode.  Makes it hard to read the articles,,False,en,False,,"not, sure, why, the, force, use, landscape, makes, hard, read, the, articles","app, me, to, in, mode, it, to"
945,945,,,,,1.0,Its not working...after installed only shown white screen,-1.0,False,en,False,,"its, not, working, after, installed, only, shown, white, screen",
946,946,,,,,2.0,Tidak bs masuk / sign in ke aplikasi melalui email dari aplikasi di iPhone. Mohon diperbaiki,-1.0,False,id,True,"tidak, masuk, aplikasi, melalui, dari, aplikasi, mohon, diperbaiki",sign,"bs, in, ke, email, di, iphone"
947,947,,,,,1.0,Tidak bisa dibuka e-papernya dengan ipad setelah update. Mohon segera....diperbaiki,-1.0,False,id,False,"tidak, bisa, dibuka, dengan, setelah, mohon, segera, diperbaiki",,"e-papernya, ipad, update"
948,948,,,,,1.0,Epaper nggak bisa dibuka setelah update,-1.0,False,id,False,"nggak, bisa, dibuka, setelah",,"epaper, update"
949,949,,,,,1.0,"Sejak upgrade tidak bisa di gunakan untuk baca ePaper, harap segera di perbaiki karena saya hanya subscribe versi digital",-1.0,False,id,True,"sejak, tidak, bisa, gunakan, untuk, baca, harap, segera, perbaiki, karena, saya, hanya, versi",subscribe,"upgrade, di, epaper, di, digital"
950,950,,,,,1.0,Pasca update ga bs baca epaper,-1.0,False,ca,False,"pasca, ga, baca",,"update, bs, epaper"
951,951,,,,,5.0,"It’s not work at ios14, please fix it",-1.0,False,en,False,,"it’s, not, work, please, fix","at, ios, it"
952,952,,,,,1.0,application crash on 11.3 on first time login after installing application,-1.0,False,en,True,login,"application, crash, first, time, after, installing, application","on, on"
953,953,,,,,1.0,After i try to slide it it just exit the apps,-1.0,False,en,False,,"after, try, slide, just, exit, the","i, to, it, it, apps"
954,954,,,,,1.0,Crash everytime under iOS 11,-1.0,False,en,False,,"crash, everytime, under",ios
955,955,,,,,1.0,"sy sdh bayar minggu lalu langganan Kompas id di indomaret atas instruksi kalian dng no akunnya, hr ini buka Kompas id bilangnya belum berlangganan, terus apa hrs bayar lagi?",-1.0,False,id,False,"sdh, bayar, minggu, lalu, langganan, indomaret, atas, instruksi, kalian, dng, akunnya, ini, buka, belum, berlangganan, terus, apa, bayar, lagi",,"sy, kompas, id, di, no, hr, kompas, id, bilangnya, hrs"
956,956,,,,1.0,4.0,"sy pernah menjadi pelanggan kompas selama lebih dari 15 tahun, terutama ktk kompas msh blm digital. di atas thn 2015 sy berhenti berlanggana krn kompas kehilangan daya kritis. akhir2 ini sy mulai melihat kompas punya kekuatan kembali untuk lebih kritis kpd pmrnth. semoga negara bangsa ini kembali ke rel yg benar.",,False,id,False,"pernah, menjadi, pelanggan, selama, lebih, dari, tahun, terutama, msh, atas, thn, berhenti, krn, kehilangan, daya, kritis, akhir, ini, mulai, melihat, punya, kekuatan, kembali, untuk, lebih, kritis, kpd, semoga, negara, bangsa, ini, kembali, rel, benar",,"sy, kompas, ktk, kompas, blm, digital, di, sy, berlanggana, kompas, sy, kompas, pmrnth, ke, yg"
957,957,,,-1.0,,1.0,Aplikasinya gak jelas. sudah langganan premium tapi iklan berlangganan tetap muncul dan ketika membuka notifikasi berita premium malah diarahkan ke pembayaran. langganan kompas bukannya dapat berita tapi dapat emosi,-1.0,False,id,False,"aplikasinya, gak, jelas, sudah, langganan, tapi, iklan, berlangganan, tetap, muncul, dan, ketika, membuka, notifikasi, berita, malah, diarahkan, pembayaran, langganan, bukannya, dapat, berita, tapi, dapat, emosi",,"premium, premium, ke, kompas"
958,958,,,,0.0,3.0,"pandangan saya pribadi, berita ekonomi sekalian di tingkatkan layaknya koran bisnis, memuat berita berita bisnis yg lebih detail. dg motto, 1 koran kompas semua kehidupan di muka bumi dalam 1 genggaman",,False,id,False,"pandangan, saya, pribadi, berita, ekonomi, sekalian, tingkatkan, layaknya, koran, bisnis, memuat, berita, berita, bisnis, lebih, koran, semua, kehidupan, muka, bumi, dalam, genggaman",,"di, yg, detail, dg, motto, kompas, di"
959,959,,,,-1.0,1.0,Kompas memilih jadi partisan di politik Indonesia sejak 2023. Pers bukan lagi jadi pilar ke 4 demokrasi. Kompas mencoret sejarah panjangnya sebagai satu2nya media terpercaya. Ironi,,False,id,True,"memilih, jadi, politik, indonesia, sejak, pers, bukan, lagi, jadi, pilar, demokrasi, mencoret, sejarah, panjangnya, sebagai, satu, nya, terpercaya, ironi",partisan,"kompas, di, ke, kompas, media"
960,960,,,,1.0,5.0,Aplikasi ini sangat membantuku peroleh informasi. Penghargaan yang amat banyak kompas dapatkan membuatnya terpercaya. Apalagi sudah lama ia berkecimpung menampung amanat rakyat. Recomended sekali. Rubrik sastra yang tersedia pun cukup memuaskan. Kita bisa baca karya berkualitas dengan mudah.,,False,id,False,"aplikasi, ini, sangat, membantuku, peroleh, informasi, penghargaan, yang, amat, banyak, dapatkan, membuatnya, terpercaya, apalagi, sudah, lama, berkecimpung, menampung, amanat, rakyat, sekali, rubrik, sastra, yang, tersedia, pun, cukup, memuaskan, kita, bisa, baca, karya, berkualitas, dengan, mudah",,"kompas, ia, recomended"
961,961,,,-1.0,,3.0,"padahal produk jurnalistik mah jangan pake bayar kalau mau lebih menguntungkan, kan menyediakan informasi bagi khalayak masyarakat, nah uang nya dimana ya itu nanti dari orang yang pasang iklan, kalau bayar gini kan terbatas aksesnya, makanya tidak populer, tapi kembali lagi terserah kalian",,False,id,False,"padahal, produk, jurnalistik, mah, jangan, pake, bayar, kalau, mau, lebih, menguntungkan, kan, menyediakan, informasi, bagi, khalayak, masyarakat, nah, uang, nya, dimana, itu, nanti, dari, orang, yang, pasang, iklan, kalau, bayar, gini, kan, terbatas, aksesnya, makanya, tidak, populer, tapi, kembali, lagi, terserah, kalian",,ya
962,962,,,,-1.0,1.0,"Saya kurang suka akan Harian kompas, Krn beritanya yg terkadang membuat saya jengkel dan puncak daripada eskalasi selama ketidak sukaan saya thdp media ini ada soal berita ttg jahatnya korupsi tetapi ditulis ""Korupsi Bukan Lagi Kejahatan Luar Biasa"" dg memuat photo ARB... Yg Seolah² menunjukan kesan bhw yg mengatakan itu adalah ARB",,False,id,True,"saya, kurang, suka, akan, harian, krn, beritanya, terkadang, membuat, saya, jengkel, dan, puncak, daripada, selama, ketidak, saya, ini, ada, soal, berita, ttg, jahatnya, korupsi, tetapi, ditulis, korupsi, bukan, lagi, kejahatan, luar, biasa, memuat, seolah, menunjukan, kesan, bhw, mengatakan, itu, adalah","photo, arb, arb","kompas, yg, eskalasi, sukaan, thdp, media, dg, yg, yg"
963,963,,,,0.0,5.0,"Tolong kompas beritakan lebih banyak tentang sawit. Kami petani sawit dizalimi oleh kebijakan pajak pemerintah yg tinggi (pe,bk dan fo dmo ) dan pengabaian pemerintah terhadap kami dgn harga murah yg ditetapkan sepihak oleh pabrik sawit tanpa adanya sanksi thd mereka.",,False,id,False,"tolong, beritakan, lebih, banyak, tentang, sawit, kami, petani, sawit, oleh, kebijakan, pajak, pemerintah, tinggi, dan, dan, pengabaian, pemerintah, terhadap, kami, dgn, harga, murah, ditetapkan, sepihak, oleh, pabrik, sawit, tanpa, adanya, sanksi, mereka",,"kompas, dizalimi, yg, pe, bk, fo, dmo, yg, thd"
964,964,,,-1.0,,1.0,"Buat baca berita harus berlangganan 50k, padahal berita yg sama dapat dengan mudah dicari di internet lainnya dengan mudah dan gratis",,False,id,False,"buat, baca, berita, harus, berlangganan, padahal, berita, sama, dapat, dengan, mudah, dicari, lainnya, dengan, mudah, dan, gratis",,"k, yg, di, internet"
965,965,-1.0,,,,5.0,"Kenapa sejak revisi Mei 2021, kok ngga bisa landscape? Sebelumnya bisa. Padahal bbrp infografik Kompas disajikan landscape, jika bisa preview landscape, resolusi print screen nya akan lebih bagus utk keperluan sharing. Kalau ngga, semua infografis tolong dibikin portrait saja. Tq.",,False,id,True,"kenapa, sejak, revisi, mei, kok, ngga, bisa, sebelumnya, bisa, padahal, bbrp, disajikan, jika, bisa, resolusi, nya, akan, lebih, bagus, utk, keperluan, kalau, ngga, semua, infografis, tolong, dibikin, saja","landscape, landscape, landscape, print, screen, sharing, portrait","infografik, kompas, preview, tq"
966,966,,,,,5.0,"mohon info, kenapa setelah update aplikasi tidak dpt membaca e-paper? Selalu kluar minta dilakukan langganan trus(posisi sy sdh berlangganan), per tgl 4 juli mendapatkan update lagi. skrng br bs berjalan secara normal. terimakasih responnya",1.0,False,id,True,"mohon, kenapa, setelah, aplikasi, tidak, dpt, membaca, selalu, minta, dilakukan, langganan, trus, posisi, sdh, berlangganan, tgl, juli, mendapatkan, lagi, berjalan, secara, terimakasih, responnya",e-paper,"info, update, kluar, sy, per, update, skrng, br, bs, normal"
967,967,,,,,5.0,Wah ini paling ok karena saya dulu kerja di toko buku Gramedia grup kompas sangat perhatian dgn rakyat kecil terutama karyawannya sangat diperhatikan masa depannya waktu pak Jacob utama masih ada 30 tahun saya kerja disini is ok th1979 SD 2008 nl Nopember terimakasih pak Jakob semoga amal baiknya diterima Alloh yme,,False,id,True,"wah, ini, paling, karena, saya, dulu, kerja, toko, buku, gramedia, grup, sangat, perhatian, dgn, rakyat, kecil, terutama, karyawannya, sangat, diperhatikan, masa, depannya, waktu, pak, utama, masih, ada, tahun, saya, kerja, disini, nopember, terimakasih, pak, semoga, amal, baiknya, diterima, alloh, yme",jakob,"ok, di, kompas, jacob, is, ok, th, sd, nl"
968,968,,-1.0,,,2.0,sudah punya accont berlanganan..tapi tetap tidak bisa buka kompas e-paper ..ini ..menyebalkan....aneh nya.lagi klo mau baca koran harus download...dan seleaai download...file tidak.bisa di buka....sungguh..ini meyebalkan. ..saya kecewa.,-1.0,False,id,True,"sudah, punya, tapi, tetap, tidak, bisa, buka, ini, menyebalkan, aneh, nya, lagi, klo, mau, baca, koran, harus, dan, tidak, bisa, buka, sungguh, ini, saya, kecewa",e-paper,"accont, berlanganan, kompas, download, seleaai, download, file, di, meyebalkan"
969,969,,,,,5.0,kompas id bikin memori internal saya penuh. seharusnya waktu dwonload berada di sd card. sampai saat ini masih begitu. sedangkan aplikasi yang lain sudah bisa melakukan change tempat memori ke sd card ketika didwonload. kalau begini saya terpaksa berhenti berlangganan koran kompas digital. sorry.,-1.0,False,id,True,"bikin, memori, saya, penuh, seharusnya, waktu, berada, sampai, saat, ini, masih, begitu, sedangkan, aplikasi, yang, lain, sudah, bisa, melakukan, tempat, memori, ketika, kalau, begini, saya, terpaksa, berhenti, berlangganan, koran","card, change, card, sorry","kompas, id, internal, dwonload, di, sd, ke, sd, didwonload, kompas, digital"
970,970,,-1.0,,,1.0,"Kalo aplikasi ditutup dan mau baca epaper lagi, walaupun sudah didownload sebelumnya. Jadi bikin penuh storage dan memory HP. Masih lbh baik Kiosk Kompas. Mohon pengembang memperhatikan hal ini. Tks.",,False,id,True,"kalo, aplikasi, ditutup, dan, mau, baca, lagi, walaupun, sudah, didownload, sebelumnya, jadi, bikin, penuh, dan, masih, lbh, baik, mohon, pengembang, memperhatikan, hal, ini, tks","storage, memory, kiosk","epaper, hp, kompas"
971,971,,0.0,,,5.0,"epaper kompos ini sangat baik untuk penikmat koran dengan inovasi digitalisasi. Namun, dengan segala hormat untuk beberapa masukan ada bagus epaper ini di kemas dalam bentuk pdf agar bisa di unduh langsung dan bisa dipermanenkan dalam partisi pengguna. Layaknya harian dalam bentuk fisik bisa juga digunakan sebagai koleksi untuk referensi. Mohon maaf yang sebesar besar apabila menyinggung. Terimakasih",,False,id,False,"kompos, ini, sangat, baik, untuk, penikmat, koran, dengan, inovasi, digitalisasi, namun, dengan, segala, hormat, untuk, beberapa, masukan, ada, bagus, ini, kemas, dalam, bentuk, agar, bisa, unduh, langsung, dan, bisa, dalam, partisi, pengguna, layaknya, harian, dalam, bentuk, fisik, bisa, juga, digunakan, sebagai, koleksi, untuk, referensi, mohon, maaf, yang, sebesar, besar, apabila, menyinggung, terimakasih",,"epaper, epaper, di, pdf, di, dipermanenkan"
972,972,,,-1.0,,1.0,"Akhirnya saya uninstall aplikasi ini, mau baca harus berlangganan, masih 
banyak aplikasi berita online yg lebih up to date tapi tidak pake syarat",,False,id,True,"akhirnya, saya, aplikasi, ini, mau, baca, harus, berlangganan, masih, banyak, aplikasi, berita, lebih, tapi, tidak, pake, syarat",date,"uninstall, online, yg, up, to"
973,973,,,,,4.0,Lebih mudah baca Kompas dalam satu genggaman dan gampang dibawa-bawa kemana saja. Ke depan harian surat kabar akan seperti ini. Trims,,False,id,False,"lebih, mudah, baca, dalam, satu, genggaman, dan, gampang, dibawa-bawa, kemana, saja, depan, harian, surat, kabar, akan, seperti, ini, trims",,"kompas, ke"
974,974,-1.0,,,,5.0,"tampilan di ipad mini 7 mode potrait masih terpotong dibagian pinggir kanan kirinya jadi ga menarik untuk dibuka, mohon di perbaiki",,False,id,False,"tampilan, masih, terpotong, dibagian, pinggir, kanan, kirinya, jadi, ga, menarik, untuk, dibuka, mohon, perbaiki",,"di, ipad, mini, mode, potrait, di"
975,975,,,,,5.0,Health Safety Security spirituality environment friendly cashflow family gathering universe world class market leader nicher surprissed augmented corporate culture brand image intrapreneurship aamiin,,False,en,True,aamiin,"health, safety, security, spirituality, environment, friendly, family, gathering, universe, world, class, market, leader, augmented, corporate, culture, image","cashflow, nicher, surprissed, brand, intrapreneurship"
976,976,,,,1.0,5.0,"Membaca kompas Online sungguh refreshing,mengobati kerinduan membaca jurnalisme yg sebenarnya,karya wartawan yg diedit oleh editor yg bener2 editor.
Setelah lelah membaca media online lain yg judulnya cm click bait,apalagi isinya yg suka ngasal,kadang copas,boro2 diedit dg layak.
Mantap!",,False,id,True,"membaca, sungguh, mengobati, kerinduan, membaca, jurnalisme, sebenarnya, karya, wartawan, diedit, oleh, bener, setelah, lelah, membaca, lain, judulnya, apalagi, isinya, suka, kadang, copas, boro, diedit, layak, mantap",click,"kompas, online, refreshing, yg, yg, editor, yg, editor, media, online, yg, cm, bait, yg, ngasal, dg"
977,977,,,-1.0,,1.0,"Update terbaru selalu selalu selalu saja force close. Anehnya, itu terjadi saat aplikasi dibuka dengan posisi akun terlog-in. Jika aplikasi di uninstall & reinstall dan dibuka tanpa login akun aplikasi terbuka normal, tapi kan akses terbatas dalam membuka artikel-artikelnya dikarenakan pakai mode free. Berasa rugi banget langganan yearly subscribe. Sudah komplain via WA ke CS kompas tapi cuma dibilang ""coba akses via browser saja"". Tidak solutif sama sekali. Mohon perhatian",-1.0,False,id,True,"terbaru, selalu, selalu, selalu, saja, anehnya, itu, terjadi, saat, aplikasi, dibuka, dengan, posisi, akun, jika, aplikasi, dan, dibuka, tanpa, login, akun, aplikasi, terbuka, tapi, kan, akses, terbatas, dalam, membuka, artikel-artikelnya, dikarenakan, pakai, berasa, rugi, banget, langganan, sudah, komplain, tapi, cuma, dibilang, coba, akses, saja, tidak, sama, sekali, mohon, perhatian","force, close, reinstall, free, yearly, subscribe","update, terlog-in, di, uninstall, normal, mode, via, wa, ke, cs, kompas, via, browser, solutif"
978,978,,,,1.0,5.0,"Di tengah jurnalisme kentang dan berita pendek-pendek, saya memilih kompas sebagai andalan. Beritanya tidak setengah2, dan selalu cover both side. Wajar berbayar, karena kerja2 jurnalisme berkualitas patut diapresiasi.",,False,id,True,"tengah, jurnalisme, kentang, dan, berita, pendek-pendek, saya, memilih, sebagai, andalan, beritanya, tidak, setengah, dan, selalu, wajar, berbayar, karena, kerja, jurnalisme, berkualitas, patut, diapresiasi","cover, both, side","di, kompas"
979,979,,,,,4.0,"Ketika saya ingin buka webpage kompas di Safari (iPadOS), selalu ke redirect ke App kompas, terus di appnya error dan webpagenya tidak pernah muncul (katanya ‘Ups artikel tidak ditemukan’).

Jadi saya ga pernah bisa buka webpage kompas di iPad soalnya selalu di redirect. Misalnya tadi saya barusan mau lihat “Promosi-kompas” terus hal tersebut terjadi lagi. Ini tidak terjadi pada semua link kompas di Safari tapi mayoritas begitu.",-1.0,False,id,True,"ketika, saya, ingin, buka, selalu, terus, dan, tidak, pernah, muncul, katanya, artikel, tidak, ditemukan, jadi, saya, ga, pernah, bisa, buka, soalnya, selalu, misalnya, tadi, saya, barusan, mau, lihat, promosi-kompas, terus, hal, tersebut, terjadi, lagi, ini, tidak, terjadi, pada, semua, tapi, mayoritas, begitu","webpage, redirect, webpage, redirect","kompas, di, safari, ipados, ke, ke, app, kompas, di, appnya, error, webpagenya, ups, kompas, di, ipad, di, link, kompas, di, safari"
980,980,-1.0,,,,2.0,"Ukuran teks kecil banget, apalagi untuk mata plus. Tolong dibuat feature untuk mengatur ukuran teks. Setting ukuran teks di iPhone nggak ngaruh...",,False,id,True,"ukuran, teks, kecil, banget, apalagi, untuk, mata, tolong, dibuat, untuk, mengatur, ukuran, teks, ukuran, teks, nggak","feature, setting","plus, di, iphone, ngaruh"
981,981,-1.0,,,,3.0,"Secara fungsi, aplikasi sudah berjalan optimal pada perangkat saya yang sudah berbasis iOS 12 namun ada beberapa kekurangan yang bisa diperbaiki. Contoh icon aplikasi kompas di homescreen yang masih kurang bagus. Kemudian entah kenapa tampilan font saat membaca berita tidak lebih nyaman jika dibandingkan mengakses langsung lewat web. Lalu saran saja sepertinya di perbaikan selanjutnya, user diberikan fungsi untuk mengubah ukuran font.",1.0,False,id,True,"secara, fungsi, aplikasi, sudah, berjalan, pada, perangkat, saya, yang, sudah, berbasis, namun, ada, beberapa, kekurangan, yang, bisa, diperbaiki, contoh, aplikasi, yang, masih, kurang, bagus, kemudian, entah, kenapa, tampilan, saat, membaca, berita, tidak, lebih, nyaman, jika, dibandingkan, mengakses, langsung, lewat, lalu, saran, saja, sepertinya, perbaikan, selanjutnya, diberikan, fungsi, untuk, mengubah, ukuran",user,"optimal, ios, icon, kompas, di, homescreen, font, web, di, font"
982,982,,-1.0,,,3.0,"Menarik ini aplikasi. Sayang untuk tombol “back” ke menu awal untuk epaper tidak ada. Jadi harus keluar dari aplikasi, masuk lagi, baru bisa dapat menu-menu di awal. Tolong diperbaiki ya. 
Tabik",,False,id,True,"menarik, ini, aplikasi, sayang, untuk, tombol, awal, untuk, tidak, ada, jadi, harus, keluar, dari, aplikasi, masuk, lagi, baru, bisa, dapat, awal, tolong, diperbaiki",back,"ke, menu, epaper, menu-menu, di, ya, tabik"
983,983,,,0.0,,,belum memutuskan untuk berlangganan atau tidak,,False,id,False,"belum, memutuskan, untuk, berlangganan, atau, tidak",,
984,984,,,0.0,,,kompas id memang perlu berlangganan untuk akses penuh,,False,id,False,"memang, perlu, berlangganan, untuk, akses, penuh",,"kompas, id"
985,985,,,0.0,,,ada tidak paket langganan yang bisa dibayar per minggu,,False,id,False,"ada, tidak, paket, langganan, yang, bisa, dibayar, minggu",,per
986,986,,,0.0,,,untuk berlangganan apakah harus punya kartu kredit,,False,id,False,"untuk, berlangganan, apakah, harus, punya, kartu, kredit",,
987,987,,,1.0,,,"worth it banget berlangganan, berita berkualitas tanpa iklan sama sekali",,False,id,True,"banget, berlangganan, berita, berkualitas, tanpa, iklan, sama, sekali",worth,it
988,988,,,1.0,,,tanpa iklan setelah berlangganan membuat pengalaman baca jauh lebih nyaman,,False,id,False,"tanpa, iklan, setelah, berlangganan, membuat, pengalaman, baca, jauh, lebih, nyaman",,
989,989,,,1.0,,,"bisa baca e-paper gratis sudah termasuk dalam paket langganan, keren",,False,id,True,"bisa, baca, gratis, sudah, termasuk, dalam, paket, langganan, keren",e-paper,
990,990,0.0,,,,,semoga ke depannya bisa ada pilihan ukuran font yang lebih besar,,False,id,False,"semoga, depannya, bisa, ada, pilihan, ukuran, yang, lebih, besar",,"ke, font"
991,991,0.0,,,,,font yang digunakan di kompas id terasa formal seperti koran cetak,,False,id,False,"yang, digunakan, terasa, seperti, koran, cetak",,"font, di, kompas, id, formal"
992,992,1.0,,,,,tampilan beranda kompas id menggunakan grid yang cukup teratur dan tidak padat,,False,id,False,"tampilan, beranda, menggunakan, yang, cukup, teratur, dan, tidak, padat",,"kompas, id, grid"
993,993,0.0,,,,,diharapkan ada mode baca fokus yang menyembunyikan elemen navigasi saat membaca,,False,id,False,"diharapkan, ada, baca, fokus, yang, menyembunyikan, elemen, navigasi, saat, membaca",,mode
994,994,1.0,,,,,"navigasi antarmukanya intuitif, mudah menemukan berita yang dicari",,False,id,False,"navigasi, intuitif, mudah, menemukan, berita, yang, dicari",,antarmukanya
995,995,1.0,,,,,layout artikel sangat rapi dan enak untuk dibaca berlama-lama,,False,id,False,"artikel, sangat, rapi, dan, enak, untuk, dibaca, berlama-lama",,layout
996,996,1.0,,,,,"font yang dipilih kompas id pas di mata, tidak terlalu kecil dan tidak terlalu besar",,False,id,False,"yang, dipilih, pas, mata, tidak, terlalu, kecil, dan, tidak, terlalu, besar",,"font, kompas, id, di"
997,997,1.0,,,,,"tampilan gambar artikel proporsional dan tidak pecah, enak dilihat",,False,id,False,"tampilan, gambar, artikel, proporsional, dan, tidak, pecah, enak, dilihat",,
998,998,,0.0,,,,apakah fitur kliping artikel bisa digunakan tanpa koneksi internet,,False,id,False,"apakah, fitur, kliping, artikel, bisa, digunakan, tanpa, koneksi",,internet
999,999,,0.0,,,,semoga ada fitur pencarian dengan filter berdasarkan tanggal terbit,,False,id,False,"semoga, ada, fitur, pencarian, dengan, berdasarkan, tanggal, terbit",,filter
1000,1000,,1.0,,,,fitur text to speech kompas id sangat membantu saat berkendara,,False,id,True,"fitur, sangat, membantu, saat, berkendara","text, speech","to, kompas, id"
1001,1001,,1.0,,,,notifikasi breaking news dari kompas id selalu tepat waktu dan tidak terlambat,,False,id,True,"notifikasi, dari, selalu, tepat, waktu, dan, tidak, terlambat","breaking, news","kompas, id"
1002,1002,,1.0,,,,fitur kliping digital menggantikan kebiasaan saya gunting koran fisik dulu,,False,id,False,"fitur, kliping, menggantikan, kebiasaan, saya, gunting, koran, fisik, dulu",,digital
1003,1003,,,,,,aplikasi terasa ringan di hp saya dan tidak membuat baterai cepat habis,1.0,False,id,False,"aplikasi, terasa, ringan, saya, dan, tidak, membuat, baterai, cepat, habis",,"di, hp"
1004,1004,,,,1.0,5.0,kompas selalu mengedepankan akurasi,,False,id,False,"selalu, mengedepankan, akurasi",,kompas
1005,1005,,,,1.0,5.0,informatif dan dapat diandalkan,,False,id,False,"informatif, dan, dapat, diandalkan",,
1006,1006,,,,1.0,5.0,"Ok. bagus pemberitaan nya,",,False,id,False,"bagus, pemberitaan, nya",,ok
1007,1007,,,,1.0,5.0,"Informatif, akurat, dan terpercaya",,False,id,False,"informatif, akurat, dan, terpercaya",,
1008,1008,,,,,5.0,Sangat membantu.Super sekali 👍,,False,id,False,"sangat, membantu, sekali",,super
1009,1009,,,,1.0,5.0,Aplikasi Berita yang Akurat,,False,id,False,"aplikasi, berita, yang, akurat",,
1010,1010,,,,1.0,5.0,"baik, update dan netral",,False,id,False,"baik, dan, netral",,update
1011,1011,,,,1.0,5.0,"Jurnalisme mencerahkan, Independen... Terpercaya!!..",,False,id,False,"jurnalisme, mencerahkan, independen, terpercaya",,
1012,1012,,,,,5.0,Kompas memang serba pas...,,False,id,False,"memang, serba, pas",,kompas
1013,1013,,,,1.0,5.0,Beritanya detail dan akurat,,False,id,False,"beritanya, dan, akurat",,detail
1014,1014,,,-1.0,,1.0,"Menjebak, berhenti langganannya menyulitkan.",,False,id,False,"menjebak, berhenti, menyulitkan",,langganannya
1015,1015,,,,1.0,5.0,Berita update dan terkini,,False,id,False,"berita, dan, terkini",,update
1016,1016,,,,1.0,5.0,sangat informatif dan menghibur,,False,id,False,"sangat, informatif, dan, menghibur",,
1017,1017,,,,,5.0,"Alhamdulillah saya suka kompas,",,False,id,False,"alhamdulillah, saya, suka",,kompas
1018,1018,,,,,5.0,Setiap hari baca koran,,False,id,False,"setiap, hari, baca, koran",,
1019,1019,,,,-1.0,1.0,Beritanya sdh tidak netral,,False,id,False,"beritanya, sdh, tidak, netral",,
1020,1020,,,,0.0,1.0,pemberitaan yg berimbang dong.,,False,id,False,"pemberitaan, berimbang, dong",,yg
1021,1021,,,,-1.0,1.0,"uda ngak subjektif,terlalu berpihak",,False,id,False,"uda, ngak, subjektif, terlalu, berpihak",,
1022,1022,,,-1.0,,1.0,Tai app bayar berak,,False,id,False,"tai, bayar, berak",,app
1023,1023,,,,,5.0,Sangat terbaik dan bagus,,False,id,False,"sangat, terbaik, dan, bagus",,
1024,1024,,,,,3.0,Mulanya bintang 3 dulu.,,False,tl,False,"mulanya, bintang, dulu",,
1025,1025,,-1.0,,,1.0,Dowoad berulang ulang e-paper,,False,id,True,"berulang, ulang",e-paper,dowoad
1026,1026,,,,1.0,5.0,Aplikasinya bagus dan infomatif,,False,id,False,"aplikasinya, bagus, dan",,infomatif
1027,1027,0.0,,,,5.0,Request fitur dark mode,,False,fr,True,fitur,"request, dark",mode
1028,1028,,,,,1.0,"udah langganan 1 tahun, tapi tiba2 gak bisa akses e-paper. Udah 2× ini kocak.",-1.0,False,id,True,"udah, langganan, tahun, tapi, tiba, gak, bisa, akses, udah, ini, kocak",e-paper,
1029,1029,,,,-1.0,1.0,nyari berita bola terbaru yg muncul berita tahun 2023 ga update,,False,id,False,"nyari, berita, bola, terbaru, muncul, berita, tahun, ga",,"yg, update"
1030,1030,,,0.0,,1.0,ternyata berbayar untuk baca beritanya,,False,id,False,"ternyata, berbayar, untuk, baca, beritanya",,
1031,1031,,,-1.0,,1.0,Aplikasi matre.. ujung2nya di suruh berlangganan,,False,id,False,"aplikasi, ujung, nya, suruh, berlangganan",,"matre, di"
1032,1032,,,,1.0,5.0,sangat membantu saya mengetahui informasi terkini dan membuka pemikiran saya melalui opini-opini penulis,,False,id,False,"sangat, membantu, saya, mengetahui, informasi, terkini, dan, membuka, pemikiran, saya, melalui, opini-opini, penulis",,
1033,1033,0.0,,,,5.0,Tolong perbaiki mode tab nya. Tampilannya tidak bisa vertikal sempurna. Terimakasih,,False,id,False,"tolong, perbaiki, nya, tampilannya, tidak, bisa, vertikal, sempurna, terimakasih",,"mode, tab"
1034,1034,1.0,,,,4.0,enak dan teratur untuk dibaca,,False,id,False,"enak, dan, teratur, untuk, dibaca",,
1035,1035,,1.0,,,5.0,Ada fitur text to speech dan semua fitur yang disediakan sangat memudahkan dan memuaskan user.,,False,id,True,"ada, fitur, dan, semua, fitur, yang, disediakan, sangat, memudahkan, dan, memuaskan","text, speech, user",to
1036,1036,,,,,3.0,udah nyoba trial yang 3 hari kok tetep ga bisa akses fitur premium ya?,-1.0,False,id,True,"udah, nyoba, yang, hari, kok, tetep, ga, bisa, akses, fitur",trial,"premium, ya"
1037,1037,,,,,1.0,Aplikasinya jelek buruk dan lemot,-1.0,False,id,False,"aplikasinya, jelek, buruk, dan, lemot",,
1038,1038,,,1.0,,5.0,Pas dapat diskon menjadi member,,False,id,False,"pas, dapat, diskon, menjadi",,member
1039,1039,,,,1.0,5.0,sangat mencerahkan dengan berita independen,,False,id,False,"sangat, mencerahkan, dengan, berita, independen",,
1040,1040,,,,,5.0,saya menyukai apk ini cocok untuk membaca beritanya,,False,id,False,"saya, menyukai, apk, ini, cocok, untuk, membaca, beritanya",,
1041,1041,,,,,5.0,"Saya sangat,kecewa susah masuknya Apl ini,ada apa..??",-1.0,False,id,True,"saya, sangat, kecewa, susah, masuknya, ini, ada, apa",apl,
1042,1042,,,,,5.0,Berita gus samsudin hari ini,,False,id,False,"berita, gus, hari, ini",,samsudin
1043,1043,,,,1.0,5.0,berita nya aktual dan mudah di mengerti,,False,id,False,"berita, nya, aktual, dan, mudah, mengerti",,di
1044,1044,,,-1.0,,2.0,tapi mahal langganannya andai sekali bayar dan harga 30ribu mantap tuh,,False,id,False,"tapi, mahal, andai, sekali, bayar, dan, harga, ribu, mantap, tuh",,langganannya
1045,1045,,,0.0,,5.0,biaya langganannya dimurahin dikit dong kalo buat mahasiswa hehe,,False,id,False,"biaya, dikit, dong, kalo, buat, mahasiswa, hehe",,"langganannya, dimurahin"
1046,1046,,,,1.0,5.0,"Sementara ini aku suka banget sama aplikasi satu ini karena menyediakan berbagai macam informasi, berita yang bisa menambah literasi saya.",,False,id,False,"sementara, ini, aku, suka, banget, sama, aplikasi, satu, ini, karena, menyediakan, berbagai, macam, informasi, berita, yang, bisa, menambah, literasi, saya",,
1047,1047,,,,1.0,5.0,Sangat bagus isinya Kompas memang is the best,,False,tl,True,"sangat, bagus, isinya, memang","the, best","kompas, is"
1048,1048,,,,1.0,5.0,"Beritanya cepat, lengkap dan akurat",,False,id,False,"beritanya, cepat, lengkap, dan, akurat",,
1049,1049,,,,,3.0,Tidak bisa dibuka tap verifikasi macet melulu,-1.0,False,id,False,"tidak, bisa, dibuka, verifikasi, macet, melulu",,tap
1050,1050,,,,1.0,3.0,"beritanya cukup baik, sangat informatip",,False,id,False,"beritanya, cukup, baik, sangat",,informatip
1051,1051,-1.0,,,,2.0,"ada iklan yang nyuruh pengguna harus berlangganan, cukup gede sih dan penempatannya juga di situ 🔥",,False,id,False,"ada, iklan, yang, nyuruh, pengguna, harus, berlangganan, cukup, gede, sih, dan, juga, situ",,"penempatannya, di"
1052,1052,,,,1.0,5.0,Berita2 yg kredibel dapat dpercaya,,False,id,False,"berita, kredibel, dapat",,"yg, dpercaya"
1053,1053,,,,,4.0,so far so good lah,,False,so,True,lah,"far, good","so, so"
1054,1054,,,,1.0,5.0,"suka, berita seimbang. . kompas selalu di hati.",,False,id,False,"suka, berita, seimbang, selalu, hati",,"kompas, di"
1055,1055,,,,,5.0,"luarbiasa . mantap . dan menyenangkan. mudah , dan konsolidasi",,False,id,False,"luarbiasa, mantap, dan, menyenangkan, mudah, dan, konsolidasi",,
1056,1056,,,,,5.0,Sangat baik terhadap keluhan pengguna,1.0,False,id,False,"sangat, baik, terhadap, keluhan, pengguna",,
1057,1057,,,,1.0,5.0,berita yg aktual & seimbang,,False,id,False,"berita, aktual, seimbang",,yg
1058,1058,,-1.0,,,2.0,Sayangnya lembaran yang mau di-kliping tidak bisa di-downlaod seperti dulu.,,False,id,False,"sayangnya, lembaran, yang, mau, di-kliping, tidak, bisa, seperti, dulu",,di-downlaod
1059,1059,,,,,1.0,tidak mau baca koran boros .,,False,id,False,"tidak, mau, baca, koran, boros",,
1060,1060,,,,1.0,5.0,artikel-artikelx menarik dan enak dibaca,,False,id,False,"menarik, dan, enak, dibaca",,artikel-artikelx
1061,1061,,,,,3.0,"Pasti Bisa dibaca dari Koran... Lebih bagus, Baca yang Koran Analog alias Kertas...",,False,id,False,"pasti, bisa, dibaca, dari, koran, lebih, bagus, baca, yang, koran, alias, kertas",,analog
1062,1062,,,,1.0,5.0,Berita yang disajikan sangat membantu publik memperoleh informasi yang menarik akurat dan terpercaya,,False,id,False,"berita, yang, disajikan, sangat, membantu, publik, memperoleh, informasi, yang, menarik, akurat, dan, terpercaya",,
1063,1063,,,,1.0,5.0,"Konten berisi informasi yang substansial, update, menarik, menambah wawasan",,False,id,False,"konten, berisi, informasi, yang, substansial, menarik, menambah, wawasan",,update
1064,1064,,,,,1.0,nggak jelas MASUK aplikasi Ulang terus,-1.0,False,id,False,"nggak, jelas, masuk, aplikasi, ulang, terus",,
1065,1065,,,,1.0,5.0,"Enak memang membaca berita dari Kompas ini., beritanya selalu Update dan masih bisa dipercaya ketimbang bebarapa media lainnya.",,False,id,False,"enak, memang, membaca, berita, dari, ini, beritanya, selalu, dan, masih, bisa, dipercaya, ketimbang, lainnya",,"kompas, update, bebarapa, media"
1066,1066,,,0.0,1.0,5.0,Bacaan yg bagus...ttpi hrus rela brlngganan,,False,id,False,"bacaan, bagus, rela",,"yg, ttpi, hrus, brlngganan"
1067,1067,,,-1.0,,1.0,"uninstalll, gratisnya cm 5kali artikel hbs itu suruh langganan 50rb/bln",,False,id,False,"kali, artikel, hbs, itu, suruh, langganan, bln",,"uninstalll, gratisnya, cm, rb"
1068,1068,,,,,4.0,Cara masuk nya susah ya,-1.0,False,id,False,"cara, masuk, nya, susah",,ya
1069,1069,0.0,,,,4.0,Bagus cuma tidak ada pilihan font,,False,id,False,"bagus, cuma, tidak, ada, pilihan",,font
1070,1070,,,,1.0,5.0,"Terima kasih Kompas. id selalu menyajikan berita terbaik, valid dan bebas hoaks",,False,id,False,"terima, kasih, selalu, menyajikan, berita, terbaik, dan, bebas, hoaks",,"kompas, id, valid"
1071,1071,,,,,5.0,Beritakanlah kabar yang baik serta positif.Lenyapkanlah segala kejahatan secara adil.Supaya Indonesia menjadi Negara Adil Makmur dan sentosa.,,False,id,False,"kabar, yang, baik, serta, positif, segala, kejahatan, secara, adil, supaya, indonesia, menjadi, negara, adil, makmur, dan, sentosa",,"beritakanlah, lenyapkanlah"
1072,1072,,,,-1.0,1.0,"Dah download tapi masih bingung memahaminya, krn berita sama foto nya ga nyambung.",,False,id,False,"dah, tapi, masih, bingung, memahaminya, krn, berita, sama, foto, nya, ga, nyambung",,download
1073,1073,,,,-1.0,1.0,"media sampah..melakukan penggiringan opini publik untuk membeci seseorang....udah kotor DAN TIDAK NETRAL...benci boleh, kalau memfitnah, udah sangat jahat",,False,id,False,"sampah, melakukan, opini, publik, untuk, seseorang, udah, kotor, dan, tidak, netral, benci, boleh, kalau, memfitnah, udah, sangat, jahat",,"media, penggiringan, membeci"
1074,1074,,,,,5.0,Suka bisa baca berita dimna saja,,False,id,False,"suka, bisa, baca, berita, saja",,dimna
1075,1075,,,1.0,1.0,5.0,"Membantu banget, bisa baca koran di mana pun, bahkan saat tidak terkoneksi internet. Biaya langganan terjangkau.",,False,id,False,"membantu, banget, bisa, baca, koran, mana, pun, bahkan, saat, tidak, terkoneksi, biaya, langganan, terjangkau",,"di, internet"
1076,1076,,,,1.0,5.0,Kompas selalu up date dalam pemberitaan.,,False,id,True,"selalu, dalam, pemberitaan",date,"kompas, up"
1077,1077,,,,1.0,5.0,"Aplikasinya bagus. Kompas sepuluh menyajikan informasi yang menarik, keren dan berkualitas",,False,id,False,"aplikasinya, bagus, sepuluh, menyajikan, informasi, yang, menarik, keren, dan, berkualitas",,kompas
1078,1078,,,,1.0,4.0,Situs media baca berita yang lengkap,,False,id,False,"situs, baca, berita, yang, lengkap",,media
1079,1079,,,,0.0,3.0,Berberitalah dg berimbang dan proporsional. Jgn jd corong penguasa. Bela kepentingan rakyat di atas segalanya. Sukses slalu,,False,id,False,"berimbang, dan, proporsional, jgn, corong, penguasa, bela, kepentingan, rakyat, atas, segalanya, sukses, slalu",,"berberitalah, dg, jd, di"
1080,1080,,,,1.0,5.0,Kompas mantap Berita ya netral,,False,id,False,"mantap, berita, netral",,"kompas, ya"
1081,1081,,,,,1.0,Sudah langgan di web tapi ternyata gak bisa akses e paper di aplikasi,-1.0,False,id,True,"sudah, tapi, ternyata, gak, bisa, akses, aplikasi",paper,"langgan, di, web, e, di"
1082,1082,,,,1.0,4.0,Media Kompas baik suratkabarnya maupun KompasTV terpercaya informasinya.,,False,id,False,"baik, maupun, terpercaya, informasinya",,"media, kompas, suratkabarnya, kompastv"
1083,1083,,,,,5.0,Saya senang dengan adanya aplikasi ini,,False,id,False,"saya, senang, dengan, adanya, aplikasi, ini",,
1084,1084,,,,-1.0,1.0,"Jika memang Kompasiana adalah anak perusahaan anda, penulis nya harus di saring lagi .... Semakin lama semakin ga berahlak ...",,False,id,False,"jika, memang, adalah, anak, perusahaan, anda, penulis, nya, harus, saring, lagi, semakin, lama, semakin, ga",,"kompasiana, di, berahlak"
1085,1085,,,-1.0,,1.0,"Buruk banget, berita doang pake bayar. Ngapain juga, mending nonton TV, masih banyak akses berita di tempat lain",,False,id,False,"buruk, banget, berita, doang, pake, bayar, ngapain, juga, mending, nonton, masih, banyak, akses, berita, tempat, lain",,"tv, di"
1086,1086,,,,,4.0,Aku langganan kompas sejak masih stm teknik jatinegara 1978,,False,id,False,"aku, langganan, sejak, masih, stm, teknik, jatinegara",,kompas
1087,1087,,,,,4.0,Ada berita apa la ?,,False,id,False,"ada, berita, apa",,la
1088,1088,,,,,2.0,"Slmt pagi , smg smua sht",,False,sq,True,"pagi, smua",smg,"slmt, sht"
1089,1089,,,,-1.0,1.0,media politik.. media tidak netral..!!,,False,id,False,"politik, tidak, netral",,"media, media"
1090,1090,,,,,3.0,Ini jaman canggih barita harus bunuj,,False,id,False,"ini, jaman, canggih, harus",,"barita, bunuj"
1091,1091,,,,-1.0,1.0,"Wartawannya bisa dibayar, dewan redaksi menutupi.",,False,id,False,"bisa, dibayar, dewan, redaksi, menutupi",,wartawannya
1092,1092,,,,,5.0,Bintang lima untuk kompas yang sudah menemani saya sejak kecil,,False,id,False,"bintang, lima, untuk, yang, sudah, menemani, saya, sejak, kecil",,kompas
1093,1093,,,-1.0,,3.0,"males banget dah,pake langganan segala.. kenapa ga berikut kuota internet aja sih.",,False,id,True,"banget, dah, pake, langganan, segala, kenapa, ga, berikut, kuota, aja, sih",males,internet
1094,1094,,,-1.0,,1.0,emang nih masa baca berita mesti bayar,,False,id,False,"emang, nih, masa, baca, berita, mesti, bayar",,
1095,1095,,,,,3.0,saya blm terlalu sering baca kompas.id jd baru mulai star,,False,id,True,"saya, terlalu, sering, baca, baru, mulai",star,"blm, kompas, id, jd"
1096,1096,,,,1.0,4.0,"surat kabar yg patut jadi rujukan, independen dan dapat dipercaya",,False,id,False,"surat, kabar, patut, jadi, rujukan, independen, dan, dapat, dipercaya",,yg
1097,1097,,,,,1.0,gak bisa di baca.. gak brmanfaat,-1.0,False,id,False,"gak, bisa, baca, gak",,"di, brmanfaat"
1098,1098,,,,0.0,5.0,Buat berita yg realita dan kongktit,,False,id,False,"buat, berita, realita, dan",,"yg, kongktit"
1099,1099,,,,1.0,5.0,"Dapat membaca berita Nasional sampai berita perdesaan ,",,False,id,False,"dapat, membaca, berita, nasional, sampai, berita, perdesaan",,
1100,1100,,,-1.0,,1.0,Payah semua artikel harus berlangganan walaupun artikel bebas..ujung2nya harus langganan!! Mendingan berita online yg lain!!,,False,id,False,"payah, semua, artikel, harus, berlangganan, walaupun, artikel, bebas, ujung, nya, harus, langganan, mendingan, berita, lain",,"online, yg"
1101,1101,,,1.0,,1.0,So many news for free,,False,en,False,,"many, news, for, free",so
1102,1102,,,,1.0,5.0,Komplit beritanya dan bisa di percaya beritanya.,,False,id,False,"komplit, beritanya, dan, bisa, percaya, beritanya",,di
1103,1103,,,,,5.0,Tes dulu aja kali gue enggak juga bisa tidur nyenyak banget sih,,False,id,False,"tes, dulu, aja, kali, gue, enggak, juga, bisa, tidur, nyenyak, banget, sih",,
1104,1104,,,,,3.0,Agar lebih jelas cepat dari yang lainnya,,False,id,False,"agar, lebih, jelas, cepat, dari, yang, lainnya",,
1105,1105,,,,1.0,4.0,Berita cepat gak beli koran,,False,id,False,"berita, cepat, gak, beli, koran",,
1106,1106,,,,,5.0,Belum selesai donload tp bahahagia,,False,id,False,"belum, selesai",,"donload, tp, bahahagia"
1107,1107,,,,,5.0,Sangat puas dan sangat bermanfaat,,False,id,False,"sangat, puas, dan, sangat, bermanfaat",,
1108,1108,,0.0,,,1.0,"Setiap e_paper & buku yg udah d download, jika mau d baca lagi harus 
download ulang.",,False,id,True,"setiap, buku, udah, jika, mau, baca, lagi, harus, ulang",paper,"e, yg, d, download, d, download"
1109,1109,,,,,1.0,Males.! Dibikin ribet. .. langsung copot lagi,,False,tl,True,"dibikin, ribet, langsung, copot, lagi",males,
1110,1110,,,,,5.0,Baca harian kompas sabil ngopi baru asik,,False,id,False,"baca, harian, ngopi, baru, asik",,"kompas, sabil"
1111,1111,,,,,5.0,Sudah lama saya harapkan aku bisa membaca SKH Kompas setiap hari.,,False,id,False,"sudah, lama, saya, harapkan, aku, bisa, membaca, setiap, hari",,"skh, kompas"
1112,1112,,0.0,,,2.0,"Baru download, mau dibaca sudah hilang dan suruh download ulang,, dan itu berkali""... Solusinya gmana ini?",-1.0,False,id,False,"baru, mau, dibaca, sudah, hilang, dan, suruh, ulang, dan, itu, berkali, solusinya, ini",,"download, download, gmana"
1113,1113,,,-1.0,,2.0,Halah ini aplikasi terjeleeeeeeeeek sedunia.masak cuma bisa baca satu halaman doang,,False,id,False,"halah, ini, aplikasi, sedunia, masak, cuma, bisa, baca, satu, halaman, doang",,terjeleeeeeeeeek
1114,1114,,,,,3.0,"khan baru nyoba , jadi 3 bintang dulu yaaaa .... tengkiyuuuuuuuuuuuuu",,False,so,False,"baru, nyoba, jadi, bintang, dulu",,"khan, yaaaa, tengkiyuuuuuuuuuuuuu"
1115,1115,,,,,4.0,"akun saya kok gak bisa di buka, terus koran juga gak bisa",-1.0,False,id,False,"akun, saya, kok, gak, bisa, buka, terus, koran, juga, gak, bisa",,di
1116,1116,,,,1.0,5.0,"Tidak akan bosan dengan apps ini karena konten-konten yang menarik, berita faktual, terkini, dan terpercaya.",,False,id,False,"tidak, akan, bosan, dengan, ini, karena, konten-konten, yang, menarik, berita, faktual, terkini, dan, terpercaya",,apps
1117,1117,,,,,1.0,Sudah subscribed tp gak bisa log in. CS tdk membantu,-1.0,False,id,True,"sudah, gak, bisa, tdk, membantu",subscribed,"tp, log, in, cs"
1118,1118,,,,,5.0,consume quotanya gede banget. sampai jadi nomor 2/3 dipengguna quota bulanan setelah youtube,-1.0,False,id,True,"gede, banget, sampai, jadi, nomor, bulanan, setelah","consume, quota","quotanya, dipengguna, youtube"
1119,1119,,,,,1.0,"Sudah ikut berlangganan malah tidak masuk, log in ga jelas",-1.0,False,id,False,"sudah, ikut, berlangganan, malah, tidak, masuk, ga, jelas",,"log, in"
1120,1120,,,,,5.0,"Sdh baca kompas dari kecil, kenapa harus pindah bacaan ?

Always ter the best ya kompas
 آَمِيـٍـِـنْ يَــارَبَّ الْعَالَمِ",,False,id,True,"sdh, baca, dari, kecil, kenapa, harus, pindah, bacaan, ter","always, the, best","kompas, ya, kompas, آ, م, يـ, ـ, ـن, ي, ــار, ب, ال, ع, ال, م"
1121,1121,,,,,4.0,Aplikasinya bagus. Customer service tidak banyak membantu.,-1.0,False,id,True,"aplikasinya, bagus, tidak, banyak, membantu","customer, service",
1122,1122,,,1.0,1.0,5.0,"Jurnalistik yang berkualitas. Tidak rugi apabila kita berlangganan. Dengan bahasa yang baku dan lugas, namun masih dapat difahami oleh masyarakat.",,False,id,False,"jurnalistik, yang, berkualitas, tidak, rugi, apabila, kita, berlangganan, dengan, bahasa, yang, baku, dan, lugas, namun, masih, dapat, oleh, masyarakat",,difahami
1123,1123,,0.0,,,4.0,Mohon fitur baca audio bisa compatible dengan airpods.,,False,fr,True,"mohon, fitur, baca, bisa, dengan","compatible, airpods",audio
1124,1124,,,,,5.0,"Setelah di update, app tidak lagi crash. Very good.",1.0,False,id,True,"setelah, tidak, lagi","crash, very, good","di, update, app"
1125,1125,,,,,1.0,mohon bisa kembali pd sistim sebelum nya krn ipadmini 3 sya gk bisa baca kompas digital sejak 3 hr lalu,-1.0,False,id,False,"mohon, bisa, kembali, sistim, sebelum, nya, krn, sya, bisa, baca, sejak, lalu",,"pd, ipadmini, gk, kompas, digital, hr"
1126,1126,,,,,5.0,Keren untuk update barunya. Saya suka,1.0,False,id,False,"keren, untuk, barunya, saya, suka",,update
1127,1127,,,,,1.0,"Setelah upgrade terakhir, download epaper di apple ipad engga bisa dilakukan.",-1.0,False,id,False,"setelah, terakhir, engga, bisa, dilakukan",,"upgrade, download, epaper, di, apple, ipad"
1128,1128,,,,,5.0,Setelah update 4 hari lalu malah epaper ga bisa dibuka sama sekali,-1.0,False,id,False,"setelah, hari, lalu, malah, ga, bisa, dibuka, sama, sekali",,"update, epaper"
1129,1129,,,,,1.0,Saya tidak bisa unduh epaper bbrp hr ini. Sptnya ada hubungan dg versi ios ipad sy. Tlg segera perbaiki,-1.0,False,id,False,"saya, tidak, bisa, unduh, bbrp, ini, ada, hubungan, versi, segera, perbaiki",,"epaper, hr, sptnya, dg, ios, ipad, sy, tlg"
1130,1130,-1.0,,,,1.0,Kurang bagus icon nya. Masih ada flek hitam nya. Mohon diperbarui. Di iOS 14 zonk nih bro,,False,id,False,"kurang, bagus, nya, masih, ada, flek, hitam, nya, mohon, diperbarui, nih",,"icon, di, ios, zonk, bro"
1131,1131,,,,,1.0,"Awal niatnya mau berlangganan, tapi ketika nyoba aplikasi kompas kurang nyaman lebih tepatnya gk bagus dan banyak kendala.",,False,id,False,"awal, niatnya, mau, berlangganan, tapi, ketika, nyoba, aplikasi, kurang, nyaman, lebih, tepatnya, bagus, dan, banyak, kendala",,"kompas, gk"
1132,1132,0.0,,,,1.0,Tolong appnyansupaya bisa rotate donk!!!,,False,tl,True,"tolong, bisa, donk",rotate,appnyansupaya
1133,1133,,,,,1.0,Kayanya ga cocok aplikasinya dengan ios terbaru,-1.0,False,id,False,"kayanya, ga, cocok, aplikasinya, dengan, terbaru",,ios
1134,1134,-1.0,,,,1.0,"Udah langganan,Gak bisa landscape . .
Sampah 👍",,False,id,True,"udah, langganan, gak, bisa, sampah",landscape,
1135,1135,,,,,5.0,C’est mieux que la dernière version,,False,fr,False,,version,"c’est, mieux, que, la, dernière"
1136,1136,1.0,,,,5.0,"Menu edisi digital memiliki layout serupa dengan edisi koran cetak. Seolah tebal 32 laman kertas koran cetak diboyong utuh ke sapuhan jemari di layar ponsel. Pengoperasian aplikasi yang simpel dan praktis membuat aksesibilitas dan hobi baca bisa dinikmati tiada batasan tempat, wakti dan ruang. Selamat koran Kompas, tetaplah berinovasi dalam layanan kepada loyal reader kostumer.",,False,id,True,"edisi, memiliki, serupa, dengan, edisi, koran, cetak, seolah, tebal, laman, kertas, koran, cetak, diboyong, utuh, jemari, layar, ponsel, pengoperasian, aplikasi, yang, simpel, dan, praktis, membuat, aksesibilitas, dan, hobi, baca, bisa, dinikmati, tiada, batasan, tempat, dan, ruang, selamat, koran, tetaplah, berinovasi, dalam, layanan, kepada",reader,"menu, digital, layout, ke, sapuhan, di, wakti, kompas, loyal, kostumer"
1137,1137,,-1.0,,,1.0,"Ulasan saya akan tetap bintang satu sampai kemungkinan untuk memilih teks dalam mode artikel dikembalikan. Sangat disayangkan Anda terus memperbarui aplikasi tanpa menghadirkan kembali fitur ini. Jika tidak ada perkembangan, saya terpaksa beralih ke koran lain.",,False,id,False,"ulasan, saya, akan, tetap, bintang, satu, sampai, kemungkinan, untuk, memilih, teks, dalam, artikel, dikembalikan, sangat, disayangkan, anda, terus, memperbarui, aplikasi, tanpa, menghadirkan, kembali, fitur, ini, jika, tidak, ada, perkembangan, saya, terpaksa, beralih, koran, lain",,"mode, ke"
1138,1138,-1.0,,,,4.0,"sudah lumayan, cuma ada masalah di mode gelapnya kadang beberapa artikel masih latar belakang putih, mohon dimaksimalkan untuk mode gelapnya terimakasih.",,False,id,False,"sudah, lumayan, cuma, ada, masalah, gelapnya, kadang, beberapa, artikel, masih, latar, belakang, putih, mohon, untuk, gelapnya, terimakasih",,"di, mode, dimaksimalkan, mode"
1139,1139,,,,1.0,4.0,"terimakasih atas berita politik, selebritis, tokoh masyarakat dan info kesehatan, traveling tempat - tempat spot wisata di Nusantara dan banyak lagi berita - berita yang menginspirasi tuk menambah wawasan cakrawala berfikir🇮🇩🌹❤️🌿🌱🙏",,False,id,True,"terimakasih, atas, berita, politik, selebritis, tokoh, masyarakat, dan, kesehatan, tempat, tempat, wisata, nusantara, dan, banyak, lagi, berita, berita, yang, menginspirasi, tuk, menambah, wawasan, cakrawala, berfikir",spot,"info, traveling, di"
1140,1140,,,,,5.0,"KUHP baru ltu utk. Orang orang yang.suka mengganggu, sbg. orang orang..midodereni, boyokku mau di bikin sakit terus, tidak BISA : BERHENTI.",,False,id,False,"kuhp, baru, utk, orang, orang, yang, suka, mengganggu, sbg, orang, orang, mau, bikin, sakit, terus, tidak, bisa, berhenti",,"ltu, midodereni, boyokku, di"
1141,1141,,,,1.0,5.0,Selama saya baca beritanya sangat menarik ketika diulik terutama investigasi. Pertahankan untuk redaksinya buat beritanya jangan terjebak dengan blunder masalah dan problematika di Indonesia.,,False,id,False,"selama, saya, baca, beritanya, sangat, menarik, ketika, terutama, investigasi, pertahankan, untuk, buat, beritanya, jangan, terjebak, dengan, masalah, dan, indonesia",,"diulik, redaksinya, blunder, problematika, di"
1142,1142,,,,1.0,5.0,"Saya berlangganan harian Kompas lebih dari 50 tahun, selain liputan berita nya luas dan aktual, opini dan analisis nya, yang terpenting Kompas konsisten sebagai pelopor penggunaan bahasa Indonesia yg baik dan benar.",,False,id,False,"saya, berlangganan, harian, lebih, dari, tahun, selain, liputan, berita, nya, luas, dan, aktual, opini, dan, analisis, nya, yang, terpenting, konsisten, sebagai, pelopor, penggunaan, bahasa, indonesia, baik, dan, benar",,"kompas, kompas, yg"
1143,1143,,,-1.0,,2.0,"Dapet kupon langganan gratis lewat penukaran poin mytsel, berhasil, tapi tetep ga ngaruh, epaper bisa di dowbload kalo langganan yg 50k terus ngapain ada tukar poin dpt voucher berlangganan? Hey segera diperbaiki ini",,False,id,False,"dapet, kupon, langganan, gratis, lewat, penukaran, poin, berhasil, tapi, tetep, ga, bisa, kalo, langganan, terus, ngapain, ada, tukar, poin, dpt, voucher, berlangganan, segera, diperbaiki, ini",,"mytsel, ngaruh, epaper, di, dowbload, yg, k, hey"
1144,1144,,,,1.0,1.0,"Sumber berita berkualitas tetapi yang dibungkus aplikasi sampah. Akun sudah berlangganan tetapi tidak bisa diakses, sudah coba logout dan login kembali dan sudah hapus memori tetap tidak bisa. Sangat mengecewakan.",-1.0,False,id,False,"sumber, berita, berkualitas, tetapi, yang, dibungkus, aplikasi, sampah, akun, sudah, berlangganan, tetapi, tidak, bisa, diakses, sudah, coba, logout, dan, login, kembali, dan, sudah, hapus, memori, tetap, tidak, bisa, sangat, mengecewakan",,
1145,1145,,,,1.0,5.0,"Terima kasih Kompas, telah menjadi sahabat, setiap hariku. Membaca Kompas, seperti membaca Indonesia. Sebab Kompas, termasuk media nasional yang selalu terdepan mewartakan ragam fakta, figur, dan aneka peristiwa secara cepat dan aktual dari daerah-daerah di Indonesia. Tetap jadi kompas, pemberi arah dan jalan dalam mengarungi lautan dan hutan rimba, sebagaimana yang dicitakan Bung Karno. Salam, Merdeka✊🇮🇩",,False,id,False,"terima, kasih, telah, menjadi, sahabat, setiap, hariku, membaca, seperti, membaca, indonesia, sebab, termasuk, nasional, yang, selalu, terdepan, ragam, fakta, figur, dan, aneka, peristiwa, secara, cepat, dan, aktual, dari, daerah-daerah, indonesia, tetap, jadi, pemberi, arah, dan, jalan, dalam, mengarungi, lautan, dan, hutan, rimba, sebagaimana, yang, bung, karno, salam, merdeka",,"kompas, kompas, kompas, media, mewartakan, di, kompas, dicitakan"
1146,1146,,,,1.0,5.0,Kompas Selalu Menjaga Wibawa Pemerintah Walau ada Kritik Dari Kompas Itu Untuk Oknum Kompas selalu menjaga wibawa pemerintah walau ada kritik dan Kompas,,False,id,False,"selalu, menjaga, wibawa, pemerintah, walau, ada, kritik, dari, itu, untuk, oknum, selalu, menjaga, wibawa, pemerintah, walau, ada, kritik, dan",,"kompas, kompas, kompas, kompas"
1147,1147,,,,1.0,5.0,"Sy apresiasi bintang 5 namun tentunya, msh sudi selalu dgn perbaikan dari pendapat netijen lain atau dengan pertimbangan yg efektif. Hehe... Tp sy mau tnya nih, kompasiana aplikasi hp vers belum ad y min..? Soalny pasti ada yg gak selalu pegang laptop untuk tulis sesuatu.. Trims",,False,id,True,"apresiasi, bintang, namun, tentunya, msh, sudi, selalu, dgn, perbaikan, dari, pendapat, lain, atau, dengan, pertimbangan, efektif, hehe, mau, nih, aplikasi, belum, pasti, ada, gak, selalu, pegang, untuk, tulis, sesuatu, trims",vers,"sy, netijen, yg, tp, sy, tnya, kompasiana, hp, ad, y, min, soalny, yg, laptop"
1148,1148,,,,1.0,5.0,"Berita lebih komprehensif, dan tidak memihak dan memang lebih objektif di lapangan Semoga dengan kompas.id terus berkembang kedepannya. Dan layanan semoga di permudahkan bagi semua kalangan masyarakat",,False,id,False,"berita, lebih, komprehensif, dan, tidak, memihak, dan, memang, lebih, objektif, lapangan, semoga, dengan, terus, berkembang, kedepannya, dan, layanan, semoga, bagi, semua, kalangan, masyarakat",,"di, kompas, id, di, permudahkan"
1149,1149,,,,-1.0,1.0,"SAYA KECEWA, BERITA KADALUARSA TERMASUK LOWONGAN KERJA EMANG INI TH BERAPA HELLOOWW.. YG RELEVAN DIKIT DONG BIAR BERMANFAAT BUAT MASYARAKAT INDONESIA. APA G BISA TERMASUK LOWKER DI UPDATE NGIKUTI TH HYA. BAIKNYA DI KLARIFIKASI JGAN MEMUAT BERITA SEPERTI ORANG AWAM TENTANG MEDIA,",,False,id,False,"saya, kecewa, berita, kadaluarsa, termasuk, lowongan, kerja, emang, ini, berapa, relevan, dikit, dong, biar, bermanfaat, buat, masyarakat, indonesia, apa, bisa, termasuk, baiknya, klarifikasi, memuat, berita, seperti, orang, awam, tentang",,"th, hellooww, yg, g, lowker, di, update, ngikuti, th, hya, di, jgan, media"
1150,1150,1.0,1.0,1.0,1.0,5.0,"baru saja coba dapat gratisan 3 bulan dari traveloka, sangat keren, tanpa iklan, beritanya daging semua, kalo malas baca bisa dibacain sama sistem, plus bs buka e paper, benar2 value for money",,False,id,True,"baru, saja, coba, dapat, gratisan, bulan, dari, sangat, keren, tanpa, iklan, beritanya, daging, semua, kalo, malas, baca, bisa, sama, sistem, buka, benar","paper, value, for, money","traveloka, dibacain, plus, bs, e"
1151,1151,,,,1.0,5.0,Semoga tetap konsisten selalu pada jalur nya..jadila untuk bisa di percaya dan bisa mencerdaskan anak bangsa..jgn sampai kaya tetangga sebelah..berita yg tida kradibel..clikbait yg sebentar lagi punah,,False,id,False,"semoga, tetap, konsisten, selalu, pada, jalur, nya, untuk, bisa, percaya, dan, bisa, mencerdaskan, anak, bangsa, jgn, sampai, kaya, tetangga, sebelah, berita, tida, sebentar, lagi, punah",,"jadila, di, yg, kradibel, clikbait, yg"
1152,1152,,,,0.0,5.0,"Buat yang mau baca e-paper tpi gk mau download terus, bisa diakalin dgn 
kunci app nya di task manager agar cachenya gk dihapus. Caranya klik tombol 
yg di keypad, tombol selain home sma tombol kembali. Terus geser dah, 
karena hp saya xiaomi biasanya tinggal digeser kebawah sampai muncul ikon 
kunci di app itu. Tapi kembali lagi feedback buat kompas, tolong dong app 
nya diupdate, setidaknya klo udah download e-paper diberi waktu minimal 
sehari lah sebelum e-paper itu otomatis kehapus. Lagi pula ini kan buat 
kepuasan pelanggan kompas juga. Tapi kompas keren lah, saya bangga menjadi 
bagian harian kompas",,False,id,True,"buat, yang, mau, baca, tpi, mau, terus, bisa, dgn, kunci, nya, agar, dihapus, caranya, klik, tombol, tombol, selain, sma, tombol, kembali, terus, geser, dah, karena, saya, xiaomi, biasanya, tinggal, digeser, kebawah, sampai, muncul, ikon, kunci, itu, tapi, kembali, lagi, buat, tolong, dong, nya, diupdate, setidaknya, klo, udah, diberi, waktu, minimal, sehari, lah, sebelum, itu, otomatis, lagi, pula, ini, kan, buat, kepuasan, pelanggan, juga, tapi, keren, lah, saya, bangga, menjadi, bagian, harian","e-paper, task, manager, home, feedback, e-paper, e-paper","gk, download, diakalin, app, di, cachenya, gk, yg, di, keypad, hp, di, app, kompas, app, download, kehapus, kompas, kompas, kompas"
1153,1153,,,,0.0,5.0,Konten untuk anak muda atau milenial diperbanyak agar para anak muda mau membaca. Promo manfaat kenapa harus download kompas.id harus gencar. Bukan hanya promo cara download. Trik promosi harus diubah deh. Katanya aplikasi premium....,,False,id,False,"konten, untuk, anak, muda, atau, milenial, diperbanyak, agar, para, anak, muda, mau, membaca, promo, manfaat, kenapa, harus, harus, gencar, bukan, hanya, promo, cara, trik, promosi, harus, diubah, deh, katanya, aplikasi",,"download, kompas, id, download, premium"
1154,1154,,,,1.0,5.0,"Saya pembaca harian Kompas (cetak) sejak dulu awalnya thn 1962 datang ke Jakarta utk kuliah..saat itu ada Surat kabar (koran)/harian Kompas, Sinar Harapan, Berita Buana, Merdeka. Harian Kompas menyuguhkan pelbagai topik/ bervariasi,... apalagi sekarang ini jauh lebih lengkap dan bisa dibaca melalui media electronic.",,False,id,True,"saya, pembaca, harian, cetak, sejak, dulu, awalnya, thn, datang, jakarta, utk, kuliah, saat, itu, ada, surat, kabar, koran, harian, sinar, harapan, berita, buana, merdeka, harian, menyuguhkan, pelbagai, topik, bervariasi, apalagi, sekarang, ini, jauh, lebih, lengkap, dan, bisa, dibaca, melalui",electronic,"kompas, ke, kompas, kompas, media"
1155,1155,,,,1.0,5.0,Membaca kompas Minggu (edisi cetak) sejak sekolah menengah pertama. Kini beralih berlangganan edisi digital. Selalu saja merasa dicerdaskan setiap kali membaca artikel kompas.,,False,id,False,"membaca, minggu, edisi, cetak, sejak, sekolah, menengah, pertama, kini, beralih, berlangganan, edisi, selalu, saja, merasa, setiap, kali, membaca, artikel",,"kompas, digital, dicerdaskan, kompas"
1156,1156,,,,,1.0,"Padahal sdh perpanjang langganan premium satu tahun. Tpi tdk bisa log in di aplikasi. Hanya bisa baca via browser. Cs sangat tidak bisa membantu. Kecewa berat. Tdk sperti Temp'. Hari ini keluhan lalu dipandu, bisa log in. Pdhal sdh mnjadi pembaca setia sejak mhisswa baca kompas. Aplikasi minta update melulu. Tpi tetap mengecewakan!",-1.0,False,id,True,"padahal, sdh, perpanjang, langganan, satu, tahun, tpi, tdk, bisa, aplikasi, hanya, bisa, baca, sangat, tidak, bisa, membantu, kecewa, berat, tdk, sperti, hari, ini, keluhan, lalu, dipandu, bisa, sdh, pembaca, setia, sejak, baca, aplikasi, minta, melulu, tpi, tetap, mengecewakan",temp,"premium, log, in, di, via, browser, cs, log, in, pdhal, mnjadi, mhisswa, kompas, update"
1157,1157,,,,,2.0,"Sebagai media ternama dan terbesar; kecewa dengan pelayanan hotline kompas via WA. Sepertinya setiap tahun selalu begini, kalau ingin perpanjang langganan. 

Tim hotline ga pernah mengerti masalah. Buat apa kasih promo bundling, tapi ga informatif kepada konsumen. Kasih info jg ga lengkap. Payah! Saya pelanggan kompas sdh lebih dr 15 tahun, dan kali ini urusan digital gini malah diabaikan.",-1.0,False,id,True,"sebagai, ternama, dan, terbesar, kecewa, dengan, pelayanan, sepertinya, setiap, tahun, selalu, begini, kalau, ingin, perpanjang, langganan, tim, ga, pernah, mengerti, masalah, buat, apa, kasih, promo, tapi, ga, informatif, kepada, konsumen, kasih, ga, lengkap, payah, saya, pelanggan, sdh, lebih, tahun, dan, kali, ini, urusan, gini, malah, diabaikan",bundling,"media, hotline, kompas, via, wa, hotline, info, jg, kompas, dr, digital"
1158,1158,,,,,3.0,Min. Sejak saya instal IOS 16.0.0 dan updatenya 16.0.2. Aplikasi kompas selalu close sendiri kalau scrol berita. Maksimal lebih dari 5 judul berapa tiba2 close. Padahal aplikasi kompas sudah saya update. Saya sudah coba re-instal sama aja.,-1.0,False,id,True,"sejak, saya, instal, dan, aplikasi, selalu, sendiri, kalau, berita, maksimal, lebih, dari, judul, berapa, tiba, padahal, aplikasi, sudah, saya, saya, sudah, coba, re-instal, sama, aja","close, close","min, ios, updatenya, kompas, scrol, kompas, update"
1159,1159,,,,,3.0,"Versi terbaru, kenapa ya, halaman awal (kompas) sering sekali reload dan patah2 kalau scroll ke bawah. iPad Pro / iPadOS 15.4.1.",-1.0,False,id,True,"versi, terbaru, kenapa, halaman, awal, sering, sekali, dan, patah, kalau, bawah",reload,"ya, kompas, scroll, ke, ipad, pro, ipados"
1160,1160,,,-1.0,,1.0,"Sy mau cekout berlangganan dengan vocer blibli, proses cekout di komoas SUSAH setengah mati, loading melulu, mau dibayar eh malah balik ke halaman depan lagi, hilang vocer saya, katanya udah terpakai pdhl BELUM SEMPET CEKOUT, hangus vocer 70rb. Udah lah aplikasi jelek gak ketulungan PAYAH TOTAL, merugikan calon konsumen, ngga lagi2, kapok beli vocer app nya kompas. TANGGUNG JAWAB",-1.0,False,id,False,"mau, berlangganan, dengan, proses, susah, setengah, mati, melulu, mau, dibayar, malah, balik, halaman, depan, lagi, hilang, saya, katanya, udah, terpakai, belum, sempet, hangus, udah, lah, aplikasi, jelek, gak, payah, merugikan, calon, konsumen, ngga, lagi, kapok, beli, nya, tanggung, jawab",,"sy, cekout, vocer, blibli, cekout, di, komoas, loading, eh, ke, vocer, pdhl, cekout, vocer, rb, ketulungan, total, vocer, app, kompas"
1161,1161,-1.0,,,,3.0,"Di IOS 14.8 untuk UI di bagian status langganan masih ada tag HTML nya. Informasi yg ditampilin juga bikin bingung, kalau bisa segera diperbaiki soalnya saya sudah berlangganan terus. Untuk yg bagian UI/Ukompas lainnya kalau menurut saya sudah cukup baik",,False,id,False,"untuk, bagian, langganan, masih, ada, nya, informasi, juga, bikin, bingung, kalau, bisa, segera, diperbaiki, soalnya, saya, sudah, berlangganan, terus, untuk, bagian, lainnya, kalau, menurut, saya, sudah, cukup, baik",,"di, ios, ui, di, status, tag, html, yg, ditampilin, yg, ui, ukompas"
1162,1162,0.0,,,,5.0,"Finally, a historic Indonesian newspaper on iPad. This latest version is still a bit unstable (occasional crashes when switching between tabs), but overall a  good app. If only there is a page number in all tabs view so we know where to scroll to go to different pages, that will be helpful.",-1.0,False,en,False,,"finally, historic, newspaper, this, latest, version, still, bit, unstable, occasional, crashes, when, switching, between, tabs, but, overall, good, only, there, page, number, all, tabs, view, know, where, different, pages, that, will, helpful","a, indonesian, on, ipad, is, a, a, app, if, is, a, in, so, we, to, scroll, to, go, to, be"
1163,1163,,,,,3.0,"It's a great app. Howevere, there is bug in downloading ePaper. It must be downloaded everytime we quit the app. There was not this problem before the latest update. I hope this review (feedback) is read by the app dev team. Sorry I had to give 3/5 stars.",-1.0,False,en,False,,"it's, great, there, downloading, must, downloaded, everytime, quit, the, there, was, not, this, problem, before, the, latest, hope, this, feedback, read, the, team, sorry, had, give, stars","a, app, howevere, is, bug, in, epaper, it, be, we, app, update, i, review, is, by, app, dev, i, to"
1164,1164,,,0.0,,,saya sedang mencoba versi gratisnya dulu sebelum berlangganan,,False,id,False,"saya, sedang, mencoba, versi, dulu, sebelum, berlangganan",,gratisnya
1165,1165,,,0.0,,,perlu berlangganan premium untuk bisa download e-paper,,False,id,True,"perlu, berlangganan, untuk, bisa",e-paper,"premium, download"
1166,1166,,,1.0,,,"diskon untuk pengguna baru cukup besar, sangat membantu",,False,id,False,"diskon, untuk, pengguna, baru, cukup, besar, sangat, membantu",,
1167,1167,,,1.0,,,iuran bulanan kompas id termasuk paling murah di antara media premium sejenis,,False,id,False,"iuran, bulanan, termasuk, paling, murah, antara, sejenis",,"kompas, id, di, media, premium"
1168,1168,0.0,,,,,tolong tambahkan mode baca malam agar tidak menyilaukan di tempat gelap,,False,id,False,"tolong, tambahkan, baca, malam, agar, tidak, menyilaukan, tempat, gelap",,"mode, di"
1169,1169,0.0,,,,,navigasi kategori berita bisa diakses dari menu utama di bawah layar,,False,id,False,"navigasi, kategori, berita, bisa, diakses, dari, utama, bawah, layar",,"menu, di"
1170,1170,0.0,,,,,sebaiknya ada pilihan tampilan kompak untuk layar dengan resolusi kecil,,False,id,False,"sebaiknya, ada, pilihan, tampilan, kompak, untuk, layar, dengan, resolusi, kecil",,
1171,1171,0.0,,,,,tata letak konten di halaman depan menggunakan grid dua kolom,,False,id,False,"tata, letak, konten, halaman, depan, menggunakan, dua, kolom",,"di, grid"
1172,1172,0.0,,,,,apakah bisa ditambahkan opsi untuk mengubah kontras tampilan artikel,,False,id,False,"apakah, bisa, ditambahkan, opsi, untuk, mengubah, kontras, tampilan, artikel",,
1173,1173,1.0,,,,,antarmuka yang simpel membuat pengalaman membaca tidak terganggu elemen lain,,False,id,False,"antarmuka, yang, simpel, membuat, pengalaman, membaca, tidak, terganggu, elemen, lain",,
1174,1174,1.0,,,,,warna dan tipografi yang dipilih konsisten dan profesional di semua halaman,,False,id,False,"warna, dan, tipografi, yang, dipilih, konsisten, dan, profesional, semua, halaman",,di
1175,1175,,0.0,,,,semoga fitur text to speech bisa berjalan di background sambil buka aplikasi lain,,False,id,True,"semoga, fitur, bisa, berjalan, sambil, buka, aplikasi, lain","text, speech, background","to, di"
1176,1176,,0.0,,,,mohon ditambahkan notifikasi pengingat baca harian agar tidak lupa buka aplikasi,,False,id,False,"mohon, ditambahkan, notifikasi, pengingat, baca, harian, agar, tidak, lupa, buka, aplikasi",,
1177,1177,,1.0,,,,fitur berbagi artikel ke medsos berjalan mulus hanya dengan satu klik,,False,id,False,"fitur, berbagi, artikel, medsos, berjalan, mulus, hanya, dengan, satu, klik",,ke
1178,1178,,1.0,,,,fitur pencarian lanjutan dengan filter kategori sangat membantu menemukan berita spesifik,,False,id,False,"fitur, pencarian, lanjutan, dengan, kategori, sangat, membantu, menemukan, berita, spesifik",,filter
1179,1179,,1.0,,,,fitur highlight teks pada artikel memudahkan saya mencatat poin penting,,False,id,True,"fitur, teks, pada, artikel, memudahkan, saya, mencatat, poin, penting",highlight,
1180,1180,,1.0,,,,fitur tts suaranya jernih dan intonasinya cukup natural untuk didengar lama,,False,id,True,"fitur, tts, suaranya, jernih, dan, cukup, untuk, didengar, lama",natural,intonasinya
1181,1181,,,,,,login menggunakan akun google berjalan mulus tanpa perlu verifikasi berulang,1.0,False,id,False,"login, menggunakan, akun, berjalan, mulus, tanpa, perlu, verifikasi, berulang",,google
1182,1182,,,,,,CS kompas id responsif dan membantu menyelesaikan masalah akses saya dengan cepat,1.0,False,id,False,"responsif, dan, membantu, menyelesaikan, masalah, akses, saya, dengan, cepat",,"cs, kompas, id"
1183,1183,,,,-1.0,,"berita kompas sudah tidak secepat dulu, sering ketinggalan dibanding portal lain",,False,id,False,"berita, sudah, tidak, secepat, dulu, sering, ketinggalan, dibanding, lain",,"kompas, portal"
1184,1184,,,,-1.0,,"berita olahraga di kompas sangat lambat update, hasil pertandingan baru muncul beberapa jam kemudian",,False,id,False,"berita, olahraga, sangat, lambat, hasil, pertandingan, baru, muncul, beberapa, jam, kemudian",,"di, kompas, update"
1185,1185,,,,-1.0,,"kecewa banget beritanya sering telat, kompetitor sudah muat duluan baru kompas nyusul",,False,id,False,"kecewa, banget, beritanya, sering, telat, kompetitor, sudah, muat, duluan, baru",,"kompas, nyusul"
1186,1186,,,,-1.0,,"artikel tentang teknologi di kompas ketinggalan zaman, isinya basi sudah dibahas media lain minggu lalu",,False,id,False,"artikel, tentang, teknologi, ketinggalan, zaman, isinya, basi, sudah, dibahas, lain, minggu, lalu",,"di, kompas, media"
1187,1187,,,,-1.0,,"berita daerah kompas sangat minim dan tidak update, kalah jauh dengan portal berita lokal",,False,id,False,"berita, daerah, sangat, minim, dan, tidak, kalah, jauh, dengan, berita, lokal",,"kompas, update, portal"
1188,1188,,,,-1.0,,"beberapa artikel kompas judulnya misleading dan tidak sesuai isi beritanya, clickbait sekali",,False,id,True,"beberapa, artikel, judulnya, dan, tidak, sesuai, isi, beritanya, sekali","misleading, clickbait",kompas
1189,1189,,,,-1.0,,"isi berita kompas sering tidak akurat, banyak data yang salah dan tidak dicek ulang",,False,id,False,"isi, berita, sering, tidak, akurat, banyak, yang, salah, dan, tidak, dicek, ulang",,"kompas, data"
1190,1190,,,,-1.0,,"jurnalisme kompas menurun drastis, faktanya tidak terverifikasi dan opini disajikan sebagai fakta",,False,id,False,"jurnalisme, menurun, drastis, faktanya, tidak, terverifikasi, dan, opini, disajikan, sebagai, fakta",,kompas
1191,1191,,,,-1.0,,kompas makin sering muat berita sensasional tanpa verifikasi yang jelas,,False,id,False,"makin, sering, muat, berita, sensasional, tanpa, verifikasi, yang, jelas",,kompas
1192,1192,,,,-1.0,,"kualitas tulisan di kompas makin buruk, banyak kesalahan fakta yang lolos dari editor",,False,id,False,"kualitas, tulisan, makin, buruk, banyak, kesalahan, fakta, yang, lolos, dari",,"di, kompas, editor"
1193,1193,,,,-1.0,,"kompas sudah tidak independen lagi, pemberitaannya sangat terasa berpihak",,False,id,False,"sudah, tidak, independen, lagi, sangat, terasa, berpihak",,"kompas, pemberitaannya"
1194,1194,,,,-1.0,,"liputannya tidak berimbang, satu pihak selalu dapat porsi lebih besar dari pihak lainnya",,False,id,False,"tidak, berimbang, satu, pihak, selalu, dapat, porsi, lebih, besar, dari, pihak, lainnya",,liputannya
1195,1195,,,,-1.0,,"kompas makin kehilangan objektivitas, narasumber yang dikutip selalu dari kelompok yang sama",,False,id,False,"makin, kehilangan, narasumber, yang, dikutip, selalu, dari, kelompok, yang, sama",,"kompas, objektivitas"
1196,1196,,,,-1.0,,"framing berita kompas sangat kentara keberpihakannnya, tidak ada keseimbangan sudut pandang",,False,id,True,"berita, sangat, kentara, tidak, ada, keseimbangan, sudut, pandang",framing,"kompas, keberpihakannnya"
1197,1197,,,,-1.0,,"sudah tidak ada lagi jurnalisme investigatif yang berani di kompas, semuanya aman dan tidak kritis",,False,id,False,"sudah, tidak, ada, lagi, jurnalisme, yang, berani, semuanya, aman, dan, tidak, kritis",,"investigatif, di, kompas"
1198,1198,,,,-1.0,,"liputan kompas sangat dangkal, tidak ada kedalaman analisis sama sekali",,False,id,False,"liputan, sangat, dangkal, tidak, ada, kedalaman, analisis, sama, sekali",,kompas
1199,1199,,,,-1.0,,"berita kompas pendek-pendek dan tidak tuntas, banyak pertanyaan yang tidak dijawab",,False,id,False,"berita, pendek-pendek, dan, tidak, tuntas, banyak, pertanyaan, yang, tidak, dijawab",,kompas
1200,1200,,,,-1.0,,"rubrik olahraga dan teknologi di kompas sangat kurang, hanya berita utama yang dibahas mendalam",,False,id,False,"rubrik, olahraga, dan, teknologi, sangat, kurang, hanya, berita, utama, yang, dibahas, mendalam",,"di, kompas"
1201,1201,,,,-1.0,,"kualitas tulisan kompas menurun, analisis yang dulu jadi ciri khasnya kini jarang ditemukan",,False,id,False,"kualitas, tulisan, menurun, analisis, yang, dulu, jadi, ciri, khasnya, kini, jarang, ditemukan",,kompas
1202,1202,,,,0.0,,semoga berita di kompas makin cepat dan selalu terkini setiap harinya,,False,id,False,"semoga, berita, makin, cepat, dan, selalu, terkini, setiap, harinya",,"di, kompas"
1203,1203,,,,0.0,,harap berita olahraga terutama sepak bola bisa lebih sering diupdate,,False,id,False,"harap, berita, olahraga, terutama, sepak, bola, bisa, lebih, sering, diupdate",,
1204,1204,,,,0.0,,mohon berita teknologi dan startup lokal lebih banyak diliput kompas,,False,id,False,"mohon, berita, teknologi, dan, lokal, lebih, banyak, diliput",,"startup, kompas"
1205,1205,,,,0.0,,semoga kompas bisa tingkatkan kecepatan upload berita terutama saat ada kejadian besar,,False,id,False,"semoga, bisa, tingkatkan, kecepatan, berita, terutama, saat, ada, kejadian, besar",,"kompas, upload"
1206,1206,,,,0.0,,tolong perbanyak liputan berita dari luar pulau jawa agar lebih merata,,False,id,False,"tolong, perbanyak, liputan, berita, dari, luar, pulau, jawa, agar, lebih, merata",,
1207,1207,,,,0.0,,semoga ke depannya kompas bisa muat berita daerah lebih banyak lagi,,False,id,False,"semoga, depannya, bisa, muat, berita, daerah, lebih, banyak, lagi",,"ke, kompas"
1208,1208,,,,0.0,,harapannya berita internasional di kompas bisa lebih lengkap dan beragam,,False,id,False,"harapannya, berita, internasional, bisa, lebih, lengkap, dan, beragam",,"di, kompas"
1209,1209,,,,0.0,,minta kompas untuk lebih sering update berita ekonomi dan bisnis harian,,False,id,False,"minta, untuk, lebih, sering, berita, ekonomi, dan, bisnis, harian",,"kompas, update"
1210,1210,,,,0.0,,semoga kompas tetap konsisten menjaga independensinya dari tekanan manapun,,False,id,False,"semoga, tetap, konsisten, menjaga, dari, tekanan, manapun",,"kompas, independensinya"
1211,1211,,,,0.0,,harapannya pemberitaan kompas selalu berimbang dan memberi ruang bagi semua pihak,,False,id,False,"harapannya, pemberitaan, selalu, berimbang, dan, memberi, ruang, bagi, semua, pihak",,kompas
1212,1212,,,,0.0,,semoga kompas terus berpegang pada prinsip jurnalisme yang objektif dan tidak berpihak,,False,id,False,"semoga, terus, berpegang, pada, prinsip, jurnalisme, yang, objektif, dan, tidak, berpihak",,kompas
1213,1213,,,,0.0,,mohon kompas untuk terus menjaga keberimbangan dalam setiap liputannya,,False,id,False,"mohon, untuk, terus, menjaga, dalam, setiap",,"kompas, keberimbangan, liputannya"
1214,1214,,,,0.0,,semoga kompas bisa menghadirkan lebih banyak sudut pandang berbeda dalam satu isu,,False,id,False,"semoga, bisa, menghadirkan, lebih, banyak, sudut, pandang, berbeda, dalam, satu, isu",,kompas
1215,1215,,,,0.0,,harap kompas tetap berani mengkritik semua pihak tanpa terkecuali,,False,id,False,"harap, tetap, berani, mengkritik, semua, pihak, tanpa, terkecuali",,kompas
1216,1216,,,,0.0,,semoga redaksi kompas selalu menjaga standar netralitas dalam pelaporan berita,,False,id,False,"semoga, redaksi, selalu, menjaga, standar, netralitas, dalam, pelaporan, berita",,kompas
1217,1217,,,,0.0,,tolong pastikan setiap berita kompas sudah mendengar semua pihak yang terlibat,,False,id,False,"tolong, pastikan, setiap, berita, sudah, mendengar, semua, pihak, yang, terlibat",,kompas
1218,1218,,,,0.0,,semoga kompas makin banyak memproduksi berita investigatif yang mendalam,,False,id,False,"semoga, makin, banyak, memproduksi, berita, yang, mendalam",,"kompas, investigatif"
1219,1219,,,,0.0,,harapannya liputan kompas semakin tajam dan tidak hanya di permukaan saja,,False,id,False,"harapannya, liputan, semakin, tajam, dan, tidak, hanya, permukaan, saja",,"kompas, di"
1220,1220,,,,0.0,,mohon kompas untuk lebih banyak menyajikan analisis mendalam bukan hanya laporan peristiwa,,False,id,False,"mohon, untuk, lebih, banyak, menyajikan, analisis, mendalam, bukan, hanya, laporan, peristiwa",,kompas
1221,1221,,,,0.0,,semoga kompas terus meningkatkan kualitas riset dan verifikasi fakta sebelum terbit,,False,id,False,"semoga, terus, meningkatkan, kualitas, riset, dan, verifikasi, fakta, sebelum, terbit",,kompas
1222,1222,,,,0.0,,tolong kompas untuk lebih banyak hadirkan perspektif para ahli dalam setiap isu penting,,False,id,False,"tolong, untuk, lebih, banyak, hadirkan, perspektif, para, ahli, dalam, setiap, isu, penting",,kompas
1223,1223,,,,0.0,,semoga kompas bisa memperbanyak konten jurnalisme data yang informatif,,False,id,False,"semoga, bisa, memperbanyak, konten, jurnalisme, yang, informatif",,"kompas, data"
1224,1224,,,,0.0,,harapannya konten opini dan esai di kompas semakin beragam dan mencerminkan banyak suara,,False,id,False,"harapannya, konten, opini, dan, esai, semakin, beragam, dan, mencerminkan, banyak, suara",,"di, kompas"
1225,1225,,,,0.0,,semoga standar penulisan di kompas terus dijaga dengan baik oleh seluruh jurnalisnya,,False,id,False,"semoga, standar, penulisan, terus, dijaga, dengan, baik, oleh, seluruh",,"di, kompas, jurnalisnya"
1226,1226,,,,0.0,,tolong kompas tambahkan lebih banyak liputan tentang isu lingkungan dan perubahan iklim,,False,id,False,"tolong, tambahkan, lebih, banyak, liputan, tentang, isu, lingkungan, dan, perubahan, iklim",,kompas
1227,1227,,,,0.0,,semoga rubrik sains dan teknologi di kompas bisa lebih sering diperbarui,,False,id,False,"semoga, rubrik, sains, dan, teknologi, bisa, lebih, sering, diperbarui",,"di, kompas"
1228,1228,,,,0.0,,mohon kompas lebih banyak meliput isu kesehatan masyarakat terutama di daerah terpencil,,False,id,False,"mohon, lebih, banyak, meliput, isu, kesehatan, masyarakat, terutama, daerah, terpencil",,"kompas, di"
1229,1229,,,,0.0,,harap kompas tambahkan konten pendidikan yang lebih relevan bagi generasi muda,,False,id,False,"harap, tambahkan, konten, pendidikan, yang, lebih, relevan, bagi, generasi, muda",,kompas
1230,1230,,,,0.0,,semoga kompas bisa memperluas cakupan berita budaya dan seni lokal nusantara,,False,id,False,"semoga, bisa, memperluas, cakupan, berita, budaya, dan, seni, lokal, nusantara",,kompas
1231,1231,,,,0.0,,tolong tambahkan lebih banyak liputan tentang usaha kecil dan menengah di indonesia,,False,id,False,"tolong, tambahkan, lebih, banyak, liputan, tentang, usaha, kecil, dan, menengah, indonesia",,di
1232,1232,,,,0.0,,semoga kompas makin banyak mengangkat kisah inspiratif dari berbagai penjuru indonesia,,False,id,False,"semoga, makin, banyak, mengangkat, kisah, inspiratif, dari, berbagai, penjuru, indonesia",,kompas
1233,1233,,,,0.0,,mohon perbanyak konten yang membahas isu sosial dan kemasyarakatan secara mendalam,,False,id,False,"mohon, perbanyak, konten, yang, membahas, isu, sosial, dan, kemasyarakatan, secara, mendalam",,
1234,1234,,,,0.0,,semoga kompas bisa lebih banyak menyajikan berita dalam format visual yang menarik,,False,id,False,"semoga, bisa, lebih, banyak, menyajikan, berita, dalam, yang, menarik",,"kompas, format, visual"
1235,1235,,,,0.0,,harap kompas tambahkan lebih banyak infografis untuk memudahkan pemahaman berita kompleks,,False,id,False,"harap, tambahkan, lebih, banyak, infografis, untuk, memudahkan, pemahaman, berita, kompleks",,kompas
1236,1236,,,,0.0,,tolong kompas hadirkan lebih banyak konten podcast berita untuk yang lebih suka mendengarkan,,False,id,True,"tolong, hadirkan, lebih, banyak, konten, berita, untuk, yang, lebih, suka, mendengarkan",podcast,kompas
1237,1237,,,,0.0,,semoga kompas bisa memperbanyak liputan berbentuk video pendek yang mudah dicerna,,False,id,False,"semoga, bisa, memperbanyak, liputan, berbentuk, pendek, yang, mudah, dicerna",,"kompas, video"
1238,1238,,,,0.0,,mohon kompas sediakan lebih banyak artikel dengan bahasa yang mudah dipahami semua kalangan,,False,id,False,"mohon, sediakan, lebih, banyak, artikel, dengan, bahasa, yang, mudah, dipahami, semua, kalangan",,kompas
1239,1239,,,,0.0,,harapannya kompas bisa menyajikan berita panjang dengan format yang lebih nyaman dibaca,,False,id,False,"harapannya, bisa, menyajikan, berita, panjang, dengan, yang, lebih, nyaman, dibaca",,"kompas, format"
1240,1240,,,,0.0,,semoga kompas bisa menghadirkan seri berita mendalam yang terstruktur untuk isu-isu besar,,False,id,False,"semoga, bisa, menghadirkan, seri, berita, mendalam, yang, terstruktur, untuk, isu-isu, besar",,kompas
1241,1241,,,,-1.0,,"isinya tdk terlalu lengkap, lebih lengkap apl news sebelah",,False,id,True,"isinya, tdk, terlalu, lengkap, lebih, lengkap, sebelah","apl, news",
1242,1242,,,,,,GoodJob,,False,too_short,False,,,goodjob
1243,1243,,,,,,mantap,,False,too_short,False,mantap,,
1244,1244,,,,,,"bermanfaat, menambah wawasan",,False,id,False,"bermanfaat, menambah, wawasan",,
1245,1245,,,,,,mantap dan bermanfaat,,False,id,False,"mantap, dan, bermanfaat",,
1246,1246,,,,,,👍👍👍👍,,True,no_word,False,,,
1247,1247,,,,,,Baik betul-betul baik,,False,id,False,"baik, betul-betul, baik",,
1248,1248,,,,,,keren,,False,too_short,False,keren,,
1249,1249,,,,,,kurang lengkap,,False,tl,False,"kurang, lengkap",,
1250,1250,,,,,,jadi tidak,,False,id,False,"jadi, tidak",,
1251,1251,,,,,,lets me laugh,,False,fr,False,,"lets, laugh",me
1252,1252,,,,,,Mantap dan keren,,False,id,False,"mantap, dan, keren",,
1253,1253,,,,,,mantap,,False,too_short,False,mantap,,
1254,1254,,,,,,Bagus,,False,too_short,False,bagus,,
1255,1255,,,,,,ok,,False,too_short,False,,,ok
1256,1256,,,,,,kompas berita👍,,False,id,False,berita,,kompas
1257,1257,,,,,,Baik bwnar mwngikuti,,False,sw,False,baik,,"bwnar, mwngikuti"
1258,1258,,,,,,bagus,,False,too_short,False,bagus,,
1259,1259,,,,,,👎👎👎👎👎👎👎👎👎👎👎👎👎👎👎👎👎👎👎👎👎👎👎👎👎👎👎👎👎👎👎👎👎👎👎👎👎👎👎👎👎👎👎👎👎👎👎👎👎👎👎👎👎👎👎👎👎👎👎👎👎👎👎👎👎,,True,no_word,False,,,
1260,1260,,,,,,Kompas terbaik,,False,id,False,terbaik,,kompas
1261,1261,,,,,,good,,False,too_short,False,,good,
1262,1262,,,,,,keren KOMPAS,,False,no,False,keren,,kompas
1263,1263,,,,,,Kreatifitas Tanpa Batas,,False,id,False,"kreatifitas, tanpa, batas",,
1264,1264,,,,,,luar biasa,,False,id,False,"luar, biasa",,
1265,1265,,,,,,bagus,,False,too_short,False,bagus,,
1266,1266,,,,,,kerenn kompas,,False,no,False,,,"kerenn, kompas"
1267,1267,,,,,,bagus,,False,too_short,False,bagus,,
1268,1268,,,,,,Patut dijadikan rujukan.,,False,id,False,"patut, dijadikan, rujukan",,
1269,1269,,,,,,mantap,,False,too_short,False,mantap,,
1270,1270,,,,,,Terima Kasih Kompas,,False,id,False,"terima, kasih",,kompas
1271,1271,,,,,,mantafff,,False,too_short,False,,,mantafff
1272,1272,,,,,,baik,,False,too_short,False,baik,,
1273,1273,,,,,,Enak dibaca,,False,id,False,"enak, dibaca",,
1274,1274,,,,,,berita sll updat,,False,sv,False,berita,,"sll, updat"
1275,1275,,,,,,Fontnya resmi banget,,False,id,False,"resmi, banget",,fontnya
1276,1276,,,,,,Mahaaalll,,False,too_short,False,,,mahaaalll
1277,1277,,,,,,bismillah insyaAllah,,False,so,False,"bismillah, insyaallah",,
1278,1278,,,,,,Bagus,,False,too_short,False,bagus,,
1279,1279,,,,,,ala men.,,False,id,True,ala,men,
1280,1280,,,,,,good,,False,too_short,False,,good,
1281,1281,,,,,,menambah wawasan,,False,id,False,"menambah, wawasan",,
1282,1282,,,,,,suka banget,,False,id,False,"suka, banget",,
1283,1283,,,,,,Mantul,,False,too_short,False,,,mantul
1284,1284,,,,,,👎👎👎,,True,no_word,False,,,
1285,1285,,,,,,Bermanfaat,,False,too_short,False,bermanfaat,,
1286,1286,,,,,,do your best,,False,es,False,,"your, best",do
1287,1287,,,,,,bagus,,False,too_short,False,bagus,,
1288,1288,,,,,,Top,,False,too_short,False,,top,
1289,1289,,,,,,bagus,,False,too_short,False,bagus,,
1290,1290,,,,,,bagus,,False,too_short,False,bagus,,
1291,1291,,,,,,Aplikasi tidak lengkap,,False,id,False,"aplikasi, tidak, lengkap",,
1292,1292,,,,,,tetaplah terpercaya,,False,id,False,"tetaplah, terpercaya",,
1293,1293,,,,,,ok,,False,too_short,False,,,ok
1294,1294,,,,,,Dengan Akun Bisnis,,False,id,False,"dengan, akun, bisnis",,
1295,1295,,,,,,pirtli,,False,too_short,False,,,pirtli
1296,1296,,,,,,. Di,,False,too_short,False,,,di
1297,1297,,,,,,Berita negeri,,False,id,False,"berita, negeri",,
1298,1298,,,,,,aplikasi yang bagus,,False,id,False,"aplikasi, yang, bagus",,
1299,1299,,,,,,bagus,,False,too_short,False,bagus,,
1300,1300,,,,,,Oke si,,False,hr,False,,,"oke, si"
1301,1301,,,,,,👍,,True,no_word,False,,,
1302,1302,,,,,,great news,,False,en,False,,"great, news",
1303,1303,,,,,,mantab,,False,too_short,False,mantab,,
1304,1304,,,,,,Keren,,False,too_short,False,keren,,
1305,1305,,,,,,berita terbaik,,False,id,False,"berita, terbaik",,
1306,1306,,,,,,good,,False,too_short,False,,good,
1307,1307,,,,,,👍🏼,,True,no_word,False,,,
1308,1308,,,,,,good 👍,,False,too_short,False,,good,
1309,1309,,,,,,bagus,,False,too_short,False,bagus,,
1310,1310,,,,,,baik,,False,too_short,False,baik,,
1311,1311,,,,,,makasi,,False,too_short,False,,,makasi
1312,1312,,,,,,good,,False,too_short,False,,good,
1313,1313,,,,,,mantap,,False,too_short,False,mantap,,
1314,1314,,,,,,Tertarik,,False,too_short,False,tertarik,,
1315,1315,,,,,,"mantap,akurat terpercaya",,False,id,False,"mantap, akurat, terpercaya",,
1316,1316,,,,,,cukup bagus,,False,id,False,"cukup, bagus",,
1317,1317,,,,,,𝙎𝙖𝙣𝙜𝙖𝙩 𝙗𝙖𝙜𝙪𝙨,,False,unknown,False,,,"𝙎𝙖𝙣𝙜𝙖𝙩, 𝙗𝙖𝙜𝙪𝙨"
1318,1318,,,,,,good bener,,False,cy,True,bener,good,
1319,1319,,,,,,Keren,,False,too_short,False,keren,,
1320,1320,,,,,,Sementara baru mencoba...,,False,id,False,"sementara, baru, mencoba",,
1321,1321,,,,,,mantap,,False,too_short,False,mantap,,
1322,1322,,,,,,bagus,,False,too_short,False,bagus,,
1323,1323,,,,,,Menarik dan baik.,,False,id,False,"menarik, dan, baik",,
1324,1324,,,,,,mantap,,False,too_short,False,mantap,,
1325,1325,,,,,,ok banget,,False,no,False,banget,,ok
1326,1326,,,,,,ya bagus kok,,False,id,False,"bagus, kok",,ya
1327,1327,,,,,,Informasi informatif,,False,en,False,"informasi, informatif",,
1328,1328,,,,,,Good,,False,too_short,False,,good,
1329,1329,,,,,,cool,,False,too_short,False,,cool,
1330,1330,,,,,,bagus,,False,too_short,False,bagus,,
1331,1331,,,,,,good,,False,too_short,False,,good,
1332,1332,,,,,,Terima kasih,,False,id,False,"terima, kasih",,
1333,1333,,,,,,Ok,,False,too_short,False,,,ok
1334,1334,,,,,,minta gratis pak,,False,lt,False,"minta, gratis, pak",,
1335,1335,,,,,,bagus banget,,False,id,False,"bagus, banget",,
1336,1336,,,,,,Mantap,,False,too_short,False,mantap,,
1337,1337,,,,,,Bagus,,False,too_short,False,bagus,,
1338,1338,,,,,,bagus sangat informatif,,False,id,False,"bagus, sangat, informatif",,
1339,1339,,,,,,belum coba,,False,id,False,"belum, coba",,
1340,1340,,,,,,oke juga,,False,hr,False,juga,,oke
1341,1341,,,,,,"Ringan dibaca, berkualitas.",,False,id,False,"ringan, dibaca, berkualitas",,
1342,1342,,,,,,Baru coba,,False,so,False,"baru, coba",,
1343,1343,,,,,,Bacaan sehat bergizi...,,False,id,False,"bacaan, sehat, bergizi",,
1344,1344,,,,,,Okay banget.,,False,tl,True,banget,okay,
1345,1345,,,,,,Mantabbbb,,False,too_short,False,,,mantabbbb
1346,1346,,,,,,ok,,False,too_short,False,,,ok
1347,1347,,,,,,sudah bagus,,False,id,False,"sudah, bagus",,
1348,1348,,,,,,menarik..,,False,too_short,False,menarik,,
1349,1349,,,,,,berita nya terakurat,,False,id,False,"berita, nya",,terakurat
1350,1350,,,,,,mantapppps..,,False,too_short,False,,,mantapppps
1351,1351,,,,,,berita terbaik,,False,id,False,"berita, terbaik",,
1352,1352,,,,,,good,,False,too_short,False,,good,
1353,1353,,,,,,Sangat menambah wawasan,,False,id,False,"sangat, menambah, wawasan",,
1354,1354,,,,,,Terbaik,,False,too_short,False,terbaik,,
1355,1355,,,,,,good,,False,too_short,False,,good,
1356,1356,,,,,,Ok👌,,False,too_short,False,,,ok
1357,1357,,,,,,Mantap,,False,too_short,False,mantap,,
1358,1358,,,,,,info gratis,,False,en,False,gratis,,info
1359,1359,,,,,,Sangat baik sekali....,,False,id,False,"sangat, baik, sekali",,
1360,1360,,,,,,nice news,,False,pl,False,,"nice, news",
1361,1361,,,,,,coba dulu,,False,ro,False,"coba, dulu",,
1362,1362,,,,,,bagus lanjut,,False,id,False,"bagus, lanjut",,
1363,1363,,,,,,keren,,False,too_short,False,keren,,
1364,1364,,,,,,UI/UX-nya bagus. Top,,False,id,True,bagus,top,"ui, ux-nya"
1365,1365,,,,,,bagus,,False,too_short,False,bagus,,
1366,1366,,,,,,good,,False,too_short,False,,good,
1367,1367,,,,,,cukup trend,,False,ro,False,cukup,,trend
1368,1368,,,,,,mantap,,False,too_short,False,mantap,,
1369,1369,,,,,,Good Job,,False,so,False,,"good, job",
1370,1370,,,,,,Bagus,,False,too_short,False,bagus,,
1371,1371,,,,,,akurat,,False,too_short,False,akurat,,
1372,1372,,,,,,Bagus,,False,too_short,False,bagus,,
1373,1373,,,,,,berita dan dan,,False,id,False,"berita, dan, dan",,
1374,1374,,,,,,Mantap,,False,too_short,False,mantap,,
1375,1375,,,,,,mantap,,False,too_short,False,mantap,,
1376,1376,,,,,,bagus,,False,too_short,False,bagus,,
1377,1377,,,,,,bagus beritanya,,False,id,False,"bagus, beritanya",,
1378,1378,,,,,,keren,,False,too_short,False,keren,,
1379,1379,,,,,,baik,,False,too_short,False,baik,,
1380,1380,,,,,,Best,,False,too_short,False,,best,
1381,1381,,,,,,Good,,False,too_short,False,,good,
1382,1382,,,,,,Siiiip...,,False,too_short,False,,,siiiip
1383,1383,,,,,,Menarik,,False,too_short,False,menarik,,
1384,1384,,,,,,Baik,,False,too_short,False,baik,,
1385,1385,,,,,,👍😎😘👊,,True,no_word,False,,,
1386,1386,,,,,,leren beritanya,,False,id,False,beritanya,,leren
1387,1387,,,,,,ok,,False,too_short,False,,,ok
1388,1388,,,,,,terpercaya dan meringankan,,False,id,False,"terpercaya, dan, meringankan",,
1389,1389,,,,,,Sangat membantu,,False,id,False,"sangat, membantu",,
1390,1390,,,,,,Mantul,,False,too_short,False,,,mantul
1391,1391,,,,,,top pokoe,,False,sk,False,,top,pokoe
1392,1392,,,,,,bagus menarik,,False,id,False,"bagus, menarik",,
1393,1393,,,,,,good,,False,too_short,False,,good,
1394,1394,,,,,,ok,,False,too_short,False,,,ok
1395,1395,,,,,,SAYA.SLL INGIN.TAHU.BERITA2. TERBARU.SYUKUR.KALAU.ADA.KOMPAS.,,False,id,False,"saya, ingin, tahu, berita, terbaru, syukur, kalau, ada",,"sll, kompas"
1396,1396,,,,,,Maikel Jordan Maikel,,False,fi,False,,,"maikel, jordan, maikel"
1397,1397,,,,,,bagus sekali.,,False,id,False,"bagus, sekali",,
1398,1398,,,,,,oke,,False,too_short,False,,,oke
1399,1399,,,,,,Good 👍,,False,too_short,False,,good,
1400,1400,,,,,,Lumayan berkualitas konten-kontennya,,False,id,False,"lumayan, berkualitas, konten-kontennya",,
1401,1401,,,,,,Tingkatkan lagi,,False,tl,False,"tingkatkan, lagi",,
1402,1402,,,,,,usefull,,False,too_short,False,,,usefull
1403,1403,,,,,,Bagus,,False,too_short,False,bagus,,
1404,1404,,,,,,optimal kan lahj,,False,id,False,kan,,"optimal, lahj"
1405,1405,,,,,,mantao,,False,too_short,False,,,mantao
1406,1406,,,,,,mantap,,False,too_short,False,mantap,,
1407,1407,,,,,,Ok,,False,too_short,False,,,ok
1408,1408,,,,,,ok,,False,too_short,False,,,ok
1409,1409,,,,,,Good,,False,too_short,False,,good,
1410,1410,,,,,,Good Media News,,False,cy,False,,"good, news",media
1411,1411,,,,,,bagus,,False,too_short,False,bagus,,
1412,1412,,,,,,macam betul Jw,,False,id,False,"macam, betul",,jw
1413,1413,,,,,,Semakin mendidik,,False,id,False,"semakin, mendidik",,
1414,1414,,,,,,bagus,,False,too_short,False,bagus,,
1415,1415,,,,,,Berita terkini,,False,id,False,"berita, terkini",,
1416,1416,,,,,,ok,,False,too_short,False,,,ok
1417,1417,,,,,,Bagus,,False,too_short,False,bagus,,
1418,1418,,,,,,Coba dulu,,False,ro,False,"coba, dulu",,
1419,1419,,,,,,👍🏻,,True,no_word,False,,,
1420,1420,,,,,,good,,False,too_short,False,,good,
1421,1421,,,,,,Ffre,,False,too_short,False,,,ffre
1422,1422,,,,,,kompas selalu berisi,,False,id,False,"selalu, berisi",,kompas
1423,1423,,,,,,Trimakasih,,False,too_short,False,trimakasih,,
1424,1424,,,,,,Pekerjaan serabtn,,False,id,False,pekerjaan,,serabtn
1425,1425,,,,,,Good,,False,too_short,False,,good,
1426,1426,,,,,,tetap pertahankan....,,False,id,False,"tetap, pertahankan",,
1427,1427,,,,,,berita nya terupdate,,False,id,False,"berita, nya, terupdate",,
1428,1428,,,,,,Aplikasi bagus,,False,id,False,"aplikasi, bagus",,
1429,1429,,,,,,Mantap,,False,too_short,False,mantap,,
1430,1430,,,,,,Bagud sekali,,False,id,False,sekali,,bagud
1431,1431,,,,,,Survey abal abal,,False,so,False,"abal, abal",,survey
1432,1432,,,,,,penyajian yang ciamik,,False,id,False,"penyajian, yang, ciamik",,
1433,1433,,,,,,💎💎💎💎💎💎💎💎💎💎💎💎💎,,True,no_word,False,,,
1434,1434,,,,,,"Iy e,dan",,False,so,False,dan,,"iy, e"
1435,1435,,,,,,baik,,False,too_short,False,baik,,
1436,1436,,,,,,mantap,,False,too_short,False,mantap,,
1437,1437,,,,,,Bagus,,False,too_short,False,bagus,,
1438,1438,,,,,,ok,,False,too_short,False,,,ok
1439,1439,,,,,,mantap,,False,too_short,False,mantap,,
1440,1440,,,,,,membantu sekali,,False,id,False,"membantu, sekali",,
1441,1441,,,,,,APLIKASI KAPITALIS,,False,lt,False,"aplikasi, kapitalis",,
1442,1442,,,,,,Parkir basement,,False,id,True,parkir,basement,
1443,1443,,,,,,independen,,False,too_short,False,independen,,
1444,1444,,,,,,bagus,,False,too_short,False,bagus,,
1445,1445,,,,,,Mbantu,,False,too_short,False,,,mbantu
1446,1446,,,,,,Bagus,,False,too_short,False,bagus,,
1447,1447,,,,,,bagus,,False,too_short,False,bagus,,
1448,1448,,,,,,Mantap membatu,,False,id,False,"mantap, membatu",,
1449,1449,,,,,,nice,,False,too_short,False,,nice,
1450,1450,,,,,,berita nya meyakinkan,,False,id,False,"berita, nya, meyakinkan",,
1451,1451,,,,,,Mantap,,False,too_short,False,mantap,,
1452,1452,,,,,,Keren,,False,too_short,False,keren,,
1453,1453,,,,,,sangat bagus😊,,False,tl,False,"sangat, bagus",,
1454,1454,,,,,,keren,,False,too_short,False,keren,,
1455,1455,,,,,,bagus,,False,too_short,False,bagus,,
1456,1456,,,,,,Siap diikuti,,False,id,False,"siap, diikuti",,
1457,1457,,,,,,Jendela dunia !,,False,id,False,"jendela, dunia",,
1458,1458,,,,,,Top,,False,too_short,False,,top,
1459,1459,,,,,,Baru pertama membuka,,False,id,False,"baru, pertama, membuka",,
1460,1460,,,,,,ulasan lebih dalam,,False,id,False,"ulasan, lebih, dalam",,
1461,1461,,,,,,mantap...,,False,too_short,False,mantap,,
1462,1462,,,,,,Nice,,False,too_short,False,,nice,
1463,1463,,,,,,👍👍👍👍👍,,True,no_word,False,,,
1464,1464,,,,,,👎👎,,True,no_word,False,,,
1465,1465,,,,,,tetap terpercaya,,False,id,False,"tetap, terpercaya",,
1466,1466,,,,,,Aplikasihnya bgs ya,,False,id,False,,bgs,"aplikasihnya, ya"
1467,1467,,,,,,mantap,,False,too_short,False,mantap,,
1468,1468,,,,,,Media ga kredibel,,False,id,False,"ga, kredibel",,media
1469,1469,,,,,,Oke,,False,too_short,False,,,oke
1470,1470,,,,,,sangat baik,,False,tl,False,"sangat, baik",,
1471,1471,,,,,,keren,,False,too_short,False,keren,,
1472,1472,,,,,,good,,False,too_short,False,,good,
1473,1473,,,,,,mantap markotop,,False,id,False,mantap,,markotop
1474,1474,,,,,,keren.,,False,too_short,False,keren,,
1475,1475,,,,,,good,,False,too_short,False,,good,
1476,1476,,,,,,Adi Gunadi(Opsional).*,,False,it,False,"adi, opsional",,gunadi
1477,1477,,,,,,Semangat sedulur,,False,id,False,"semangat, sedulur",,
1478,1478,,,,,,Ribet,,False,too_short,False,ribet,,
1479,1479,,,,,,keren,,False,too_short,False,keren,,
1480,1480,,,,,,bagus berita nya,,False,id,False,"bagus, berita, nya",,
1481,1481,,,,,,exelent,,False,too_short,False,,,exelent
1482,1482,,,,,,bintang 3 dulu,,False,id,False,"bintang, dulu",,
1483,1483,,,,,,Masih Mantap.,,False,id,False,"masih, mantap",,
1484,1484,,,,,,basus,,False,too_short,False,,,basus
1485,1485,,,,,,bagus,,False,too_short,False,bagus,,
1486,1486,,,,,,Berita nasional perkembangannya.,,False,id,False,"berita, nasional, perkembangannya",,
1487,1487,,,,,,baik,,False,too_short,False,baik,,
1488,1488,,,,,,Berhenti berlangganan,,False,id,False,"berhenti, berlangganan",,
1489,1489,,,,,,Mencerdaskan bangsa,,False,id,False,"mencerdaskan, bangsa",,
1490,1490,,,,,,Mantap,,False,too_short,False,mantap,,
1491,1491,,,,,,Wamena Papua,,False,sw,False,"wamena, papua",,
1492,1492,,,,,,Terdepan dan terpercaya,,False,id,False,"terdepan, dan, terpercaya",,
1493,1493,,,,,,Mantap,,False,too_short,False,mantap,,
1494,1494,,,,,,tolikarah rawan ni,,False,id,False,rawan,,"tolikarah, ni"
1495,1495,,,,,,baguss,,False,too_short,False,,,baguss
1496,1496,,,,,,keren,,False,too_short,False,keren,,
1497,1497,,,,,,terpercaya selalu,,False,id,False,"terpercaya, selalu",,
1498,1498,,,,,,Andi tangsa,,False,id,False,andi,,tangsa
1499,1499,,,,,,Ok,,False,too_short,False,,,ok
1500,1500,,,,,,bagus,,False,too_short,False,bagus,,
1501,1501,,,,,,Komporgas bagus,,False,id,False,bagus,,komporgas
1502,1502,,,,,,top,,False,too_short,False,,top,
1503,1503,,,,,,HARAPAN SAYA,,False,tl,False,"harapan, saya",,
1504,1504,,,,,,bisa dimengerti lengkap,,False,id,False,"bisa, dimengerti, lengkap",,
1505,1505,,,,,,mantab...,,False,too_short,False,mantab,,
1506,1506,,,,,,Tagapsu patat,,False,tl,False,,,"tagapsu, patat"
1507,1507,,,,,,Jelek,,False,too_short,False,jelek,,
1508,1508,,,,,,Mantap,,False,too_short,False,mantap,,
1509,1509,,,,,,"berkesan, bagus",,False,id,False,"berkesan, bagus",,
1510,1510,,,,,,Okeyantap,,False,too_short,False,,,okeyantap
1511,1511,,,,,,ok,,False,too_short,False,,,ok
1512,1512,,,,,,🔝🔝🔝,,True,no_word,False,,,
1513,1513,,,,,,okey,,False,too_short,False,okey,,
1514,1514,,,,,,Lumayan,,False,too_short,False,lumayan,,
1515,1515,,,,,,bagus,,False,too_short,False,bagus,,
1516,1516,,,,,,Oke good,,False,hr,False,,good,oke
1517,1517,,,,,,manyul,,False,too_short,False,,,manyul
1518,1518,,,,,,Okmanpas.id:baca brit,,False,lv,True,baca,brit,"okmanpas, id"
1519,1519,,,,,,Oke bye ya,,False,tr,False,,,"oke, bye, ya"
1520,1520,,,,,,bagus,,False,too_short,False,bagus,,
1521,1521,,,,,,Good,,False,too_short,False,,good,
1522,1522,,,,,,informatif dan edukatif,,False,da,False,"informatif, dan, edukatif",,
1523,1523,,,,,,harus langganan,,False,tl,False,"harus, langganan",,
1524,1524,,,,,,mAntap,,False,too_short,False,mantap,,
1525,1525,,,,,,Super,,False,too_short,False,,,super
1526,1526,,,,,,Siip,,False,too_short,False,,,siip
1527,1527,,,,,,sangat bagus,,False,tl,False,"sangat, bagus",,
1528,1528,,,,,,Berita bagus.,,False,id,False,"berita, bagus",,
1529,1529,,,,,,TPN PB OPM,,False,sl,False,,,"tpn, pb, opm"
1530,1530,,,,,,mantap,,False,too_short,False,mantap,,
1531,1531,,,,,,Enak dibacanya,,False,id,False,"enak, dibacanya",,
1532,1532,,,,,,Bagus,,False,too_short,False,bagus,,
1533,1533,,,,,,Ok,,False,too_short,False,,,ok
1534,1534,,,,,,👍,,True,no_word,False,,,
1535,1535,,,,,,Bagus 💯,,False,too_short,False,bagus,,
1536,1536,,,,,,good,,False,too_short,False,,good,
1537,1537,,,,,,sip. mantap,,False,tl,False,mantap,,sip
1538,1538,,,,,,keren!,,False,too_short,False,keren,,
1539,1539,,,,,,ok,,False,too_short,False,,,ok
1540,1540,,,,,,Ok,,False,too_short,False,,,ok
1541,1541,,,,,,informatif,,False,too_short,False,informatif,,
1542,1542,,,,,,🇮🇩😎👉🏻📝♂️👍🏻♂️📝👈🏻😎🇮🇩,,True,no_word,False,,,
1543,1543,,,,,,"Lengkap materinya, mencerdaskan",,False,id,False,"lengkap, materinya, mencerdaskan",,
1544,1544,,,,,,Oke,,False,too_short,False,,,oke
1545,1545,,,,,,great,,False,too_short,False,,great,
1546,1546,,,,,,baik,,False,too_short,False,baik,,
1547,1547,,,,,,Keren,,False,too_short,False,keren,,
1548,1548,,,,,,good,,False,too_short,False,,good,
1549,1549,,,,,,good,,False,too_short,False,,good,
1550,1550,,,,,,Berita KPK,,False,id,False,"berita, kpk",,
1551,1551,,,,,,👍👌,,True,no_word,False,,,
1552,1552,,,,,,Coba coba dulu,,False,ro,False,"coba, coba, dulu",,
1553,1553,,,,,,kossong,,False,too_short,False,,,kossong
1554,1554,,,,,,Sangat memuaskan,,False,id,False,"sangat, memuaskan",,
1555,1555,,,,,,Holuk,,False,too_short,False,,,holuk
1556,1556,,,,,,Adhityofirdausputra,,False,too_short,False,,,adhityofirdausputra
1557,1557,,,,,,mantab,,False,too_short,False,mantab,,
1558,1558,,,,,,bagus,,False,too_short,False,bagus,,
1559,1559,,,,,,Bingung 😕,,False,too_short,False,bingung,,
1560,1560,,,,,,Good,,False,too_short,False,,good,
1561,1561,,,,,,Mantap,,False,too_short,False,mantap,,
1562,1562,,,,,,keren,,False,too_short,False,keren,,
1563,1563,,,,,,ok,,False,too_short,False,,,ok
1564,1564,,,,,,kompas pancen top,,False,lv,False,,top,"kompas, pancen"
1565,1565,,,,,,banyak iklanya😇😇😇,,False,id,False,banyak,,iklanya
1566,1566,,,,,,good bngt,,False,so,False,,good,bngt
1567,1567,,,,,,mudah dipahami,,False,id,False,"mudah, dipahami",,
1568,1568,,,,,,Bagus,,False,too_short,False,bagus,,
1569,1569,,,,,,oke,,False,too_short,False,,,oke
1570,1570,,,,,,Baik .,,False,too_short,False,baik,,
1571,1571,,,,,,Bagus,,False,too_short,False,bagus,,
1572,1572,,,,,,2 dulu,,False,too_short,False,dulu,,
1573,1573,,,,,,baik,,False,too_short,False,baik,,
1574,1574,,,,,,Bagus,,False,too_short,False,bagus,,
1575,1575,,,,,,sangat berguna ⭐⭐⭐⭐⭐,,False,id,False,"sangat, berguna",,
1576,1576,,,,,,Ok,,False,too_short,False,,,ok
1577,1577,,,,,,Bagus informatif,,False,en,False,"bagus, informatif",,
1578,1578,,,,,,Mantap,,False,too_short,False,mantap,,
1579,1579,,,,,,ok,,False,too_short,False,,,ok
1580,1580,,,,,,V u,,False,sk,False,,,"v, u"
1581,1581,,,,,,Bagoos.,,False,too_short,False,,,bagoos
1582,1582,,,,,,Biasa,,False,too_short,False,biasa,,
1583,1583,,,,,,mantaaap,,False,too_short,False,,,mantaaap
1584,1584,,,,,,Baik,,False,too_short,False,baik,,
1585,1585,,,,,,harus berbayar,,False,id,False,"harus, berbayar",,
1586,1586,,,,,,yah ...,,False,too_short,False,yah,,
1587,1587,,,,,,mantap,,False,too_short,False,mantap,,
1588,1588,,,,,,Kacau,,False,too_short,False,kacau,,
1589,1589,,,,,,bagus,,False,too_short,False,bagus,,
1590,1590,,,,,,Iklan sangat mengganggu,,False,tl,False,"iklan, sangat, mengganggu",,
1591,1591,,,,,,good,,False,too_short,False,,good,
1592,1592,,,,,,Goodi,,False,too_short,False,,,goodi
1593,1593,,,,,,Baik,,False,too_short,False,baik,,
1594,1594,,,,,,good,,False,too_short,False,,good,
1595,1595,,,,,,Adyik main hp,,False,id,False,,,"adyik, main, hp"
1596,1596,,,,,,"bagus, informatif",,False,en,False,"bagus, informatif",,
1597,1597,,,,,,ya gitu lah,,False,id,False,"gitu, lah",,ya
1598,1598,,,,,,👍,,True,no_word,False,,,
1599,1599,,,,,,Sangat bermanfaat,,False,id,False,"sangat, bermanfaat",,
1600,1600,,,,,,Hasbi kadafi,,False,so,False,,,"hasbi, kadafi"
1601,1601,,,,,,mantap,,False,too_short,False,mantap,,
1602,1602,,,,,,sangat baik,,False,tl,False,"sangat, baik",,
1603,1603,,,,,,bagus,,False,too_short,False,bagus,,
1604,1604,,,,,,Bagus terima kasih.,,False,id,False,"bagus, terima, kasih",,
1605,1605,,,,,,ok,,False,too_short,False,,,ok
1606,1606,,,,,,sangat baik,,False,tl,False,"sangat, baik",,
1607,1607,,,,,,sangat baik,,False,tl,False,"sangat, baik",,
1608,1608,,,,,,Ok,,False,too_short,False,,,ok
1609,1609,,,,,,Semakin asyik ....,,False,fi,False,"semakin, asyik",,
1610,1610,,,,,,Oke,,False,too_short,False,,,oke
1611,1611,,,,,,"memuaskan, excellent",,False,sv,True,memuaskan,excellent,
1612,1612,,,,,,Nice👍,,False,too_short,False,,nice,
1613,1613,,,,,,menjunjung netralitas,,False,id,False,"menjunjung, netralitas",,
1614,1614,,,,,,tingkatkan,,False,too_short,False,tingkatkan,,
1615,1615,,,,,,Oke,,False,too_short,False,,,oke
1616,1616,,,,,,Membantu,,False,too_short,False,membantu,,
1617,1617,,,,,,Bagus.,,False,too_short,False,bagus,,
1618,1618,,,,,,Bagus,,False,too_short,False,bagus,,
1619,1619,,,,,,bagus dan informatif,,False,id,False,"bagus, dan, informatif",,
1620,1620,,,,,,Okay,,False,too_short,False,,okay,
1621,1621,,,,,,Sangat bermanfaat,,False,id,False,"sangat, bermanfaat",,
1622,1622,,,,,,highlights tdk berfungsi,,False,de,True,"tdk, berfungsi",highlights,
1623,1623,,,,,,very good,,False,af,False,,"very, good",
1624,1624,,,,,,Bagus,,False,too_short,False,bagus,,
1625,1625,,,,,,Good.oke.news...,,False,hr,False,,"good, news",oke
1626,1626,,,,,,Terimakasih informasinya,,False,id,False,"terimakasih, informasinya",,
1627,1627,,,,,,kompas terlalu ok...,,False,id,False,terlalu,,"kompas, ok"
1628,1628,,,,,,mntul............,,False,too_short,False,,,mntul
1629,1629,,,,,,All in one,,False,en,False,,"all, one",in
1630,1630,,,,,,Marlina Lina,,False,tl,False,lina,,marlina
1631,1631,,,,,,Akurat,,False,too_short,False,akurat,,
1632,1632,,,,,,mantaap,,False,too_short,False,,,mantaap
1633,1633,,,,,,sangat menambah pengalaman,,False,id,False,"sangat, menambah, pengalaman",,
1634,1634,,,,,,Menarik,,False,too_short,False,menarik,,
1635,1635,,,,,,Bagus,,False,too_short,False,bagus,,
1636,1636,,,,,,Excellence,,False,too_short,False,,excellence,
1637,1637,,,,,,nice,,False,too_short,False,,nice,
1638,1638,,,,,,Jempol dah Abis,,False,id,False,"jempol, dah, abis",,
1639,1639,,,,,,sangattt baik,,False,tl,False,baik,,sangattt
1640,1640,,,,,,bagus,,False,too_short,False,bagus,,
1641,1641,,,,,,good pisaaaan,,False,so,False,,good,pisaaaan
1642,1642,,,,,,good news,,False,cy,False,,"good, news",
1643,1643,,,,,,Bayar,,False,too_short,False,bayar,,
1644,1644,,,,,,ok,,False,too_short,False,,,ok
1645,1645,,,,,,tak bagus,,False,id,False,"tak, bagus",,
1646,1646,,,,,,Baik,,False,too_short,False,baik,,
1647,1647,,,,,,politik,,False,too_short,False,politik,,
1648,1648,,,,,,Bagus,,False,too_short,False,bagus,,
1649,1649,,,,,,berita update,,False,id,False,berita,,update
1650,1650,,,,,,Kompas selalu keren!,,False,id,False,"selalu, keren",,kompas
1651,1651,,,,,,mantap,,False,too_short,False,mantap,,
1652,1652,,,,,,Jos,,False,too_short,False,,,jos
1653,1653,,,,,,baru coba,,False,so,False,"baru, coba",,
1654,1654,,,,,,Mantap,,False,too_short,False,mantap,,
1655,1655,,,,,,mntap,,False,too_short,False,,,mntap
1656,1656,,,,,,kompas.id,,False,lv,False,,,"kompas, id"
1657,1657,,,,,,mantap,,False,too_short,False,mantap,,
1658,1658,,,,,,Good apk👍,,False,so,True,apk,good,
1659,1659,,,,,,Mantap. Lanjutkan,,False,id,False,"mantap, lanjutkan",,
1660,1660,,,,,,produk jurnalisme terpercaya,,False,id,False,"produk, jurnalisme, terpercaya",,
1661,1661,,,,,,Bagus,,False,too_short,False,bagus,,
1662,1662,,,,,,bagus..saya suka..,,False,tl,False,"bagus, saya, suka",,
1663,1663,,,,,,mantap,,False,too_short,False,mantap,,
1664,1664,,,,,,★★,,True,no_word,False,,,
1665,1665,,,,,,Terpercaya,,False,too_short,False,terpercaya,,
1666,1666,,,,,,Good,,False,too_short,False,,good,
1667,1667,,,,,,Sangat Bagus 👍👍,,False,tl,False,"sangat, bagus",,
1668,1668,,,,,,sangat baik,,False,tl,False,"sangat, baik",,
1669,1669,,,,,,ok,,False,too_short,False,,,ok
1670,1670,,,,,,Sangat baik,,False,tl,False,"sangat, baik",,
1671,1671,,,,,,Akurat,,False,too_short,False,akurat,,
1672,1672,,,,,,tidada oke,,False,so,False,,,"tidada, oke"
1673,1673,,,,,,Bu,,False,too_short,False,,,bu
1674,1674,,,,,,Thangs 👍🏻,,False,too_short,False,,,thangs
1675,1675,,,,,,Good,,False,too_short,False,,good,
1676,1676,,,,,,Baik,,False,too_short,False,baik,,
1677,1677,,,,,,pelaut,,False,too_short,False,pelaut,,
1678,1678,,,,,,mantap,,False,too_short,False,mantap,,
1679,1679,,,,,,mantap,,False,too_short,False,mantap,,
1680,1680,,,,,,nice,,False,too_short,False,,nice,
1681,1681,,,,,,baik,,False,too_short,False,baik,,
1682,1682,,,,,,mudah diakses,,False,id,False,"mudah, diakses",,
1683,1683,,,,,,Tets test,,False,et,False,,test,tets
1684,1684,,,,,,Ok,,False,too_short,False,,,ok
1685,1685,,,,,,mò|]¤{■□,,False,too_short,False,,,mò
1686,1686,,,,,,bagus,,False,too_short,False,bagus,,
1687,1687,,,,,,transparan dan terpercaya,,False,id,False,"transparan, dan, terpercaya",,
1688,1688,,,,,,Jarang membaca beritanya,,False,id,False,"jarang, membaca, beritanya",,
1689,1689,,,,,,Siiiiiiip,,False,too_short,False,,,siiiiiiip
1690,1690,,,,,,sangat berintegritas,,False,id,False,sangat,,berintegritas
1691,1691,,,,,,bagus,,False,too_short,False,bagus,,
1692,1692,,,,,,Hebat,,False,too_short,False,hebat,,
1693,1693,,,,,,Tidak user friendly,,False,no,True,tidak,"user, friendly",
1694,1694,,,,,,sangat baik,,False,tl,False,"sangat, baik",,
1695,1695,,,,,,Untuk wacana,,False,id,False,"untuk, wacana",,
1696,1696,,,,,,sangat bagus pemberian,,False,id,False,"sangat, bagus, pemberian",,
1697,1697,,,,,,good,,False,too_short,False,,good,
1698,1698,,,,,,👍👍👍👍👍👍👍👍👍👍👍👍👍👍👍👍👍,,True,no_word,False,,,
1699,1699,,,,,,Ok,,False,too_short,False,,,ok
1700,1700,,,,,,coba dululah,,False,ro,False,coba,,dululah
1701,1701,,,,,,ok,,False,too_short,False,,,ok
1702,1702,,,,,,mantab,,False,too_short,False,mantab,,
1703,1703,,,,,,bagus banget beritanya,,False,id,False,"bagus, banget, beritanya",,
1704,1704,,,,,,apa.betul.indonesia.raya.persdene.4.banyak.atau.kebanyakan.1.wakil.1.yang.dari.jawa.ya.iyaa.,,False,id,False,"apa, betul, indonesia, raya, banyak, atau, kebanyakan, wakil, yang, dari, jawa",,"persdene, ya, iyaa"
1705,1705,,,,,,Edukatif,,False,too_short,False,edukatif,,
1706,1706,,,,,,Bagus untuk berita,,False,id,False,"bagus, untuk, berita",,
1707,1707,,,,,,good,,False,too_short,False,,good,
1708,1708,,,,,,mantap,,False,too_short,False,mantap,,
1709,1709,,,,,,Bagus,,False,too_short,False,bagus,,
1710,1710,,,,,,saya suka sekali,,False,id,False,"saya, suka, sekali",,
1711,1711,,,,,,sangat bagus,,False,tl,False,"sangat, bagus",,
1712,1712,,,,,,Koneksi internet terganggu,,False,id,False,"koneksi, terganggu",,internet
1713,1713,,,,,,mantap,,False,too_short,False,mantap,,
1714,1714,,,,,,good,,False,too_short,False,,good,
1715,1715,,,,,,mantap,,False,too_short,False,mantap,,
1716,1716,,,,,,istimewa,,False,too_short,False,istimewa,,
1717,1717,,,,,,sangat bagus,,False,tl,False,"sangat, bagus",,
1718,1718,,,,,,bagus,,False,too_short,False,bagus,,
1719,1719,,,,,,T.O.P markotop,,False,sl,False,,,"t, o, p, markotop"
1720,1720,,,,,,Mantap Kompas,,False,id,False,mantap,,kompas
1721,1721,,,,,,ok,,False,too_short,False,,,ok
1722,1722,,,,,,top,,False,too_short,False,,top,
1723,1723,,,,,,Mantap,,False,too_short,False,mantap,,
1724,1724,,,,,,Kualitas mantap,,False,id,False,"kualitas, mantap",,
1725,1725,,,,,,Info penting,,False,en,False,penting,,info
1726,1726,,,,,,🍏🍏🍏🍏🍏🍏🍏🍹🍹🍹🍹🍹🍹🍹🍽🍽🍽🍽🍽🍇🍇🍇🍇🍇🍇🍇🍇💅💅💅💅💅💅💅👍👍👍👍👍👍👍👍👍👍💎💎💎💎💎💎💎💎💎💎,,True,no_word,False,,,
1727,1727,,,,,,Oke,,False,too_short,False,,,oke
1728,1728,,,,,,Beritanya tdk profesional,,False,id,False,"beritanya, tdk, profesional",,
1729,1729,,,,,,Tidak merakyat,,False,id,False,"tidak, merakyat",,
1730,1730,,,,,,Ujaran kebencian,,False,id,False,"ujaran, kebencian",,
1731,1731,,,,,,Ribet,,False,too_short,False,ribet,,
1732,1732,,,,,,Mantap kompas berita,,False,id,False,"mantap, berita",,kompas
1733,1733,,,,,,Lumayan,,False,too_short,False,lumayan,,
1734,1734,,,,,,Good,,False,too_short,False,,good,
1735,1735,,,,,,Jelas akurat independent,,False,id,True,"jelas, akurat",independent,
1736,1736,,,,,,Mantul,,False,too_short,False,,,mantul
1737,1737,,,,,,👍👍👍👍👍👍👍👍👍👍👍👍,,True,no_word,False,,,
1738,1738,,,,,,ok,,False,too_short,False,,,ok
1739,1739,,,,,,monoton banget,,False,tl,False,"monoton, banget",,
1740,1740,,,,,,Yes Very Good,,False,en,False,,"yes, very, good",
1741,1741,,,,,,Good news,,False,cy,False,,"good, news",
1742,1742,,,,,,Ciptahadiprana MIUI,,False,ca,False,,,"ciptahadiprana, miui"
1743,1743,,,,,,Oke,,False,too_short,False,,,oke
1744,1744,,,,,,Bagus sejali mak,,False,id,False,"bagus, mak",,sejali
1745,1745,,,,,,Berita terpercaya,,False,id,False,"berita, terpercaya",,
1746,1746,,,,,,Beritanya bagus,,False,id,False,"beritanya, bagus",,
1747,1747,,,,,,Keren,,False,too_short,False,keren,,
1748,1748,,,,,,Mantap,,False,too_short,False,mantap,,
1749,1749,,,,,,Ok,,False,too_short,False,,,ok
1750,1750,,,,,,Baik,,False,too_short,False,baik,,
1751,1751,,,,,,Good,,False,too_short,False,,good,
1752,1752,,,,,,"Cukup baik,",,False,id,False,"cukup, baik",,
1753,1753,,,,,,Mantap,,False,too_short,False,mantap,,
1754,1754,,,,,,😍,,True,no_word,False,,,
1755,1755,,,,,,Sistem pembayaran repottt,,False,id,False,"sistem, pembayaran",,repottt
1756,1756,,,,,,ACl GameSopt,,False,ca,False,,acl,gamesopt
1757,1757,,,,,,Mantap,,False,too_short,False,mantap,,
1758,1758,,,,,,(Lima.5 Aplik...POSTING Normal),,False,tl,False,lima,,"aplik, posting, normal"
1759,1759,,,,,,Ok,,False,too_short,False,,,ok
1760,1760,,,,,,Terimakasih dah gabung,,False,id,False,"terimakasih, dah, gabung",,
1761,1761,,,,,,BAGUS,,False,too_short,False,bagus,,
1762,1762,,,,,,Sangat baik,,False,tl,False,"sangat, baik",,
1763,1763,,,,,,Sangay membantu,,False,tl,False,membantu,,sangay
1764,1764,,,,,,Lupa,,False,too_short,False,lupa,,
1765,1765,,,,,,Cocok,,False,too_short,False,cocok,,
1766,1766,,,,,,👍👍👍👍👍,,True,no_word,False,,,
1767,1767,,,,,,Mantap,,False,too_short,False,mantap,,
1768,1768,,,,,,Ok,,False,too_short,False,,,ok
1769,1769,,,,,,Berita sll terupdate,,False,id,False,"berita, terupdate",,sll
1770,1770,,,,,,Seep,,False,too_short,False,,seep,
1771,1771,,,,,,Ok,,False,too_short,False,,,ok
1772,1772,,,,,,Cakep,,False,too_short,False,cakep,,
1773,1773,,,,,,Top,,False,too_short,False,,top,
1774,1774,,,,,,Sangat bagus,,False,tl,False,"sangat, bagus",,
1775,1775,,,,,,Berita di papua,,False,id,False,"berita, papua",,di
1776,1776,,,,,,Bagus,,False,too_short,False,bagus,,
1777,1777,,,,,,Ok,,False,too_short,False,,,ok
1778,1778,,,,,,Oke,,False,too_short,False,,,oke
1779,1779,,,,,,Mantap,,False,too_short,False,mantap,,
1780,1780,,,,,,Otentik,,False,too_short,False,otentik,,
1781,1781,,,,,,Berita nya aktual,,False,id,False,"berita, nya, aktual",,
1782,1782,,,,,,tampilan terlalu berserakan,,False,id,False,"tampilan, terlalu, berserakan",,
1783,1783,,,,,,Mantap,,False,too_short,False,mantap,,
1784,1784,,,,,,Berita inasinak Dunia,,False,id,False,"berita, dunia",,inasinak
1785,1785,,,,,,Kompas ok,,False,lt,False,,,"kompas, ok"
1786,1786,,,,,,Aplikasi kompas mantap,,False,lt,False,"aplikasi, mantap",,kompas
1787,1787,,,,,,Mantep gan,,False,tl,False,gan,,mantep
1788,1788,,,,,,Jozzz gandosss....,,False,hu,False,,,"jozzz, gandosss"
1789,1789,,,,,,Kompasku hebat,,False,id,False,hebat,,kompasku
1790,1790,,,,,,Good,,False,too_short,False,,good,
1791,1791,,,,,,Ok,,False,too_short,False,,,ok
1792,1792,,,,,,Berita ba diandalkan,,False,id,False,"berita, diandalkan",,ba
1793,1793,,,,,,Sangat informatif,,False,id,False,"sangat, informatif",,
1794,1794,,,,,,Berimbang dalan berita,,False,id,False,"berimbang, dalan, berita",,
1795,1795,,,,,,Ok,,False,too_short,False,,,ok
1796,1796,,,,,,Good,,False,too_short,False,,good,
1797,1797,,,,,,Mantap,,False,too_short,False,mantap,,
1798,1798,,,,,,Bagus,,False,too_short,False,bagus,,
1799,1799,,,,,,Bagus,,False,too_short,False,bagus,,
1800,1800,,,,,,Informasi berbayar,,False,id,False,"informasi, berbayar",,
1801,1801,,,,,,Mnyukai berita2ny aktual,,False,id,False,"berita, aktual",,"mnyukai, ny"
1802,1802,,,,,,bagus,,False,too_short,False,bagus,,
1803,1803,,,,,,Bagus.,,False,too_short,False,bagus,,
1804,1804,,,,,,Beritanya akurat,,False,id,False,"beritanya, akurat",,
1805,1805,,,,,,Sangat informatif,,False,id,False,"sangat, informatif",,
1806,1806,,,,,,Mencerahkan,,False,too_short,False,mencerahkan,,
1807,1807,,,,,,nice,,False,too_short,False,,nice,
1808,1808,,,,,,Mantap,,False,too_short,False,mantap,,
1809,1809,,,,,,Sangan membantu informasi,,False,id,False,"membantu, informasi",,sangan
1810,1810,,,,,,Zemalam malam way,,False,so,True,malam,way,zemalam
1811,1811,,,,,,ok,,False,too_short,False,,,ok
1812,1812,,,,,,"Bagus, bisa dipercaya.",,False,id,False,"bagus, bisa, dipercaya",,
1813,1813,,,,,,Terpercaya,,False,too_short,False,terpercaya,,
1814,1814,,,,,,Mantappppp,,False,too_short,False,,,mantappppp
1815,1815,,,,,,Ok bgt,,False,hu,False,bgt,,ok
1816,1816,,,,,,Olahraga,,False,too_short,False,olahraga,,
1817,1817,,,,,,Mantapp.,,False,too_short,False,,,mantapp
1818,1818,,,,,,ok,,False,too_short,False,,,ok
1819,1819,,,,,,Melampaui jurnal penelitian,,False,id,False,"melampaui, jurnal, penelitian",,
1820,1820,,,,,,Cukup baik,,False,id,False,"cukup, baik",,
1821,1821,,,,,,Good!,,False,too_short,False,,good,
1822,1822,,,,,,excellent,,False,too_short,False,,excellent,
1823,1823,,,,,,Bagus,,False,too_short,False,bagus,,
1824,1824,,,,,,Langsung uninstal lagi,,False,tl,False,"langsung, lagi",,uninstal
1825,1825,,,,,,Baik,,False,too_short,False,baik,,
1826,1826,,,,,,NÀMA?SUTIRAH.APP.BATI.BATI.KABUPATEN.TANAH.LAUT.KAPUNG.BETOK.DARAT.DS.ALAM.SUBUR.DI.KALSEL.,,False,id,False,"kabupaten, tanah, laut, darat, alam, subur, kalsel",,"nàma, sutirah, app, bati, bati, kapung, betok, ds, di"
1827,1827,,,,,,Bapakasus,,False,too_short,False,,,bapakasus
1828,1828,,,,,,Email masih anonymous,,False,id,True,masih,anonymous,email
1829,1829,,,,,,Bismillah,,False,too_short,False,bismillah,,
1830,1830,,,,,,Lenisusanti,,False,too_short,False,,,lenisusanti
1831,1831,,,,,,Sering tertutup sendiri,,False,id,False,"sering, tertutup, sendiri",,
1832,1832,,,,,,Sangat bagus,,False,tl,False,"sangat, bagus",,
1833,1833,,,,,,Semael,,False,too_short,False,,,semael
1834,1834,,,,,,Baik,,False,too_short,False,baik,,
1835,1835,,,,,,bagus,,False,too_short,False,bagus,,
1836,1836,,,,,,Mahal biaya berlangganannya.,,False,id,False,"mahal, biaya",,berlangganannya
1837,1837,,,,,,Murifad,,False,too_short,False,,,murifad
1838,1838,,,,,,Mantap.....,,False,too_short,False,mantap,,
1839,1839,,,,,,Berita terkini terpercaya,,False,id,False,"berita, terkini, terpercaya",,
1840,1840,,,,,,Membaca Kompas menyenangkan,,False,id,False,"membaca, menyenangkan",,kompas
1841,1841,,,,,,quite Ok,,False,fr,False,,quite,ok
1842,1842,,,,,,Mantap imfo2nya,,False,tl,False,"mantap, nya",,imfo
1843,1843,,,,,,Good,,False,too_short,False,,good,
1844,1844,,,,,,Maju terus kompas,,False,lv,False,"maju, terus",,kompas
1845,1845,,,,,,Informatif,,False,too_short,False,informatif,,
1846,1846,,,,,,Keren,,False,too_short,False,keren,,
1847,1847,,,,,,Bagus,,False,too_short,False,bagus,,
1848,1848,,,,,,Mantab.,,False,too_short,False,mantab,,
1849,1849,,,,,,Dzikir.dan doa2,,False,tr,False,"dzikir, dan, doa",,
1850,1850,,,,,,Bagus,,False,too_short,False,bagus,,
1851,1851,,,,,,Mantap,,False,too_short,False,mantap,,
1852,1852,,,,,,Freefire,,False,too_short,False,,,freefire
1853,1853,,,,,,"sangat membantu, 👍",,False,id,False,"sangat, membantu",,
1854,1854,,,,,,Loging,,False,too_short,False,,,loging
1855,1855,,,,,,Keren,,False,too_short,False,keren,,
1856,1856,,,,,,Membantu,,False,too_short,False,membantu,,
1857,1857,,,,,,Excelent,,False,too_short,False,,,excelent
1858,1858,,,,,,Selalu update,,False,id,False,selalu,,update
1859,1859,,,,,,Keren isinya,,False,id,False,"keren, isinya",,
1860,1860,,,,,,Ok,,False,too_short,False,,,ok
1861,1861,,,,,,Aktual not hoax,,False,en,True,"aktual, hoax",not,
1862,1862,,,,,,Mantap,,False,too_short,False,mantap,,
1863,1863,,,,,,Cukup bagus.,,False,id,False,"cukup, bagus",,
1864,1864,,,,,,Bagus dan mencerahkan,,False,id,False,"bagus, dan, mencerahkan",,
1865,1865,,,,,,Kompas id top,,False,lv,False,,top,"kompas, id"
1866,1866,,,,,,Mantap,,False,too_short,False,mantap,,
1867,1867,,,,,,Very good,,False,af,False,,"very, good",
1868,1868,,,,,,Ases lancar,,False,es,False,lancar,,ases
1869,1869,,,,,,Mantaf.. aktual beritanya,,False,id,False,"aktual, beritanya",,mantaf
1870,1870,,,,,,Mantep,,False,too_short,False,,,mantep
1871,1871,,,,,,Goodaplikasinwsltter,,False,too_short,False,,,goodaplikasinwsltter
1872,1872,,,,,,Baik,,False,too_short,False,baik,,
1873,1873,,,,,,Keren banget,,False,da,False,"keren, banget",,
1874,1874,,,,,,Ok,,False,too_short,False,,,ok
1875,1875,,,,,,Baik,,False,too_short,False,baik,,
1876,1876,,,,,,Corong pemerintah,,False,id,False,"corong, pemerintah",,
1877,1877,,,,,,delok rien jeh,,False,sk,False,,,"delok, rien, jeh"
1878,1878,,,,,,Bagus,,False,too_short,False,bagus,,
1879,1879,,,,,,Tetap langganan kompas,,False,id,False,"tetap, langganan",,kompas
1880,1880,,,,,,Sexxxxxxx,,False,too_short,False,,,sexxxxxxx
1881,1881,,,,,,jadikan yang terbaik.,,False,id,False,"jadikan, yang, terbaik",,
1882,1882,,,,,,bagus,,False,too_short,False,bagus,,
1883,1883,,,,,,Top,,False,too_short,False,,top,
1884,1884,,,,,,Mantab,,False,too_short,False,mantab,,
1885,1885,,,,,,Akurat dan terpercaya,,False,id,False,"akurat, dan, terpercaya",,
1886,1886,,,,,,Bayar,,False,too_short,False,bayar,,
1887,1887,,,,,,Good,,False,too_short,False,,good,
1888,1888,,,,,,Ok,,False,too_short,False,,,ok
1889,1889,,,,,,Super Bayar. Thanks.,,False,id,True,bayar,thanks,super
1890,1890,,,,,,Ok,,False,too_short,False,,,ok
1891,1891,,,,,,bagus,,False,too_short,False,bagus,,
1892,1892,,,,,,Jelas lengkap,,False,id,False,"jelas, lengkap",,
1893,1893,,,,,,Akurat,,False,too_short,False,akurat,,
1894,1894,,,,,,Baik,,False,too_short,False,baik,,
1895,1895,,,,,,Teri a,,False,id,False,teri,,a
1896,1896,,,,,,Gak bisa dibuka,,False,id,False,"gak, bisa, dibuka",,
1897,1897,,,,,,Mencerdaskan,,False,too_short,False,mencerdaskan,,
1898,1898,,,,,,ok,,False,too_short,False,,,ok
1899,1899,,,,,,Mantap,,False,too_short,False,mantap,,
1900,1900,,,,,,"Akurat&Sangat Informatif,thanks.",,False,id,True,"akurat, sangat, informatif",thanks,
1901,1901,,,,,,Menyenangkan,,False,too_short,False,menyenangkan,,
1902,1902,,,,,,Berita terpercaya,,False,id,False,"berita, terpercaya",,
1903,1903,,,,,,Percobaan,,False,too_short,False,percobaan,,
1904,1904,,,,,,Cool 👍,,False,too_short,False,,cool,
1905,1905,,,,,,Menambah wawasan,,False,id,False,"menambah, wawasan",,
1906,1906,,,,,,Sangat membantu,,False,id,False,"sangat, membantu",,
1907,1907,,,,,,Mantab,,False,too_short,False,mantab,,
1908,1908,,,,,,Coba dulu,,False,ro,False,"coba, dulu",,
1909,1909,,,,,,Independent,,False,too_short,False,,independent,
1910,1910,,,,,,ok,,False,too_short,False,,,ok
1911,1911,,,,,,Segera cairkan,,False,id,False,"segera, cairkan",,
1912,1912,,,,,,Mantaaap kompas,,False,tl,False,,,"mantaaap, kompas"
1913,1913,,,,,,GA NETRAL PAYAAAH,,False,tl,False,"ga, netral",,payaaah
1914,1914,,,,,,Suka,,False,too_short,False,suka,,
1915,1915,,,,,,I like this.,,False,sq,False,,"like, this",i
1916,1916,,,,,,Okey bànget,,False,no,False,okey,,bànget
1917,1917,,,,,,Obyektif dan tegas👍👍👍,,False,id,False,"obyektif, dan, tegas",,
1918,1918,,,,,,SMARTFREN,,False,too_short,False,smartfren,,
1919,1919,,,,,,Mantab,,False,too_short,False,mantab,,
1920,1920,,,,,,Ok,,False,too_short,False,,,ok
1921,1921,,,,,,"D,ok",,False,sl,False,,,"d, ok"
1922,1922,,,,,,Positif,,False,too_short,False,positif,,
1923,1923,,,,,,bagus,,False,too_short,False,bagus,,
1924,1924,,,,,,Opsional,,False,too_short,False,opsional,,
1925,1925,,,,,,Jossgandoss,,False,too_short,False,,,jossgandoss
1926,1926,,,,,,Bayar ga gratis,,False,tl,False,"bayar, ga, gratis",,
1927,1927,,,,,,Very nice,,False,cs,False,,"very, nice",
1928,1928,,,,,,Good..thank you..tx.jos,,False,so,False,,"good, thank, you","tx, jos"
1929,1929,,,,,,Hobi baca berita,,False,so,False,"hobi, baca, berita",,
1930,1930,,,,,,luarbiasa,,False,too_short,False,luarbiasa,,
1931,1931,,,,,,Sangat akurat terpercayA,,False,id,False,"sangat, akurat, terpercaya",,
1932,1932,,,,,,Bagus...,,False,too_short,False,bagus,,
1933,1933,,,,,,Good,,False,too_short,False,,good,
1934,1934,,,,,,Nggak netral lagi....payah,,False,tl,False,"nggak, netral, lagi, payah",,
1935,1935,,,,,,Bagud,,False,too_short,False,,,bagud
1936,1936,,,,,,TOL,,False,too_short,False,tol,,
1937,1937,,,,,,cnn indonesia,,False,it,True,indonesia,cnn,
1938,1938,,,,,,mendidik.,,False,too_short,False,mendidik,,
1939,1939,,,,,,Baik,,False,too_short,False,baik,,
1940,1940,,,,,,Mantap,,False,too_short,False,mantap,,
1941,1941,,,,,,good,,False,too_short,False,,good,
1942,1942,,,,,,KOMPAS ID,,False,lv,False,,,"kompas, id"
1943,1943,,,,,,Top,,False,too_short,False,,top,
1944,1944,,,,,,Oke.,,False,too_short,False,,,oke
1945,1945,,,,,,Wow,,False,too_short,False,,,wow
1946,1946,,,,,,👍👍,,True,no_word,False,,,
1947,1947,,,,,,Ok,,False,too_short,False,,,ok
1948,1948,,,,,,Mantap,,False,too_short,False,mantap,,
1949,1949,,,,,,👍🙋,,True,no_word,False,,,
1950,1950,,,,,,Lugas independen terpercaya,,False,id,False,"lugas, independen, terpercaya",,
1951,1951,,,,,,Baik,,False,too_short,False,baik,,
1952,1952,,,,,,Betita Pns,,False,id,False,pns,,betita
1953,1953,,,,,,Mantaap,,False,too_short,False,,,mantaap
1954,1954,,,,,,Sejak lama update,,False,id,False,"sejak, lama",,update
1955,1955,,,,,,Bagus,,False,too_short,False,bagus,,
1956,1956,,,,,,Gak enek bobot'e,,False,hu,False,gak,,"enek, bobot'e"
1957,1957,,,,,,Makn pls,,False,tl,False,,pls,makn
1958,1958,,,,,,siiip,,False,too_short,False,,,siiip
1959,1959,,,,,,Sangat cocok,,False,tl,False,"sangat, cocok",,
1960,1960,,,,,,Jelek,,False,too_short,False,jelek,,
1961,1961,,,,,,Provokator,,False,too_short,False,,,provokator
1962,1962,,,,,,Osss,,False,too_short,False,,,osss
1963,1963,,,,,,Luar biasa,,False,id,False,"luar, biasa",,
1964,1964,,,,,,Lanjutkan,,False,too_short,False,lanjutkan,,
1965,1965,,,,,,MAJU TERUS KOMPAS,,False,lv,False,"maju, terus",,kompas
1966,1966,,,,,,Suka,,False,too_short,False,suka,,
1967,1967,,,,,,INDRA WIJAYA,,False,sw,False,"indra, wijaya",,
1968,1968,,,,,,Bermanfaat,,False,too_short,False,bermanfaat,,
1969,1969,,,,,,Baik,,False,too_short,False,baik,,
1970,1970,,,,,,Beritanya tdk bermutu,,False,id,False,"beritanya, tdk, bermutu",,
1971,1971,,,,,,Mantap,,False,too_short,False,mantap,,
1972,1972,,,,,,Masih stabil,,False,id,False,"masih, stabil",,
1973,1973,,,,,,Mantap,,False,too_short,False,mantap,,
1974,1974,,,,,,Bagus,,False,too_short,False,bagus,,
1975,1975,,,,,,Jadilah pemersatu bangsa,,False,id,False,"jadilah, pemersatu, bangsa",,
1976,1976,,,,,,Mencerahkan,,False,too_short,False,mencerahkan,,
1977,1977,,,,,,Krg bagus,,False,id,False,bagus,,krg
1978,1978,,,,,,Mulai framing berita...,,False,id,True,"mulai, berita",framing,
1979,1979,,,,,,kompas memang pas,,False,id,False,"memang, pas",,kompas
1980,1980,,,,,,Media hoaks,,False,id,False,hoaks,,media
1981,1981,,,,,,Good,,False,too_short,False,,good,
1982,1982,,,,,,Ulasan berita baik,,False,id,False,"ulasan, berita, baik",,
1983,1983,,,,,,Mantabbb,,False,too_short,False,,,mantabbb
1984,1984,,,,,,Kurang bagus,,False,tl,False,"kurang, bagus",,
1985,1985,,,,,,bagus🙏,,False,too_short,False,bagus,,
1986,1986,,,,,,Bagus,,False,too_short,False,bagus,,
1987,1987,,,,,,Bagus sekali,,False,id,False,"bagus, sekali",,
1988,1988,,,,,,Bagus,,False,too_short,False,bagus,,
1989,1989,,,,,,Terpercaya,,False,too_short,False,terpercaya,,
1990,1990,,,,,,Baru mengunakan,,False,id,False,"baru, mengunakan",,
1991,1991,,,,,,Akurat dan bermutu,,False,id,False,"akurat, dan, bermutu",,
1992,1992,,,,,,Sangat memuaskan,,False,id,False,"sangat, memuaskan",,
1993,1993,,,,,,Top,,False,too_short,False,,top,
1994,1994,,,,,,mantap,,False,too_short,False,mantap,,
1995,1995,,,,,,Senang membaca,,False,id,False,"senang, membaca",,
1996,1996,,,,,,Terkini dan aktual,,False,id,False,"terkini, dan, aktual",,
1997,1997,,,,,,Tetap yg terbaik,,False,id,False,"tetap, terbaik",,yg
1998,1998,,,,,,Good,,False,too_short,False,,good,
1999,1999,,,,,,Good ++,,False,too_short,False,,good,
2000,2000,,,,,,ada diskon gk?,,False,id,False,"ada, diskon",,gk
2001,2001,,,,,,Good,,False,too_short,False,,good,
2002,2002,,,,,,Ok,,False,too_short,False,,,ok
2003,2003,,,,,,dicoba dulu,,False,ro,False,"dicoba, dulu",,
2004,2004,,,,,,Mantab,,False,too_short,False,mantab,,
2005,2005,,,,,,"Mantap , Bro",,False,tl,False,mantap,,bro
2006,2006,,,,,,"keren kompas,,,,,,,",,False,no,False,keren,,kompas
2007,2007,,,,,,Mulai melenceng kau,,False,id,False,"mulai, melenceng, kau",,
2008,2008,,,,,,Coba dl,,False,es,False,coba,,dl
2009,2009,,,,,,terbaik dan terpercaya,,False,id,False,"terbaik, dan, terpercaya",,
2010,2010,,,,,,Good,,False,too_short,False,,good,
2011,2011,,,,,,Flimbf,,False,too_short,False,,,flimbf
2012,2012,,,,,,bintang lima,,False,tl,False,"bintang, lima",,
2013,2013,,,,,,Good,,False,too_short,False,,good,
2014,2014,,,,,,Oke,,False,too_short,False,,,oke
2015,2015,,,,,,#👍 pajintan,,False,too_short,False,,,pajintan
2016,2016,,,,,,The end.,,False,en,False,,"the, end",
2017,2017,,,,,,Gara-gara Rodiyah,,False,so,False,gara-gara,,rodiyah
2018,2018,,,,,,Ok,,False,too_short,False,,,ok
2019,2019,,,,,,Oke...jelas,,False,hr,False,jelas,,oke
2020,2020,,,,,,Pencinta harian. Kompas,,False,id,False,"pencinta, harian",,kompas
2021,2021,,,,,,Bagus,,False,too_short,False,bagus,,
2022,2022,,,,,,Aktual terpercaya,,False,id,False,"aktual, terpercaya",,
2023,2023,,,,,,Tepat akurat,,False,id,False,"tepat, akurat",,
2024,2024,,,,,,Saya menyukai kompas,,False,id,False,"saya, menyukai",,kompas
2025,2025,,,,,,Bagus lah....😃😃,,False,id,False,"bagus, lah",,
2026,2026,,,,,,Aku baru,,False,id,False,"aku, baru",,
2027,2027,,,,,,Oke,,False,too_short,False,,,oke
2028,2028,,,,,,Cepat & akurat,,False,id,False,"cepat, akurat",,
2029,2029,,,,,,Kurang akurat,,False,id,False,"kurang, akurat",,
2030,2030,,,,,,Top,,False,too_short,False,,top,
2031,2031,,,,,,Bagus,,False,too_short,False,bagus,,
2032,2032,,,,,,Mencerdaskan bangsa.,,False,id,False,"mencerdaskan, bangsa",,
2033,2033,,,,,,mantap,,False,too_short,False,mantap,,
2034,2034,,,,,,cukupbaik,,False,too_short,False,,,cukupbaik
2035,2035,,,,,,bagus,,False,too_short,False,bagus,,
2036,2036,,,,,,good,,False,too_short,False,,good,
2037,2037,,,,,,mantap,,False,too_short,False,mantap,,
2038,2038,,,,,,sangat membanru,,False,id,False,sangat,,membanru
2039,2039,,,,,,kompas mantap,,False,tl,False,mantap,,kompas
2040,2040,,,,,,ulasan,,False,too_short,False,ulasan,,
2041,2041,,,,,,senang baca opininya...,,False,tl,False,"senang, baca",,opininya
2042,2042,,,,,,Beritanya tak bombastis,,False,id,False,"beritanya, tak",,bombastis
2043,2043,,,,,,good,,False,too_short,False,,good,
2044,2044,,,,,,😁😁😍😍🙏🙏,,True,no_word,False,,,
2045,2045,,,,,,sip,,False,too_short,False,,,sip
2046,2046,,,,,,ini saaaaangat membantu,,False,id,False,"ini, membantu",,saaaaangat
2047,2047,,,,,,hebat,,False,too_short,False,hebat,,
