text,aspect,sentiment,source,source_row_id
berbayar untuk baca berita,Langganan (Subscription & Pricing),Netral,original,2
berita up to date,Kualitas Konten,Positif,original,4
"terpercaya beritanya, terstandarkan diksinya.",Kualitas Konten,Positif,original,6
Beritanya dapat di percaya,Kualitas Konten,Positif,original,8
Kurang berani kritik pemerintah,Kualitas Konten,Negatif,original,10
Sangat up to date,Kualitas Konten,Positif,original,11
"Bintang 1, Kurang update",Kualitas Konten,Negatif,original,13
berita aktual dan akurat,Kualitas Konten,Positif,original,14
laporan berita nya bagus,Kualitas Konten,Positif,original,15
Mulai ga netral ini.,Kualitas Konten,Negatif,original,19
Aku beli premium. Puas,Langganan (Subscription & Pricing),Positif,original,20
"jurnalisme berkualitas, ya Kompas",Kualitas Konten,Positif,original,21
informatif & inspiratif. KEREN,Kualitas Konten,Positif,original,23
Jurnalis Lokal Kualitas Internasional....,Kualitas Konten,Positif,original,24
susah pembayaran untuk berlangganan,Langganan (Subscription & Pricing),Negatif,original,25
video tidak bisa diputar,Performa (Technical & Access),Negatif,original,26
Berita aktual. Mantap pokoknya.,Kualitas Konten,Positif,original,27
Nyimak berita terbaru update....👍👍,Kualitas Konten,Positif,original,29
tidak bisa di buka,Performa (Technical & Access),Negatif,original,30
"lebih akurat, tepat topik",Kualitas Konten,Positif,original,32
berita aktual dan terpercaya,Kualitas Konten,Positif,original,33
Lancar jaya dan lengkap..,Kualitas Konten,Positif,original,35
nyaman dan enak dibaca,Tampilan (UI/UX),Positif,original,37
sangat informatif dan tuntas,Kualitas Konten,Positif,original,39
Informasi akurat dan berkualitas.,Kualitas Konten,Positif,original,40
Jurnalisme mendalam dan profesional,Kualitas Konten,Positif,original,41
Menyenangkan lho berlangganan Kompas,Langganan (Subscription & Pricing),Positif,original,42
"Berita terbaik,khusus saya peribadi",Kualitas Konten,Positif,original,43
Koran digital yang revolusioner,Kualitas Konten,Positif,original,44
bagus ga banyak iklan...,Langganan (Subscription & Pricing),Positif,original,45
tak rama sama kantong..,Langganan (Subscription & Pricing),Negatif,original,47
informasi yg ter update,Kualitas Konten,Positif,original,48
Terimakasih sudah diperbaiki kinerjanya,Performa (Technical & Access),Positif,original,50
Sering rasis..TDK Sesuai fakta,Kualitas Konten,Negatif,original,53
bagus dan komplit beritanys,Kualitas Konten,Positif,original,59
berita terbaru dan terpercaya,Kualitas Konten,Positif,original,60
ok bgt berita nya,Kualitas Konten,Positif,original,61
Media yg tidak independen,Kualitas Konten,Negatif,original,62
Kompas jangan jadi kompor,Kualitas Konten,Netral,original,63
Credible...beritanya mendalam. Banyak analisisnya,Kualitas Konten,Positif,original,66
Berita no.1 di Indo,Kualitas Konten,Positif,original,69
Berita2nya akurat dan lengkap,Kualitas Konten,Positif,original,73
"Sangat update, terima kasih",Kualitas Konten,Positif,original,74
Jelek tidak bisa konek,Performa (Technical & Access),Negatif,original,75
Sangat jelek tidak mendidik...,Kualitas Konten,Negatif,original,77
Banyak iklan daripada berita!,Tampilan (UI/UX),Negatif,original,78
Kompas memberi informasi baik,Kualitas Konten,Positif,original,80
Bisa cepat mengetahui berita,Kualitas Konten,Positif,original,81
Berita selali U apdet,Kualitas Konten,Positif,original,82
"Pasti,aktual dan terpercaya.Terima Kasih.",Kualitas Konten,Positif,original,85
Akurat dan berimbang 👍⭐⭐⭐⭐⭐,Kualitas Konten,Positif,original,86
Voucher nggak bisa dipakai,Langganan (Subscription & Pricing),Negatif,original,87
"Akurat, independen dan akuntable",Kualitas Konten,Positif,original,88
Salah satu referensi terpercaya,Kualitas Konten,Positif,original,89
Jadilah media yang kredibel,Kualitas Konten,Netral,original,91
Media informasi yg terbaik,Kualitas Konten,Positif,original,93
Dapat mengikuti berita-berita terkini,Kualitas Konten,Positif,original,94
Cukup memuaskan dengan beritanya,Kualitas Konten,Positif,original,96
"kompat akurat,padat dn terpercaya",Kualitas Konten,Positif,original,97
kompas berita kurang terupdate,Kualitas Konten,Negatif,original,98
Kompas beritanya dapat dipercaya.,Kualitas Konten,Positif,original,99
Tidak bisa memutar suara,Performa (Technical & Access),Negatif,original,102
banyak berita hoak palsu,Kualitas Konten,Negatif,original,103
Sy ingin berita gratis,Langganan (Subscription & Pricing),Netral,original,104
Berita up to date,Kualitas Konten,Positif,original,105
Semoga beritanya selalu update,Kualitas Konten,Netral,original,106
Berita Netral dan akurat,Kualitas Konten,Positif,original,108
it's work..promonya agar diperpanjang.,Langganan (Subscription & Pricing),Netral,original,111
Harian Kompas luar biasa,Kualitas Konten,Positif,original,112
Mantab... kontennya makin premium,Kualitas Konten,Positif,original,113
Beritanya terbaru dan terpercaya,Kualitas Konten,Positif,original,114
"Artikel-artikel berkualitas, harga murah.",Kualitas Konten,Positif,original,117
sering error. mohon diperbaiki,Performa (Technical & Access),Negatif,original,120
Belum bisa back menu,Performa (Technical & Access),Negatif,original,122
terimakasih sudah memberikan informasi ketika dmn yg lain hanya diam,Kualitas Konten,Positif,original,123
saat ini 6 juni 2026 pkl 10.00 wib sampai sekarang kenapa tidak bisa buka kompas ya ?,Performa (Technical & Access),Negatif,original,124
ga bisa baca berita kalo ga bayar,Langganan (Subscription & Pricing),Netral,original,125
aplikasi kikir jangan di download 😡,Langganan (Subscription & Pricing),Negatif,original,126
"Jelek bet, cuma buat buka berita harus bayar, gak jelas🤬🤬",Langganan (Subscription & Pricing),Negatif,original,127
lagi bermasalah ya aplikasinya? kok ga bisa login dan ga tampil di tiap rubrik berita2nya,Performa (Technical & Access),Negatif,original,129
"ga bisa di baca, lama loading nya",Performa (Technical & Access),Negatif,original,130
"Mencerdaskan, Tepercaya dan Memperluas Wawasan. 👍",Kualitas Konten,Positif,original,131
"enggk bisa di kliping ya, sedikit kecewa setelah kita dowload teryata enggk bisa di simpen ketika sudah tidak berlangganan",Fungsionalitas,Negatif,original,133
Aku lihat sih beritanya lengkap 😊😇🙏,Kualitas Konten,Positif,original,134
Saran.. supaya bisa kompas.id dibaca secara layar landscape,Tampilan (UI/UX),Netral,original,135
apa harus langganan untuk baca berita?,Langganan (Subscription & Pricing),Netral,original,136
Sering kelogout sendiri dan masuknya susah.,Performa (Technical & Access),Negatif,original,139
berita terbaik dari yang terbaik,Kualitas Konten,Positif,original,140
"Sangat enak dibaca nggak pake mikir, langsung dicerna",Kualitas Konten,Positif,original,141
saya selalu tertarik dengan tulisan tulisan orang hebat yg dimuat oleh kompas.id. faktual dan aktual.,Kualitas Konten,Positif,original,143
"Aktual, faktual, terpercaya, dan tidak memancing opini publik.",Kualitas Konten,Positif,original,144
"KECEWA BERLANGGANAN, seharusnya kompas biasa dan kompas .id gak perlu dipisah2 aksesnya. Bisa aja akal2in cari duitnya",Langganan (Subscription & Pricing),Negatif,original,145
Mohon untuk ada optimalisasi tampilan vertikal tab. Terimakasih,Tampilan (UI/UX),Negatif,original,146
"berita tidak update,, saya cari artikel tentang teknologi, berita yg mucul 3 bulan lalu",Kualitas Konten,Negatif,original,148
"aplikasi berita yang sangat menarik, interface yg sangat ringan dan bener2 bermanfaat bgt",Tampilan (UI/UX),Positif,original,149
"Kebanyakan iklan, beritanya ngak berlanjut hanya sepenggal",Tampilan (UI/UX),Negatif,original,150
"Kebanyakan iklan, beritanya ngak berlanjut hanya sepenggal",Langganan (Subscription & Pricing),Negatif,original,150
Saya baru berlangganan untuk setahun murah banget dengan harga 139.000 saja. Akhirnya saya bisa baca opini dengan leluasan,Langganan (Subscription & Pricing),Positif,original,152
Jangan download berita berbayar semua cari duit,Langganan (Subscription & Pricing),Negatif,original,153
Saya suka ini. kalau harganya tetap 100 ribu per tahun bakalan tetap langganan.,Langganan (Subscription & Pricing),Positif,original,154
Kompas tetap yang terbaik dan terpercaya,Kualitas Konten,Positif,original,155
di hp samsung epaper tidak bisa dibaca secara horosontal,Performa (Technical & Access),Negatif,original,156
next smoga ada pilihan suara g transate.. bosen cuman itu²,Fungsionalitas,Negatif,original,157
Bagus beritanya utk mengisi otak yg kosong.,Kualitas Konten,Positif,original,158
ada bagian tertentu yang tombol audionya gk keliatan kak,Tampilan (UI/UX),Negatif,original,159
"sangat mudah digunakan, berita mendalam",Tampilan (UI/UX),Positif,original,161
"sangat mudah digunakan, berita mendalam",Kualitas Konten,Positif,original,161
"Bernas, selalu peduli dengan masalah aktual dengan analisa yang mengedepankan nilai-nilai kemanusiaan.",Kualitas Konten,Positif,original,162
"Aplikasi sangat bagus, lengkap. CS sangat cepat dalam merespon. Terima kasih",Performa (Technical & Access),Positif,original,163
Kompas sebuah nama media cetak & elektronik yang tidak asing lagi pemberitaannya tajam terpercaya dan berimbang.,Kualitas Konten,Positif,original,164
Akses berita aktual dan terpercaya dari Kompas,Kualitas Konten,Positif,original,165
"Lebih update dengan isu-isu aktual. Keren sih. Tampilannya juga enak, easy reading lah",Tampilan (UI/UX),Positif,original,166
"Lebih update dengan isu-isu aktual. Keren sih. Tampilannya juga enak, easy reading lah",Kualitas Konten,Positif,original,166
informasi yg mantab terpercaya mendidik masa depan kita,Kualitas Konten,Positif,original,168
cerdas menyikapi peristiwa dengan sumber referensi terpercaya,Kualitas Konten,Positif,original,169
"ok baru nyoba... isi berita nya bagus, berkualitas. aplikasi nya nyaman digunakan, user friendly.",Tampilan (UI/UX),Positif,original,171
"ok baru nyoba... isi berita nya bagus, berkualitas. aplikasi nya nyaman digunakan, user friendly.",Kualitas Konten,Positif,original,171
"kompas independen dan terpercaya ,",Kualitas Konten,Positif,original,174
"waktu yang menyenangkan, bacaan bagus, koran terbaik",Kualitas Konten,Positif,original,175
Kompas.id menyajikan berita yg up to date dan terpercaya.,Kualitas Konten,Positif,original,176
"perlu perbaikan perihal menampilkan gambar pada artikel. jika di zoom, seringkali malah pindah ke gambar berikutnya.",Performa (Technical & Access),Negatif,original,177
"Kebanyakan bug, artikel suka balik sendiri ke awal menu. CS nya sama sekali tdk kooperatif. Sdh kayak paling bener aja.",Performa (Technical & Access),Negatif,original,178
Kok aku nggak bisa mendownload koran kompas ?,Performa (Technical & Access),Negatif,original,179
"Keren, bahkan ada audionya kalau kita pengen denger berita saat gak pegang smartphone.",Fungsionalitas,Positif,original,180
Selalu menikmati membaca berita di kompas.id karena berita yang disajikan update dan akurat,Kualitas Konten,Positif,original,181
segala pakai berbayar buat baca berita aja.di buat gratis aja baca berita nya. biar masyarakat Indonesia semua gemar membaca.,Langganan (Subscription & Pricing),Negatif,original,184
Infonya gk akuat. Malu2 in aja,Kualitas Konten,Negatif,original,185
berita yang cepat dan bisa di percaya,Kualitas Konten,Positif,original,188
Belum bisa dikatakan netral dalam hal pemberitaan. masih keberpihakan sebelah. itu intinya.,Kualitas Konten,Negatif,original,189
"sangat membantu untuk mengupdate berita terkini, sayang nya harus berlangganan",Langganan (Subscription & Pricing),Negatif,original,190
"sangat membantu untuk mengupdate berita terkini, sayang nya harus berlangganan",Kualitas Konten,Positif,original,190
Ulasannya bagus manambah pengalaman bagi kita,Kualitas Konten,Positif,original,191
interface halamannya enak dibaca dan suka dengan fitur text to speech,Tampilan (UI/UX),Positif,original,192
interface halamannya enak dibaca dan suka dengan fitur text to speech,Fungsionalitas,Positif,original,192
Permis mau bertny apakah bisa print ya koran e paapernya,Fungsionalitas,Netral,original,194
terbaik untuk mencari update berita,Kualitas Konten,Positif,original,195
"Kalau boleh saran,seharusnya kalau kami mau membaca buku/artikel tidak usah berbayar,supaya orang yang ingin berliterasi tidak harus ada hambatan",Langganan (Subscription & Pricing),Netral,original,196
"Up date kok,meski 5 W dan I H layak terus di jadikan ajangNya",Kualitas Konten,Positif,original,197
Jelas dan bagus untuk berita,Kualitas Konten,Positif,original,198
Berhubung saya harus bayar setengah juta saya hapus,Langganan (Subscription & Pricing),Negatif,original,200
"di bagian fotografi kenapa gak dipisahkan foto cerita, galeri foto dan klinik foto..? seperti di web, lebih enak..",Tampilan (UI/UX),Negatif,original,205
Makin keren dengan berita tepercaya dan bisa diandalkan,Kualitas Konten,Positif,original,206
"ada format koran cetak, sangat menarik",Fungsionalitas,Positif,original,207
"DL cepat, simpel buat bacaan harian dimana saja bisa dilakukan",Performa (Technical & Access),Positif,original,209
berita-beritanya sangat update dan faktual disertai data-data yg sangat akurat....ulasannya menarik dan mendalam...,Kualitas Konten,Positif,original,210
Kompas sangat bagus beri infor Masi,Kualitas Konten,Positif,original,211
"Jurnalisme bermutu dan kritis, mantap, maju terus KOMPAS.",Kualitas Konten,Positif,original,213
Menyajikan berita secara faktual dan aktual.,Kualitas Konten,Positif,original,214
aplikasinya sangat bagus dan efisien dalam memberikan informasi dari dalam dan luar negeri,Kualitas Konten,Positif,original,215
"Tercepat, akurat, dan terdepan 👉",Kualitas Konten,Positif,original,216
"Terlalu mahal, perbulan 50k, mending beli quota cuma 20k",Langganan (Subscription & Pricing),Negatif,original,217
memuat berita berta yang akurat,Kualitas Konten,Positif,original,218
Media yg baik dan objektif,Kualitas Konten,Positif,original,219
kompas sangat memperbarui pengetahuan 👍,Kualitas Konten,Positif,original,220
"Kompas menyajikan berita aktual, tajam terpercaya, Bravo Kompas🙏",Kualitas Konten,Positif,original,221
berita terupdate sehingga menjadi sumber informasi yang akurat dalam mendapatkan informasi dan berita terbaru.,Kualitas Konten,Positif,original,222
Terimakasih untuk informasi yang selalu valid kompas..,Kualitas Konten,Positif,original,224
kompas termasuk media yang memberikan informasi terpercaya,Kualitas Konten,Positif,original,225
"Baru mulai berlangganan, tampilan aplikasi lumayan bagus",Tampilan (UI/UX),Positif,original,226
fitur2nya sangat mudah dipahami bagi awam.,Tampilan (UI/UX),Positif,original,227
Berita nya kok gk lengkap,Kualitas Konten,Negatif,original,228
berita yang sangat akurat dan independen,Kualitas Konten,Positif,original,229
"Untuk news sudah bagus sekali, di harapkan supaya aplikasi ini bisa di baca gratis.",Langganan (Subscription & Pricing),Netral,original,231
"Untuk news sudah bagus sekali, di harapkan supaya aplikasi ini bisa di baca gratis.",Kualitas Konten,Positif,original,231
liputan nasional nya update dan bagus .,Kualitas Konten,Positif,original,232
"Uninstall, mau baca aja disuruh langganan. Masih ada situs berita online yang gratis.",Langganan (Subscription & Pricing),Negatif,original,234
"Tampilan sangat enak dibaca, hanya saja mesin pencarian berita bisa lebih baik. Tidak ada filter untuk mengetahui berita paling populer/terbaru.",Tampilan (UI/UX),Positif,original,236
"Tampilan sangat enak dibaca, hanya saja mesin pencarian berita bisa lebih baik. Tidak ada filter untuk mengetahui berita paling populer/terbaru.",Fungsionalitas,Netral,original,236
Bisa baca berita tanpa diganggu iklan,Langganan (Subscription & Pricing),Positif,original,238
sangat bermanfaat... semoga berita update terus setiap saat..,Kualitas Konten,Positif,original,239
"Kompas adalah media informasi terbaik menurut saya, saya membacanya sejak dari koran, sekarang online media, informasi terbaik mantap terpercaya.",Kualitas Konten,Positif,original,240
Beritanya lengkap dan up to date,Kualitas Konten,Positif,original,242
Terpercaya dan terdepan dalam penyampaian berita.,Kualitas Konten,Positif,original,243
Beritanya sangat akurat lugas & dg bahasanya sangat di pahami semua kalangan👍🏽,Kualitas Konten,Positif,original,244
keren mudah dimengerti bahasa beritanya,Kualitas Konten,Positif,original,245
Memnberikan informasi cepat dan akurat,Kualitas Konten,Positif,original,246
Mau berlangganan tapi mekanisme pembayarannya kurang lancar,Langganan (Subscription & Pricing),Negatif,original,247
bagus . beritanya aktual . semoga makin sukses . 👍,Kualitas Konten,Positif,original,248
"Aplikasi nya bagus, tidak ada masalah dan sangat lancar saat digunakan.",Performa (Technical & Access),Positif,original,249
"Keren bgt Kompas, sering2 promo langganan. Suka dgn berita2 ulasan yg lengkap dan detail",Langganan (Subscription & Pricing),Positif,original,250
"Keren bgt Kompas, sering2 promo langganan. Suka dgn berita2 ulasan yg lengkap dan detail",Kualitas Konten,Positif,original,250
menarik dan memperkaya wawasan semoga tetap independent kompas,Kualitas Konten,Positif,original,251
"Kenapa bayar utk membaca, ngak mampu ya",Langganan (Subscription & Pricing),Negatif,original,252
berita yg sangat uptudate dan independen,Kualitas Konten,Positif,original,254
saya sudah bayar berlangganan tetapi tidak bisa akses,Performa (Technical & Access),Negatif,original,256
Masak pencarian berita nggak urut dari yang terbaru,Fungsionalitas,Negatif,original,257
"Ga usah pake pake email dan kata sandi boss...saya baru, kalo pake ginian lebih baik keluar maaaff",Performa (Technical & Access),Negatif,original,259
"Aplikasi BAGUS, ada e paper yg 100 % sama dgn koran fisik, dan info² ter update",Kualitas Konten,Positif,original,260
"mau baca cerpen karya sastra aja harus berlangganan, makin terbatas ya sekarang",Langganan (Subscription & Pricing),Negatif,original,261
"Saya adalah pelanggan setia Kompas.id, bagus beritanya",Kualitas Konten,Positif,original,262
Harus mbayar user gratisan jangan download,Langganan (Subscription & Pricing),Negatif,original,263
Aplikasi ini sangat penting dalam proses mengikuti perkembangan informasi nasional,Kualitas Konten,Positif,original,264
"Kerenn,,bisa dpt berita setiap hari lewat kompas gak perlu beli koran",Kualitas Konten,Positif,original,265
ulasan kompas sangat enak dibaca dan dicerna. tampilan digital menarik dan e-paper nya selayaknya baca koran kompas spt dulu.,Tampilan (UI/UX),Positif,original,266
ulasan kompas sangat enak dibaca dan dicerna. tampilan digital menarik dan e-paper nya selayaknya baca koran kompas spt dulu.,Kualitas Konten,Positif,original,266
Kasih free trial kek 3 hari minimal biar ngerasain suka atau enggaknya dengan app-nya,Langganan (Subscription & Pricing),Netral,original,267
"Berita Update, penulisan & penyampaian terukur serta terarah..recommended u/ berlangganan berita era digital saat ini",Kualitas Konten,Positif,original,268
Ini bagus banget. Bagus untuk kita menambah wawasan pengetahuan kita,Kualitas Konten,Positif,original,269
banyak ilmu yang bermanfaat. terima kasih Kompas,Kualitas Konten,Positif,original,270
"Apapun medianya, Kompas masih bisa disebut salah satu barometer jurnalik Indonesia, selamat.",Kualitas Konten,Positif,original,275
berita dan featurenya bagus dan mendalam. sering muncul berita investigasi yg mendalam dan berbeda dari lainnya. benar2 jurnalisme berkualitas.,Kualitas Konten,Positif,original,277
"Memperoleh informasi terbaru, dapat dipercaya dan semua aspek kehidupan dengan mudah.",Kualitas Konten,Positif,original,278
Beritanya selaku aktual sesuai facta,Kualitas Konten,Positif,original,279
Keluhan langsung ditindak lanjuti.. mantap 👍,Performa (Technical & Access),Positif,original,282
"saatnya baca berita yg akurat, terpercaya,..",Kualitas Konten,Positif,original,283
"ok bagus berita nya,,, lanjutkan saja,,,siiip..josss",Kualitas Konten,Positif,original,284
"Mendalam, berimbang, dan mendudukan persoalan untuk mendapatkan solusi tanpa menghakimi pihak2 yg menciptakan persoalan.",Kualitas Konten,Positif,original,286
Wawasan makin bertambah klo baca Kompas,Kualitas Konten,Positif,original,287
Ter..update dan bisa dipercaya dr zaman koran ya nice,Kualitas Konten,Positif,original,288
Memang kt.perlu angkat jempol buat Kompas berita yg akurat dan terukur..selamat buat Koompas ya?,Kualitas Konten,Positif,original,290
"Beritanya tersajih lebih lengkap,saran kalau bisa sertakan video pendeknya",Kualitas Konten,Positif,original,291
"Puas, dg isi berita terpercaya",Kualitas Konten,Positif,original,295
Berbayar mending baca di tempat lain,Langganan (Subscription & Pricing),Negatif,original,296
"Mendapatkan informasi yg lengkap setiap pagi dari politik, ekonomi, olah raga dan apa yg menjadi issue yg terbaru.",Kualitas Konten,Positif,original,297
"Berita nya akurat, enak dibaca",Kualitas Konten,Positif,original,298
ditambah lagi dong ulasan berita daerah Jawa Tengah.,Kualitas Konten,Netral,original,300
"baca berita aja bayar harus langganan, gimana mau pintar masyarakatnya",Langganan (Subscription & Pricing),Negatif,original,302
"Mau baca berita aja berbayar??? Lebih baik cari cara lain,di internet sekarang banyak cara dan gak bayar.",Langganan (Subscription & Pricing),Negatif,original,304
Percuma ada aplikasi kalo mau baca masih dilempar ke browser webview,Fungsionalitas,Negatif,original,308
"berita update. ulasan berimbang, dapat dipercaya, dan memperkaya wawasan. bukan sekadar clickbait. bahasanya pun bagus.",Kualitas Konten,Positif,original,309
"Saya unisntal aplikas kompas... banyak aplikasi lain yg gk mintak berlangganan baca artikelnya ...seperti detik, republika dll.",Langganan (Subscription & Pricing),Negatif,original,310
beritanya sangat aktual dan terpercaya,Kualitas Konten,Positif,original,311
"Baik juga, cuman beritanya kurang akurat..",Kualitas Konten,Negatif,original,312
Jadi ini ya media nasional sialan itu yg suka blackcampaign pak anies,Kualitas Konten,Negatif,original,314
Bagus banget rekemond buat baca koran and apknya gratis topo deh buat kompas.id👍,Kualitas Konten,Positif,original,315
KOMPAS Punya dendam apaan ama pak Anis,Kualitas Konten,Negatif,original,316
Parah sih kompas. Gak nyambung antara foto sama beritanya. Bawa ke Dewan Pers aja pak.,Kualitas Konten,Negatif,original,317
Merawat jurnalisme dengan pemberitaan yang berkualitas.,Kualitas Konten,Positif,original,319
"Yaaxchaa kalau cari berita yang terhangat dan terpercaya disini ni , Aplikasi ini tempatnya,",Kualitas Konten,Positif,original,320
keren aplikasinya. baca berita nya lengkap,Kualitas Konten,Positif,original,321
"Mantap Kompas, selalu berinovasi. Konten berkualitas terus semakin mudah diakses!",Kualitas Konten,Positif,original,322
Masya allah aplikasinya bagus untuk pembaca berita dan terjamin kualitasnya insya allah,Kualitas Konten,Positif,original,324
Lebih lengkap dan lebih informatif,Kualitas Konten,Positif,original,325
Semakin update dg berita terkini.,Kualitas Konten,Positif,original,327
"Memang beda, konsisten menyajikan fakta dan data. Thanks",Kualitas Konten,Positif,original,328
Kompas berita independen teraktual dan profesional,Kualitas Konten,Positif,original,329
inisangat membantu sy trutama mendptkan berita ygup tothat.sysangat butuhdhn beritaataunews ygterbaru jelasnarasumbernya dandpt dipercaya.,Kualitas Konten,Positif,original,331
"Sudah pilih opsi berlangganan, sudah konfirmasi berlangganan, tapi di aplikasi masih belum berlangganan.",Performa (Technical & Access),Negatif,original,332
Cukup baik berita nya namun tingkatkan lagi yg lebih update 😊,Kualitas Konten,Netral,original,334
Untk mengetahui berita2 terpenting dalam kehidupan sehari-hari dan juga bisa digunakan sebagai alat bantu.,Kualitas Konten,Positif,original,335
"Berita nya gak update apalagi tentang club sepakbola. Tidak ada update transfer pemain, isu transfer.",Kualitas Konten,Negatif,original,336
Aplikasi ini bisa menjadi referensi untuk baca berita dari Indonesia lho!,Kualitas Konten,Positif,original,337
Aplikasi mudah digunakan dan isi berita update terpercaya,Kualitas Konten,Positif,original,338
Sudah berlangganan berbayar. Tapi fitur premium tidak aktif. Tolong diberesin dong. Ada bugs di aplikasi.,Performa (Technical & Access),Negatif,original,339
"harus bayar, tidak ada versi trial. kita mau baca berita offline",Fungsionalitas,Netral,original,341
"harus bayar, tidak ada versi trial. kita mau baca berita offline",Langganan (Subscription & Pricing),Negatif,original,341
Webnya full iklan. Jijik lihatnya. Cari duit ampe begitunya amat. Tolol tim kalian.,Tampilan (UI/UX),Negatif,original,343
Webnya full iklan. Jijik lihatnya. Cari duit ampe begitunya amat. Tolol tim kalian.,Langganan (Subscription & Pricing),Negatif,original,343
Ribet bacanya. Krng praktis tata letak dlm setiap rubrik,Tampilan (UI/UX),Negatif,original,345
"Beritanya akurat, sederhana dan jelas",Kualitas Konten,Positif,original,348
"Kompatibel dan mudah digunakan, perlu ditingkatkan terus.",Tampilan (UI/UX),Positif,original,349
Paling ditunggu kompas minggu cerpen dan TTS ya yg sangat menghibur..,Kualitas Konten,Positif,original,350
"Sudah berlangganan berbayar, tapi tetap tidak bisa akses fitur premiumnya. Customer service sulit dihubungi, respon sangat lambat.",Performa (Technical & Access),Negatif,original,352
Saya percaya sajian2 Kompas yang profesional dan independen,Kualitas Konten,Positif,original,353
Saya suka membaca berita di aplikasi ini dan turut berlangganan. Koran Kompas memang mengusung jurnalisme berkualitas.,Kualitas Konten,Positif,original,356
Beritanya objektif dan seimbang .,Kualitas Konten,Positif,original,359
"sdh brlangganan, gak bisa bca e paper. dan selalu diarahkan via ke google play. jelek😡",Performa (Technical & Access),Negatif,original,360
Kompas id gak bisa landscape ya?,Tampilan (UI/UX),Negatif,original,361
Kompas sangat penting untuk dibaca sintaksisnya apik.,Kualitas Konten,Positif,original,362
koran digitalnya berbayar pdhl udah didownload tp ga bisa dibuka males bgt kalo hrs nonton iklan justru gpp,Performa (Technical & Access),Negatif,original,364
Saran : harusnya buat paket Rp. 1000. Jadi enak buat test test dulu. Kalau sor baru..lanjut,Langganan (Subscription & Pricing),Netral,original,365
Sangat bagus dan bisa dipercaya,Kualitas Konten,Positif,original,366
Saya jengkel dgn Kompas e paper. Saya mau berhenti saja setelah sejak 1967 langganan Kompas,Fungsionalitas,Negatif,original,367
Saya jengkel dgn Kompas e paper. Saya mau berhenti saja setelah sejak 1967 langganan Kompas,Langganan (Subscription & Pricing),Negatif,original,367
"Bagus, Daripada langganan koran Kompas yang hardcopy lebih baik yang digital, Bisa dibawa dan dibaca dimana-mana 🙂...",Langganan (Subscription & Pricing),Positif,original,369
Saya tak suka aja aplikasi berita tapi berbayar 🙄,Langganan (Subscription & Pricing),Negatif,original,370
"Bagus, mendalam, dan terpercaya, cepat, represehtatif",Kualitas Konten,Positif,original,372
Banyak informasi baru yang up to date dan terpercaya sumbernya. Saya suka baca kompas sejak usia 12 tahun,Kualitas Konten,Positif,original,373
Susah download walaupun kuota penuh... tapi saya merasa koneksi internet dan kuota saya mencukupi.. ini aneh... tujuan saya update..🙏,Performa (Technical & Access),Negatif,original,374
Bagaimana cara berhenti berlangganan.... Ga ketemu caranya,Langganan (Subscription & Pricing),Netral,original,375
Akurat dlm pemberitsanx dan sangat di percaya,Kualitas Konten,Positif,original,376
Sudah dilakukan pembayaran tapi status masih belum aktif. Kecewa dengan Kompas,Performa (Technical & Access),Negatif,original,377
Sangat membantu mendapatkan informasi dan tulisan yg mencerahkan,Kualitas Konten,Positif,original,379
"Berita aktual dan terpercaya , kompas tetap yang terbaik , netralitas adalah kunci keadilan ,,,",Kualitas Konten,Positif,original,381
Khusus covid media knp memberi berita yg sll menyeramkan pdhl 95% covid bs sembuh dan kurang pemberitaan,Kualitas Konten,Negatif,original,383
"Berita Lengkap, Ulasan dengan bahasa yg tinggi, ciri dari kompas tdk pernah berubah",Kualitas Konten,Positif,original,384
Informasi yg up to date hingga tidak termakan berita hoax,Kualitas Konten,Positif,original,385
Beritanya dari zaman dulu sampai sekarang dapat dipercayadan terkemuka,Kualitas Konten,Positif,original,386
"Kompas menurut gue dah lama di Indonesia dan berbagai sumber berita akurat,terpercaya",Kualitas Konten,Positif,original,388
"Beritakan yg benar/ril bukan pencitraan, iklan jangan berlebihan",Kualitas Konten,Netral,original,389
Tidak bersikap netral sebagai pemberi berita. Beritanya hoak semua demi kepentingan pihak tertentu,Kualitas Konten,Negatif,original,390
Membaca harian kompas lbh oercaya daripd google indonesia,Kualitas Konten,Positif,original,391
kira in bisa baca berlanggan dulu 50.000 rupiah,Langganan (Subscription & Pricing),Netral,original,392
Agak nge lag gitu ya,Performa (Technical & Access),Negatif,original,393
"Harian Kompas salah surat kabar yang berani mengungkap kebenaran, tidak memihak dan berpihak",Kualitas Konten,Positif,original,396
"Walaupun berbayar, content content nya sangat bagus di banding yang lain. Good apps",Kualitas Konten,Positif,original,397
NETRALAH.........DALAM MEMBERIKAN BERITA JANGAN PRO KE PEMERINTAH JUGA JANGAN JUGA PRO KE PIHAK OPOSISI...PAYAH....AUTO UNINSTAL...,Kualitas Konten,Negatif,original,399
Memuaskan. Apa epaper tak bisa full warna,Fungsionalitas,Netral,original,400
Berita sampah aja pake berbayar.. ajiggg,Langganan (Subscription & Pricing),Negatif,original,401
Berita sampah aja pake berbayar.. ajiggg,Kualitas Konten,Negatif,original,401
Beritanya selalu terbaru dan kopeten dan bersifat netral.bagus,Kualitas Konten,Positif,original,402
Berita2 di kompas singkat dan akurat,Kualitas Konten,Positif,original,403
Buka mau baca kok sulit,Performa (Technical & Access),Negatif,original,404
Informasi yg Akurat..Kompas..berita terupdate..sangat berguna Good Job,Kualitas Konten,Positif,original,405
Mohon dong tambahkan fitur kompaskarier seperti kompas website .. Itu saja ulasan saya tolong di respon secepat ny,Fungsionalitas,Netral,original,406
"Membaca berita berbayar, masih banyak cara lain mendapatkan berita gratis. Jangan download app ini, app berbayar 👎👎👎👎👎",Langganan (Subscription & Pricing),Negatif,original,407
Berita yang benar²... jangan berita HOAkompas yaa,Kualitas Konten,Netral,original,408
"Dapat voucher dr tukar poin bli bli, ternyata ga bisa pake...sama aja mubazir....",Langganan (Subscription & Pricing),Negatif,original,409
Semoga aku puas baca harian kompas Kompas tv independen terpercaya,Kualitas Konten,Positif,original,410
Sudah beli google play tapi tidak bisa akses. Knp ya ?,Performa (Technical & Access),Negatif,original,411
Media abal2....isinya ga jelas ....,Kualitas Konten,Negatif,original,415
"Beritanya mulai banyak yg hoax, tdk akurat, jadi sebel membacanya",Kualitas Konten,Negatif,original,416
Asal masukan media tanpa diklarifikasi,Kualitas Konten,Negatif,original,417
"Clickbait, isi tidak sesuai fakta, provokatif, berlebihan, hiperbola, ditambah bumbu",Kualitas Konten,Negatif,original,418
"Berita a****g, gak netral dan tdk mendidik",Kualitas Konten,Negatif,original,419
Berbayar sih tapi berbobot. Maju terus kompas,Kualitas Konten,Positif,original,420
"Semoga KOMPAS bisa menyajikan berita yg Akurat , Netral , terUpDate , sehingga dapat dijadikan acuan/pedoman semua masyarakat indonesia 🙏",Kualitas Konten,Netral,original,421
Ciee mau ikutan buat HOAkompas ky aplikasi sebelah...,Kualitas Konten,Negatif,original,423
Beritanya mulai gak singkron banyak hoaxnya payahhh,Kualitas Konten,Negatif,original,426
Berita menarik dan e book nya layak dibaca....,Kualitas Konten,Positif,original,428
Kurang Updete Sperti Di Google,Kualitas Konten,Negatif,original,429
Bagaimanan scan uji coba gratis langganan aesuai koran hari ini,Langganan (Subscription & Pricing),Netral,original,431
Lupa password tidak ada solusi,Performa (Technical & Access),Negatif,original,432
Bagus nih update terus dilanjut terus bang,Kualitas Konten,Positif,original,433
Koran ditinggalkan ada applikasi News Yang. Lebih memukau mampu terpercaya dalam menghadirkan Berita Dunia,Kualitas Konten,Positif,original,434
"ternyata mau baca koran aja ribet pakai masuk"" akun sgala,padahal dah pake kuota data...hmmm",Performa (Technical & Access),Negatif,original,435
Beritanya di update lagi makasih,Kualitas Konten,Netral,original,436
"Kompas 3 T : top, tepat dan terpecaya",Kualitas Konten,Positif,original,437
Mahal om 50rb per bulan,Langganan (Subscription & Pricing),Negatif,original,438
Ok bos sy puas degan britanya,Kualitas Konten,Positif,original,439
Baca berita kok harus bayar...?!,Langganan (Subscription & Pricing),Negatif,original,440
"Bagus , beritanya dpt dipercaya",Kualitas Konten,Positif,original,441
Jurnalisme berkualitas dan terpercaya ada dalam genggaman,Kualitas Konten,Positif,original,443
"Maaf, terpaksa di uninstall masih banyak app lain yg memberi tanpa mengharapkan imbalan.",Langganan (Subscription & Pricing),Negatif,original,444
"Punya saya tidak bisa berlangganan,padahal udah di isi pulsa 55.000 apa masalah nya ini? Mau dilanggani atau tidak?",Performa (Technical & Access),Negatif,original,445
ngikuti kompas nambah wawasan pengetahusn kita.,Kualitas Konten,Positif,original,446
Ketika mengetahui harus berbayar..langsung hapus..masih banyak konten berita yang gratis..thanks,Langganan (Subscription & Pricing),Negatif,original,447
Sa sdh konfirmasi pembayaran lwt browser kok buka epaper di apps gak bisa.. tolong petunjuknya,Performa (Technical & Access),Negatif,original,448
"Berita terkini dan selalu update, membuka wawasan berpikir.",Kualitas Konten,Positif,original,452
"beberapa berita, sangat tidak netral. mungkin meraih pundi pundi uang, lewat situ kali ya?",Kualitas Konten,Negatif,original,453
lebih mudah masa awal dulu buka kompas id. sekarang ribet.,Performa (Technical & Access),Negatif,original,454
"cepat,akurat dan terintegrasi secara berkesinambungan.",Kualitas Konten,Positif,original,455
Artikel judul masih sering berulang ( double ).,Kualitas Konten,Negatif,original,456
bisa baca berita setiap hari. terima kasih,Kualitas Konten,Positif,original,457
test dlu semoga independen beritanya,Kualitas Konten,Netral,original,458
"masa harus login dulu payahhh, uninstal deh jadinya",Performa (Technical & Access),Negatif,original,459
mohon beritanya supaya lebih jelas dan akurat ya.. trimksh.,Kualitas Konten,Netral,original,461
"mantap berita yg aktual dan terjamin,maju terusss",Kualitas Konten,Positif,original,462
"kak tolong bantu ,Punya voucher kompas yang satu bulan tapu gimana cara aktivasiin kode voucher nya?",Langganan (Subscription & Pricing),Netral,original,463
masa maw liat berita harus pakai paket berlangganan....sy uinstal aja...aplikasi gak berguna,Langganan (Subscription & Pricing),Negatif,original,464
"aplikasi tdk bisa dibukaharus dilogging bagaimana caranya ,",Performa (Technical & Access),Negatif,original,465
"berita di menu cetak dan e-paper sering gak update, padahal udah di refresh berkali2",Kualitas Konten,Negatif,original,466
mantab. Kemudahan dalam mencari berita yang mendalam. Salah satu alternatif penangkal hoax,Kualitas Konten,Positif,original,467
Akan lebih baik lagi kalau ukuran font nya bisa di custom. Di HP saya fontnya terlalu kecil.,Tampilan (UI/UX),Negatif,original,470
"Masa harus langganan 50,RB perbulan, SDH makan Kouta, masih kurangkah????",Langganan (Subscription & Pricing),Negatif,original,471
Masa baca berita sedikit aja harus bayar,Langganan (Subscription & Pricing),Negatif,original,472
"Mending baca berita ol sebelah,,, gini2 berlanganan....",Langganan (Subscription & Pricing),Negatif,original,473
Ampas mau sign in pakai gogle akun pakai fb maupun buat akun ngak bisa2 tele lh,Performa (Technical & Access),Negatif,original,474
Beritakan berita yang benar benar kejadian nyata,Kualitas Konten,Netral,original,475
"Kenapa ya...?? Saya sdh berlangganan, malah aplikasinya baru dibuka keluar lagi dgn sendirinya...???",Performa (Technical & Access),Negatif,original,477
"Setelah diminta sign in untuk bebas akses, setelah sign in ternyata tetap harus berlangganan☺️ untuk baca berita lengkap. Uninstall deh.",Langganan (Subscription & Pricing),Negatif,original,478
"Oke, beritanya, tingkatkan trus, maju kompas",Kualitas Konten,Positif,original,482
"Saya sulit untuk membaca isi beritanya. Ber kali2 selalu tidak bisa, 
padahal berita yang saya suka.",Performa (Technical & Access),Negatif,original,484
Tampilan gambar dan penulisan untuk minat baca,Tampilan (UI/UX),Netral,original,486
"Saya menyukai berita2 politik di kompas, saya punya kliping kompas sejak 
1994",Kualitas Konten,Positif,original,487
"Tulisan fontnya hrs bisa diatur besar kecilnya agar dpt bisa dibaca dgn 
jelas bagi penggunanya.",Tampilan (UI/UX),Netral,original,488
Betita lama sering di muat lg,Kualitas Konten,Negatif,original,489
"Knapa buku yg udah di donlot, setiap mo baca kudu donlot dulu..? Boros 
kuota , Mas... Bintang 1 cukuplah.",Fungsionalitas,Negatif,original,490
"Ribet,.. bayar lagi. Males.. langdung uninstall. Install yg lain masih 
banyak",Langganan (Subscription & Pricing),Negatif,original,492
Yah bayar. Langsung uninstall. Padahal beberapa bulan lalu masih gratis.,Langganan (Subscription & Pricing),Negatif,original,493
"Berita terpopuler & terpercaya, thanks",Kualitas Konten,Positif,original,494
"Komersil banget sekarang.... Padahal dengan kita baca artikel aja kompas 
Uda dapat uang banyak....",Langganan (Subscription & Pricing),Negatif,original,499
Selalu menyajikan berita yg aktual.. intelektual.. terpercaya & independen!,Kualitas Konten,Positif,original,503
"sejak upgrade versi terakhir, download tidak tersimpan. saya harus download ulang setiap mau baca lagi.",Performa (Technical & Access),Negatif,original,505
harus pakai log in segala norak juga,Performa (Technical & Access),Negatif,original,507
"KOMPAS sumber berita terlengkap, akurat, dan terpercaya.****",Kualitas Konten,Positif,original,508
"Kompas.id *cermat* memilih berita , *akurat* data2nya, *tepat* sasaran pembacanya, *hebat* design layout penyajiannya. Pokoknya Kompas.id *mantap*.",Kualitas Konten,Positif,original,509
Berita ok. Selalu update trs ya,Kualitas Konten,Positif,original,510
"Keren, desain visualnya meningkatkan minat baca😍 makasih Kompas.id",Tampilan (UI/UX),Positif,original,511
Untuk berita yang akurat ... Kompas oke,Kualitas Konten,Positif,original,512
"Untuk bacaan anak muda, dan untuk menambahkan wawasan kita. Kompas adalah pilihan yang tepat. Semoga makin jaya Kompas.Id 😆",Kualitas Konten,Positif,original,513
Bersyukur dengan berita yang terpercaya dan bisa dipertanggung jawabkan,Kualitas Konten,Positif,original,517
"Luar biasa, berita-beritanya sangat kredibel, independen, dan terpercaya",Kualitas Konten,Positif,original,519
Mantap... Untuk mendapatkan berita terkini dan independen,Kualitas Konten,Positif,original,520
"Senang sekali karena beritanya bermutu, netral nasional, mencerdaskan masyarakat dan menambah wawasan.",Kualitas Konten,Positif,original,521
Sangat informatif dan berita yg bisa diakui,Kualitas Konten,Positif,original,523
Anda bisa mendapatkan berita terkini dari Kompas Daily di Kompas.id. Aplikasi yang direkomendasikan.,Kualitas Konten,Positif,original,524
tingkatkan update annya dgn berita yg lebih informatif,Kualitas Konten,Netral,original,526
ini ko udah login tapi ko gabisa ya pas buka korannya malah harus daftat membership? tolong infonya dong,Langganan (Subscription & Pricing),Negatif,original,528
Semoga koran kompas semakin mudah diakses melalui android dan gratis,Langganan (Subscription & Pricing),Netral,original,529
Semoga koran kompas semakin mudah diakses melalui android dan gratis,Performa (Technical & Access),Netral,original,529
Suka banget baca berita Kompas selalu update dan menghemat waktu tentunya karena bisa baca berita Kompas di mana Saja.,Kualitas Konten,Positif,original,530
Bahkan baca berita aja suruh bayar 🤣🤣🤣,Langganan (Subscription & Pricing),Negatif,original,531
Notif untuk mengaktifkan notifikasi sangat mengganggu. Tampilan koran juga semakin jelek. Tumben?,Tampilan (UI/UX),Negatif,original,532
Notif untuk mengaktifkan notifikasi sangat mengganggu. Tampilan koran juga semakin jelek. Tumben?,Fungsionalitas,Negatif,original,532
"Pas mau masuk sering banget ""aplikasi dalam perbaikan"". Bikin stres",Performa (Technical & Access),Negatif,original,533
Navbar bawah di-epaper tidak bisa dihide sehingga menghalangi epaper bagian bawah,Tampilan (UI/UX),Negatif,original,534
Tolong perbaiki tampilan di iPad mini a17 supaya pas tidak terpotong kanan kirinya,Tampilan (UI/UX),Negatif,original,535
"diinstall di ipad mini, sisi sebelah kiri terpotong, sudah lama tidak ada perbaikan",Tampilan (UI/UX),Negatif,original,536
"Berita selau update dan memberikan peluang suara dari pelosok untuk dimuat di media nasional, sangat membatu kami di daerah 3T",Kualitas Konten,Positif,original,537
Tidak mengapa ada iklan yang penting gratis😁🙏,Langganan (Subscription & Pricing),Positif,original,538
Kepotong teksnya kalau di iphone 13,Tampilan (UI/UX),Negatif,original,539
"Aplikasi iPad, tombol kembali sederhana di bagian atas terus crash",Performa (Technical & Access),Negatif,original,540
TTS nya sering internal server error,Performa (Technical & Access),Negatif,original,541
Aplikasinya kenapa sekarang tidak menyesuaikan dengan device ya? Terpotong dan tidak smooth. Saya harus selalu buka dari PC,Tampilan (UI/UX),Negatif,original,542
"Aneh, udh didownload masih harus konek internet. Padahal dipesawat kita baca paper ini",Fungsionalitas,Negatif,original,543
"Saya sudah melakukan payment untuk 1 tahun, tetapi saya tetap tidak bisa mengakses untuk baca berita, ini bagaimana sih ?",Performa (Technical & Access),Negatif,original,544
Tidak ada response setelah login melalui Google.,Performa (Technical & Access),Negatif,original,545
udah subscribe tapi gabisa log in. tiap log in cuma loading tapi ga masuk ke halaman utama,Performa (Technical & Access),Negatif,original,546
"Sudah subscribed bulanan, tapi tidak bisa log in.",Performa (Technical & Access),Negatif,original,547
Sdh klik yg berlangganan bulanan kenapa status langganan msh tdk aktif ya?,Performa (Technical & Access),Negatif,original,549
"pas log in mala dibilang blm subs, pdhl sudah subs.",Performa (Technical & Access),Negatif,original,550
"dapet diskon member kompas id setahun, jadi update berita terus baca kompas. keren kompas",Langganan (Subscription & Pricing),Positif,original,552
"Beritanya bernas, mendidik serta eksklusive",Kualitas Konten,Positif,original,553
Penuh dg bacaan yg informatif,Kualitas Konten,Positif,original,554
Sudah lancar di iPad. Terima kasih atas respon dari developer!,Performa (Technical & Access),Positif,original,555
kompas memberikan informasi terkurasi yang berkualitas sesuai standar Harian kompas yg terjaga selama ini.,Kualitas Konten,Positif,original,556
Aplikasinya mudah digunakan dan nggak pernah error sejauh ini.,Performa (Technical & Access),Positif,original,557
Berita berkualitas terpercaya. Bebas dari hoax. Saya baca terus tiap pagi. Terus tingkatkan jurnalisme berkualitas,Kualitas Konten,Positif,original,558
Terimakasih untuk jurnalisme berkualitasnya. Lanjutkan kompas!,Kualitas Konten,Positif,original,559
"Saya sangat suka kompas id, berita nya bagus dan tutur katanya terbaik dari yang terbaik. Aplikasinya nggak pernah keluar sendiri",Kualitas Konten,Positif,original,561
"Saya sangat suka kompas id, berita nya bagus dan tutur katanya terbaik dari yang terbaik. Aplikasinya nggak pernah keluar sendiri",Performa (Technical & Access),Positif,original,561
Sudah 2 x status langganan saya selama 1 tahun menjadi tidak berlangganan lagi pdhl baru bberpa bulan saja,Performa (Technical & Access),Negatif,original,562
"Seharusnya kompas tidak menghapus aplikasi versi lama, agar bisa di download juga oleh iOS yg versi lama.",Performa (Technical & Access),Negatif,original,563
"Mohon untuk diperbaiki aplikasi ini, karena sering sekali aplikasi tertutup mendadak/crash ketika discroll ke bawah. Utamakan pelayanan terhadap pelanggan.",Performa (Technical & Access),Negatif,original,564
Tolong diperbaiki! Aplikasi force closed setelah scrolling. iOS 16,Performa (Technical & Access),Negatif,original,565
Tolong dibuat fitur offline untuk kompas e-paper sehingga bisa tetap dibaca saat perjalanan udara. Tks,Fungsionalitas,Netral,original,566
scroll scroll pasti selalu force closed,Performa (Technical & Access),Negatif,original,567
Wah sdh gak bisa dibuka di iOS 12.5.5 lagi ya. Pilihannya hanya berhenti berlangganan atau beli HP baru?,Performa (Technical & Access),Negatif,original,568
"sebulan setelah mengeluh, kini bisa buka dalam posisi portrait lagi, good job!",Performa (Technical & Access),Positif,original,569
Aplikasi ga jalan di ipad.. percuma saya sudah langganan setahun.. perbaiki segera,Performa (Technical & Access),Negatif,original,570
Aplikasi seringkali crash untuk device saya (iPhone 11) terpaksa uninstalled karena gak bisa dipakai dan balik ke web.,Performa (Technical & Access),Negatif,original,571
"Setiap mau baca disuruh login, pdhl sudah login. Cek status katanya belum berlangganan, padahal bayar terus. Aneh banget deh ih",Performa (Technical & Access),Negatif,original,572
Thanks kompas sudah update . Suka dengan designya yeayy,Tampilan (UI/UX),Positif,original,573
Thanks kompas sudah update . Suka dengan designya yeayy,Performa (Technical & Access),Positif,original,573
"kompas di iPhone / iPad saya gak bisa buka isi berita, mentok di loading screen. Mohon di perbaiki. Terima kasih",Performa (Technical & Access),Negatif,original,575
"Kalo menurut saya kurang bagus, karena terlalu banyak yg harus berlangganan. Untuk design sih udah ok dan penataan konten.",Tampilan (UI/UX),Positif,original,576
"Kalo menurut saya kurang bagus, karena terlalu banyak yg harus berlangganan. Untuk design sih udah ok dan penataan konten.",Langganan (Subscription & Pricing),Negatif,original,576
Saya tidak bisa download epaper sejak update di Version 2.0. Sudah dicoba di iPad dan iPhone. Mohon diperbaiki.,Performa (Technical & Access),Negatif,original,577
"Rugi saya berlangganan premium, e-paper aja gak bisa dibuka",Langganan (Subscription & Pricing),Negatif,original,579
"Rugi saya berlangganan premium, e-paper aja gak bisa dibuka",Performa (Technical & Access),Negatif,original,579
Setelah update tak bisa dibaca epapernya,Performa (Technical & Access),Negatif,original,580
Setelah update malah gak bisa di download dibuka sama sekali e-paper nya,Performa (Technical & Access),Negatif,original,581
Barusan update kok malah epaper nya gak bisa dibuka,Performa (Technical & Access),Negatif,original,582
Diupdate malah jd g bisa buka epaper (IOS14),Performa (Technical & Access),Negatif,original,583
Sebelumnya tanggal 15  Novbisa download. Ganti version tgl 17 Nov jadi tidak bisa. Tolong segera perbaiki,Performa (Technical & Access),Negatif,original,584
Tidak bisa download dan membuka e-paper setelah upgrade,Performa (Technical & Access),Negatif,original,585
"Mohon untuk di perbaiki, gak bisa download epaper",Performa (Technical & Access),Negatif,original,586
"Tolong ditambah beberapa fitur yang buat lebihenak baca, seperti dark mode, landscape mode",Tampilan (UI/UX),Netral,original,587
Ada error selalu gagal membaca pdf & gak bisa baca e paper,Performa (Technical & Access),Negatif,original,588
"Saya berlangganan E paper di aplikasi ini, tapi susah sekali di download bahkan tidak bisa di download.",Performa (Technical & Access),Negatif,original,589
"Tampilan portrait membuat UI terlihat sempit, dan tidak adanya darkmode cukup mengganggu saat ingin membuka aplikasi di malam hari",Tampilan (UI/UX),Negatif,original,590
sudah bayar berlangganan tapi sampai sekarang masih belum aktif... gak jelas ni aplikasi 👎👎👎👎👎👎👎,Performa (Technical & Access),Negatif,original,591
"Untuk akses login lewat google belum bisa mendirect kembali ke apps kompas
Mohon diperbaiki",Performa (Technical & Access),Negatif,original,592
Kebanyakan aplikasi berbayar untuk membaca konten sudah mempunyai dark mode dan pengaturan teks. Ditunggu tambahan fitur tersebut.,Tampilan (UI/UX),Netral,original,593
Mungkin bisa ditingkatkan responsifitas dan mode malam atau tema background menjadi gelap.,Tampilan (UI/UX),Netral,original,594
Gagal login pakai google. Tidak bisa akses epaper.,Performa (Technical & Access),Negatif,original,595
"Uda langganan 6 bulan, tapi tiap mau download pdf gagal melulu
Mubazir dong...
Benerin bisa ga tolong?",Langganan (Subscription & Pricing),Negatif,original,596
"Uda langganan 6 bulan, tapi tiap mau download pdf gagal melulu
Mubazir dong...
Benerin bisa ga tolong?",Performa (Technical & Access),Negatif,original,596
"Mau klik langganan, tp nggak bisa2. Diperbaiki dong",Performa (Technical & Access),Negatif,original,597
"Menurut saya UI/Ukompas bisa dibuat lebih ramah pengguna. Dan lebih sedikit bug, update yang cepat. Terima kasih",Tampilan (UI/UX),Netral,original,598
"Menurut saya UI/Ukompas bisa dibuat lebih ramah pengguna. Dan lebih sedikit bug, update yang cepat. Terima kasih",Performa (Technical & Access),Netral,original,598
"Aplikasi terlalu berat, loading lama. enggak bisa landscape juga.",Tampilan (UI/UX),Negatif,original,599
"Aplikasi terlalu berat, loading lama. enggak bisa landscape juga.",Performa (Technical & Access),Negatif,original,599
"Sy berlanggan kompas digital premium, aplikasi tdak berjalan di ios 12.1.2, tlg di update segera",Performa (Technical & Access),Negatif,original,601
knp mesti langganan? padahal aplikasi lain yg serupa gk perlu langganan,Langganan (Subscription & Pricing),Negatif,original,602
Awalnya aplikasi ini berjalan baik. Lama-lama semakin buruk. Sekarang selalu crash,Performa (Technical & Access),Negatif,original,603
"Oke, aplikasi bagus. Saya bisa menikmati e-paper di iPad saya. :D",Fungsionalitas,Positif,original,604
"Tolong perbaiki bug-nya, aplikasi terus crash setelah sign in.",Performa (Technical & Access),Negatif,original,605
Ini gimana sih baru 5detik dibuka crash terus,Performa (Technical & Access),Negatif,original,606
Tidak bisa digunakan di iPad Pro dengan iOS terbaru,Performa (Technical & Access),Negatif,original,607
Kalau ngak siao bikinnaplikasi mending ga usah bikin....begitu buka apps lsg crash...pengalaman ygbmengecewakan.tidak sejalan dengan reputasi harian kompas edisi cetak,Performa (Technical & Access),Negatif,original,608
"Digunakan di IOS ga berjalan bagus, bisa dibuka tp lgs keluar lagi, berulang kali di reinstall problemnya sama saja",Performa (Technical & Access),Negatif,original,609
Btw mohon update kompas idnya app biar ios 11.3 bisa terbacaca appnya soalnya sering crash appnya,Performa (Technical & Access),Negatif,original,610
Setelah update Epaper sama sekali tidak dapat di buka.,Performa (Technical & Access),Negatif,original,611
Apss dibuka selalu crash di ios 11.3 pada ipad.,Performa (Technical & Access),Negatif,original,612
Di menh buku sering force close. Mohon update app nya. Tks.,Performa (Technical & Access),Negatif,original,613
Ga bs close di iPhone x,Performa (Technical & Access),Negatif,original,614
"Aplikasi ini cukup bagus untuk membaca harian kompas, namun sayang belum/tidak bisa untuk akses kompas versi e-paper / digital.",Fungsionalitas,Negatif,original,615
"jadi member premium selama setahun sangat dirugikan, karena menu berita selalu diubah, kenapa cerpen yang harusnya berisi ratusan cerpen malah hanya menampilkan 4 cerpen saja? dimana saya bisa menemukan cerpen lain? terus dimama sajian humaniora? kok ilang? gak jelas, kadang di menu ekonomi ada berita hukum... perbaiki ya!",Langganan (Subscription & Pricing),Negatif,original,616
"jadi member premium selama setahun sangat dirugikan, karena menu berita selalu diubah, kenapa cerpen yang harusnya berisi ratusan cerpen malah hanya menampilkan 4 cerpen saja? dimana saya bisa menemukan cerpen lain? terus dimama sajian humaniora? kok ilang? gak jelas, kadang di menu ekonomi ada berita hukum... perbaiki ya!",Kualitas Konten,Negatif,original,616
"aplikasi sering tidak berjalan lancar, ketika aplikasi dibuka yang muncul hanya halaman loading yang sangat lama, dan ujung ujungnya gagal memuat halaman, sering seperti ini, padahal sudah bayar dan langganan untuk satu tahun....sayang sekali, padahal kompas.id adalah salah satu rujukan untuk informasi berita yang kredibel.",Kualitas Konten,Positif,original,617
"aplikasi sering tidak berjalan lancar, ketika aplikasi dibuka yang muncul hanya halaman loading yang sangat lama, dan ujung ujungnya gagal memuat halaman, sering seperti ini, padahal sudah bayar dan langganan untuk satu tahun....sayang sekali, padahal kompas.id adalah salah satu rujukan untuk informasi berita yang kredibel.",Performa (Technical & Access),Negatif,original,617
beritanya lengkap sih. tpi gimana sih caranya liat berita-berita di bulan sebelumnya? atau 2-3 bulan yang lalu?? masa harus ngescroll?? capek bgt dong. padahal udh bayar,Fungsionalitas,Negatif,original,618
beritanya lengkap sih. tpi gimana sih caranya liat berita-berita di bulan sebelumnya? atau 2-3 bulan yang lalu?? masa harus ngescroll?? capek bgt dong. padahal udh bayar,Kualitas Konten,Positif,original,618
"saya sebenarnya suka sama aplikasi ini jadi bisa membaca artikel baru dengan mudah tapi saya tidak bisa membaca artikel lain lagi karna SAYA SUDAH MEMBACA ARTIKEL DI BULAN INI dan saya disuruh berlangganan yang awalnya 15rb tapi jadi 50rb setelah pembayaran pertama, aku akui aplikasi ini emang bagus banget jadi, aku bakal coba aplikasi ini lagi di lain waktu karna sekarang aku gapunya uang nya :p",Langganan (Subscription & Pricing),Negatif,original,619
"aplikasi mudah untuk digunakan, cuma agak disayangkan kita sudah berlangganan premium masih dapat iklan digital segede gaban. semoga bisa dijadikan pertimbangan kritis tsb.",Tampilan (UI/UX),Positif,original,620
"aplikasi mudah untuk digunakan, cuma agak disayangkan kita sudah berlangganan premium masih dapat iklan digital segede gaban. semoga bisa dijadikan pertimbangan kritis tsb.",Langganan (Subscription & Pricing),Negatif,original,620
"mengapa kompas e paper saya suka gagal masuk ??? sering bermasalah padahal saya sengaja berlangganan online agar lebih fleksibel , sudah sering kali mohon perhatian nya admin kompas yg terhormat",Performa (Technical & Access),Negatif,original,621
"Pada awalnya kukasih bintang 4, karena soal fitur kolom komentar yang TDK bisa digunakan. Dan sekarang ini, kukasih bintang 1 karena tidak bisa akses di HP ku. Mohon diperbaiki aplikasinya, admin",Performa (Technical & Access),Negatif,original,622
"Saya berlanganan dengan menggunakan voucher dari My Value, hitungannya jadi gratis dari poin. Kesan pertama saya, memang nyaman baca berita tanpa iklan dan visual yang memenajakan mata, dibanding baca berita gratisan yang penuh iklan.",Tampilan (UI/UX),Positif,original,623
"Saya berlanganan dengan menggunakan voucher dari My Value, hitungannya jadi gratis dari poin. Kesan pertama saya, memang nyaman baca berita tanpa iklan dan visual yang memenajakan mata, dibanding baca berita gratisan yang penuh iklan.",Langganan (Subscription & Pricing),Positif,original,623
"Mohon maaf, saya sudah berlangganan namun susah sekali masuk ketika memasukkan email saya saat ini. Jadi tiba-tiba saja kayak hilang sinyal dan tidak bisa direfresh. Saya udah coba instal ulang tpi malah tidak bisa masuk melalui email saya. Mohon bantuannya!",Performa (Technical & Access),Negatif,original,624
Salah satu aplikasi yang memuat berbagai macam warta dan rubrik cerita baik dalam lingkup nasional maupun internasional secara lengkap. Dapat menjadi salah satu referensi informasi online.,Kualitas Konten,Positif,original,625
Tersedia berita dengan tampilan yang nyaman seperti membaca website tapi bedanya disini diberitakan secara lebih mendalam dan juga tanpa iklan yang mengganggu. Ada juga pilihan tampilan seperti koran. Selain itu ada fitur dimana AI bisa membacakan berita untuk kita sehingga kita tinggal mendengarkan saja tanpa harus membaca. Kita juga bisa download ebook gratis disini.,Tampilan (UI/UX),Positif,original,626
Tersedia berita dengan tampilan yang nyaman seperti membaca website tapi bedanya disini diberitakan secara lebih mendalam dan juga tanpa iklan yang mengganggu. Ada juga pilihan tampilan seperti koran. Selain itu ada fitur dimana AI bisa membacakan berita untuk kita sehingga kita tinggal mendengarkan saja tanpa harus membaca. Kita juga bisa download ebook gratis disini.,Fungsionalitas,Positif,original,626
Tersedia berita dengan tampilan yang nyaman seperti membaca website tapi bedanya disini diberitakan secara lebih mendalam dan juga tanpa iklan yang mengganggu. Ada juga pilihan tampilan seperti koran. Selain itu ada fitur dimana AI bisa membacakan berita untuk kita sehingga kita tinggal mendengarkan saja tanpa harus membaca. Kita juga bisa download ebook gratis disini.,Kualitas Konten,Positif,original,626
Sebaiknya sih kalau itu berita digratiskan saja untuk umum kasian kalau disuruh bayar premium dulu kalo buat baca berita jadinya kayak ngga iklas ngasi berita,Langganan (Subscription & Pricing),Netral,original,627
Tolong sediakan tampilan layout seperti berita digital pada umumnya juga di korannya. Bisa cek di tampilan aplikasi koran tempo. Kita buka koean di ponsel jadi harus repot zoom in zoom out dulu.,Tampilan (UI/UX),Netral,original,628
kenapa tampilan ePaper nya muncul nama file di sebelah kanan yang menutupi teks sehingga menyulitkan membaca. khusus nya di akses menggunakan handphone. sementara di akses di tablet aman aja. mohon info bagaimana cara supaya tidak muncul nama file nya,Tampilan (UI/UX),Negatif,original,629
"mohon maaf admin kompas, ijin menyampaikan untuk membuka artikel atau berita dalam kompas harus belangganan, apakah boleh secara GRATIS untuk memudahkan para pelajar dan mahasiswa untuk membaca berita dengan tidak memerlukan biaya. ada gratis tapi hanya untuk tiga kali saja. itu belum cukup puas buat para pelajar dan mahasiswa. Terimakasih",Langganan (Subscription & Pricing),Netral,original,630
Salam sejahtera kita semuaSemoga mendapat RahmatNya .Saya senang membuka Kompas kerna banyak berita berita yang pentig perlu diketahui sebagai pelajaran bagi kita semoga Kompas Sokses selalu Amiin YRA HjSaniah Tgl 10 Disember 2023,Kualitas Konten,Positif,original,631
"Aplikasi Kompas.id ini sangat berguna sekali, semenjak saya menggunakan aplikasi ini, saya bisa mengetahui update berita terbaru, mantep banget guys 🤩🤩👍👍",Kualitas Konten,Positif,original,632
"aplikasi berita bagus di tengah banjirnya informasi. baca kompas.id banyak ulasan, mencerahkan, bukan sekadar berita. search engine-nya mungkin bisa diperbaiki supaya pencarian lebih mudah.",Kualitas Konten,Positif,original,633
"Aplikasi yang sangat dibutuhkan bagi kaum anak muda, sangat recommended untuk berlangganan dengan segala fitur kerennya. Dari kompas muda, bahkan game edukatifnya. Luv bgt pokoknya...",Langganan (Subscription & Pricing),Positif,original,637
"Aplikasi yang sangat dibutuhkan bagi kaum anak muda, sangat recommended untuk berlangganan dengan segala fitur kerennya. Dari kompas muda, bahkan game edukatifnya. Luv bgt pokoknya...",Kualitas Konten,Positif,original,637
"Untuk edisi e paper, pada setiap halaman, disamping kanan, selalu tertera nomor/angka2. Keberadaan nomor/angka ini menutupi sebagian teks berita, sehingga pembaca kesulitan untuk membaca teks berita. Hal ini sangat menganggu kenyamanan.",Tampilan (UI/UX),Negatif,original,638
"Kekurangan nya: kurang menarik mata dan tidak dapat di salin, kalau boleh sih harusnya bisa di salin karena para Mahasiswa atau Siswa sering memiliki tugas makala",Tampilan (UI/UX),Negatif,original,639
"Kekurangan nya: kurang menarik mata dan tidak dapat di salin, kalau boleh sih harusnya bisa di salin karena para Mahasiswa atau Siswa sering memiliki tugas makala",Fungsionalitas,Negatif,original,639
"Bingung caranya berhenti berlangganan, udah ikuti instruksi tapi ga ketemu langkah yang diarahkan di petunjuk berhenti berlangganan. Ribet. Hal mendasar begini mestinya tinggal klik, selesai. Ga recommended buat yang cuma mau coba-coba.",Langganan (Subscription & Pricing),Negatif,original,642
Baru saya sadari ternyata zoom-in dengan cara tap 2 kali saat membaca e-paper itu berbeda-beda. Kalo tap nya di text konten akan ngezoom-in sesuai ukuran layar. Kalo tap nya di gambar akan menyesuaikan ukuran layar. Mantap dah gak usah repot² ngezoom pake 2 jari. Makin nyaman baca koran sambil tiduran.,Fungsionalitas,Positif,original,644
"Sudah berlangganan, tapi tetap tidak bisa akses epaper, lewat shopeepay udah terbayarkan padahal. Rugi malah tidak ada pemberitahuan tidak ada layanan",Langganan (Subscription & Pricing),Negatif,original,645
"Sudah berlangganan, tapi tetap tidak bisa akses epaper, lewat shopeepay udah terbayarkan padahal. Rugi malah tidak ada pemberitahuan tidak ada layanan",Performa (Technical & Access),Negatif,original,645
bagus sekali aplikasi nya menbuat kita jadi ga ketinggalan impormasi cuma sayang kita hrs berlangganan dgn mahal di saat ekonomi sprti ini saya rasa itu sngt memberatkan pdhl impormasi itu hak masarakat tapi knpa hrs di bebankan dgn harga yg mahal mungkin hanya beberapa orang aja yg mau berlangganan tdk menjangkau semua kalangan masarakat.,Langganan (Subscription & Pricing),Negatif,original,646
bagus sekali aplikasi nya menbuat kita jadi ga ketinggalan impormasi cuma sayang kita hrs berlangganan dgn mahal di saat ekonomi sprti ini saya rasa itu sngt memberatkan pdhl impormasi itu hak masarakat tapi knpa hrs di bebankan dgn harga yg mahal mungkin hanya beberapa orang aja yg mau berlangganan tdk menjangkau semua kalangan masarakat.,Kualitas Konten,Positif,original,646
"Bagus aplikasinya, beritanya selalu terupdate termasuk epapernya meski nggak selalu. Dan kalau bisa tambahkan efek 3D pada epapernya ketika berpindah halaman, agar terlihat seperti asli👍",Tampilan (UI/UX),Netral,original,648
"Bagus aplikasinya, beritanya selalu terupdate termasuk epapernya meski nggak selalu. Dan kalau bisa tambahkan efek 3D pada epapernya ketika berpindah halaman, agar terlihat seperti asli👍",Kualitas Konten,Positif,original,648
"isinya bagus, cuma setiap bulan saat saya membayar perpanjangan langganan Kompas.id dengan dipotong pulsa Indosat, selalu ada error, dan setiap bulan saya harus menghubungi Customer Service Kompas agar Kompas.id saya bisa diakses dan tidak ada perubahan perbaikan. Mohon bantuannya untuk perbaikan agar setiap saya memperpanjang langganan akses Kompas.id tidak ada kendala lagi dan bisa cukup praktis saat dipotong pulsa Indosat saya setiap bulan. Terima kasih",Performa (Technical & Access),Negatif,original,649
"kl langganan ga bisa langsung masih harus lapor admin untuk aktifasi. ada bug, berupa notifikasi blm dibaca, walau sudah buka semua notifikasi.",Performa (Technical & Access),Negatif,original,650
"Update terakhir justru membuat tidak nyaman, setiap membaca 1 artikel selalu kembali ke artikel paling baru/paling atas sehingga harus scroll ke bawah yg kadang2 butuh waktu lama",Fungsionalitas,Negatif,original,651
"Tolong Kompas.id, font-nya setelah update aplikasi Android kok jelek sekali, pusing bacanya. Lebih bagus font sebelumnya. Tolong kembalikan font yang lama. Atau setidak-tidaknya beri kami opsi untuk menggunakan font yang lama. Terimakasih.",Tampilan (UI/UX),Negatif,original,652
"Independen terpercaya?? yakin ga tuh?Kayaknya kompas udah kehilangan arah. Makin kesini makin kelihatan framing yg disajikan tergantung uang dan kekuasaan.. Yg penting cuan, independensi nomer sekian",Kualitas Konten,Negatif,original,653
"Kenapa selalu mendapat info bahwa saya belum langganan ya? Padahal sudah bayar langganan. Akhirnya coba batalin layanan, lalu langganan kembali. Hasilnya bisa dan aman. Tetapi keesokan harinya error kembali.",Performa (Technical & Access),Negatif,original,654
"Sangat suka dengan kalian! Tapi sayang banget mau apa apa harus premium, baca berita dua kali juga harus premium..🤦 ya kalo e-paper nya premium saya maklumi ya orang koran keras aja ada harganya. Tapi untuk membaca sebuah berita artikel untuk kedua kalinya kok ya harus banget pake premium. Tapi jujur beritanya bagus bagus 🥲",Langganan (Subscription & Pricing),Negatif,original,655
"Sangat suka dengan kalian! Tapi sayang banget mau apa apa harus premium, baca berita dua kali juga harus premium..🤦 ya kalo e-paper nya premium saya maklumi ya orang koran keras aja ada harganya. Tapi untuk membaca sebuah berita artikel untuk kedua kalinya kok ya harus banget pake premium. Tapi jujur beritanya bagus bagus 🥲",Kualitas Konten,Positif,original,655
"Sangat suka dengan kualitas sajian berita dan fotonya yang luar biasa. Aplikasinya juga sangat mudah digunakan, dan punya beberapa fitur unik yang sangat berguna, misalnya mengubah text menjadi suara.",Tampilan (UI/UX),Positif,original,656
"Sangat suka dengan kualitas sajian berita dan fotonya yang luar biasa. Aplikasinya juga sangat mudah digunakan, dan punya beberapa fitur unik yang sangat berguna, misalnya mengubah text menjadi suara.",Fungsionalitas,Positif,original,656
"Sangat suka dengan kualitas sajian berita dan fotonya yang luar biasa. Aplikasinya juga sangat mudah digunakan, dan punya beberapa fitur unik yang sangat berguna, misalnya mengubah text menjadi suara.",Kualitas Konten,Positif,original,656
"Saya sudah berlangganan, tapi kenapa sampai sekarang statusnya masih belum aktif? Padahal saya sudah mendapat email bahwa langganan saya sudah berhasil",Performa (Technical & Access),Negatif,original,657
"Dapat berita dan ulasan terbaik, di mana pun sesuai waktu yg diperlukan... ndak ribet juga utk jd pelanggan, bisa diatur sesuai kebutuhan. Terima kasih Kompas.id",Langganan (Subscription & Pricing),Positif,original,659
"Dapat berita dan ulasan terbaik, di mana pun sesuai waktu yg diperlukan... ndak ribet juga utk jd pelanggan, bisa diatur sesuai kebutuhan. Terima kasih Kompas.id",Kualitas Konten,Positif,original,659
Awal saya sudah berlangganan. Trus kemudian tidak perpanjangan. Ketika saya mau langganan kembali Metode ditolak sistem. Padahal sebelum sama. Dipotong pulsa. Mohon solusi.,Performa (Technical & Access),Negatif,original,660
"Pelayanan admin sangat responsif, awalnya saya terkendala akses padahal sudah berlangganan, tetapi dipandu dengan baik by wa, sekarang alhamdulillah sudah bisa akses tanpa kendala, sukses selalu Kompas.",Performa (Technical & Access),Positif,original,661
"Kompas dari dulu adalah koran yg saya sukai berita dan opininya terpercaya..menjaga Indonesia tetap bersatu dan politisinya dan pemikinya punya moral,logika etika dan integritas...",Kualitas Konten,Positif,original,663
"Gimana sih? Sudah langganan e paper tapi giliran mau dibuka suruh langganan lagi. Di klik langganan, keterangan sudah berlangganan. Ini saya yang bego atau gimana",Performa (Technical & Access),Negatif,original,664
"Kemarin saya kesulitan membuka aplikasi dan tidak bisa login, baik lwat email ataupun google. Tapi setelah menyampaikan keluhan lewat wa admin kompas akhirnya dibantu dan saya bisa kembali mengakses aplikasi. Terima kasih admin.",Performa (Technical & Access),Positif,original,665
Aplikasinya cepet banget dibenahi yang masalah ui buku. Saran saya untuk bukunya diupload seperti komik2 . Biar anak muda makin suka apps nya.,Performa (Technical & Access),Positif,original,667
"Dulu epaper bisa dibaca walaupun sedang offline. Sekarang harus online dulu supaya bisa baca. Kalau begitu, buat apa ada fungsi download epaper? Payah sekali. Diupdate malah kualitasnya menurun",Fungsionalitas,Negatif,original,668
"Ketimbang Baca TEMPE Bagus Baca KOMPAS. Lebih berimbang, tetap beritika dalam pemberitaan baik bagus dan buruk soal kinerja Pemerintah, kritis dalam penyampaian untuk menegakan jurnalisme yang independen. SALUT. JANGAN SAMPAI SEPERTI TEMPO jadi SAMPAH.",Kualitas Konten,Positif,original,669
"Aq mnta beritanya kompas. id, lebh di prluaskn lagi sampai dunia biar yng pmbacanya mnkmtmtti lebh Luas oke!!!nmbh.dan jngn di mhlkn biayanya (usullan dari49035 )waslmmuallaikm wr.bk",Kualitas Konten,Netral,original,670
Sangat tidak membantu untuk dapat info secara rinci karena harus berlangganan dulu 😭😭 Saya tidak suka aplikasi ini ... Mohon maaf sebelumnya tapi itu pengalaman saya dengan app ini 🙏,Langganan (Subscription & Pricing),Negatif,original,671
"saran untuk kompas id , tolong mudah kan proses transaksi berlangganan di situs kompas.id , kalo bisa one clik pay , dan lebih responsif setelah transaksi , kendala utama adalah setelah pembayaran harus menunggu lama untuk dapat di proses , dan juga harus mengisi ulang formulir identitas setiap berlangganan.terimakasih",Langganan (Subscription & Pricing),Netral,original,672
"saran untuk kompas id , tolong mudah kan proses transaksi berlangganan di situs kompas.id , kalo bisa one clik pay , dan lebih responsif setelah transaksi , kendala utama adalah setelah pembayaran harus menunggu lama untuk dapat di proses , dan juga harus mengisi ulang formulir identitas setiap berlangganan.terimakasih",Performa (Technical & Access),Negatif,original,672
Ga independen....jadilah media itu ibarat oposisi bagi pemerintah...g selalu pemerintah itu selalu benar....dan g selalu juga rakyat itu salah berimbanglah dalam menulis suatu berita,Kualitas Konten,Negatif,original,673
"kompas tingkatkan lagi profesionalisme mu,,,, selalu berikan berita berita yg kredible , , dg itu maka masyarakat akan percaya padamu,,,, salam buat kak rosi silalahi",Kualitas Konten,Positif,original,674
Media tidak berbobot. Menyebarkan hoak. Judulnya tidak sesuai dengan kenyataan. Terbukti kerusuhan di Pekanbaru. Ojol bertindak bukan tidak ada sebab. Salah satu pengemudi ditendang dan dianiaya wajar lah ojol mengamuk. Nyesal saya download aplikasi mu. Kompas,Kualitas Konten,Negatif,original,675
"Di tahun berapa kalian tahu kalau kompascom berbeda dengan kompas.id ? Beneran dah adanya kompas.id membuat gw yang ga percaya berita kembali percaya lagi dengan berita karena semua beritanya di buat dengan akurat lengkap sama data-data yang benar2 prinsip jurnalistik tanpa unsur politik. Berbeda dari aplikasi2 berita yang hampir semuanya dibuat agar mancing orang baca biarpun isinya ga bagus, berita di kompas.id dibuat sesuai dengan tujuan berita. Ga rugi sih langganan 50.000 sebulan",Langganan (Subscription & Pricing),Positif,original,676
"Di tahun berapa kalian tahu kalau kompascom berbeda dengan kompas.id ? Beneran dah adanya kompas.id membuat gw yang ga percaya berita kembali percaya lagi dengan berita karena semua beritanya di buat dengan akurat lengkap sama data-data yang benar2 prinsip jurnalistik tanpa unsur politik. Berbeda dari aplikasi2 berita yang hampir semuanya dibuat agar mancing orang baca biarpun isinya ga bagus, berita di kompas.id dibuat sesuai dengan tujuan berita. Ga rugi sih langganan 50.000 sebulan",Kualitas Konten,Positif,original,676
"Kompas masih belum tercemar oleh pengusaha hitam seperti yang membeli saham detik dan tempo, yg membuat kehilangan etika jurnalistik tidak ada.",Kualitas Konten,Positif,original,678
"Kasih bintang 2 dulu aja. tolong jangan ikut2an berita yg provokasi dan main politik kaya media mainstream tempo, CNN indonesia dan detik ..actual dan real aja beritanya pasti anda bisa jadi bintang 5. Dari dulu aku suka dengan kompas sampai bertahun2 langganan korannya. Mohon selalu jujur dengan beritanya ya, semoga sukses",Kualitas Konten,Negatif,original,679
"Alasan saya pribadi lebih menyukai baca berita Kompas.id daripada portal berita online gratisan: • Kompas.id arus update beritanya tidak ngebut, jadinya kualitas konten berita Kompas.id dibahasnya lebih mendalam dan gak gegabah. Ini yang paling saya suka 💙. • Tampilan aplikasi Kompas.id bersih dari banner iklan dan gak disusupi video autoplay di dalam artikel. • Iuran langganan 50 ribu sebulan termasuk murah, eh dapet e-koran juga. Mantap.",Tampilan (UI/UX),Positif,original,680
"Alasan saya pribadi lebih menyukai baca berita Kompas.id daripada portal berita online gratisan: • Kompas.id arus update beritanya tidak ngebut, jadinya kualitas konten berita Kompas.id dibahasnya lebih mendalam dan gak gegabah. Ini yang paling saya suka 💙. • Tampilan aplikasi Kompas.id bersih dari banner iklan dan gak disusupi video autoplay di dalam artikel. • Iuran langganan 50 ribu sebulan termasuk murah, eh dapet e-koran juga. Mantap.",Langganan (Subscription & Pricing),Positif,original,680
"Alasan saya pribadi lebih menyukai baca berita Kompas.id daripada portal berita online gratisan: • Kompas.id arus update beritanya tidak ngebut, jadinya kualitas konten berita Kompas.id dibahasnya lebih mendalam dan gak gegabah. Ini yang paling saya suka 💙. • Tampilan aplikasi Kompas.id bersih dari banner iklan dan gak disusupi video autoplay di dalam artikel. • Iuran langganan 50 ribu sebulan termasuk murah, eh dapet e-koran juga. Mantap.",Kualitas Konten,Positif,original,680
"Bagus, cantik. Tapi UInya belum konsisten. Aneh aja ada warna biru tua, biru muda, dan gradasi. Mending biru tua sih khas Kompas.",Tampilan (UI/UX),Negatif,original,681
Kompas sudah terkenal selama puluhan tahun dengan produk jurnalistiknya yang berkelas dan berkualitas. Apalagi di tengah jaman modern saat ini kompas mampu membuat aplikasi digital yang mudah digunakan. Saat wabah ini kompas juga peduli dengan masyarakat karena menggratiskan layanan epaper untuk semua,Kualitas Konten,Positif,original,682
"Bagus. Akhirnya 'kompas dalam genggaman'. Bisa diajak menjadi teman ngopi di pagi hari. Terkait Aplikasi, apakah TTS bisa digunakan untuk versi online (e-paper)? Jika bisa, bagaimana dengan kupon yang dimaksud, dari mana mendapatkannya? Terima kasih jika berkenan Jawab",Fungsionalitas,Netral,original,684
"Bagus. Akhirnya 'kompas dalam genggaman'. Bisa diajak menjadi teman ngopi di pagi hari. Terkait Aplikasi, apakah TTS bisa digunakan untuk versi online (e-paper)? Jika bisa, bagaimana dengan kupon yang dimaksud, dari mana mendapatkannya? Terima kasih jika berkenan Jawab",Kualitas Konten,Positif,original,684
Saya sdh berlangganan Kompas Premium + Koran dan sudah di transfer juga pada saat yg sama tpi sampai skrg paket berlangganan saya masih tertahan. Perlu berapa lama untuk diproses sbnrnya berlangganan dikompas... Rugi sehari dong saya.,Langganan (Subscription & Pricing),Negatif,original,685
Saya sdh berlangganan Kompas Premium + Koran dan sudah di transfer juga pada saat yg sama tpi sampai skrg paket berlangganan saya masih tertahan. Perlu berapa lama untuk diproses sbnrnya berlangganan dikompas... Rugi sehari dong saya.,Performa (Technical & Access),Negatif,original,685
"Saya berlangganan e-paper setiap kali membuka selalu mendownload untuk membaca, sebaiknya sudah bisa tersimpan dalam bentuk softcopy PDF, jadi setiap akan membaca koran e-paper tidak perlu lagi mendownload dan juga tidak akan membuat berat sistem pada aplikasi (untuk saat ini lemot untuk memindah halaman setiap kali membaca e-paper)",Fungsionalitas,Negatif,original,686
"Saya berlangganan e-paper setiap kali membuka selalu mendownload untuk membaca, sebaiknya sudah bisa tersimpan dalam bentuk softcopy PDF, jadi setiap akan membaca koran e-paper tidak perlu lagi mendownload dan juga tidak akan membuat berat sistem pada aplikasi (untuk saat ini lemot untuk memindah halaman setiap kali membaca e-paper)",Performa (Technical & Access),Negatif,original,686
"Artikelnya kebanyakan berbayar, kurang leluasa untuk membaca padahal beritanya menarik, tau banyak berbayar jadi malas buat membaca. Jadi nilai paling minus dari kompas.id. Bukan nya gak bisa bayar, akan tetapi untuk 50k perbulan menurut saya terlalu expensive buat berita yang bisa dicari bebas di internet.",Langganan (Subscription & Pricing),Negatif,original,687
"Artikelnya kebanyakan berbayar, kurang leluasa untuk membaca padahal beritanya menarik, tau banyak berbayar jadi malas buat membaca. Jadi nilai paling minus dari kompas.id. Bukan nya gak bisa bayar, akan tetapi untuk 50k perbulan menurut saya terlalu expensive buat berita yang bisa dicari bebas di internet.",Kualitas Konten,Positif,original,687
"Rubrik Jendela tidak disertakan di kemasan cetak. Payah. Padahal saya sudah menginginkan rubrik ini disertakan di kemasan cetak. Kalau mau baca, kudu bayar yang nilainya sampe sejuta. Sangat payah.",Langganan (Subscription & Pricing),Negatif,original,688
"Rubrik Jendela tidak disertakan di kemasan cetak. Payah. Padahal saya sudah menginginkan rubrik ini disertakan di kemasan cetak. Kalau mau baca, kudu bayar yang nilainya sampe sejuta. Sangat payah.",Kualitas Konten,Negatif,original,688
"Kok saya sudah berlangganan perbulan 50ribu ,knp harus tetap mendownload jika membuka e paper ??? Download nya pun harus pertanggal koran yang mau kita lihat dan ketika apliksi di tutup ,pas mau buka lagi kenapa harus mendownload lagi ya ? Padahal kan sudah di download .tolong di perbaiki aplikasinya,kalau kayak begini terus kan membuang quota .",Fungsionalitas,Negatif,original,689
Ternyata asyik baca berita berkualitas dengan langganan premium di Kompas. Harga terjangkau dan bebas akses ke semua fitur Kompas. Bravo Kompas. 😉👍,Langganan (Subscription & Pricing),Positif,original,690
Ternyata asyik baca berita berkualitas dengan langganan premium di Kompas. Harga terjangkau dan bebas akses ke semua fitur Kompas. Bravo Kompas. 😉👍,Kualitas Konten,Positif,original,690
"Untuk memproduksi berita bagus perlu biaya besar. Bagi yang tak ingin berlangganan atau membaca berita secara berbayar, bisa lewat aplkasi berita gratisan. Kompas jadi salah satu barometer media massa terpeecaya di tanah air. Maju terus di tengah konvergensi media. Salam.",Langganan (Subscription & Pricing),Netral,original,691
"Untuk memproduksi berita bagus perlu biaya besar. Bagi yang tak ingin berlangganan atau membaca berita secara berbayar, bisa lewat aplkasi berita gratisan. Kompas jadi salah satu barometer media massa terpeecaya di tanah air. Maju terus di tengah konvergensi media. Salam.",Kualitas Konten,Positif,original,691
Aslinya payah banget... Mo baca berita aja harus berbayar. Mending berita di sebelah aja lah. Padahal hanya ingin lihat iklan aja 😞 harus bayar..,Langganan (Subscription & Pricing),Negatif,original,692
"Suka baca berita kompas cetak tapi sayang gak bisa tersimpan dokumen berita harian kompas epaper yg telah didownload, untuk nanti dibaca di kesempatan lain misalnya",Fungsionalitas,Negatif,original,693
"Saran, alangkah lebih bagusnya lagi kalau diberi fitur mode baca. Jadi 
latarnya berwarna gelap, shg nyaman untuk dibaca di area kurang cahaya",Tampilan (UI/UX),Netral,original,694
"Bintang lima kalau ada aplikasi ini di Windows Store. Ingat lebih nyaman baca di PC, Laptop, dan Tablet daripada di HP. Ditunggu di Windows Store dan saya pasti langganan. Go paperless!",Performa (Technical & Access),Netral,original,695
"Secara keseluruhan aplikasinya bagus. Tapi, terkadang suka ngaco. Kalo saya mau baca lagi edisi beberapa minggu lalu, aplikasinya langsung 'force close'. Entah ini karena hp saya atau memang dari aplikasinya. Juga, saya barusan unduh harian Kompas edisi hari ini, tapi pas dibuka malah cuma ada tanda kompas besar di tengah dan layarnya justru gelap. Mohon diperbaiki.",Performa (Technical & Access),Negatif,original,696
"1. Kenapa di aplikasi perlu download e-paper baru bisa dibaca, sedangkan di browser bisa langsung baca tanpa download? Tidak setiap waktu & semua orang mau/bisa download. Jangan skill issue.

2. Tolong aktifkan fitur rotate phone/baca secara landscape! Koran itu luas, buat apa ada 2-page view ketika baca koran tapi ga bisa baca secara landscape?",Tampilan (UI/UX),Netral,original,697
"1. Kenapa di aplikasi perlu download e-paper baru bisa dibaca, sedangkan di browser bisa langsung baca tanpa download? Tidak setiap waktu & semua orang mau/bisa download. Jangan skill issue.

2. Tolong aktifkan fitur rotate phone/baca secara landscape! Koran itu luas, buat apa ada 2-page view ketika baca koran tapi ga bisa baca secara landscape?",Fungsionalitas,Negatif,original,697
Udah dua hari ini section beranda loading terus dan di section e-paper dikatakan sedang dalam pemeliharaan. Emang sampai perlu dua hari ya untuk maintenance?,Performa (Technical & Access),Negatif,original,698
"Canggih sebetulnya aplikasinya dan nyaman juga membukanya. Namun sayang setelah 2 tahun berlangganan, menurut saya konten materinya cenderung tidak netral dan ada yang mengendalikan dari politik. Terpaksa saya harus uninstall karena zaman seperti sekarang sangat perlu mendapatkan materi pemberitaan yang netral namun tidak mengurangi kualitas.",Tampilan (UI/UX),Positif,original,699
"Canggih sebetulnya aplikasinya dan nyaman juga membukanya. Namun sayang setelah 2 tahun berlangganan, menurut saya konten materinya cenderung tidak netral dan ada yang mengendalikan dari politik. Terpaksa saya harus uninstall karena zaman seperti sekarang sangat perlu mendapatkan materi pemberitaan yang netral namun tidak mengurangi kualitas.",Kualitas Konten,Negatif,original,699
"skrg baca paper yg sudah didownload tetap harus connect internet. susah untuk baca di pesawat. di versi sebelumnya sudah nyaman untuk membaca offline, walaupun readernya tidak otomatis nenghilangkan kontrol yg ada di bawah halaman.",Fungsionalitas,Negatif,original,700
"Download dan baca gratisan lancar, setelah sudah bayar langganan semua artikel di click tidak bisa kebuka, kontak CS bilang aplikasi eror dan disuru buka di website, rusak  aplikasinya udah 1 bulan langganan gak kepake jadinya. Krn ribet bgd harus buka web dan log-in2 lagi.",Performa (Technical & Access),Negatif,original,701
"Setelah update, waktu baca ePaper dalam model full screen, tampilan pilihan halaman di bagian bawah tidak bisa auto-hide, sehingga artikel di bagian bawah tidak bisa terbaca.",Tampilan (UI/UX),Negatif,original,702
Aplikasinya tidak bisa digunakan dan konten tidak bisa diakses. Padahal sudah subscribe untuk 1 tahun. Customer service juga sama sekali tidak membantu padahal saya sudah hampir sebulan tidak bisa mengakses aplikasi. kompas sudah terang-terangan tidak peduli sudah merugikan konsumen.,Performa (Technical & Access),Negatif,original,703
"Update terbaru menghilangkan fitur highlight kata dan terjemahan. Ini dulunya layanan yang luar biasa untuk orang yang belajar Bahasa Indonesia, tapi sekarang tidak lagi. Tolong kembalikan seperti semula!!!",Performa (Technical & Access),Negatif,original,704
"Masih ada subscribe 1 tahun, tapi akun tidak bisa login. Sudah pernah hubungin cs tapi tidak ada perbaikan sama sekali. Terima kasih",Performa (Technical & Access),Negatif,original,705
"Viewing dr browser baik2 saja, namun tidak dr aplikasi, margin kanan kiri terpotong. Mengganggu sekali. Saya akses dr iPhone 12Pro, iOS 18.2. Mohon bantuannya",Tampilan (UI/UX),Negatif,original,706
"Ketika bicara era, aplikasi seakan mengikuti tren kapitalis, dalam bahasa Jawa istilahnya ‘“Gruduk Sapen” atau “Rok-rok Asem”.

Apa iya platfom sebesar kompas dengan gedung mewahnya, Gramedia dan mendiang Jakob Oetama tidak memilah masyarakat indonesia secara bijak.

Tidak semua orang Indonesia “beruang”, kami yang dipelosok terjebak pada sistem UMR kadang merasa keberatan dan atas sistem berbayar, sedangkan paket data sudah mencekik, belum lagi BBM pun dikabarkan naik. Pisahkan golongan pembaca yang jelas kaya menengah dan kami kelas bawah supaya informasi dan edukasi merata. Bukankah hal ini sudah termaktub pada kaidah jurnalistik?",Langganan (Subscription & Pricing),Negatif,original,707
"Tiap hari saya baca kompas. Rubrik Opininya diisi oleh penulis-penulis yang kredible. Informasi yang saya dapat pun menambah pengetahuan, mempertajam cara pandang. Maju terus kompas!",Kualitas Konten,Positif,original,708
"Pada 18-Jan-2024 langganan pada applikasi baru, dibayar pakai Gojek Rp360,000 untuk 1 tahun.
Status langganan tetap tidak active pada saat membuka e-paper.
19-Jan-2024 aku coba bula e-paper, ligin melalui Apple dan ditagih oleh Apel Rp,359,000
Check WA online, pembayaran pada 18-Jan-2024 dinyatakan HILANG-dihapus dari starus langganan",Langganan (Subscription & Pricing),Negatif,original,710
"Pada 18-Jan-2024 langganan pada applikasi baru, dibayar pakai Gojek Rp360,000 untuk 1 tahun.
Status langganan tetap tidak active pada saat membuka e-paper.
19-Jan-2024 aku coba bula e-paper, ligin melalui Apple dan ditagih oleh Apel Rp,359,000
Check WA online, pembayaran pada 18-Jan-2024 dinyatakan HILANG-dihapus dari starus langganan",Performa (Technical & Access),Negatif,original,710
"Aplikasi sudah cukup bagus dan stabil, login melalui Apple ID kadang terjadi error, hotline cukup responsif dan membantu melalui WA, hanya yang melalui telpon tidak diangkat. Kecepatan respon cukup baik.",Performa (Technical & Access),Positif,original,711
"kompasID. Kenapa ya? Setelah update, saya mau baca tentang topik Gaya, Kendara, malah apps tidak membuka. Sebagai gantinya malah di""lempar"" ke Safari (browser IOS), dan tidak jalan pula. Mohon perbaikan yaa.... Trims",Performa (Technical & Access),Negatif,original,712
"Satu hal yang kurang: seharusnya ada fitur back to top, biasanya dengan klik tab aktif aplikasi agar bisa kembali ke konten teratas + refresh otomatis",Fungsionalitas,Netral,original,713
"Saya pembaca setia kompas dengan menggunakan device Apple iPad Air lama saya yang update iOS-nya mentok di iOS 12. Dan saya sangat sedih sekali karena update terakhir aplikasi kompas di App Store mengharuskan versi iOS minimal iOS 14. Ini membuat saya tidak bisa lagi mengakses ePaper kompas dengan device saya lagi.

Mohon bantuannya untuk meneruskan support aplikasi kompas untuk iOS 12, agar saya tidak perlu membeli device baru.

Terima kasih.",Performa (Technical & Access),Negatif,original,714
"Berita di kompas sangat komprehensif dan lengkap. Sangat menginspirasi. Rubrik favorit sa adalah Humaniora dengan pendekatan yang halus namun tetap tajam. Sa pun setiap pagi dapat membaca ePaper kompas, yang kemudian pecahan beritanya pada berbagai artikel di kompas. Sa sangat mengapresiasi kinerja Jurnalistik yang semacam ini. Cuma saran saja, tolong diekspansi ke iOS 12 supaya beberapa kawan sa bisa juga menikmatinya lewat App. Itu saja sih, selebihnya kompas memang Worth it. Terima kasih, kompas. Memang kompas Amanat Hati Nurani Rakyat. Salaam 

- DSAB (Juga Mewakili Angga Bassoni Al Barkah & Ayisha Abdul Basith)",Kualitas Konten,Positif,original,715
Saya pengguna baru dan penasaran untuk membaca berita di kompas. Namun sayang ketika saya coba scroll beritanya aplikasi langsung force close. Selain itu agak berat juga ketika scroll.,Performa (Technical & Access),Negatif,original,716
"Sekarang sudah bisa portrait, sudah ga laggy pas ganti halaman. Good job deh akhirnya setelah beberapa bulan ngeluh via DM IG, sekarang nyaman lagi baca koran di iPad. Rating saya ubah ke 5. Masih jadi favorit berita kompas sampai sekarang.",Tampilan (UI/UX),Positif,original,717
"Sekarang sudah bisa portrait, sudah ga laggy pas ganti halaman. Good job deh akhirnya setelah beberapa bulan ngeluh via DM IG, sekarang nyaman lagi baca koran di iPad. Rating saya ubah ke 5. Masih jadi favorit berita kompas sampai sekarang.",Performa (Technical & Access),Positif,original,717
"Update 05 May 2022 :

“Setelah komplain via email pertengahan April 2022, hari ini muncul update kompas di appstore, dan kali ini mode potrait sudah dikembalikan utk para pembaca. Bravo tim IT kompas, terima kasih…ratingnya sy naikkan jadi 5* ( dr 2*)”

Update versi ipad terbaru menyebabkan tidak bisa membaca dgn mode potrait, sangat tidak nyaman, harusnya pembaca diberikan pilihan untuk memilihmpottait atau landscape, pdhl udah nyaman dgn kondisi sebelumnya bertahun2",Tampilan (UI/UX),Positif,original,718
"Update 05 May 2022 :

“Setelah komplain via email pertengahan April 2022, hari ini muncul update kompas di appstore, dan kali ini mode potrait sudah dikembalikan utk para pembaca. Bravo tim IT kompas, terima kasih…ratingnya sy naikkan jadi 5* ( dr 2*)”

Update versi ipad terbaru menyebabkan tidak bisa membaca dgn mode potrait, sangat tidak nyaman, harusnya pembaca diberikan pilihan untuk memilihmpottait atau landscape, pdhl udah nyaman dgn kondisi sebelumnya bertahun2",Performa (Technical & Access),Positif,original,718
"e-paper gak nyaman dibaca dengan iPad karena update terakhir cuma bisa dibaca dengan mode landscape doang, sebelumnya mode potrait bisa. Payah!",Tampilan (UI/UX),Negatif,original,719
"Untuk update terakhir posisi di ipad selalu default landscape, padahal orientasi sudah di lock pada posisi potrait. Tolong segera diperbaiki terima kasih.

Selain bug di update terakhir overall untuk epaper sangat membantu dalam membaca koran kompas secara digital. 

Sukses selalu untuk team kompas",Tampilan (UI/UX),Negatif,original,720
"Untuk update terakhir posisi di ipad selalu default landscape, padahal orientasi sudah di lock pada posisi potrait. Tolong segera diperbaiki terima kasih.

Selain bug di update terakhir overall untuk epaper sangat membantu dalam membaca koran kompas secara digital. 

Sukses selalu untuk team kompas",Kualitas Konten,Positif,original,720
"Bagaimana caranya mengunduh epaper ke PDF? Seingat saya aplikasi terdahulu bisa dilakukan, namun sejak aplikasi yg baru ini tdk bisa atau mungkin sy belum tahu cara mengunduh epaper PDF?

Saya pelanggan berbayar, agak menyangkan kalau epaper tdk bs sy unduh utk dokumentasi (kliping) digital saya.",Fungsionalitas,Netral,original,721
"Setelah update ios dan update app kompas, sudah bisa masuk akun dengan lancar, desain dan peforma juga makin bagus. Good Job untuk developernya.",Tampilan (UI/UX),Positif,original,722
"Setelah update ios dan update app kompas, sudah bisa masuk akun dengan lancar, desain dan peforma juga makin bagus. Good Job untuk developernya.",Performa (Technical & Access),Positif,original,722
"Update terbaru ringan dan cepat. Kerja bagus kompas. Batasan perangkat membingungkan. Akan senang kalau ada variasi konten selain berita, video, e-paper, dan artikel interaktif. Mungkin podcast dan video pendek?",Kualitas Konten,Netral,original,723
"Update terbaru ringan dan cepat. Kerja bagus kompas. Batasan perangkat membingungkan. Akan senang kalau ada variasi konten selain berita, video, e-paper, dan artikel interaktif. Mungkin podcast dan video pendek?",Performa (Technical & Access),Positif,original,723
"Berita yang saya buka pada aplikasi selalu tidak terbuka dan ada note belum berlangganan, padahal saya sudah login dan akun saya statusnya sudah berlangganan, ini terjadi setelah update terakhir. mohon ditangani ya

Terima Kasih",Performa (Technical & Access),Negatif,original,724
Setelah update ke iPad OS 15 artikel2nya ga ada yang bisa dibuka. Setiap diklik loading terus ga selesai2. Please fix this…,Performa (Technical & Access),Negatif,original,725
"! 

QR Code yang Anda masukkan tidak sesuai. Pastikan Anda memindai QR Code pada Harian kompas edisi hari ini.

Selalu qr code dari harian cetak tidak sesuai, padahal adalah edisi terbatu/hari ini. Sudah lebih dari 3 hari begini.",Performa (Technical & Access),Negatif,original,726
"- tidak mudah untuk refresh untuk menampilkan beruta terbaru — atau untuk menampilkan berita yang lebih lama
- tidak ada feature filter/sort berdasarkan tanggal terbit
- e-paper tidak dapat mengakses berita yang lebih lama dari sebulan yang lalu
- masih sering terjadi link berita yang error
- terkadang masih memonta login ulang ketika link berita akan dibuka",Fungsionalitas,Negatif,original,727
"- tidak mudah untuk refresh untuk menampilkan beruta terbaru — atau untuk menampilkan berita yang lebih lama
- tidak ada feature filter/sort berdasarkan tanggal terbit
- e-paper tidak dapat mengakses berita yang lebih lama dari sebulan yang lalu
- masih sering terjadi link berita yang error
- terkadang masih memonta login ulang ketika link berita akan dibuka",Performa (Technical & Access),Negatif,original,727
"kurang puas membaca lewat aplikasi karena pembaruan fitur yang lamban. tema night mode belum bisa berjalan di iphone 12. selain itu, sulit mencari versi berita digital dari tiap berita di halaman koran/epaper.",Fungsionalitas,Negatif,original,728
"kurang puas membaca lewat aplikasi karena pembaruan fitur yang lamban. tema night mode belum bisa berjalan di iphone 12. selain itu, sulit mencari versi berita digital dari tiap berita di halaman koran/epaper.",Performa (Technical & Access),Negatif,original,728
"Kenapa skg ga ada menu kirim email ya? Bisa tlg di tambah in menu email, karena dgn format pdf lbh mudah di baca.",Fungsionalitas,Negatif,original,729
"Saya suka tampilan berita epapernya kompas tapi yang buat kesal saya harus pegang dalam kondisi portrait IPAD saya, mohon diupgrade supaya bisa tampilannya landscape ya min. So far sumber berita yang saya gunakan selalu kompas terima kasih, selalu berkarya ya. Sekarang saya kasih bintang 3, kalau nanti sudah landscape saya kasih bintang 4. Joss gandosss...",Tampilan (UI/UX),Negatif,original,730
"Saya suka tampilan berita epapernya kompas tapi yang buat kesal saya harus pegang dalam kondisi portrait IPAD saya, mohon diupgrade supaya bisa tampilannya landscape ya min. So far sumber berita yang saya gunakan selalu kompas terima kasih, selalu berkarya ya. Sekarang saya kasih bintang 3, kalau nanti sudah landscape saya kasih bintang 4. Joss gandosss...",Kualitas Konten,Positif,original,730
"Jangan langganan & download appsnya..sekelas kompas aplikasinya sampah, yakali mau baca berita harus klik link dulu trs bacanya di browser lg..trs gunanya aplikasi buat apa..semoga cepet di takedown apple deh nih aplikasi.",Fungsionalitas,Negatif,original,731
Suka dengan app ini cuman kadang suka berulang beritanya kalo lagi scrolling seharusnya ke berita yang lebih lama jadinya terbatas membaca berita,Fungsionalitas,Negatif,original,732
"Tab pilihanku kadang ada kadang engga. bikin lah tab khusus supaya bisa endless scrolling gt kalo milih berita, jd bukan berita hari itu aja. Untuk epaper lebih enak kalo judul berita disitu berupa link dan bisa langsung klik dan berubah menjadi tampilan baca.",Tampilan (UI/UX),Netral,original,733
"Tab pilihanku kadang ada kadang engga. bikin lah tab khusus supaya bisa endless scrolling gt kalo milih berita, jd bukan berita hari itu aja. Untuk epaper lebih enak kalo judul berita disitu berupa link dan bisa langsung klik dan berubah menjadi tampilan baca.",Fungsionalitas,Netral,original,733
"Sejak beberapa hari yang lalu, saya mencoba mencari sumber berita seperti ketika membaca koran era dahulu, yang detail dalam penulisannya, demi akurasi informasi yang mau saya peroleh. kompas sepertinya memberikan jawaban itu untuk saya.",Kualitas Konten,Positif,original,734
"Pada awalnya download ePaper kompas sangat lancar. Setelah berjalan 3-4 bulan download menjadi sangat lamban. Terbitan 28 April perlu upaya berkali-kali kadangkala diakhiri pemberitahuan time-out dan akhirnya berhasil download 100% dengan waktu 15-20 menit. 

Cape deh.

Pertimbangkan ulang apabila anda ingin berlangganan.",Performa (Technical & Access),Negatif,original,735
"Aplikasi cukup bagus, berita lengkap, mudah download e paper. Tapi sayangnya gabisa tampilan landscape, padahal baca koran lebih enak landscape ya.
Akan saya ubah jadi bintang 5 kalau mode landscape sudah diaktifkan 😊",Tampilan (UI/UX),Negatif,original,736
"Aplikasi cukup bagus, berita lengkap, mudah download e paper. Tapi sayangnya gabisa tampilan landscape, padahal baca koran lebih enak landscape ya.
Akan saya ubah jadi bintang 5 kalau mode landscape sudah diaktifkan 😊",Fungsionalitas,Positif,original,736
"Aplikasi cukup bagus, berita lengkap, mudah download e paper. Tapi sayangnya gabisa tampilan landscape, padahal baca koran lebih enak landscape ya.
Akan saya ubah jadi bintang 5 kalau mode landscape sudah diaktifkan 😊",Kualitas Konten,Positif,original,736
"tolong tambahkan fitur baca nanti di setiap artikel baik di web maupun di aplikasi karena beberapa artikel tidak ada fungsi baca nanti,,terima kasih",Fungsionalitas,Netral,original,737
"Rasa nya tidak etis saja jika seseorang merogoh kocek nya untuk berlangganan sebuah portal berita tetapi timbal balik nya tidak sesuai ekspetasi. Saat saya ingin membaca tentang analisa taktik klub sepak bola Barcelona di tutur visual, terima kasih yang saya dapat hanya background para pemain dan judul nya saja",Langganan (Subscription & Pricing),Negatif,original,738
"Rasa nya tidak etis saja jika seseorang merogoh kocek nya untuk berlangganan sebuah portal berita tetapi timbal balik nya tidak sesuai ekspetasi. Saat saya ingin membaca tentang analisa taktik klub sepak bola Barcelona di tutur visual, terima kasih yang saya dapat hanya background para pemain dan judul nya saja",Kualitas Konten,Negatif,original,738
"Ingin tahu berapa lama kompas akan memperbaiki bug ini 🙄 selalu crash di ipad/ios, dan bagaimana dengan tampilan landscape?
Klik!",Tampilan (UI/UX),Negatif,original,739
"Ingin tahu berapa lama kompas akan memperbaiki bug ini 🙄 selalu crash di ipad/ios, dan bagaimana dengan tampilan landscape?
Klik!",Performa (Technical & Access),Negatif,original,739
"Aplikasi saya sudah up to date, tapi saya terus diminta mengunduh versi terbaru aplikasi (yang tidak ada). Setelah mencoba berkali-kali, saya masih tidak bisa membuka aplikasi dan membaca koran.

Masalah ini pernah terjadi sebelumnya dan lama-lama jadi menjengkelkan.",Performa (Technical & Access),Negatif,original,740
"Saya salut dengan kompas atas strategi menawarkan berita premium berbayar. Sebenarnya saya rela membayar daripada terus-menerus dibombardir iklan. Tapi saya tidak melihat opsi berlangganan di dalam aplikasi. Apakah saya harus berlangganan lewat web?

Aplikasi crash 3 kali dalam 5 menit itu tidak bisa diterima

Oh iya, apa gunanya bikin aplikasi iPad kalau tidak mendukung tampilan landscape dan pengalamannya terbatas (dibanding versi web). Untuk saat ini, web lebih baik daripada mengakses lewat aplikasi",Tampilan (UI/UX),Negatif,original,741
"Saya salut dengan kompas atas strategi menawarkan berita premium berbayar. Sebenarnya saya rela membayar daripada terus-menerus dibombardir iklan. Tapi saya tidak melihat opsi berlangganan di dalam aplikasi. Apakah saya harus berlangganan lewat web?

Aplikasi crash 3 kali dalam 5 menit itu tidak bisa diterima

Oh iya, apa gunanya bikin aplikasi iPad kalau tidak mendukung tampilan landscape dan pengalamannya terbatas (dibanding versi web). Untuk saat ini, web lebih baik daripada mengakses lewat aplikasi",Performa (Technical & Access),Negatif,original,741
"Kehadiran kompas cukup saya tunggu-tunggu karena saya merupakan pelanggan & pembaca setia koran kompas. Dalam beberapa tahun belakangan semenjak kompas muncul dalam versi digital di toko-toko buku digital saya memilih untuk berlangganan tidak lagi secara fisik namun secara e-papper dimana saya bisa membaca dengan mudah di gawai saya.

Kehadiran kompas merupakan salah satu perwujudan dari perkembangan jaman dimana perubahan-perubahan berjalan mengiringi perkembangan teknologi, terutama dalam perkembangan telephone pintar yang semakin maju.

Lebih baik lagi jika tim kompas mulai memikirkan bagaimana jika applikasi ini dipakai dalam keadaan luring / offline mode. Ini akan sangat bermanfaat bagi para pembaca yang mungkin tidak terkoneksi dengan jaringan dalam beberapa saat dan ingin membaca apa yang sudah di unduh terlebih dahulu sebelumnya

Salam hangat

Pembaca setia kompas",Fungsionalitas,Netral,original,742
"salah satu alasan saya beli iPad 2017 adalah untuk membaca kompas, sangat kecewa dengan aplikasi kompas. Baru install lalu dibuka langsung tertutup sendiri. Bagaimana saya mau berlangganan kompas secara rutin. Tolong diperbaiki, ketika aplikasi lain berjalan dengan baik, ini koran nasional besar tidak bisa membuat aplikasinya berjalan baik",Performa (Technical & Access),Negatif,original,743
"Baru testing dengan ipad 2 retina, di ios 11.3.1 selalu nutup ketika baru dibuka, mohon diperbaiki ga ada guna subs dan bayar kalau tidak bisa terpakai..",Performa (Technical & Access),Negatif,original,744
"Setelah terbuka di halaman depan, akan selalu crash dan menutup begitu digunakan di iPad Mini dg iOS 11.3.1

Ayo diperbaiki lagi, supaya saya jadi langganan epaper premium. Ayo kompas kamu bisa lebih baik lagi",Performa (Technical & Access),Negatif,original,745
"Saya kurang paham cara melaporkan bug di ios.
Selalu ketika ePaper yang sudah saya unduh, ketika akan dibaca pada mode offline terjadi kesalahan pada pembacaan pdf sehingga memerlukan pengunduhan ulang.",Performa (Technical & Access),Negatif,original,746
Ini aplikasi yang bagus tapi penuh dengan bug dan selalu crash. Dan siapa yang lupa menambahkan mode landscape ke aplikasi ini?,Tampilan (UI/UX),Negatif,original,747
Ini aplikasi yang bagus tapi penuh dengan bug dan selalu crash. Dan siapa yang lupa menambahkan mode landscape ke aplikasi ini?,Performa (Technical & Access),Negatif,original,747
Tdk bisa dibuka sama sekali di ios v 11. Langsung crash. kompas tdk pernah serius berinvestasi di pembuatan aplikasi. Sangat disayangkan krn kalah jauh dari media digital lainnya.,Performa (Technical & Access),Negatif,original,748
"Akan lebih baik jika ketika hp sy dalam posisi horizontal, posisi app ini juga menyesuaikan menjadi horizontal, seperti baca ebook di iBooks. Selain itu mohon dipertimbangkan agar kita bisa buka edisi2 yg lama hingga 10 tahun ke belakang. Sy sedang nyari koran kompas edisi Juni 2004. Thanks.",Tampilan (UI/UX),Netral,original,749
"Akan lebih baik jika ketika hp sy dalam posisi horizontal, posisi app ini juga menyesuaikan menjadi horizontal, seperti baca ebook di iBooks. Selain itu mohon dipertimbangkan agar kita bisa buka edisi2 yg lama hingga 10 tahun ke belakang. Sy sedang nyari koran kompas edisi Juni 2004. Thanks.",Fungsionalitas,Netral,original,749
"Tolong buatkan versi iPad. Versi ini kl dipakai di iPad, jika tidak di-zoom, tidak bisa terbaca oleh mata yang sehat sekalipun.",Tampilan (UI/UX),Negatif,original,750
apakah ada paket berlangganan untuk pelajar atau mahasiswa,Langganan (Subscription & Pricing),Netral,original,751
cara perpanjang langganan kompas id bagaimana ya,Langganan (Subscription & Pricing),Netral,original,752
bisa tidak bayar langganan pakai pulsa telkomsel,Langganan (Subscription & Pricing),Netral,original,753
sudah tidak aktif langganan sejak bulan lalu,Langganan (Subscription & Pricing),Netral,original,754
mau tanya soal cara mengaktifkan kode voucher kompas id,Langganan (Subscription & Pricing),Netral,original,755
kapan promo langganan kompas id biasanya diadakan,Langganan (Subscription & Pricing),Netral,original,756
ada paket bundling dengan produk kompas lainnya tidak ya,Langganan (Subscription & Pricing),Netral,original,757
bisa tidak berlangganan kompas id lewat aplikasi di iphone,Langganan (Subscription & Pricing),Netral,original,758
proses pembayaran langganan bisa lewat transfer bank biasa,Langganan (Subscription & Pricing),Netral,original,759
mau coba berlangganan tapi belum tahu paket mana yang cocok,Langganan (Subscription & Pricing),Netral,original,760
harga langganan kompas id sangat terjangkau untuk kualitas berita sekelas ini,Langganan (Subscription & Pricing),Positif,original,761
"promo diskon tahunan kemarin sangat membantu, langsung saya ambil",Langganan (Subscription & Pricing),Positif,original,762
biaya langganan sebanding dengan kedalaman analisis yang didapat,Langganan (Subscription & Pricing),Positif,original,763
senang banget dapat promo langganan setahun dengan harga yang murah,Langganan (Subscription & Pricing),Positif,original,764
murah banget dibanding harus beli koran fisik setiap hari,Langganan (Subscription & Pricing),Positif,original,765
"langganan premium kompas id tidak menyesal, harganya masuk akal",Langganan (Subscription & Pricing),Positif,original,766
paket langganan tahunan kompas id jauh lebih hemat kalau dihitung per bulannya,Langganan (Subscription & Pricing),Positif,original,767
tidak perlu beli koran fisik lagi karena harga digital jauh lebih murah,Langganan (Subscription & Pricing),Positif,original,768
"harga promo flashnya terjangkau, langsung saya manfaatkan",Langganan (Subscription & Pricing),Positif,original,769
sudah dua tahun berlangganan dan tidak pernah menyesal soal harganya,Langganan (Subscription & Pricing),Positif,original,770
benefit yang didapat jauh melebihi harga yang dibayarkan setiap bulannya,Langganan (Subscription & Pricing),Positif,original,771
tolong ditambahkan opsi dark mode agar nyaman dibaca malam hari,Tampilan (UI/UX),Netral,original,772
apakah ada rencana untuk menambahkan mode baca landscape di iPhone,Tampilan (UI/UX),Netral,original,773
tampilan beranda kompas id menggunakan warna biru khas kompas,Tampilan (UI/UX),Netral,original,774
layout artikel kompas id mengikuti gaya koran pada umumnya,Tampilan (UI/UX),Netral,original,775
navigasi utama ada di bagian bawah layar dengan lima ikon menu,Tampilan (UI/UX),Netral,original,776
tolong sediakan pilihan tema gelap untuk pengguna yang sering baca malam,Tampilan (UI/UX),Netral,original,777
apakah bisa ditambahkan opsi untuk mengatur jarak antar baris teks,Tampilan (UI/UX),Netral,original,778
beranda aplikasi menampilkan berita terbaru dengan thumbnail gambar,Tampilan (UI/UX),Netral,original,779
diharapkan ada pilihan warna tema selain putih untuk variasi tampilan,Tampilan (UI/UX),Netral,original,780
semoga ada fitur penyesuaian ukuran teks untuk pengguna dengan keterbatasan penglihatan,Tampilan (UI/UX),Netral,original,781
tampilan artikel kompas id menggunakan margin yang cukup lega,Tampilan (UI/UX),Positif,original,782
apakah orientasi landscape untuk membaca artikel sudah tersedia,Tampilan (UI/UX),Netral,original,783
ikon-ikon menu di kompas id cukup jelas dan mudah dikenali,Tampilan (UI/UX),Positif,original,784
tampilan foto artikel sudah memenuhi lebar layar dengan baik,Tampilan (UI/UX),Positif,original,785
tolong pertimbangkan untuk menambahkan pilihan font yang lebih bervariasi,Tampilan (UI/UX),Netral,original,786
diharapkan ada pilihan orientasi landscape saat membaca artikel agar lebih leluasa,Tampilan (UI/UX),Netral,original,787
warna aksen yang digunakan konsisten dengan identitas visual kompas,Tampilan (UI/UX),Positif,original,788
"tampilan kompas id bersih dan tidak berantakan, sangat nyaman untuk dibaca",Tampilan (UI/UX),Positif,original,789
desain aplikasinya elegan dan profesional sesuai citra koran ternama,Tampilan (UI/UX),Positif,original,790
"tampilan e-paper sangat mirip koran cetak, nyaman dan familiar",Tampilan (UI/UX),Positif,original,791
menu navigasi terorganisir dengan baik sehingga tidak membingungkan pengguna baru,Tampilan (UI/UX),Positif,original,792
antarmuka kompas id terasa ringan dan responsif saat berpindah halaman,Tampilan (UI/UX),Positif,original,793
tampilan bersih tanpa iklan membuat fokus membaca jauh lebih terjaga,Tampilan (UI/UX),Positif,original,794
desain visual kompas id meningkatkan kenyamanan dan minat baca setiap hari,Tampilan (UI/UX),Positif,original,795
tolong tambahkan fitur bookmark agar bisa menyimpan artikel untuk dibaca nanti,Fungsionalitas,Netral,original,796
apakah notifikasi breaking news bisa diatur agar tidak terlalu sering,Fungsionalitas,Netral,original,797
mohon ditambahkan fitur berbagi artikel langsung ke whatsapp dengan satu klik,Fungsionalitas,Netral,original,798
apakah e-paper edisi lama bisa diakses dari arsip kompas id,Fungsionalitas,Netral,original,799
tolong tambahkan fitur highlight teks saat membaca artikel,Fungsionalitas,Netral,original,800
apakah ada fitur untuk mengikuti topik atau penulis tertentu secara khusus,Fungsionalitas,Netral,original,801
tolong sediakan fitur download artikel agar bisa dibaca saat tidak ada internet,Fungsionalitas,Netral,original,802
"kliping artikel berjalan dengan baik, memudahkan saya menyimpan referensi",Fungsionalitas,Positif,original,803
fitur audio sangat berguna untuk multitasking saat tidak bisa baca layar,Fungsionalitas,Positif,original,805
pencarian artikel di kompas id akurat dan hasilnya relevan dengan kata kunci,Fungsionalitas,Positif,original,806
fitur bookmark artikel memudahkan saya kembali ke bacaan yang belum selesai,Fungsionalitas,Positif,original,807
"bisa baca e-paper edisi kemarin lewat arsip, fitur yang sangat berguna",Fungsionalitas,Positif,original,808
"tts-nya bisa berjalan sambil layar mati, sangat praktis saat berolahraga",Fungsionalitas,Positif,original,809
e-paper kompas id bisa di-zoom dengan lancar tanpa pecah kualitas gambarnya,Fungsionalitas,Positif,original,810
"suka banget ada fitur dengarkan berita, cocok buat yang sibuk tapi mau update info",Fungsionalitas,Positif,original,811
fitur subscribe topik membuat berita yang relevan langsung tersaji di beranda,Fungsionalitas,Positif,original,812
fitur simpan untuk baca nanti sangat berguna ketika tidak ada waktu baca sekarang,Fungsionalitas,Positif,original,813
"e-paper kompas id bisa diakses kapan saja, tidak harus pagi seperti koran fisik",Fungsionalitas,Positif,original,814
notifikasi harian dari kompas id membantu saya tidak ketinggalan berita pagi,Fungsionalitas,Positif,original,815
kliping artikel sudah tersimpan rapi dan bisa diakses kapan saja tanpa internet,Fungsionalitas,Positif,original,816
"ada fitur rekomendasi artikel berdasarkan riwayat baca, sangat relevan dan berguna",Fungsionalitas,Positif,original,817
e-paper bisa dibaca dalam mode landscape dengan nyaman di tablet,Fungsionalitas,Positif,original,818
fitur pencarian dengan filter tanggal sangat membantu saat riset berita lama,Fungsionalitas,Positif,original,819
setelah update terbaru aplikasi kompas id jauh lebih stabil dan tidak pernah crash,Performa (Technical & Access),Positif,original,820
performa aplikasi konsisten cepat bahkan saat koneksi internet sedang tidak stabil,Performa (Technical & Access),Positif,original,821
terima kasih kompas id sudah memperbaiki bug login yang mengganggu sebelumnya,Performa (Technical & Access),Positif,original,822
aplikasi tidak pernah force close sekalipun dalam sebulan penggunaan terakhir,Performa (Technical & Access),Positif,original,823
"sesudah reinstall langsung bisa masuk akun tanpa hambatan, terima kasih timnya",Performa (Technical & Access),Positif,original,824
loading halaman sangat cepat bahkan ketika membuka berita dengan banyak gambar sekaligus,Performa (Technical & Access),Positif,original,825
akun premium langsung aktif dan bisa diakses segera setelah proses pembayaran selesai,Langganan (Subscription & Pricing),Positif,original,826
akun premium langsung aktif dan bisa diakses segera setelah proses pembayaran selesai,Performa (Technical & Access),Positif,original,826
hotline kompas id cukup responsif ketika saya melaporkan kendala akses berlangganan,Performa (Technical & Access),Positif,original,827
sinkronisasi data akun antara web dan aplikasi berjalan lancar tanpa kendala,Performa (Technical & Access),Positif,original,828
update terbaru kompas id terasa lebih smooth dan tidak ada lag saat digunakan,Performa (Technical & Access),Positif,original,829
Berita beragam. Ulasan lengkap.,Kualitas Konten,Positif,original,830
"Tajam, independen dan terpercaya",Kualitas Konten,Positif,original,831
"lebih terpercaya, mudah diakses",Kualitas Konten,Positif,original,832
cukup membantu menambah informasi,Kualitas Konten,Positif,original,834
kompas trupdet dan terpercaya,Kualitas Konten,Positif,original,835
beritanya sangat sy suka,Kualitas Konten,Positif,original,836
Bagus dan menambah wawasan,Kualitas Konten,Positif,original,838
Beritanya up-to-date dan akurat,Kualitas Konten,Positif,original,839
Gak bisa beri komentar,Performa (Technical & Access),Negatif,original,840
Bagus untuk tingkatkan literasi,Kualitas Konten,Positif,original,842
Sumber informasi yang dipercaya,Kualitas Konten,Positif,original,843
Menambah Informasi yg bermutu,Kualitas Konten,Positif,original,846
G bisa gratis lg,Langganan (Subscription & Pricing),Negatif,original,848
berita up todate diperlukan.,Kualitas Konten,Negatif,original,849
"Lenganan sejak 2023. Worth it, lenagganan e-paper lebih murah dari pada lengganan cetak",Langganan (Subscription & Pricing),Positif,original,854
jaringan bagus tapi sulit akses aplikasinya sehingga sulit membaca dalam aplikasi... tolong perbaiki.,Performa (Technical & Access),Negatif,original,855
Saya beri bintang 5 karena tersedianya fasilitas dengar/suara,Fungsionalitas,Positif,original,858
semenjak berlangganan saya semakin mudan update berita berkualitas,Kualitas Konten,Positif,original,860
Cuma baca berita aja harus langganan per bulan. Gimana ini??? Auto uninstall,Langganan (Subscription & Pricing),Negatif,original,861
Bagus banget. Berita dari kompas memang top,Kualitas Konten,Positif,original,863
Beritanya tidak update kalau kita nyari yg terbaru tentang timnas yg muncul berita timnas 2023,Kualitas Konten,Negatif,original,865
bintang 5 karena dapat berlangganan gratis wkwkwk,Langganan (Subscription & Pricing),Positif,original,866
"bagus sekali beritanya, aplikasi nya mudah digunakan,",Tampilan (UI/UX),Positif,original,868
"bagus sekali beritanya, aplikasi nya mudah digunakan,",Kualitas Konten,Positif,original,868
sangat bermanfaat untuk mendapatkan informasi yg uptodate. patut untuk dicoba..,Kualitas Konten,Positif,original,869
"Tolong ePaper nya diperbaiki lagi, ada yang menutupi tulisan nya",Tampilan (UI/UX),Negatif,original,870
Uninstall... Aplikasi Sampah.. mau baca aja udh disuruh Bayar!! 😤,Langganan (Subscription & Pricing),Negatif,original,871
ulasan berita nya menarik puaaaaan!,Kualitas Konten,Positif,original,873
knp naama file nya muncul di belakang,Tampilan (UI/UX),Negatif,original,874
beritanya terbaru tdk diulang ulang,Kualitas Konten,Positif,original,875
Bacaannya sangat menambah pengetahuan dan informasi,Kualitas Konten,Positif,original,876
"Sudah bayar, tapi tidak terbaca langganan. Gimana sih ini kompas",Performa (Technical & Access),Negatif,original,877
bagus beritanya kita juga bisa berinteraksi dengan yg laen,Kualitas Konten,Positif,original,878
"Terbaik untuk platform berita dijital berbayar. Aku sendiri sudah berhenti langganan versi kertasnya, beralih ke dijital.",Langganan (Subscription & Pricing),Positif,original,879
pemberitaan kalian sudah tidak berimbang drun,Kualitas Konten,Negatif,original,880
"Kompas, profesional dalam menyajikan berita. Bahasanya enak dinikmati.",Kualitas Konten,Positif,original,885
Isi berita anda bagus n bermanfaat buat yg mengerti n suka dgn kebenaran berita atau informasinya.Terima kasih.,Kualitas Konten,Positif,original,886
"berita bariatif, positif dan berbobot",Kualitas Konten,Positif,original,887
"utk berlangganan, fasilitas pembayaran nya bisa ditambah, misalnya dgn voucher google play.",Langganan (Subscription & Pricing),Netral,original,889
"terdepan dlm berita, kerja bagus.",Kualitas Konten,Positif,original,891
Kompas tetap kritis dan keren,Kualitas Konten,Positif,original,892
tetap pertahankan netral dan anti clickbait,Kualitas Konten,Netral,original,893
"Nonton berita kok bayar,,mending dwnld apk yg lain",Langganan (Subscription & Pricing),Negatif,original,894
Betul betul bebas dan indipendent. Netral dan objektif. Tidak tercemar kepentingan politik.,Kualitas Konten,Positif,original,895
"Berita gak valid yang terbaru mengenai 1 keluarga kelaparan, yang disalahkan agama islam. Penistaan ini",Kualitas Konten,Negatif,original,896
"Berita yg di keluwarkan kepublik sangat terpercaya, trimakadih kompas tv",Kualitas Konten,Positif,original,897
"Knp kok hrs brlangganan 50 rb /bln, Kami buka kn sdh harus tersambung net..",Langganan (Subscription & Pricing),Negatif,original,898
Masak iya bisa baca artikelnya cuma 5 setiap bulan sedih banget login juga ngak bisa-bisa 😢,Langganan (Subscription & Pricing),Negatif,original,899
Masak iya bisa baca artikelnya cuma 5 setiap bulan sedih banget login juga ngak bisa-bisa 😢,Performa (Technical & Access),Negatif,original,899
berita yang akurat kompas sangat terpercaya dan disukai masyarakat,Kualitas Konten,Positif,original,900
"Saya sudah berlangganan, tapi muncul tulisan belum berlangganan. Akibatnya saya tdk bsa membaca epaper",Performa (Technical & Access),Negatif,original,902
Sangat membantu sekali dalam mengetahui berita perkembangan negara yang kita cintai ini,Kualitas Konten,Positif,original,904
Berita terbaru tercakup secara keseluruhan dalam aplikasi ini !!!!!!!!!,Kualitas Konten,Positif,original,905
Baca tiap hari untuk beritayang berkualitas. Andalan,Kualitas Konten,Positif,original,908
memang kompas beritanya baik kami sangat dapat informasi yg lebih,Kualitas Konten,Positif,original,909
"Ayah saya berlangganan kompas cetak sejak tahun 90 an, dan kami berlangganan yang versi ini. Kompas, selalu terpercaya.",Kualitas Konten,Positif,original,910
"Beritanya selalu up-to-date, selalu memuat artikel (ekonomi, politik dll) yang berbobot.",Kualitas Konten,Positif,original,911
"Aplikasi terbaik sepanjang masa, update terbaru lebih kencang dan smooth",Performa (Technical & Access),Positif,original,912
Di saat media lain diisi berita clickbait dan banyak yg tidak penting. Di sini masih tetap mempertahankan isinya.,Kualitas Konten,Positif,original,913
Baca berita kok bayar... Masih banyak yg lainnya kok berita..,Langganan (Subscription & Pricing),Negatif,original,916
Tambah cerdas sebab banyak membaca,Kualitas Konten,Positif,original,917
Ulasan dan beritanya kurang menarik,Kualitas Konten,Negatif,original,918
"Kompas gak kredible, persis kayak metro tipu, terlalu memaksakan framing dan kelihatan punya hidden agenda untuk satu golongan. Memecah belah...",Kualitas Konten,Negatif,original,919
Terimakasih keluhan saya sdh ditindaklanjuti...,Performa (Technical & Access),Positif,original,921
Udah langganan Potong 50rb..e paper ngga bisa dibaca...payah,Langganan (Subscription & Pricing),Negatif,original,922
Udah langganan Potong 50rb..e paper ngga bisa dibaca...payah,Performa (Technical & Access),Negatif,original,922
Aplikasi kompas.id tak bisa diakses lagi. Menyebalkan. Saga coba ulang apl baru normal,Performa (Technical & Access),Negatif,original,923
kompas beritanya sangat baik dan penuh pengetahuan,Kualitas Konten,Positif,original,924
beritanya sangat akurat dan obyektif,Kualitas Konten,Positif,original,926
"Yang penting, tidak hoax, akurat dan nyata.",Kualitas Konten,Positif,original,927
Buset apaan nih.. ko ga bisa dibuka.. harus berlangganan.. bayar pula.. mending detik,Langganan (Subscription & Pricing),Negatif,original,928
Buset apaan nih.. ko ga bisa dibuka.. harus berlangganan.. bayar pula.. mending detik,Performa (Technical & Access),Negatif,original,928
Email udah ada mau baca nggak bisa silahkan login bebas akses gitu terus menerus hapus aja ribet,Performa (Technical & Access),Negatif,original,929
"Harus log in, tetapi kok tidak ada kolom untuk log in?",Performa (Technical & Access),Negatif,original,930
bagus berita nya . . mantaplah,Kualitas Konten,Positif,original,931
Beritanya engkap dan memberi pencerahan,Kualitas Konten,Positif,original,932
tolong d up date kompas karirnya.trimakasih,Fungsionalitas,Netral,original,933
Ko gk ada kompas karier nya sih???,Fungsionalitas,Negatif,original,934
"Mau baca aja harus login dulu, maksa bgt.. payah.. langsung uninstall",Performa (Technical & Access),Negatif,original,936
Sangat membantu mendapatkan berita yg kredibel,Kualitas Konten,Positif,original,938
ga ada pilihan ke kompas one,Fungsionalitas,Netral,original,939
"berita update, disertai analisa dan tulisan yg berkualitas. tambah lebih banyak ulasan dan berita olahraga.",Kualitas Konten,Positif,original,940
Setelah diupdate ukuran tampilan malah jadi tidak sesuai dengan screen ipad mini.,Tampilan (UI/UX),Negatif,original,941
sedikit kecewa karena aplikasi kadang menutup sendiri ketika lagi baca berita. padahal udah berlangganan.,Performa (Technical & Access),Negatif,original,943
Lebih baik jika bisa membaca koran cetak secara lamdscape,Tampilan (UI/UX),Netral,original,944
"Seneng deh sekarang sudah bisa baca e-paper dengan lancar. Tadinya mau download e-paper aja susah. Good job, kompas 👍🏻",Performa (Technical & Access),Positif,original,945
Tidak tahu kenapa aplikasi ini memaksa saya menggunakan mode landscape. Jadi susah untuk membaca artikel,Tampilan (UI/UX),Negatif,original,946
Tidak berfungsi...setelah diinstal hanya muncul layar putih,Performa (Technical & Access),Negatif,original,947
Tidak bs masuk / sign in ke aplikasi melalui email dari aplikasi di iPhone. Mohon diperbaiki,Performa (Technical & Access),Negatif,original,948
Tidak bisa dibuka e-papernya dengan ipad setelah update. Mohon segera....diperbaiki,Performa (Technical & Access),Negatif,original,949
Epaper nggak bisa dibuka setelah update,Performa (Technical & Access),Negatif,original,950
"Sejak upgrade tidak bisa di gunakan untuk baca ePaper, harap segera di perbaiki karena saya hanya subscribe versi digital",Performa (Technical & Access),Negatif,original,951
Pasca update ga bs baca epaper,Performa (Technical & Access),Negatif,original,952
"Tidak berfungsi di iOS14, tolong diperbaiki",Performa (Technical & Access),Negatif,original,953
Aplikasi crash di versi 11.3 saat pertama kali login setelah menginstal aplikasi,Performa (Technical & Access),Negatif,original,954
"Setelah saya coba geser, aplikasinya langsung keluar",Performa (Technical & Access),Negatif,original,955
Selalu crash di iOS 11,Performa (Technical & Access),Negatif,original,956
"sy sdh bayar minggu lalu langganan Kompas id di indomaret atas instruksi kalian dng no akunnya, hr ini buka Kompas id bilangnya belum berlangganan, terus apa hrs bayar lagi?",Performa (Technical & Access),Negatif,original,957
"sy pernah menjadi pelanggan kompas selama lebih dari 15 tahun, terutama ktk kompas msh blm digital. di atas thn 2015 sy berhenti berlanggana krn kompas kehilangan daya kritis. akhir2 ini sy mulai melihat kompas punya kekuatan kembali untuk lebih kritis kpd pmrnth. semoga negara bangsa ini kembali ke rel yg benar.",Kualitas Konten,Positif,original,958
Aplikasinya gak jelas. sudah langganan premium tapi iklan berlangganan tetap muncul dan ketika membuka notifikasi berita premium malah diarahkan ke pembayaran. langganan kompas bukannya dapat berita tapi dapat emosi,Langganan (Subscription & Pricing),Negatif,original,959
Aplikasinya gak jelas. sudah langganan premium tapi iklan berlangganan tetap muncul dan ketika membuka notifikasi berita premium malah diarahkan ke pembayaran. langganan kompas bukannya dapat berita tapi dapat emosi,Performa (Technical & Access),Negatif,original,959
"pandangan saya pribadi, berita ekonomi sekalian di tingkatkan layaknya koran bisnis, memuat berita berita bisnis yg lebih detail. dg motto, 1 koran kompas semua kehidupan di muka bumi dalam 1 genggaman",Kualitas Konten,Netral,original,960
Kompas memilih jadi partisan di politik Indonesia sejak 2023. Pers bukan lagi jadi pilar ke 4 demokrasi. Kompas mencoret sejarah panjangnya sebagai satu2nya media terpercaya. Ironi,Kualitas Konten,Negatif,original,961
Aplikasi ini sangat membantuku peroleh informasi. Penghargaan yang amat banyak kompas dapatkan membuatnya terpercaya. Apalagi sudah lama ia berkecimpung menampung amanat rakyat. Recomended sekali. Rubrik sastra yang tersedia pun cukup memuaskan. Kita bisa baca karya berkualitas dengan mudah.,Kualitas Konten,Positif,original,962
"padahal produk jurnalistik mah jangan pake bayar kalau mau lebih menguntungkan, kan menyediakan informasi bagi khalayak masyarakat, nah uang nya dimana ya itu nanti dari orang yang pasang iklan, kalau bayar gini kan terbatas aksesnya, makanya tidak populer, tapi kembali lagi terserah kalian",Langganan (Subscription & Pricing),Negatif,original,963
"Saya kurang suka akan Harian kompas, Krn beritanya yg terkadang membuat saya jengkel dan puncak daripada eskalasi selama ketidak sukaan saya thdp media ini ada soal berita ttg jahatnya korupsi tetapi ditulis ""Korupsi Bukan Lagi Kejahatan Luar Biasa"" dg memuat photo ARB... Yg Seolah² menunjukan kesan bhw yg mengatakan itu adalah ARB",Kualitas Konten,Negatif,original,964
"Tolong kompas beritakan lebih banyak tentang sawit. Kami petani sawit dizalimi oleh kebijakan pajak pemerintah yg tinggi (pe,bk dan fo dmo ) dan pengabaian pemerintah terhadap kami dgn harga murah yg ditetapkan sepihak oleh pabrik sawit tanpa adanya sanksi thd mereka.",Kualitas Konten,Netral,original,965
"Buat baca berita harus berlangganan 50k, padahal berita yg sama dapat dengan mudah dicari di internet lainnya dengan mudah dan gratis",Langganan (Subscription & Pricing),Negatif,original,966
"Kenapa sejak revisi Mei 2021, kok ngga bisa landscape? Sebelumnya bisa. Padahal bbrp infografik Kompas disajikan landscape, jika bisa preview landscape, resolusi print screen nya akan lebih bagus utk keperluan sharing. Kalau ngga, semua infografis tolong dibikin portrait saja. Tq.",Tampilan (UI/UX),Negatif,original,967
"mohon info, kenapa setelah update aplikasi tidak dpt membaca e-paper? Selalu kluar minta dilakukan langganan trus(posisi sy sdh berlangganan), per tgl 4 juli mendapatkan update lagi. skrng br bs berjalan secara normal. terimakasih responnya",Performa (Technical & Access),Positif,original,968
sudah punya accont berlanganan..tapi tetap tidak bisa buka kompas e-paper ..ini ..menyebalkan....aneh nya.lagi klo mau baca koran harus download...dan seleaai download...file tidak.bisa di buka....sungguh..ini meyebalkan. ..saya kecewa.,Fungsionalitas,Negatif,original,970
sudah punya accont berlanganan..tapi tetap tidak bisa buka kompas e-paper ..ini ..menyebalkan....aneh nya.lagi klo mau baca koran harus download...dan seleaai download...file tidak.bisa di buka....sungguh..ini meyebalkan. ..saya kecewa.,Performa (Technical & Access),Negatif,original,970
kompas id bikin memori internal saya penuh. seharusnya waktu dwonload berada di sd card. sampai saat ini masih begitu. sedangkan aplikasi yang lain sudah bisa melakukan change tempat memori ke sd card ketika didwonload. kalau begini saya terpaksa berhenti berlangganan koran kompas digital. sorry.,Performa (Technical & Access),Negatif,original,971
"Kalo aplikasi ditutup dan mau baca epaper lagi, walaupun sudah didownload sebelumnya. Jadi bikin penuh storage dan memory HP. Masih lbh baik Kiosk Kompas. Mohon pengembang memperhatikan hal ini. Tks.",Fungsionalitas,Negatif,original,972
"epaper kompos ini sangat baik untuk penikmat koran dengan inovasi digitalisasi. Namun, dengan segala hormat untuk beberapa masukan ada bagus epaper ini di kemas dalam bentuk pdf agar bisa di unduh langsung dan bisa dipermanenkan dalam partisi pengguna. Layaknya harian dalam bentuk fisik bisa juga digunakan sebagai koleksi untuk referensi. Mohon maaf yang sebesar besar apabila menyinggung. Terimakasih",Fungsionalitas,Netral,original,973
"Akhirnya saya uninstall aplikasi ini, mau baca harus berlangganan, masih 
banyak aplikasi berita online yg lebih up to date tapi tidak pake syarat",Langganan (Subscription & Pricing),Negatif,original,974
"tampilan di ipad mini 7 mode potrait masih terpotong dibagian pinggir kanan kirinya jadi ga menarik untuk dibuka, mohon di perbaiki",Tampilan (UI/UX),Negatif,original,976
"Membaca kompas Online sungguh refreshing,mengobati kerinduan membaca jurnalisme yg sebenarnya,karya wartawan yg diedit oleh editor yg bener2 editor.
Setelah lelah membaca media online lain yg judulnya cm click bait,apalagi isinya yg suka ngasal,kadang copas,boro2 diedit dg layak.
Mantap!",Kualitas Konten,Positif,original,978
"Update terbaru selalu selalu selalu saja force close. Anehnya, itu terjadi saat aplikasi dibuka dengan posisi akun terlog-in. Jika aplikasi di uninstall & reinstall dan dibuka tanpa login akun aplikasi terbuka normal, tapi kan akses terbatas dalam membuka artikel-artikelnya dikarenakan pakai mode free. Berasa rugi banget langganan yearly subscribe. Sudah komplain via WA ke CS kompas tapi cuma dibilang ""coba akses via browser saja"". Tidak solutif sama sekali. Mohon perhatian",Langganan (Subscription & Pricing),Negatif,original,979
"Update terbaru selalu selalu selalu saja force close. Anehnya, itu terjadi saat aplikasi dibuka dengan posisi akun terlog-in. Jika aplikasi di uninstall & reinstall dan dibuka tanpa login akun aplikasi terbuka normal, tapi kan akses terbatas dalam membuka artikel-artikelnya dikarenakan pakai mode free. Berasa rugi banget langganan yearly subscribe. Sudah komplain via WA ke CS kompas tapi cuma dibilang ""coba akses via browser saja"". Tidak solutif sama sekali. Mohon perhatian",Performa (Technical & Access),Negatif,original,979
"Di tengah jurnalisme kentang dan berita pendek-pendek, saya memilih kompas sebagai andalan. Beritanya tidak setengah2, dan selalu cover both side. Wajar berbayar, karena kerja2 jurnalisme berkualitas patut diapresiasi.",Kualitas Konten,Positif,original,980
"Ketika saya ingin buka webpage kompas di Safari (iPadOS), selalu ke redirect ke App kompas, terus di appnya error dan webpagenya tidak pernah muncul (katanya ‘Ups artikel tidak ditemukan’).

Jadi saya ga pernah bisa buka webpage kompas di iPad soalnya selalu di redirect. Misalnya tadi saya barusan mau lihat “Promosi-kompas” terus hal tersebut terjadi lagi. Ini tidak terjadi pada semua link kompas di Safari tapi mayoritas begitu.",Performa (Technical & Access),Negatif,original,981
"Ukuran teks kecil banget, apalagi untuk mata plus. Tolong dibuat feature untuk mengatur ukuran teks. Setting ukuran teks di iPhone nggak ngaruh...",Tampilan (UI/UX),Negatif,original,982
"Secara fungsi, aplikasi sudah berjalan optimal pada perangkat saya yang sudah berbasis iOS 12 namun ada beberapa kekurangan yang bisa diperbaiki. Contoh icon aplikasi kompas di homescreen yang masih kurang bagus. Kemudian entah kenapa tampilan font saat membaca berita tidak lebih nyaman jika dibandingkan mengakses langsung lewat web. Lalu saran saja sepertinya di perbaikan selanjutnya, user diberikan fungsi untuk mengubah ukuran font.",Tampilan (UI/UX),Negatif,original,983
"Secara fungsi, aplikasi sudah berjalan optimal pada perangkat saya yang sudah berbasis iOS 12 namun ada beberapa kekurangan yang bisa diperbaiki. Contoh icon aplikasi kompas di homescreen yang masih kurang bagus. Kemudian entah kenapa tampilan font saat membaca berita tidak lebih nyaman jika dibandingkan mengakses langsung lewat web. Lalu saran saja sepertinya di perbaikan selanjutnya, user diberikan fungsi untuk mengubah ukuran font.",Performa (Technical & Access),Positif,original,983
"Menarik ini aplikasi. Sayang untuk tombol “back” ke menu awal untuk epaper tidak ada. Jadi harus keluar dari aplikasi, masuk lagi, baru bisa dapat menu-menu di awal. Tolong diperbaiki ya. 
Tabik",Fungsionalitas,Negatif,original,984
belum memutuskan untuk berlangganan atau tidak,Langganan (Subscription & Pricing),Netral,original,985
kompas id memang perlu berlangganan untuk akses penuh,Langganan (Subscription & Pricing),Netral,original,986
ada tidak paket langganan yang bisa dibayar per minggu,Langganan (Subscription & Pricing),Netral,original,987
untuk berlangganan apakah harus punya kartu kredit,Langganan (Subscription & Pricing),Netral,original,988
"worth it banget berlangganan, berita berkualitas tanpa iklan sama sekali",Langganan (Subscription & Pricing),Positif,original,989
tanpa iklan setelah berlangganan membuat pengalaman baca jauh lebih nyaman,Langganan (Subscription & Pricing),Positif,original,990
"bisa baca e-paper gratis sudah termasuk dalam paket langganan, keren",Langganan (Subscription & Pricing),Positif,original,991
semoga ke depannya bisa ada pilihan ukuran font yang lebih besar,Tampilan (UI/UX),Netral,original,992
font yang digunakan di kompas id terasa formal seperti koran cetak,Tampilan (UI/UX),Netral,original,993
tampilan beranda kompas id menggunakan grid yang cukup teratur dan tidak padat,Tampilan (UI/UX),Positif,original,994
diharapkan ada mode baca fokus yang menyembunyikan elemen navigasi saat membaca,Tampilan (UI/UX),Netral,original,995
"navigasi antarmukanya intuitif, mudah menemukan berita yang dicari",Tampilan (UI/UX),Positif,original,996
layout artikel sangat rapi dan enak untuk dibaca berlama-lama,Tampilan (UI/UX),Positif,original,997
"font yang dipilih kompas id pas di mata, tidak terlalu kecil dan tidak terlalu besar",Tampilan (UI/UX),Positif,original,998
"tampilan gambar artikel proporsional dan tidak pecah, enak dilihat",Tampilan (UI/UX),Positif,original,999
apakah fitur kliping artikel bisa digunakan tanpa koneksi internet,Fungsionalitas,Netral,original,1000
semoga ada fitur pencarian dengan filter berdasarkan tanggal terbit,Fungsionalitas,Netral,original,1001
fitur text to speech kompas id sangat membantu saat berkendara,Fungsionalitas,Positif,original,1002
notifikasi breaking news dari kompas id selalu tepat waktu dan tidak terlambat,Fungsionalitas,Positif,original,1003
fitur kliping digital menggantikan kebiasaan saya gunting koran fisik dulu,Fungsionalitas,Positif,original,1004
aplikasi terasa ringan di hp saya dan tidak membuat baterai cepat habis,Performa (Technical & Access),Positif,original,1005
kompas selalu mengedepankan akurasi,Kualitas Konten,Positif,original,1006
informatif dan dapat diandalkan,Kualitas Konten,Positif,original,1007
"Ok. bagus pemberitaan nya,",Kualitas Konten,Positif,original,1008
"Informatif, akurat, dan terpercaya",Kualitas Konten,Positif,original,1009
Aplikasi Berita yang Akurat,Kualitas Konten,Positif,original,1011
"baik, update dan netral",Kualitas Konten,Positif,original,1012
"Jurnalisme mencerahkan, Independen... Terpercaya!!..",Kualitas Konten,Positif,original,1013
Beritanya detail dan akurat,Kualitas Konten,Positif,original,1015
"Menjebak, berhenti langganannya menyulitkan.",Langganan (Subscription & Pricing),Negatif,original,1016
Berita update dan terkini,Kualitas Konten,Positif,original,1017
sangat informatif dan menghibur,Kualitas Konten,Positif,original,1018
Beritanya sdh tidak netral,Kualitas Konten,Negatif,original,1021
pemberitaan yg berimbang dong.,Kualitas Konten,Netral,original,1022
"uda ngak subjektif,terlalu berpihak",Kualitas Konten,Negatif,original,1023
Tai app bayar berak,Langganan (Subscription & Pricing),Negatif,original,1024
Dowoad berulang ulang e-paper,Fungsionalitas,Negatif,original,1027
Aplikasinya bagus dan infomatif,Kualitas Konten,Positif,original,1028
Minta fitur dark mode,Tampilan (UI/UX),Netral,original,1029
"udah langganan 1 tahun, tapi tiba2 gak bisa akses e-paper. Udah 2× ini kocak.",Performa (Technical & Access),Negatif,original,1030
nyari berita bola terbaru yg muncul berita tahun 2023 ga update,Kualitas Konten,Negatif,original,1031
ternyata berbayar untuk baca beritanya,Langganan (Subscription & Pricing),Netral,original,1032
Aplikasi matre.. ujung2nya di suruh berlangganan,Langganan (Subscription & Pricing),Negatif,original,1033
sangat membantu saya mengetahui informasi terkini dan membuka pemikiran saya melalui opini-opini penulis,Kualitas Konten,Positif,original,1034
Tolong perbaiki mode tab nya. Tampilannya tidak bisa vertikal sempurna. Terimakasih,Performa (Technical & Access),Netral,original,1035
enak dan teratur untuk dibaca,Tampilan (UI/UX),Positif,original,1036
Ada fitur text to speech dan semua fitur yang disediakan sangat memudahkan dan memuaskan user.,Fungsionalitas,Positif,original,1037
udah nyoba trial yang 3 hari kok tetep ga bisa akses fitur premium ya?,Performa (Technical & Access),Negatif,original,1038
Aplikasinya jelek buruk dan lemot,Performa (Technical & Access),Negatif,original,1039
Pas dapat diskon menjadi member,Langganan (Subscription & Pricing),Positif,original,1040
sangat mencerahkan dengan berita independen,Kualitas Konten,Positif,original,1041
"Saya sangat,kecewa susah masuknya Apl ini,ada apa..??",Performa (Technical & Access),Negatif,original,1043
berita nya aktual dan mudah di mengerti,Kualitas Konten,Positif,original,1045
tapi mahal langganannya andai sekali bayar dan harga 30ribu mantap tuh,Langganan (Subscription & Pricing),Negatif,original,1046
biaya langganannya dimurahin dikit dong kalo buat mahasiswa hehe,Langganan (Subscription & Pricing),Netral,original,1047
"Sementara ini aku suka banget sama aplikasi satu ini karena menyediakan berbagai macam informasi, berita yang bisa menambah literasi saya.",Kualitas Konten,Positif,original,1048
"Sangat bagus isinya, Kompas memang yang terbaik",Kualitas Konten,Positif,original,1049
"Beritanya cepat, lengkap dan akurat",Kualitas Konten,Positif,original,1050
Tidak bisa dibuka tap verifikasi macet melulu,Performa (Technical & Access),Negatif,original,1051
"beritanya cukup baik, sangat informatip",Kualitas Konten,Positif,original,1052
"ada iklan yang nyuruh pengguna harus berlangganan, cukup gede sih dan penempatannya juga di situ 🔥",Tampilan (UI/UX),Negatif,original,1053
Berita2 yg kredibel dapat dpercaya,Kualitas Konten,Positif,original,1054
"suka, berita seimbang. . kompas selalu di hati.",Kualitas Konten,Positif,original,1056
Sangat baik terhadap keluhan pengguna,Performa (Technical & Access),Positif,original,1058
berita yg aktual & seimbang,Kualitas Konten,Positif,original,1059
Sayangnya lembaran yang mau di-kliping tidak bisa di-downlaod seperti dulu.,Fungsionalitas,Negatif,original,1060
artikel-artikelx menarik dan enak dibaca,Kualitas Konten,Positif,original,1062
Berita yang disajikan sangat membantu publik memperoleh informasi yang menarik akurat dan terpercaya,Kualitas Konten,Positif,original,1064
"Konten berisi informasi yang substansial, update, menarik, menambah wawasan",Kualitas Konten,Positif,original,1065
nggak jelas MASUK aplikasi Ulang terus,Performa (Technical & Access),Negatif,original,1066
"Enak memang membaca berita dari Kompas ini., beritanya selalu Update dan masih bisa dipercaya ketimbang bebarapa media lainnya.",Kualitas Konten,Positif,original,1067
Bacaan yg bagus...ttpi hrus rela brlngganan,Langganan (Subscription & Pricing),Netral,original,1068
Bacaan yg bagus...ttpi hrus rela brlngganan,Kualitas Konten,Positif,original,1068
"uninstalll, gratisnya cm 5kali artikel hbs itu suruh langganan 50rb/bln",Langganan (Subscription & Pricing),Negatif,original,1069
Cara masuk nya susah ya,Performa (Technical & Access),Negatif,original,1070
Bagus cuma tidak ada pilihan font,Tampilan (UI/UX),Netral,original,1071
"Terima kasih Kompas. id selalu menyajikan berita terbaik, valid dan bebas hoaks",Kualitas Konten,Positif,original,1072
"Dah download tapi masih bingung memahaminya, krn berita sama foto nya ga nyambung.",Kualitas Konten,Negatif,original,1074
"media sampah..melakukan penggiringan opini publik untuk membeci seseorang....udah kotor DAN TIDAK NETRAL...benci boleh, kalau memfitnah, udah sangat jahat",Kualitas Konten,Negatif,original,1075
"Membantu banget, bisa baca koran di mana pun, bahkan saat tidak terkoneksi internet. Biaya langganan terjangkau.",Langganan (Subscription & Pricing),Positif,original,1077
"Membantu banget, bisa baca koran di mana pun, bahkan saat tidak terkoneksi internet. Biaya langganan terjangkau.",Kualitas Konten,Positif,original,1077
Kompas selalu up date dalam pemberitaan.,Kualitas Konten,Positif,original,1078
"Aplikasinya bagus. Kompas sepuluh menyajikan informasi yang menarik, keren dan berkualitas",Kualitas Konten,Positif,original,1079
Situs media baca berita yang lengkap,Kualitas Konten,Positif,original,1080
Berberitalah dg berimbang dan proporsional. Jgn jd corong penguasa. Bela kepentingan rakyat di atas segalanya. Sukses slalu,Kualitas Konten,Netral,original,1081
Kompas mantap Berita ya netral,Kualitas Konten,Positif,original,1082
Sudah langgan di web tapi ternyata gak bisa akses e paper di aplikasi,Performa (Technical & Access),Negatif,original,1083
Media Kompas baik suratkabarnya maupun KompasTV terpercaya informasinya.,Kualitas Konten,Positif,original,1084
"Jika memang Kompasiana adalah anak perusahaan anda, penulis nya harus di saring lagi .... Semakin lama semakin ga berahlak ...",Kualitas Konten,Negatif,original,1086
"Buruk banget, berita doang pake bayar. Ngapain juga, mending nonton TV, masih banyak akses berita di tempat lain",Langganan (Subscription & Pricing),Negatif,original,1087
media politik.. media tidak netral..!!,Kualitas Konten,Negatif,original,1091
"Wartawannya bisa dibayar, dewan redaksi menutupi.",Kualitas Konten,Negatif,original,1093
"males banget dah,pake langganan segala.. kenapa ga berikut kuota internet aja sih.",Langganan (Subscription & Pricing),Negatif,original,1095
emang nih masa baca berita mesti bayar,Langganan (Subscription & Pricing),Negatif,original,1096
"surat kabar yg patut jadi rujukan, independen dan dapat dipercaya",Kualitas Konten,Positif,original,1098
gak bisa di baca.. gak brmanfaat,Performa (Technical & Access),Negatif,original,1099
Buat berita yg realita dan kongktit,Kualitas Konten,Netral,original,1100
"Dapat membaca berita Nasional sampai berita perdesaan ,",Kualitas Konten,Positif,original,1101
Payah semua artikel harus berlangganan walaupun artikel bebas..ujung2nya harus langganan!! Mendingan berita online yg lain!!,Langganan (Subscription & Pricing),Negatif,original,1102
Banyak sekali berita gratis,Langganan (Subscription & Pricing),Positif,original,1103
Komplit beritanya dan bisa di percaya beritanya.,Kualitas Konten,Positif,original,1104
Berita cepat gak beli koran,Kualitas Konten,Positif,original,1107
"Setiap e_paper & buku yg udah d download, jika mau d baca lagi harus 
download ulang.",Fungsionalitas,Netral,original,1110
"Baru download, mau dibaca sudah hilang dan suruh download ulang,, dan itu berkali""... Solusinya gmana ini?",Fungsionalitas,Netral,original,1114
"Baru download, mau dibaca sudah hilang dan suruh download ulang,, dan itu berkali""... Solusinya gmana ini?",Performa (Technical & Access),Negatif,original,1114
Halah ini aplikasi terjeleeeeeeeeek sedunia.masak cuma bisa baca satu halaman doang,Langganan (Subscription & Pricing),Negatif,original,1115
"akun saya kok gak bisa di buka, terus koran juga gak bisa",Performa (Technical & Access),Negatif,original,1117
"Tidak akan bosan dengan apps ini karena konten-konten yang menarik, berita faktual, terkini, dan terpercaya.",Kualitas Konten,Positif,original,1118
Sudah subscribed tp gak bisa log in. CS tdk membantu,Performa (Technical & Access),Negatif,original,1119
consume quotanya gede banget. sampai jadi nomor 2/3 dipengguna quota bulanan setelah youtube,Performa (Technical & Access),Negatif,original,1120
"Sudah ikut berlangganan malah tidak masuk, log in ga jelas",Performa (Technical & Access),Negatif,original,1121
Aplikasinya bagus. Customer service tidak banyak membantu.,Performa (Technical & Access),Negatif,original,1123
"Jurnalistik yang berkualitas. Tidak rugi apabila kita berlangganan. Dengan bahasa yang baku dan lugas, namun masih dapat difahami oleh masyarakat.",Langganan (Subscription & Pricing),Positif,original,1124
"Jurnalistik yang berkualitas. Tidak rugi apabila kita berlangganan. Dengan bahasa yang baku dan lugas, namun masih dapat difahami oleh masyarakat.",Kualitas Konten,Positif,original,1124
Mohon fitur baca audio bisa compatible dengan airpods.,Fungsionalitas,Netral,original,1125
"Setelah diupdate, aplikasi tidak lagi crash. Sangat bagus.",Performa (Technical & Access),Positif,original,1126
mohon bisa kembali pd sistim sebelum nya krn ipadmini 3 sya gk bisa baca kompas digital sejak 3 hr lalu,Performa (Technical & Access),Negatif,original,1127
Keren untuk update barunya. Saya suka,Performa (Technical & Access),Positif,original,1128
"Setelah upgrade terakhir, download epaper di apple ipad engga bisa dilakukan.",Performa (Technical & Access),Negatif,original,1129
Setelah update 4 hari lalu malah epaper ga bisa dibuka sama sekali,Performa (Technical & Access),Negatif,original,1130
Saya tidak bisa unduh epaper bbrp hr ini. Sptnya ada hubungan dg versi ios ipad sy. Tlg segera perbaiki,Performa (Technical & Access),Negatif,original,1131
Kurang bagus icon nya. Masih ada flek hitam nya. Mohon diperbarui. Di iOS 14 zonk nih bro,Tampilan (UI/UX),Negatif,original,1132
Tolong appnyansupaya bisa rotate donk!!!,Tampilan (UI/UX),Netral,original,1134
Kayanya ga cocok aplikasinya dengan ios terbaru,Performa (Technical & Access),Negatif,original,1135
"Udah langganan,Gak bisa landscape . .
Sampah 👍",Tampilan (UI/UX),Negatif,original,1136
"Menu edisi digital memiliki layout serupa dengan edisi koran cetak. Seolah tebal 32 laman kertas koran cetak diboyong utuh ke sapuhan jemari di layar ponsel. Pengoperasian aplikasi yang simpel dan praktis membuat aksesibilitas dan hobi baca bisa dinikmati tiada batasan tempat, wakti dan ruang. Selamat koran Kompas, tetaplah berinovasi dalam layanan kepada loyal reader kostumer.",Tampilan (UI/UX),Positif,original,1138
"Ulasan saya akan tetap bintang satu sampai kemungkinan untuk memilih teks dalam mode artikel dikembalikan. Sangat disayangkan Anda terus memperbarui aplikasi tanpa menghadirkan kembali fitur ini. Jika tidak ada perkembangan, saya terpaksa beralih ke koran lain.",Fungsionalitas,Negatif,original,1139
"sudah lumayan, cuma ada masalah di mode gelapnya kadang beberapa artikel masih latar belakang putih, mohon dimaksimalkan untuk mode gelapnya terimakasih.",Tampilan (UI/UX),Negatif,original,1140
"terimakasih atas berita politik, selebritis, tokoh masyarakat dan info kesehatan, traveling tempat - tempat spot wisata di Nusantara dan banyak lagi berita - berita yang menginspirasi tuk menambah wawasan cakrawala berfikir🇮🇩🌹❤️🌿🌱🙏",Kualitas Konten,Positif,original,1141
Selama saya baca beritanya sangat menarik ketika diulik terutama investigasi. Pertahankan untuk redaksinya buat beritanya jangan terjebak dengan blunder masalah dan problematika di Indonesia.,Kualitas Konten,Positif,original,1143
"Saya berlangganan harian Kompas lebih dari 50 tahun, selain liputan berita nya luas dan aktual, opini dan analisis nya, yang terpenting Kompas konsisten sebagai pelopor penggunaan bahasa Indonesia yg baik dan benar.",Kualitas Konten,Positif,original,1144
"Dapet kupon langganan gratis lewat penukaran poin mytsel, berhasil, tapi tetep ga ngaruh, epaper bisa di dowbload kalo langganan yg 50k terus ngapain ada tukar poin dpt voucher berlangganan? Hey segera diperbaiki ini",Langganan (Subscription & Pricing),Negatif,original,1145
"Sumber berita berkualitas tetapi yang dibungkus aplikasi sampah. Akun sudah berlangganan tetapi tidak bisa diakses, sudah coba logout dan login kembali dan sudah hapus memori tetap tidak bisa. Sangat mengecewakan.",Kualitas Konten,Positif,original,1146
"Sumber berita berkualitas tetapi yang dibungkus aplikasi sampah. Akun sudah berlangganan tetapi tidak bisa diakses, sudah coba logout dan login kembali dan sudah hapus memori tetap tidak bisa. Sangat mengecewakan.",Performa (Technical & Access),Negatif,original,1146
"Terima kasih Kompas, telah menjadi sahabat, setiap hariku. Membaca Kompas, seperti membaca Indonesia. Sebab Kompas, termasuk media nasional yang selalu terdepan mewartakan ragam fakta, figur, dan aneka peristiwa secara cepat dan aktual dari daerah-daerah di Indonesia. Tetap jadi kompas, pemberi arah dan jalan dalam mengarungi lautan dan hutan rimba, sebagaimana yang dicitakan Bung Karno. Salam, Merdeka✊🇮🇩",Kualitas Konten,Positif,original,1147
Kompas Selalu Menjaga Wibawa Pemerintah Walau ada Kritik Dari Kompas Itu Untuk Oknum Kompas selalu menjaga wibawa pemerintah walau ada kritik dan Kompas,Kualitas Konten,Positif,original,1148
"Sy apresiasi bintang 5 namun tentunya, msh sudi selalu dgn perbaikan dari pendapat netijen lain atau dengan pertimbangan yg efektif. Hehe... Tp sy mau tnya nih, kompasiana aplikasi hp vers belum ad y min..? Soalny pasti ada yg gak selalu pegang laptop untuk tulis sesuatu.. Trims",Kualitas Konten,Positif,original,1149
"Berita lebih komprehensif, dan tidak memihak dan memang lebih objektif di lapangan Semoga dengan kompas.id terus berkembang kedepannya. Dan layanan semoga di permudahkan bagi semua kalangan masyarakat",Kualitas Konten,Positif,original,1150
"SAYA KECEWA, BERITA KADALUARSA TERMASUK LOWONGAN KERJA EMANG INI TH BERAPA HELLOOWW.. YG RELEVAN DIKIT DONG BIAR BERMANFAAT BUAT MASYARAKAT INDONESIA. APA G BISA TERMASUK LOWKER DI UPDATE NGIKUTI TH HYA. BAIKNYA DI KLARIFIKASI JGAN MEMUAT BERITA SEPERTI ORANG AWAM TENTANG MEDIA,",Kualitas Konten,Negatif,original,1151
"baru saja coba dapat gratisan 3 bulan dari traveloka, sangat keren, tanpa iklan, beritanya daging semua, kalo malas baca bisa dibacain sama sistem, plus bs buka e paper, benar2 value for money",Tampilan (UI/UX),Positif,original,1152
"baru saja coba dapat gratisan 3 bulan dari traveloka, sangat keren, tanpa iklan, beritanya daging semua, kalo malas baca bisa dibacain sama sistem, plus bs buka e paper, benar2 value for money",Fungsionalitas,Positif,original,1152
"baru saja coba dapat gratisan 3 bulan dari traveloka, sangat keren, tanpa iklan, beritanya daging semua, kalo malas baca bisa dibacain sama sistem, plus bs buka e paper, benar2 value for money",Langganan (Subscription & Pricing),Positif,original,1152
"baru saja coba dapat gratisan 3 bulan dari traveloka, sangat keren, tanpa iklan, beritanya daging semua, kalo malas baca bisa dibacain sama sistem, plus bs buka e paper, benar2 value for money",Kualitas Konten,Positif,original,1152
Semoga tetap konsisten selalu pada jalur nya..jadila untuk bisa di percaya dan bisa mencerdaskan anak bangsa..jgn sampai kaya tetangga sebelah..berita yg tida kradibel..clikbait yg sebentar lagi punah,Kualitas Konten,Positif,original,1153
"Buat yang mau baca e-paper tpi gk mau download terus, bisa diakalin dgn 
kunci app nya di task manager agar cachenya gk dihapus. Caranya klik tombol 
yg di keypad, tombol selain home sma tombol kembali. Terus geser dah, 
karena hp saya xiaomi biasanya tinggal digeser kebawah sampai muncul ikon 
kunci di app itu. Tapi kembali lagi feedback buat kompas, tolong dong app 
nya diupdate, setidaknya klo udah download e-paper diberi waktu minimal 
sehari lah sebelum e-paper itu otomatis kehapus. Lagi pula ini kan buat 
kepuasan pelanggan kompas juga. Tapi kompas keren lah, saya bangga menjadi 
bagian harian kompas",Kualitas Konten,Netral,original,1154
Konten untuk anak muda atau milenial diperbanyak agar para anak muda mau membaca. Promo manfaat kenapa harus download kompas.id harus gencar. Bukan hanya promo cara download. Trik promosi harus diubah deh. Katanya aplikasi premium....,Kualitas Konten,Netral,original,1155
"Saya pembaca harian Kompas (cetak) sejak dulu awalnya thn 1962 datang ke Jakarta utk kuliah..saat itu ada Surat kabar (koran)/harian Kompas, Sinar Harapan, Berita Buana, Merdeka. Harian Kompas menyuguhkan pelbagai topik/ bervariasi,... apalagi sekarang ini jauh lebih lengkap dan bisa dibaca melalui media electronic.",Kualitas Konten,Positif,original,1156
Membaca kompas Minggu (edisi cetak) sejak sekolah menengah pertama. Kini beralih berlangganan edisi digital. Selalu saja merasa dicerdaskan setiap kali membaca artikel kompas.,Kualitas Konten,Positif,original,1157
"Padahal sdh perpanjang langganan premium satu tahun. Tpi tdk bisa log in di aplikasi. Hanya bisa baca via browser. Cs sangat tidak bisa membantu. Kecewa berat. Tdk sperti Temp'. Hari ini keluhan lalu dipandu, bisa log in. Pdhal sdh mnjadi pembaca setia sejak mhisswa baca kompas. Aplikasi minta update melulu. Tpi tetap mengecewakan!",Performa (Technical & Access),Negatif,original,1158
"Sebagai media ternama dan terbesar; kecewa dengan pelayanan hotline kompas via WA. Sepertinya setiap tahun selalu begini, kalau ingin perpanjang langganan. 

Tim hotline ga pernah mengerti masalah. Buat apa kasih promo bundling, tapi ga informatif kepada konsumen. Kasih info jg ga lengkap. Payah! Saya pelanggan kompas sdh lebih dr 15 tahun, dan kali ini urusan digital gini malah diabaikan.",Performa (Technical & Access),Negatif,original,1159
Min. Sejak saya instal IOS 16.0.0 dan updatenya 16.0.2. Aplikasi kompas selalu close sendiri kalau scrol berita. Maksimal lebih dari 5 judul berapa tiba2 close. Padahal aplikasi kompas sudah saya update. Saya sudah coba re-instal sama aja.,Performa (Technical & Access),Negatif,original,1160
"Versi terbaru, kenapa ya, halaman awal (kompas) sering sekali reload dan patah2 kalau scroll ke bawah. iPad Pro / iPadOS 15.4.1.",Performa (Technical & Access),Negatif,original,1161
"Sy mau cekout berlangganan dengan vocer blibli, proses cekout di komoas SUSAH setengah mati, loading melulu, mau dibayar eh malah balik ke halaman depan lagi, hilang vocer saya, katanya udah terpakai pdhl BELUM SEMPET CEKOUT, hangus vocer 70rb. Udah lah aplikasi jelek gak ketulungan PAYAH TOTAL, merugikan calon konsumen, ngga lagi2, kapok beli vocer app nya kompas. TANGGUNG JAWAB",Langganan (Subscription & Pricing),Negatif,original,1162
"Sy mau cekout berlangganan dengan vocer blibli, proses cekout di komoas SUSAH setengah mati, loading melulu, mau dibayar eh malah balik ke halaman depan lagi, hilang vocer saya, katanya udah terpakai pdhl BELUM SEMPET CEKOUT, hangus vocer 70rb. Udah lah aplikasi jelek gak ketulungan PAYAH TOTAL, merugikan calon konsumen, ngga lagi2, kapok beli vocer app nya kompas. TANGGUNG JAWAB",Performa (Technical & Access),Negatif,original,1162
"Di IOS 14.8 untuk UI di bagian status langganan masih ada tag HTML nya. Informasi yg ditampilin juga bikin bingung, kalau bisa segera diperbaiki soalnya saya sudah berlangganan terus. Untuk yg bagian UI/Ukompas lainnya kalau menurut saya sudah cukup baik",Tampilan (UI/UX),Negatif,original,1163
"Akhirnya, koran bersejarah Indonesia hadir di iPad. Versi terbaru ini masih agak tidak stabil (kadang crash saat berpindah tab), tapi secara keseluruhan aplikasi yang bagus. Andai ada nomor halaman di semua tampilan tab supaya kita tahu harus scroll ke mana untuk pindah halaman, itu akan sangat membantu.",Tampilan (UI/UX),Netral,original,1164
"Akhirnya, koran bersejarah Indonesia hadir di iPad. Versi terbaru ini masih agak tidak stabil (kadang crash saat berpindah tab), tapi secara keseluruhan aplikasi yang bagus. Andai ada nomor halaman di semua tampilan tab supaya kita tahu harus scroll ke mana untuk pindah halaman, itu akan sangat membantu.",Performa (Technical & Access),Negatif,original,1164
"Ini aplikasi yang hebat. Namun, ada bug dalam mengunduh ePaper. Aplikasi ini harus diunduh ulang setiap kali kita keluar dari aplikasi. Masalah ini tidak ada sebelum update terakhir. Saya berharap review (masukan) ini dibaca oleh tim pengembang aplikasi. Maaf saya harus memberi bintang 3/5.",Performa (Technical & Access),Negatif,original,1165
saya sedang mencoba versi gratisnya dulu sebelum berlangganan,Langganan (Subscription & Pricing),Netral,original,1166
perlu berlangganan premium untuk bisa download e-paper,Langganan (Subscription & Pricing),Netral,original,1167
"diskon untuk pengguna baru cukup besar, sangat membantu",Langganan (Subscription & Pricing),Positif,original,1168
iuran bulanan kompas id termasuk paling murah di antara media premium sejenis,Langganan (Subscription & Pricing),Positif,original,1169
tolong tambahkan mode baca malam agar tidak menyilaukan di tempat gelap,Tampilan (UI/UX),Netral,original,1170
navigasi kategori berita bisa diakses dari menu utama di bawah layar,Tampilan (UI/UX),Netral,original,1171
sebaiknya ada pilihan tampilan kompak untuk layar dengan resolusi kecil,Tampilan (UI/UX),Netral,original,1172
tata letak konten di halaman depan menggunakan grid dua kolom,Tampilan (UI/UX),Netral,original,1173
apakah bisa ditambahkan opsi untuk mengubah kontras tampilan artikel,Tampilan (UI/UX),Netral,original,1174
antarmuka yang simpel membuat pengalaman membaca tidak terganggu elemen lain,Tampilan (UI/UX),Positif,original,1175
warna dan tipografi yang dipilih konsisten dan profesional di semua halaman,Tampilan (UI/UX),Positif,original,1176
semoga fitur text to speech bisa berjalan di background sambil buka aplikasi lain,Fungsionalitas,Netral,original,1177
mohon ditambahkan notifikasi pengingat baca harian agar tidak lupa buka aplikasi,Fungsionalitas,Netral,original,1178
fitur berbagi artikel ke medsos berjalan mulus hanya dengan satu klik,Fungsionalitas,Positif,original,1179
fitur pencarian lanjutan dengan filter kategori sangat membantu menemukan berita spesifik,Fungsionalitas,Positif,original,1180
fitur highlight teks pada artikel memudahkan saya mencatat poin penting,Fungsionalitas,Positif,original,1181
fitur tts suaranya jernih dan intonasinya cukup natural untuk didengar lama,Fungsionalitas,Positif,original,1182
login menggunakan akun google berjalan mulus tanpa perlu verifikasi berulang,Performa (Technical & Access),Positif,original,1183
CS kompas id responsif dan membantu menyelesaikan masalah akses saya dengan cepat,Performa (Technical & Access),Positif,original,1184
"berita kompas sudah tidak secepat dulu, sering ketinggalan dibanding portal lain",Kualitas Konten,Negatif,original,1185
"berita olahraga di kompas sangat lambat update, hasil pertandingan baru muncul beberapa jam kemudian",Kualitas Konten,Negatif,original,1186
"kecewa banget beritanya sering telat, kompetitor sudah muat duluan baru kompas nyusul",Kualitas Konten,Negatif,original,1187
"artikel tentang teknologi di kompas ketinggalan zaman, isinya basi sudah dibahas media lain minggu lalu",Kualitas Konten,Negatif,original,1188
"berita daerah kompas sangat minim dan tidak update, kalah jauh dengan portal berita lokal",Kualitas Konten,Negatif,original,1189
"beberapa artikel kompas judulnya misleading dan tidak sesuai isi beritanya, clickbait sekali",Kualitas Konten,Negatif,original,1190
"isi berita kompas sering tidak akurat, banyak data yang salah dan tidak dicek ulang",Kualitas Konten,Negatif,original,1191
"jurnalisme kompas menurun drastis, faktanya tidak terverifikasi dan opini disajikan sebagai fakta",Kualitas Konten,Negatif,original,1192
kompas makin sering muat berita sensasional tanpa verifikasi yang jelas,Kualitas Konten,Negatif,original,1193
"kualitas tulisan di kompas makin buruk, banyak kesalahan fakta yang lolos dari editor",Kualitas Konten,Negatif,original,1194
"kompas sudah tidak independen lagi, pemberitaannya sangat terasa berpihak",Kualitas Konten,Negatif,original,1195
"liputannya tidak berimbang, satu pihak selalu dapat porsi lebih besar dari pihak lainnya",Kualitas Konten,Negatif,original,1196
"kompas makin kehilangan objektivitas, narasumber yang dikutip selalu dari kelompok yang sama",Kualitas Konten,Negatif,original,1197
"framing berita kompas sangat kentara keberpihakannnya, tidak ada keseimbangan sudut pandang",Kualitas Konten,Negatif,original,1198
"sudah tidak ada lagi jurnalisme investigatif yang berani di kompas, semuanya aman dan tidak kritis",Kualitas Konten,Negatif,original,1199
"liputan kompas sangat dangkal, tidak ada kedalaman analisis sama sekali",Kualitas Konten,Negatif,original,1200
"berita kompas pendek-pendek dan tidak tuntas, banyak pertanyaan yang tidak dijawab",Kualitas Konten,Negatif,original,1201
"rubrik olahraga dan teknologi di kompas sangat kurang, hanya berita utama yang dibahas mendalam",Kualitas Konten,Negatif,original,1202
"kualitas tulisan kompas menurun, analisis yang dulu jadi ciri khasnya kini jarang ditemukan",Kualitas Konten,Negatif,original,1203
semoga berita di kompas makin cepat dan selalu terkini setiap harinya,Kualitas Konten,Netral,original,1204
harap berita olahraga terutama sepak bola bisa lebih sering diupdate,Kualitas Konten,Netral,original,1205
mohon berita teknologi dan startup lokal lebih banyak diliput kompas,Kualitas Konten,Netral,original,1206
semoga kompas bisa tingkatkan kecepatan upload berita terutama saat ada kejadian besar,Kualitas Konten,Netral,original,1207
tolong perbanyak liputan berita dari luar pulau jawa agar lebih merata,Kualitas Konten,Netral,original,1208
semoga ke depannya kompas bisa muat berita daerah lebih banyak lagi,Kualitas Konten,Netral,original,1209
harapannya berita internasional di kompas bisa lebih lengkap dan beragam,Kualitas Konten,Netral,original,1210
minta kompas untuk lebih sering update berita ekonomi dan bisnis harian,Kualitas Konten,Netral,original,1211
semoga kompas tetap konsisten menjaga independensinya dari tekanan manapun,Kualitas Konten,Netral,original,1212
harapannya pemberitaan kompas selalu berimbang dan memberi ruang bagi semua pihak,Kualitas Konten,Netral,original,1213
semoga kompas terus berpegang pada prinsip jurnalisme yang objektif dan tidak berpihak,Kualitas Konten,Netral,original,1214
mohon kompas untuk terus menjaga keberimbangan dalam setiap liputannya,Kualitas Konten,Netral,original,1215
semoga kompas bisa menghadirkan lebih banyak sudut pandang berbeda dalam satu isu,Kualitas Konten,Netral,original,1216
harap kompas tetap berani mengkritik semua pihak tanpa terkecuali,Kualitas Konten,Netral,original,1217
semoga redaksi kompas selalu menjaga standar netralitas dalam pelaporan berita,Kualitas Konten,Netral,original,1218
tolong pastikan setiap berita kompas sudah mendengar semua pihak yang terlibat,Kualitas Konten,Netral,original,1219
semoga kompas makin banyak memproduksi berita investigatif yang mendalam,Kualitas Konten,Netral,original,1220
harapannya liputan kompas semakin tajam dan tidak hanya di permukaan saja,Kualitas Konten,Netral,original,1221
mohon kompas untuk lebih banyak menyajikan analisis mendalam bukan hanya laporan peristiwa,Kualitas Konten,Netral,original,1222
semoga kompas terus meningkatkan kualitas riset dan verifikasi fakta sebelum terbit,Kualitas Konten,Netral,original,1223
tolong kompas untuk lebih banyak hadirkan perspektif para ahli dalam setiap isu penting,Kualitas Konten,Netral,original,1224
semoga kompas bisa memperbanyak konten jurnalisme data yang informatif,Kualitas Konten,Netral,original,1225
harapannya konten opini dan esai di kompas semakin beragam dan mencerminkan banyak suara,Kualitas Konten,Netral,original,1226
semoga standar penulisan di kompas terus dijaga dengan baik oleh seluruh jurnalisnya,Kualitas Konten,Netral,original,1227
tolong kompas tambahkan lebih banyak liputan tentang isu lingkungan dan perubahan iklim,Kualitas Konten,Netral,original,1228
semoga rubrik sains dan teknologi di kompas bisa lebih sering diperbarui,Kualitas Konten,Netral,original,1229
mohon kompas lebih banyak meliput isu kesehatan masyarakat terutama di daerah terpencil,Kualitas Konten,Netral,original,1230
harap kompas tambahkan konten pendidikan yang lebih relevan bagi generasi muda,Kualitas Konten,Netral,original,1231
semoga kompas bisa memperluas cakupan berita budaya dan seni lokal nusantara,Kualitas Konten,Netral,original,1232
tolong tambahkan lebih banyak liputan tentang usaha kecil dan menengah di indonesia,Kualitas Konten,Netral,original,1233
semoga kompas makin banyak mengangkat kisah inspiratif dari berbagai penjuru indonesia,Kualitas Konten,Netral,original,1234
mohon perbanyak konten yang membahas isu sosial dan kemasyarakatan secara mendalam,Kualitas Konten,Netral,original,1235
semoga kompas bisa lebih banyak menyajikan berita dalam format visual yang menarik,Kualitas Konten,Netral,original,1236
harap kompas tambahkan lebih banyak infografis untuk memudahkan pemahaman berita kompleks,Kualitas Konten,Netral,original,1237
tolong kompas hadirkan lebih banyak konten podcast berita untuk yang lebih suka mendengarkan,Kualitas Konten,Netral,original,1238
semoga kompas bisa memperbanyak liputan berbentuk video pendek yang mudah dicerna,Kualitas Konten,Netral,original,1239
mohon kompas sediakan lebih banyak artikel dengan bahasa yang mudah dipahami semua kalangan,Kualitas Konten,Netral,original,1240
harapannya kompas bisa menyajikan berita panjang dengan format yang lebih nyaman dibaca,Kualitas Konten,Netral,original,1241
semoga kompas bisa menghadirkan seri berita mendalam yang terstruktur untuk isu-isu besar,Kualitas Konten,Netral,original,1242
"isinya tdk terlalu lengkap, lebih lengkap apl news sebelah",Kualitas Konten,Negatif,original,1243
"Artikel teknologi di app ini ketinggalan zaman bgt, berita yg ditampilkan udah berbulan2 lalu ga segar sama sekali",Kualitas Konten,Negatif,augmented_round1,148
"Aplikasi ini lancar banget, praktis buat dibaca kapan saja dan dimana saja",Performa (Technical & Access),Positif,augmented_round1,209
"Parah banget aplikasi nya, cuma dikasih baca beberapa artikel terus langsung diminta bayar.",Langganan (Subscription & Pricing),Negatif,augmented_round1,1115
"Aplikasi sering error, udah bayar tapi fitur premium gabisa diakses. Tolong diperbaiki dong, banyak bugs banget.",Performa (Technical & Access),Negatif,augmented_round1,339
"Mantap, antarmukanya bikin nyaman baca dan makin betah lama-lama 😍 thanks Kompas.id",Tampilan (UI/UX),Positif,augmented_round1,511
"Berita-beritanya selalu akurat dan informatif, semoga Kompas tetap jaga independensinya.",Kualitas Konten,Positif,augmented_round1,251
Mohon tingkatkan frekuensi update berita sektor ekonomi dan bisnis setiap harinya,Kualitas Konten,Netral,augmented_round1,1211
"Udah bayar premium setahun tapi aplikasinya error terus, ga bisa login sama sekali. Mesti buka lewat browser aja padahal udah langganan. CS juga ga membantu, cuma disuruh update melulu tapi masalahnya tetap aja. Sangat mengecewakan bgt!",Performa (Technical & Access),Negatif,augmented_round1,1158
"Banyak artikel di sini bias banget, kayaknya cuma ngujar sensasi buat dapetin klik aja sih.",Kualitas Konten,Negatif,augmented_round1,453
"Aplikasi ga bisa dibuka sama sekali dan konten gak bisa diakses padahal udah langganan 1 tahun, udah hampir sebulan gini terus dan customer service nya ga ada yang bantuin sama sekali.",Performa (Technical & Access),Negatif,augmented_round1,703
"Udah bayar lewat shopee tapi epaper masih gabisa diakses, padahal udah terlangganan. Rugi bgt, ga ada notif sama sekali, layanannya juga jelek",Langganan (Subscription & Pricing),Negatif,augmented_round1,645
"Konten Kompas udah ga berani lagi, semua berita jadi aman-aman aja dan kehilangan sifat kritis yang seharusnya ada.",Kualitas Konten,Negatif,augmented_round1,1199
Proses aktivasi premium super cepat langsung bisa dibaca berita eksklusif setelah bayar selesai,Langganan (Subscription & Pricing),Positif,augmented_round1,826
"Menurut saya kurang memuaskan, terlalu banyak konten yg dikunci di balik paywall. Design sama tata letaknya sih lumayan, tapi sayang harus bayar terus.",Langganan (Subscription & Pricing),Negatif,augmented_round1,576
"Aplikasi ini di iOS sering force close, padahal udah dibuka tapi langsung keluar sendiri, udah di-reinstall berkali-kali tp masalahnya tetap aja",Performa (Technical & Access),Negatif,augmented_round1,609
"Aplikasi udah jauh lebih responsif, ga freeze lagi saat scroll halaman, dan sekarang bisa landscape mode juga. Seneng banget akhirnya lancar di iPad setelah lama ngeluh, jadi betah baca berita lagi. Rating naik jadi 5 bintang, tetap jadi pilihan utama saya untuk berita.",Performa (Technical & Access),Positif,augmented_round1,717
"Fitur text to speech-nya sangat membantu, apalagi interface aplikasinya user-friendly dan nyaman dipake buat baca berita",Fungsionalitas,Positif,augmented_round1,192
"Kompas memberikan berita yang kredibel dan informatif, sangat dipercaya masyarakat.",Kualitas Konten,Positif,augmented_round1,900
"Artikel teknologi yg ditampilkan udah ketinggalan zaman, masih nampil berita dr 3 bulan lalu padahal harusnya konten terbaru",Kualitas Konten,Negatif,augmented_round1,148
Bagaimana caranya untuk memperpanjang paket berlangganan kompas id ya,Langganan (Subscription & Pricing),Netral,augmented_round1,752
"Paywallnya bikin kesel, mau baca berita aja udah disuruh bayar, ga jelas sistemnya🤬",Langganan (Subscription & Pricing),Negatif,augmented_round1,127
"Berita-beritanya sangat informatif dan mendalam, terutama liputan investigasinya yang keren banget. Semoga redaksi terus jaga kualitas dan akurasi berita tentang isu-isu penting Indonesia.",Kualitas Konten,Positif,augmented_round1,1143
"Berita dan gambarnya ga match, jadi susah dipahami isinya.",Kualitas Konten,Negatif,augmented_round1,1074
"Aplikasinya benar-benar bagus bgt, kontennya akurat dan selalu update jadi kita ga bakal ketinggalan berita penting, cuma sayang harus bayar berlangganan yg lumayan mahal di situasi ekonomi kaya gini jadi agak memberatkan padahal informasi berkualitas kayak gini harusnya bisa diakses semua orang bukan hanya yg mampu aja.",Kualitas Konten,Positif,augmented_round1,646
"Desain interface-nya jauh lebih rapi dan user-friendly setelah update terbaru, navigasi jadi lebih smooth dan enak dipake. Mantap banget kerja developernya!",Tampilan (UI/UX),Positif,augmented_round1,722
"Aplikasi Kompas sudah lancar banget setelah update terbaru, login jadi mudah dan nggak ada lag, performanya stabil dan responsif. Mantap buat tim developernya!",Performa (Technical & Access),Positif,augmented_round1,722
"Aplikasi ini loading cepat banget, praktis buat dibaca kapan aja dan dimana aja tanpa ribet",Performa (Technical & Access),Positif,augmented_round1,209
"Kompas harusnya ngerti lah, bukan semua pembaca punya duit buat langganan premium, apalagi yg tinggal di daerah dengan gaji pas-pasan, udah paket data mahal, listrik naik, sekarang berita juga harus bayar? Padahal platform sebesar ini seharusnya bisa memberikan akses informasi yg adil buat semua kalangan, bukan cuma yg mampu, ini kan bertentangan sama prinsip jurnalistik sendiri.",Langganan (Subscription & Pricing),Negatif,augmented_round1,707
"Layoutnya berantakan, susah dibaca artikelnya gara-gara penempatan teks yang ga rapi.",Tampilan (UI/UX),Negatif,augmented_round1,345
Udah bayar langganan tp login error terus. Customer service juga ga responsif,Performa (Technical & Access),Negatif,augmented_round1,1119
"Aplikasinya bermasalah. Udah bayar premium tapi tetap error pas buka berita, malah muncul halaman pembayaran lagi. Notifikasi premium ga berfungsi dengan baik dan selalu redirect ke menu langganan. Langganan kompas jadi sia-sia aja.",Performa (Technical & Access),Negatif,augmented_round1,959
"Aplikasinya sering force close, baru dibuka beberapa detik langsung error",Performa (Technical & Access),Negatif,augmented_round1,606
"Aplikasi ini lumayan untuk baca berita Kompas, tapi sayangnya fitur e-paper digital masih belum tersedia dan itu jadi kekurangan utamanya.",Fungsionalitas,Negatif,augmented_round1,615
"Berita-berita Kompas selalu akurat dan mendalam, memberikan informasi yang sangat kredibel dan terpercaya. Rubrik Humaniora jadi favorit sa karena penulisannya yang halus tapi tetap kritis, dan setiap hari sa bisa baca ePaper yang kontennya tersebar di berbagai artikel berkualitas. Apresiasi bgt sama standar jurnalistik Kompas yang konsisten seperti ini. Semoga bisa diakses di iOS 12 juga biar teman-teman sa bisa ikutan. Overall, Kompas emang worth it banget. Terima kasih, Kompas — Amanat Hati Nurani Rakyat. Salaam",Kualitas Konten,Positif,augmented_round1,715
"Udah lama pake di iPad mini, tapi tampilan di sisi kiri selalu kepotong, belum ada update untuk benerin ini.",Tampilan (UI/UX),Negatif,augmented_round1,536
"Sejak pakai Kompas.id, gw selalu dapet berita terkini yg akurat dan terpercaya, bener2 mantap dah aplikasinya 🔥👍",Kualitas Konten,Positif,augmented_round1,632
Aplikasi ga bisa diakses harus login dulu gmn sih caranya,Performa (Technical & Access),Negatif,augmented_round1,465
Fitur highlight artikel di Kompas.id terbukti membantu saya catat bagian penting dengan mudah bgt.,Fungsionalitas,Positif,augmented_round1,1181
"Sejak update Mei 2021, fitur landscape ilang padahal banyak konten infografis yg seharusnya bisa dilihat landscape buat hasil screenshot yg lebih optimal, jadi agak kecewa deh sama perubahan ini.",Tampilan (UI/UX),Negatif,augmented_round1,967
apakah bisa membatalkan langganan kompas id dari aplikasi iphone,Langganan (Subscription & Pricing),Netral,augmented_round1,758
"Antarmuka aplikasi ini sangat nyaman dipandang dan enak untuk dibaca beritanya, desainnya bersih dan tidak membingungkan.",Tampilan (UI/UX),Positif,augmented_round1,236
"Konten beritanya akurat dan terpercaya banget, makanya sy kasih bintang 5 deh! Cuma pengen tanya, kapan ya fitur Kompasiana bisa diakses lewat aplikasi mobile? Soalnya kan banyak yg lebih suka nulis berita dr hp daripada laptop. Semoga bisa dipertimbangkan, thanks! 🙏",Kualitas Konten,Positif,augmented_round1,1149
Berita-beritanya akurat dan selalu terpercaya banget.,Kualitas Konten,Positif,augmented_round1,843
"Beritanya kompas memang akurat dan informatif, kami jadi dapet informasi yg lebih lengkap",Kualitas Konten,Positif,augmented_round1,909
"Kenapa sih aplikasi ini harus paksa landscape mode? Jadi ribet banget bacanya, artikel jadi susah dibaca gini.",Tampilan (UI/UX),Negatif,augmented_round1,946
"Beritanya selalu aktual dan terpercaya banget, tampilannya juga enak dibaca sih",Kualitas Konten,Positif,augmented_round1,166
Semoga aplikasi Kompas.id bisa tersedia di Windows Store supaya lebih mudah diakses dari PC dan Laptop. Ditunggu kehadirannya di platform desktop!,Performa (Technical & Access),Netral,augmented_round1,695
"Bayar premium setahun tp konten yg dijanjiin ga lengkap, cerpen cuma 4 padahal harusnya banyak, menu humaniora hilang, berita jadi berantakan...rugi bgt deh bayar segini 😤",Langganan (Subscription & Pricing),Negatif,augmented_round1,616
"Berita aja kok mesti bayar, mending pake aplikasi lain aja deh",Langganan (Subscription & Pricing),Negatif,augmented_round1,894
"Aplikasi sering force close pas lagi aku baca artikel, padahal udah bayar langganan. Jadi agak kesel nih.",Performa (Technical & Access),Negatif,augmented_round1,943
"Berita akurat & selalu update, mantap banget",Kualitas Konten,Positif,augmented_round1,494
"konten teknologi kompas kurang update bgt, berita yg disajikan udah ketinggalan sama media lain seminggu sebelumnya",Kualitas Konten,Negatif,augmented_round1,1188
"Konten berita lokal di Kompas sangat kurang dan jarang di-update, jauh tertinggal dibanding portal berita daerah lainnya.",Kualitas Konten,Negatif,augmented_round1,1189
"Aplikasi sering error, artikel tiba-tiba loncat ke halaman utama. Performanya jelek bgt, minta diperbaiki segera.",Performa (Technical & Access),Negatif,augmented_round1,178
Fitur e-paper Kompas.id sangat praktis karena bisa dibaca kapan saja tanpa perlu menunggu edisi pagi seperti koran biasa.,Fungsionalitas,Positif,augmented_round1,814
"Aplikasi sering force close di iPhone 11 saya, jadi terpaksa hapus dan pakai versi web aja karena gak stabil.",Performa (Technical & Access),Negatif,augmented_round1,571
"Buka aplikasi cari berita olahraga tapi kontennya ketinggalan zaman banget, masih tayang berita lama dari 2023",Kualitas Konten,Negatif,augmented_round1,1031
Kak gimana sih cara pakai kode voucher berlangganan kompas yang udah aku punya?,Langganan (Subscription & Pricing),Netral,augmented_round1,463
"Berita di aplikasi ini banyak yg udah expired, terutama lowongan kerja yg gak di-update sesuai tahun sekarang, jadi kurang relevan dan ga berguna buat pembaca, harusnya lebih selektif dalam memilih konten biar bisa dipercaya sebagai media berita profesional.",Kualitas Konten,Negatif,augmented_round1,1151
"Konten berita Kompas selalu akurat dan kredibel, jadi tetap jadi pilihan utama untuk info yang berimbang dan terpercaya ,,,",Kualitas Konten,Positif,augmented_round1,381
Sudah konfirmasi pembayaran berlangganan tapi aplikasi masih error dan tidak bisa akses konten premium.,Performa (Technical & Access),Negatif,augmented_round1,332
"Udah bayar premium setahun tp kontennya berantakan, menu cerpen harusnya ribuan tapi cuma 4 doang, humaniora ilang kemana, terus berita ekonomi campur hukum sembarangan, organisasi konten nya kacau bgt!",Kualitas Konten,Negatif,augmented_round1,616
"Promo tahunan Kompas.id super terjangkau, senang deh dapet harga semurah ini",Langganan (Subscription & Pricing),Positif,augmented_round1,764
"Tampilannya penuh banget sama iklan, bikin mata sakit. Desainnya berantakan, prioritas cari duit aja kayaknya.",Tampilan (UI/UX),Negatif,augmented_round1,343
"Aplikasi sering error saat login, padahal udah masukin password dengan benar. Terus muncul notif ""akun belum aktif"" meski udah bayar berlangganan. Beneran bikin kesel deh",Performa (Technical & Access),Negatif,augmented_round1,572
"Artikelnya ketinggalan zaman bgt, cari berita teknologi terbaru malah yg keluar berita dari 3 bulan yg lalu",Kualitas Konten,Negatif,augmented_round1,148
"Beritanya ketinggalan update, nyari berita timnas terkini malah keluar berita timnas tahun lalu",Kualitas Konten,Negatif,augmented_round1,865
"Berita tentang timnas selalu ketinggalan, padahal kita cari yg paling terkini tapi malah muncul berita lama dari 2023",Kualitas Konten,Negatif,augmented_round1,865
"Udah bayar berlangganan tapi ga bisa login, akun ga teraktivasi dengan jelas.",Performa (Technical & Access),Negatif,augmented_round1,1121
"Udah bayar langganan Kompas id minggu lalu di indomaret sesuai petunjuk kalian, tp pas dibuka hari ini malah error bilang belum aktif, harus bayar lagi kah?",Performa (Technical & Access),Negatif,augmented_round1,957
"Kontennya banyak yg ga kredibel dan sering misleading, jadi kecewa bgt sama kualitas beritanya skrg",Kualitas Konten,Negatif,augmented_round1,416
Untuk buka semua artikel di kompas id memang harus bayar berlangganan,Langganan (Subscription & Pricing),Netral,augmented_round1,986
"Konten berita di kompas udah ga tajam lagi, semuanya mainstream dan takut ambil posisi kritis yg berani.",Kualitas Konten,Negatif,augmented_round1,1199
"Beritanya selalu aktual dan terpercaya, meskipun 5W dan 1H bisa terus ditingkatkan lagi",Kualitas Konten,Positif,augmented_round1,197
"Iklan berlangganan terlalu besar dan mengganggu tampilan, posisinya bikin susah baca berita 🔥",Tampilan (UI/UX),Negatif,augmented_round1,1053
"Langganan kompas id sangat worth it, dapet berita berkualitas tanpa gangguan iklan sama sekali",Langganan (Subscription & Pricing),Positif,augmented_round1,989
Berita nasionalnya selalu terkini dan sangat berkualitas.,Kualitas Konten,Positif,augmented_round1,232
"Prosesnya ribet banget, mau cancel langganan aja susah, instruksinya ga jelas, udah ngikutin tapi tetap bingung. Seharusnya simple cuma klik doang, tapi malah bikin frustasi. Jangan download kalo cuma pengen coba-coba aja.",Langganan (Subscription & Pricing),Negatif,augmented_round1,642
"Antarmuka aplikasi ini benar-benar enak dipandang, terutama tanpa iklan yang mengganggu, dan desainnya yang bersih bikin mata ga lelah saat baca berita lama-lama dibanding versi gratis yang penuh banner.",Tampilan (UI/UX),Positif,augmented_round1,623
"Fitur select text di mode artikel hilang dan sampe sekarang belum dikembalikan, padahal udah banyak update tapi ga ada perbaikan. Kecewa bgt, kalo gini terus aku bakal pindah ke aplikasi koran lain aja.",Fungsionalitas,Negatif,augmented_round1,1139
"Setelah reinstall aplikasinya langsung login dengan lancar tanpa masalah, makasih tim Kompas!",Performa (Technical & Access),Positif,augmented_round1,824
Berita-beritanya akurat dan selalu up to date.,Kualitas Konten,Positif,augmented_round1,311
"Beritanya berkualitas tinggi dan terpercaya, jurnalisme sejati.",Kualitas Konten,Positif,augmented_round1,319
"Aplikasinya lancar banget setelah update terbaru, nggak ada lag sama sekali 👍",Performa (Technical & Access),Positif,augmented_round1,573
"Aplikasi sering error, fitur e-paper nya ga mau kebuka sama sekali",Performa (Technical & Access),Negatif,augmented_round1,579
"Kompas jauh lebih kredibel dibanding media lain, beritanya akurat dan berimbang, selalu kritis menganalisis kinerja pemerintah tanpa takut, jurnalisme independennya bener-bener terjaga. Respect banget, semoga tetap seperti ini dan ga jadi sampah kayak kompetitor lainnya.",Kualitas Konten,Positif,augmented_round1,669
Belum bisa kembali ke menu utama,Performa (Technical & Access),Negatif,augmented_round1,122
"login akun ribet bgt, padahal udah pake data buat buka aplikasi...mau baca berita aja jadi susah",Performa (Technical & Access),Negatif,augmented_round1,435
"Konten rubrik Jendela ga tersedia di edisi cetak, padahal itu bagian penting yg harusnya ada. Kecewa bgt harus bayar premium segala buat akses konten yg seharusnya lengkap, harganya juga mahal banget sampe jutaan. Sangat mengecewakan.",Kualitas Konten,Negatif,augmented_round1,688
"Harga langganan sangat worth it bgt, fitur-fiturnya lengkap dan seru banget apalagi ada konten khusus buat anak muda kayak game edukatif. Highly recommended deh untuk subscribe!!",Langganan (Subscription & Pricing),Positif,augmented_round1,637
"Berita yg ga akurat ttg keluarga kelaparan, malah disalahkan agama islam. Ini bukan jurnalisme yg bertanggung jawab.",Kualitas Konten,Negatif,augmented_round1,896
"Berita kompas makin ga kredibel aja, framing nya berpihak banget dan terasa dikontrol uang.. independensi cuma slogan, yg utama cuan doang",Kualitas Konten,Negatif,augmented_round1,653
Semoga konten berita panjang di kompas bisa ditampilkan dengan format yang lebih mudah dicerna pembaca,Kualitas Konten,Netral,augmented_round1,1241
"Beritanya ketinggalan zaman banget, ga update sama sekali",Kualitas Konten,Negatif,augmented_round1,185
"Harga berlangganan digitalnya jauh lebih hemat dibanding versi cetak, jadi aku langsung switch ke aplikasi ini aja.",Langganan (Subscription & Pricing),Positif,augmented_round1,879
"Fitur download e-paper udah ada tapi tetep aja harus konek internet buat baca, padahal dulu bisa offline. Jadi fungsinya ga berguna bgt, malah bikin bingung. Update terakhir bikin semuanya jadi lebih ribet aja.",Fungsionalitas,Negatif,augmented_round1,668
"Kompas ID kok jadi bermasalah? Habis update, pas mau akses berita Gaya dan Kendara, aplikasinya malah error dan ga bisa dibuka sama sekali. Malah dipaksa redirect ke Safari, tapi juga ga jalan. Tolong diperbaiki dong, ini sangat mengganggu. Terima kasih",Performa (Technical & Access),Negatif,augmented_round1,712
"Berita yang disajikan banyak yg sudah ketinggalan zaman, terutama lowongan kerja yg gak pernah diupdate, jadi kurang relevan dan gak berguna buat pembaca Indonesia. Seharusnya redaksi lebih teliti dalam memilih konten biar berkualitas dan kredibel.",Kualitas Konten,Negatif,augmented_round1,1151
Berita-beritanya selalu akurat dan terpercaya banget,Kualitas Konten,Positif,augmented_round1,93
"Harga langganan sebanding banget, dapet berita berkualitas tanpa gangguan iklan sama sekali",Langganan (Subscription & Pricing),Positif,augmented_round1,989
"Setelah update terbaru, file yang sudah diunduh hilang dan ga bisa diakses. Jadi setiap kali mau baca harus download lagi, sangat merepotkan.",Performa (Technical & Access),Negatif,augmented_round1,505
"Setiap hari bisa dapetin berita yg komprehensif mulai dari politik, ekonomi, olahraga hingga isu-isu terkini yg paling update.",Kualitas Konten,Positif,augmented_round1,297
gimana sih cara extend subscription kompas id nya,Langganan (Subscription & Pricing),Netral,augmented_round1,752
"Kontennya akurat dan selalu terkini, sangat informatif banget",Kualitas Konten,Positif,augmented_round1,242
"Kompas sering kasih promo langganan yg menarik bgt, jadi worth it banget buat berlangganan",Langganan (Subscription & Pricing),Positif,augmented_round1,250
Fitur saran artikel yang disesuaikan dengan riwayat pembacaan saya sangat membantu dan selalu relevan banget.,Fungsionalitas,Positif,augmented_round1,817
Antarmuka artikel sangat bersih dan nyaman untuk dibaca dalam waktu lama.,Tampilan (UI/UX),Positif,augmented_round1,997
"Aplikasi berita yang punya interface super ringan dan nyaman dipandang, bikin pengalaman baca jadi bener2 menyenangkan bgt.",Tampilan (UI/UX),Positif,augmented_round1,149
"Aplikasi sering force close di iPad, kapan nih di-fix? Landscape mode juga error terus 😤 Klik!",Performa (Technical & Access),Negatif,augmented_round1,739
"Aplikasi ini sangat responsif, loading berita dengan gambar banyak juga ga lemot sama sekali.",Performa (Technical & Access),Positif,augmented_round1,825
"Aplikasi sudah jalan lancar di iOS 12 saya, tapi desain icon di homescreen masih kurang menarik dan font berita terlalu kecil bikin mata cepat lelah. Dibanding baca langsung di web, tampilan di app ini jauh kurang nyaman bgt. Semoga ke depannya ada fitur untuk atur ukuran font sesuai preferensi user aja.",Tampilan (UI/UX),Negatif,augmented_round1,983
"Kompas udah ga berani lagi bikin berita investigasi yg tajam, semuanya jadi aman-aman aja dan kehilangan sisi kritisnya.",Kualitas Konten,Negatif,augmented_round1,1199
"Aplikasi sudah jauh lebih responsif setelah update terbaru, login jadi lebih mudah dan cepat, plus performa keseluruhannya meningkat signifikan. Mantap deh tim developer Kompas!",Performa (Technical & Access),Positif,augmented_round1,722
Kontennya lengkap dan sangat informatif banget 👍,Kualitas Konten,Positif,augmented_round1,932
fitur baca artikel otomatis kompas id sangat berguna saat saya lagi di perjalanan,Fungsionalitas,Positif,augmented_round1,1002
"Paham sih kalo berita berkualitas butuh investasi besar, tapi buat yang belum siap bayar bisa coba aplikasi berita gratis dulu sebelum ambil paket premium Kompas.",Langganan (Subscription & Pricing),Netral,augmented_round1,691
"Berita-beritanya akurat dan bisa dipercaya, makin bagus aja aplikasinya",Kualitas Konten,Positif,augmented_round1,206
"Berita-beritanya selalu akurat dan up to date, cuma sayang harus bayar berlangganan",Kualitas Konten,Positif,augmented_round1,190
Harus bayar langganan bulanan cuma buat baca berita doang. Ini mah ga masuk akal!!! Langsung dihapus deh,Langganan (Subscription & Pricing),Negatif,augmented_round1,861
"Beritanya kurang update banget, perlu diperbaiki.",Kualitas Konten,Negatif,augmented_round1,849
"Tampilan aplikasi ga responsif sama sekali, layout jadi berantakan di hp saya. Teksnya sering kepotong dan gelagapan, jadinya harus buka dari laptop aja biar nyaman.",Tampilan (UI/UX),Negatif,augmented_round1,542
"Beritanya soal covid kok selalu sensasional dan menakut-nakutin, padahal mayoritas pasien bisa pulih tp jarang disorot, coverage-nya ga seimbang banget.",Kualitas Konten,Negatif,augmented_round1,383
"Udah bayar premium setahun tp kontennya malah berkurang, cerpen yg harusnya lengkap jadi cuma 4 doang, humaniora hilang, terus berita ekonomi campur sama hukum?? Ini bukan update, ini malah downgrade bgt! Dimana kredibilitas organisasi berita yg katanya profesional?",Kualitas Konten,Negatif,augmented_round1,616
"Aplikasi kompas id sekarang jauh lebih lancar dan stabil, ga pernah force close lagi setelah update terbaru",Performa (Technical & Access),Positif,augmented_round1,820
Tombol navigasi di iPad terus error dan membuat aplikasi crash berkali-kali,Performa (Technical & Access),Negatif,augmented_round1,540
"Langganan udah dibayar Rp360,000 tapi akun ga bisa diaktifkan, terus pas login ulang malah ditagih lagi Rp359,000 sama Apple. Pembayaran pertama hilang dari sistem, support bilang statusnya dihapus. Ini error server apa gimana sih?",Performa (Technical & Access),Negatif,augmented_round1,710
"Masa berita aja harus bayar sih, sayang banget 😤",Langganan (Subscription & Pricing),Negatif,augmented_round1,1096
apakah bisa langganan premium pake pulsa telkomsel tanpa kartu kredit,Langganan (Subscription & Pricing),Netral,augmented_round1,753
"Aplikasi sering error saat mau buka berita favorit, jadi ga bisa dibaca sama sekali.",Performa (Technical & Access),Negatif,augmented_round1,484
"Konten di bagian cetak dan e-paper nya sering ketinggalan update, meski udah di refresh berkali-kali",Kualitas Konten,Negatif,augmented_round1,466
"Designnya bagus sih, tapi warna-warnanya berantakan bgt. Biru tua, biru muda, terus gradasi semua campur. Harusnya pake biru tua aja biar konsisten sama identitas Kompas.",Tampilan (UI/UX),Negatif,augmented_round1,681
Aplikasinya ga bisa diakses untuk download epaper sejak beberapa hari lalu. Kayaknya ada masalah kompatibilitas sama versi iOS di iPad saya. Mohon segera diperbaiki,Performa (Technical & Access),Negatif,augmented_round1,1131
"Aplikasinya sekarang sudah lancar dan login nggak bermasalah lagi, terima kasih Kompas ID.",Performa (Technical & Access),Positif,augmented_round1,822
"Banyak artikel di sini yg tidak kredibel dan misleading, jadi makin males baca Kompas sekarang",Kualitas Konten,Negatif,augmented_round1,416
"Kontennya berkualitas banget, bisa nambah wawasan dan pengetahuan setiap hari.",Kualitas Konten,Positif,augmented_round1,158
"Aplikasinya sering error, akun ga bisa login terus konten koran juga ga muncul",Performa (Technical & Access),Negatif,augmented_round1,1117
"Sering ada promo langganan yg menarik bgt, harga berlangganannya jadi lebih terjangkau dan worth it bgt deh",Langganan (Subscription & Pricing),Positif,augmented_round1,250
"Setelah update, e-paper ga bisa dibuka di iPad. Tolong diperbaiki segera...",Performa (Technical & Access),Negatif,augmented_round1,949
"Konten beritanya selalu fresh dan terpercaya, keep it up bang!",Kualitas Konten,Positif,augmented_round1,433
gimana caranya buat redeem voucher di aplikasi kompas id,Langganan (Subscription & Pricing),Netral,augmented_round1,755
"Aplikasi sering error setelah update terakhir, fitur highlight dan terjemahan jadi tidak bisa diakses sama sekali. Padahal itu yang paling membantu buat belajar bahasa, sekarang jadi ga berguna bgt. Tolong diperbaiki!!",Performa (Technical & Access),Negatif,augmented_round1,704
"Kompas terus pertahankan standar jurnalistik mu yg udah bagus, selalu kasih berita akurat dan terpercaya biar masyarakat makin yakin sama informasi dari aplikasi ini,, salam untuk tim redaksi kompas.id",Kualitas Konten,Positif,augmented_round1,674
Semoga kompas tetap objektif dan tidak memihak dalam meliput semua kalangan,Kualitas Konten,Netral,augmented_round1,1217
"Voucher langganan yg didapat dr tukar poin ternyata ga bisa dipakai, jadi percuma banget deh.",Langganan (Subscription & Pricing),Negatif,augmented_round1,409
"Ga bisa login pake email di iPhone, aplikasinya error terus. Tolong segera diperbaiki dong",Performa (Technical & Access),Negatif,augmented_round1,948
"Aplikasi sering crash saat buka buku, tolong diperbaiki segera ya.",Performa (Technical & Access),Negatif,augmented_round1,613
"Setelah bayar langsung bisa langsung diakses premium-nya, ga perlu nunggu lama, praktis banget!",Langganan (Subscription & Pricing),Positif,augmented_round1,826
"Aplikasi udah lancar banget sekarang, ga freeze lagi waktu scroll berita, dan fitur portrait mode-nya jalan mulus. Seneng deh akhirnya setelah kasih feedback berkali-kali, sekarang enak banget baca Kompas di tablet tanpa lag. Rating naik ke 5 bintang, tetap jadi pilihan utama buat berita harian.",Performa (Technical & Access),Positif,augmented_round1,717
"Judulnya sering kali sama, berulang terus, kurang variatif bgt.",Kualitas Konten,Negatif,augmented_round1,456
"Konten beritanya akurat dan komprehensif, sering ada investigasi mendalam yg beda dari media lain. Ini jurnalisme berkualitas tinggi bgt.",Kualitas Konten,Positif,augmented_round1,277
"Kompas emang parah, fotonya gak sesuai sama isinya, berita gak kredibel banget.",Kualitas Konten,Negatif,augmented_round1,317
"Berita di Kompas semakin banyak yang tidak terverifikasi dengan baik, terlalu sensasional dan kurang kredibel.",Kualitas Konten,Negatif,augmented_round1,1193
"Beritanya memang berkualitas sih, tapi paywall nya kebanyakan bgt 😤 Mau baca artikel lagi aja udah kena premium, padahal cuma artikel biasa bukan e-paper. Sayang banget sih, kalo emang mau monetize ya paham lah, tapi jangan sampe berlebihan gini 🤷",Langganan (Subscription & Pricing),Negatif,augmented_round1,655
"Masa harus bayar langganan buat baca berita sih...sayang bgt aplikasinya jadi gak worth it, mending uninstall aja deh.",Langganan (Subscription & Pricing),Negatif,augmented_round1,464
"Fitur login pakai google masih error, ga bisa balik ke aplikasi kompas. Tolong segera diperbaiki ya",Performa (Technical & Access),Negatif,augmented_round1,592
Setelah update aplikasi ePaper jadi error dan tidak bisa diakses sama sekali.,Performa (Technical & Access),Negatif,augmented_round1,611
"Udah tiga hari berturut-turut aplikasi ini error, halaman utama ga mau load dan e-paper juga selalu bilang sedang maintenance. Berapa lama sih maintenance-nya harus?",Performa (Technical & Access),Negatif,augmented_round1,698
"Artikel teknologi yg ditampilkan udah ketinggalan zaman, padahal saya cari berita terbaru tp malah muncul yg dari berbulan-bulan lalu",Kualitas Konten,Negatif,augmented_round1,148
"Gila, mesti bayar buat baca artikel.. padahal aplikasi lain gratis.. sayang banget sih harus subscribe",Langganan (Subscription & Pricing),Negatif,augmented_round1,928
"Awalnya aplikasi error dan susah login pake email sama google, tapi setelah hubungi admin lewat wa langsung dibantu dan sekarang bisa akses lagi dengan lancar. Makasih admin responsif banget!",Performa (Technical & Access),Positif,augmented_round1,665
Udah bayar di google play tapi tetap ga bisa dibuka. Gimana ini?,Performa (Technical & Access),Negatif,augmented_round1,411
"Baca berita kok harus bayar sih??? Mending cari sumber berita lain aja, di internet banyak yang gratis kok.",Langganan (Subscription & Pricing),Negatif,augmented_round1,304
"Sejak update versi 2.0, fitur download epaper ga berfungsi sama sekali. Udah coba di iPad sama iPhone tapi tetap error. Tolong diperbaiki dong.",Performa (Technical & Access),Negatif,augmented_round1,577
"Berita lokal di kompas itu sangat kurang dan jarang diupdate, jauh lebih bagus portal berita daerah lain.",Kualitas Konten,Negatif,augmented_round1,1189
"Tolong diperbaiki, aplikasinya error saat mau buka epaper",Performa (Technical & Access),Negatif,augmented_round1,586
"Trik nipu, suruh sign in katanya gratis eh ternyata mesti bayar langganan buat baca berita lengkap 😤 aplikasi menipu banget sih.",Langganan (Subscription & Pricing),Negatif,augmented_round1,478
"Dapet promo gratis 3 bulan dari traveloka trus langsung kerasa worth it bgt, ga ada iklan mengganggu, konten beritanya berkualitas, bisa didengarkan juga, plus akses e-paper lengkap, jadi beneran hemat banget untuk nilai yg didapat",Langganan (Subscription & Pricing),Positif,augmented_round1,1152
"Lumayan sih, tapi artikelnya sering ga akurat banget..",Kualitas Konten,Negatif,augmented_round1,312
"Banyak artikel kompas punya judul yang menyesatkan dan ga sesuai sama isi beritanya, bener-bener clickbait bgt",Kualitas Konten,Negatif,augmented_round1,1190
"Uninstall, cuma boleh baca 5 artikel terus langsung minta bayar 50rb per bulan 😤",Langganan (Subscription & Pricing),Negatif,augmented_round1,1069
"Fitur e-paper nya bermasalah bgt, sampe pengen berhenti langganan Kompas yg udah setia dr dulu",Fungsionalitas,Negatif,augmented_round1,367
"Harga langganan sebanding banget sama kualitas jurnalistiknya, totally worth it deh untuk subscribe.",Langganan (Subscription & Pricing),Positif,augmented_round1,1124
"Konten beritanya tuh komplit bgt sih, selalu update dan informatif, cuma sayang fitur pencarian berita lama kurang praktis banget.",Kualitas Konten,Positif,augmented_round1,618
Beritanya akurat dan sangat informatif bgt,Kualitas Konten,Positif,augmented_round1,554
mau tanya paket berlangganan mana yang paling sesuai untuk saya,Langganan (Subscription & Pricing),Netral,augmented_round1,760
"Sejak 2023 Kompas jadi berpihak dalam berita politiknya, udah ga netral lagi. Media yg dulu dipercaya jadi kehilangan kredibilitas, padahal seharusnya jadi pilar demokrasi bukan alat propaganda. Sayang bgt.",Kualitas Konten,Negatif,augmented_round1,961
"Bayar berlangganan tapi kontennya ga sesuai harapan, rasanya ga adil bgt. Waktu cari artikel mendalam tentang strategi Barcelona, yg ada cuma foto pemain sama judulnya doang, mana analisisnya? Kecewa deh",Kualitas Konten,Negatif,augmented_round1,738
"Langganan tahunan Kompas.id jauh lebih menguntungkan dibanding bayar per bulan, bener-bener hemat banget 💰",Langganan (Subscription & Pricing),Positif,augmented_round1,767
"Beritanya kok sering ketinggalan update, kompetitor udah publish duluan baru kompas menyusul terus",Kualitas Konten,Negatif,augmented_round1,1187
"Dapet voucher langganan gratis dr tukar poin, tapi tetep aja ga bisa akses epaper, harus bayar 50k buat download, jadi percuma dong tukarnya? Ini perlu diperbaiki asap!!",Langganan (Subscription & Pricing),Negatif,augmented_round1,1145
"Kompas katanya independen tapi kok beritanya banyak framing ya? Semakin lama semakin terlihat bias dan berpihak, kayak konten disesuaikan sama siapa yg bayar. Kredibilitas jatuh deh, cuma ngurus cuan doang",Kualitas Konten,Negatif,augmented_round1,653
"Beritanya ga bermutu, isinya misleading bgt...",Kualitas Konten,Negatif,augmented_round1,77
"Konten beritanya jelek bgt, masih minta bayaran lagi.. parah",Kualitas Konten,Negatif,augmented_round1,401
"Dari pagi sampai sekarang aplikasi kompas ga bisa dibuka sama sekali, kenapa sih server-nya error terus?",Performa (Technical & Access),Negatif,augmented_round1,124
"Udah bayar premium tapi tetap dikasih iklan berlangganan, terus pas buka berita premium malah disuruh bayar lagi. Langganan Kompas cuma bikin kesel, bukan dapet berita",Langganan (Subscription & Pricing),Negatif,augmented_round1,959
"Paket langganan udah include e-paper gratis, mantap bgt",Langganan (Subscription & Pricing),Positif,augmented_round1,991
"Kompas emang parah, foto sama judulnya ga match bgt, beritanya jadi misleading deh.",Kualitas Konten,Negatif,augmented_round1,317
"Aplikasi udah jauh lebih responsif, bisa akses e-paper tanpa lag lagi. Dulu loading-nya lama banget, sekarang smooth bgt. Mantap, Kompas! 👍",Performa (Technical & Access),Positif,augmented_round1,945
"Berita di aplikasi ini terlalu banyak clickbait dan framing, jangan samain diri sama media lain yg suka main politik.. padahal dulu kompas itu kredibel bgt, harusnya tetap jaga integritas beritanya supaya bisa jadi pilihan utama lagi.",Kualitas Konten,Negatif,augmented_round1,679
"Kebanyakan artikel kunci di balik paywall, jadi susah buat baca berita padahal kontennya bagus, malah jadi males buka aplikasi. Ini sih minus terbesar kompas.id. Bukan masalah ga mampu bayar, tapi 50k per bulan terlalu mahal bgt untuk berita yang bisa dapet gratis di tempat lain.",Langganan (Subscription & Pricing),Negatif,augmented_round1,687
Aplikasinya super lancar dan responsif banget setelah update terakhir,Performa (Technical & Access),Positif,augmented_round1,912
"Tampilan ePaper di HP kok jadi berantakan, nama file nya muncul di kanan terus nutup teks jadi susah dibaca banget. Di tablet sih oke, tapi di handphone kok gini? Tolong dong dihilangkan nama filenya biar bisa baca dengan nyaman.",Tampilan (UI/UX),Negatif,augmented_round1,629
"Semoga aplikasi Kompas.id bisa tersedia di Windows Store dan platform lain supaya lebih mudah diakses dari PC, Laptop, dan Tablet. Ditunggu updatenya!",Performa (Technical & Access),Netral,augmented_round1,695
"Berita di kompas.id sering kurang mendalam dan tidak lengkap, banyak informasi penting yang terlewatkan.",Kualitas Konten,Negatif,augmented_round1,1201
"Langganan tahunan udah bayar mahal, tapi aplikasi malah force close terus kalo login. Kalo di-uninstall terus di-install ulang bisa normal, tapi ya cuma bisa baca artikel gratis doang. Rugi banget deh bayar subscription yearly kalo gini terus, CS pun cuma nyaranin pake browser aja. Tolong diperbaiki dong!",Langganan (Subscription & Pricing),Negatif,augmented_round1,979
fitur zoom e-paper kompas id bekerja dengan sangat smooth dan gambarnya tetap jernih,Fungsionalitas,Positif,augmented_round1,810
Konten beritanya akurat dan berimbang banget,Kualitas Konten,Positif,augmented_round1,1059
Aplikasi ini sangat berguna untuk mendapatkan berita terbaru dan memperluas wawasan lewat berbagai perspektif penulis yang kredibel,Kualitas Konten,Positif,augmented_round1,1034
"Setelah reinstall aplikasi langsung bisa login dengan lancar tanpa masalah, makasih tim supportnya",Performa (Technical & Access),Positif,augmented_round1,824
"dapat promo gratis 3 bulan dari traveloka dan benar2 worth it, fitur premium tanpa iklan sama berita berkualitas daging semua bikin langganan ini sangat hemat dan menguntungkan",Langganan (Subscription & Pricing),Positif,augmented_round1,1152
"Fitur e-paper nya ribet bgt, harus download terus setiap kali mau baca padahal bisa disimpan jadi PDF aja biar ga perlu download berulang kali dan aplikasinya jadi ga lemot saat ganti halaman.",Fungsionalitas,Negatif,augmented_round1,686
"Paket berlangganannya worth it bgt, dapet akses semua fitur keren plus game edukatif dr kompas muda, highly recommended dah buat anak muda!",Langganan (Subscription & Pricing),Positif,augmented_round1,637
Aplikasi ini menyajikan berita-berita terkini dengan cakupan yang sangat lengkap dan komprehensif!!,Kualitas Konten,Positif,augmented_round1,905
"Berita yg disajikan lengkap dan akurat, konten selalu update dan terpercaya bgt, cuma sayangnya fitur landscape belum tersedia padahal itu bisa bikin pengalaman baca lebih nyaman 😊",Kualitas Konten,Positif,augmented_round1,736
Berita Kompas terbukti akurat dan kredibel.,Kualitas Konten,Positif,augmented_round1,99
"Berita selalu aktual dan dilengkapi analisis mendalam serta penulisan yg berbobot, sangat memuaskan.",Kualitas Konten,Positif,augmented_round1,940
Apakah bisa langganan lewat transfer bank biasa atau ada metode pembayaran lain,Langganan (Subscription & Pricing),Netral,augmented_round1,759
Aplikasi kompas id setelah di-update jadi lebih smooth dan ga pernah force close lagi,Performa (Technical & Access),Positif,augmented_round1,820
"Konten Kompas.Id sangat relevan dan informatif buat generasi muda, cocok banget buat nambah pengetahuan dan wawasan. Semoga terus berkembang ya! 😊",Kualitas Konten,Positif,augmented_round1,513
"Aplikasi Kompas di iPad lumayan bagus sih, cuma sayangnya masih sering lag dan kadang force close waktu ganti-ganti tab, jadi agak mengganggu pengalaman membaca beritanya.",Performa (Technical & Access),Negatif,augmented_round1,1164
Layanan customer service kompas id sangat responsif saat saya mengalami masalah login berlangganan,Performa (Technical & Access),Positif,augmented_round1,827
"Berita-beritanya akurat banget, informatif, dan bisa dipercaya buat nambah wawasan kita",Kualitas Konten,Positif,augmented_round1,168
"Udah langganan e paper tp aplikasinya sering error pas mau download, bahkan gabisa diunduh sama sekali.",Performa (Technical & Access),Negatif,augmented_round1,589
Harap kompas tambah liputan tentang isu kesehatan khususnya di wilayah terpencil,Kualitas Konten,Netral,augmented_round1,1230
"Sudah bayar langganan tapi sistem masih bilang belum aktif, jadinya ga bisa akses epaper sama sekali",Performa (Technical & Access),Negatif,augmented_round1,902
"Aplikasi ini sering error saat login, apalagi pas mau perpanjang langganan. Server nya lemot bgt dan sering force close. Padahal saya pelanggan setia lebih dr 15 tahun, tapi masalah teknis gini ga pernah ditangani dengan baik. Payah!",Performa (Technical & Access),Negatif,augmented_round1,1159
Konten beritanya terpercaya dan komprehensif bgt,Kualitas Konten,Positif,augmented_round1,73
"Aplikasinya sangat membantu saya mendapatkan berita terkini yang akurat dan bisa dipercaya, terutama karena sumbernya jelas dan kredibel.",Kualitas Konten,Positif,augmented_round1,331
Konten cerpen dan TTS Kompas minggu ini sangat berkualitas dan bikin terhibur banget..,Kualitas Konten,Positif,augmented_round1,350
"Aplikasi udah bisa dibuka normal lagi di mode portrait, makasih udah diperbaiki dengan cepat!",Performa (Technical & Access),Positif,augmented_round1,569
Semoga aplikasi Kompas bisa diakses dengan lancar di semua perangkat Android dan tanpa biaya berlangganan.,Performa (Technical & Access),Netral,augmented_round1,529
"Paket berlangganan udah include e-paper gratis, mantap banget nilainya",Langganan (Subscription & Pricing),Positif,augmented_round1,991
"Beritanya berpihak dan sering framing untuk nyinyirin tokoh tertentu..udah ga kredibel lagi DAN SANGAT BIAS...kecewa bgt, ini bukan jurnalisme tapi propaganda",Kualitas Konten,Negatif,augmented_round1,1075
apakah perlu berlangganan premium untuk akses semua berita?,Langganan (Subscription & Pricing),Netral,augmented_round1,136
"Aplikasi ini responsif dan lancar meski koneksi internetnya lagi lemot, performa tetap stabil banget.",Performa (Technical & Access),Positif,augmented_round1,821
Aplikasi berjalan sangat stabil dan ga pernah crash selama sebulan pemakaian ini.,Performa (Technical & Access),Positif,augmented_round1,823
"Konten beritanya akurat dan terpercaya bgt, worth it banget langganan premium Kompas. Puas sama kualitas dan harganya yang reasonable. Mantap Kompas! 😊👏",Kualitas Konten,Positif,augmented_round1,690
"Berita-beritanya disajikan dengan sangat mendalam dan informatif, tampilan aplikasinya juga nyaman kayak baca website tapi tanpa iklan yang bikin kesel, plus ada fitur AI yang bisa baca berita buat kita dan tersedia juga ebook gratis yang bisa didownload.",Kualitas Konten,Positif,augmented_round1,626
Berita-beritanya akurat dan bisa dipercaya banget sumbernya,Kualitas Konten,Positif,augmented_round1,1054
"Udah coba buka tp beritanya sama gambarnya ga cocok, jadi bingung banget maksudnya apa.",Kualitas Konten,Negatif,augmented_round1,1074
"Berita di app ini banyak yg sudah expired, terutama lowongan kerja nya ga pernah diupdate, jadi ga relevan sama sekali buat pembaca. Harusnya Kompas bisa lebih teliti dalam memilah konten biar benar-benar bermanfaat, bukan sekadar asal muat aja.",Kualitas Konten,Negatif,augmented_round1,1151
"Artikelnya selalu aktual dan penuh dengan konten berkualitas tinggi (ekonomi, politik, dsb) yang sangat informatif.",Kualitas Konten,Positif,augmented_round1,911
Aplikasi susah dibuka untuk akses artikel,Performa (Technical & Access),Negatif,augmented_round1,404
"Aplikasi udah jauh lebih bagus, e-paper loading cepat banget sekarang. Dulu sering error pas mau buka, sekarang lancar terus. Mantap kompas! 👍",Performa (Technical & Access),Positif,augmented_round1,945
"Konten beritanya akurat dan terpercaya, worth it buat berlangganan kompas",Kualitas Konten,Positif,augmented_round1,420
Aplikasinya lancar banget dan belum pernah crash sama sekali.,Performa (Technical & Access),Positif,augmented_round1,557
Setelah update epaper jadi ga bisa dibuka sama sekali,Performa (Technical & Access),Negatif,augmented_round1,952
"Aplikasinya stabil banget dan loading-nya cepat, nggak pernah lag atau crash.",Performa (Technical & Access),Positif,augmented_round1,557
fitur langganan topik sangat memudahkan karena berita sesuai minat langsung muncul di halaman utama,Fungsionalitas,Positif,augmented_round1,812
"Berita covid nya kok selalu sensasional dan menakut-nakutin, padahal banyak yg sembuh tp ga dibahas sama sekali",Kualitas Konten,Negatif,augmented_round1,383
"Aplikasinya lumayan sih, tapi sering banget bermasalah. Setiap kali saya coba buka arsip berita dari minggu-minggu sebelumnya, aplikasinya langsung crash dan tutup sendiri. Terus, tadi saya download edisi Kompas hari ini, tapi pas dibuka malah layarnya hitam dan cuma muncul logo kompas doang di tengah. Entah bug dari aplikasinya atau gimana, tapi ini ganggu banget. Tolong segera diperbaiki ya.",Performa (Technical & Access),Negatif,augmented_round1,696
"Berita-beritanya kredibel dan informatif, cocok jadi sumber bacaan utama nih!",Kualitas Konten,Positif,augmented_round1,337
"Udah bayar premium setahun tapi kontennya malah kecewa bgt, menu berita sering diubah sembarangan, koleksi cerpen yg harusnya lengkap jadi cuma 4 doang, humaniora ilang entah kemana, terus berita hukum malah muncul di menu ekonomi... ini gak profesional, tolong diperbaiki!",Kualitas Konten,Negatif,augmented_round1,616
"Setelah update terbaru aplikasi jadi error terus, berita ga bisa dibuka padahal udah login dan langganan aktif, muncul notif belum berlangganan mulu, tolong diperbaiki dong",Performa (Technical & Access),Negatif,augmented_round1,724
Apakah fitur e-paper bisa di-print langsung dari aplikasi ya?,Fungsionalitas,Netral,augmented_round1,194
"Kompas.id beneran beda banget dari kompascom, beritanya selalu akurat lengkap sama kredibel dengan data yg valid dan prinsip jurnalistik beneran tanpa campur tangan politik, jadi gw jadi percaya lagi sama berita setelah lama skeptis, ga kayak aplikasi berita lain yg cuma mancing klik aja meski isinya jelek, di sini berita dibuat sesuai tujuan sebenarnya dan totally worth it bayar 50rb sebulan.",Kualitas Konten,Positif,augmented_round1,676
"Berita-beritanya selalu akurat, mendalam, terpercaya & ga pernah bias!!",Kualitas Konten,Positif,augmented_round1,503
"Proses login pake email sama password ribet banget, jadi males buat akun baru deh mending uninstall aja",Performa (Technical & Access),Negatif,augmented_round1,259
"Konten di bagian cetak dan e-paper jarang di-update, meskipun udah di-refresh berkali-kali bgt",Kualitas Konten,Negatif,augmented_round1,466
"Tampilannya kurang eye-catching dan desainnya membuat mata cepat lelah, ditambah lagi fitur copy-paste nya ga ada jadi ribet banget buat yang butuh ambil referensi dari artikel.",Tampilan (UI/UX),Negatif,augmented_round1,639
"Berita-berita di Kompas cuma permukaan aja, analisisnya minim banget ga ada substance sama sekali.",Kualitas Konten,Negatif,augmented_round1,1200
"Udah bayar premium setahun tp berita yg ditampilkan gak lengkap dan gak terstruktur, menu cerpen harusnya ratusan tapi cuma 4 doang, humaniora ilang kemana, terus berita ekonomi campur sama hukum, ini beneran gak profesional dan bikin bingung!",Kualitas Konten,Negatif,augmented_round1,616
Kompas udah lama jadi pilihan utama gue krn beritanya selalu akurat dan bisa dipercaya banget.,Kualitas Konten,Positif,augmented_round1,388
Beritanya selalu akurat dan tajam banget,Kualitas Konten,Positif,augmented_round1,892
"Aplikasinya minta login terus, ga bisa langsung baca berita.. ribet bgt, langsung aku hapus aja",Performa (Technical & Access),Negatif,augmented_round1,936
"Aplikasi nya udah oke, konten lengkap, download e-paper juga praktis. Sayang banget ga support mode landscape, padahal baca berita lebih nyaman kalo landscape gitu. Tolong ditambahin fitur landscape nya ya, pasti langsung 5 bintang deh 😊",Tampilan (UI/UX),Negatif,augmented_round1,736
"Navigasi landscape masih belum bisa, terus aplikasi sering crash di iPad. Kapan sih Kompas bakal benerin tampilan ini? 🙄",Tampilan (UI/UX),Negatif,augmented_round1,739
"Uninstall aja, setiap artikel langsung minta bayar. Masih banyak aplikasi berita yang gratis kok.",Langganan (Subscription & Pricing),Negatif,augmented_round1,234
"Beritanya akurat dan selalu update, mantap banget deh",Kualitas Konten,Positif,augmented_round1,931
"Aplikasi ini lumayan sih, tapi fitur scrolling-nya sering nunjukin berita yang sama berkali-kali, padahal harusnya bisa lompat ke berita lama jadi pembacaan jadi terbatas banget.",Fungsionalitas,Negatif,augmented_round1,732
"Fitur audio berita sangat membantu banget, bisa dengerin berita sambil sibuk tanpa perlu lihat layar.",Fungsionalitas,Positif,augmented_round1,180
Mohon tambahkan opsi tema gelap atau warna lain untuk variasi tampilan antarmuka,Tampilan (UI/UX),Netral,augmented_round1,780
"Kompas emang kecewa bgt, foto sama tulisannya ga cocok sama sekali, berita kaya sembarangan aja.",Kualitas Konten,Negatif,augmented_round1,317
Antarmukanya user-friendly dan gampang dipelajari bahkan untuk pemula.,Tampilan (UI/UX),Positif,augmented_round1,227
"Konten beritanya selalu aktual dan memberikan kesempatan bagi suara masyarakat pelosok untuk dimuat di platform nasional, sangat membantu kami yang ada di daerah terpencil.",Kualitas Konten,Positif,augmented_round1,537
"Beritanya ga netral bgt, selalu condong ke salah satu pihak doang, jadi credibilitynya jatuh...payah banget, langsung uninstall deh.",Kualitas Konten,Negatif,augmented_round1,399
"Aplikasi ini keren bgt, beritanya lengkap dan informatif banget, bisa nambah wawasan dan pengetahuan saya setiap hari.",Kualitas Konten,Positif,augmented_round1,1048
"Dapet promo gratis 3 bulan dr traveloka, worth it bgt!! tanpa iklan, berita berkualitas, bisa didengarkan, plus akses e-paper lengkap, harga langganannya terbukti sangat sepadan",Langganan (Subscription & Pricing),Positif,augmented_round1,1152
Harga langganan jauh lebih murah dibanding manfaat dan konten berkualitas yang bisa diakses setiap harinya,Langganan (Subscription & Pricing),Positif,augmented_round1,771
"Beritanya akurat dan terpercaya, Kompas.id emang terdepan",Kualitas Konten,Positif,augmented_round1,1049
Kok harus bayar langganan cuma buat baca berita dikit dikit,Langganan (Subscription & Pricing),Negatif,augmented_round1,472
"Berita terbaru nya ga akurat bgt, soal keluarga kelaparan langsung disalahkan agama islam, ini jelas clickbait dan misleading",Kualitas Konten,Negatif,augmented_round1,896
"Udah baca beberapa artikel tp kok berita sama gambarnya ga match, jadi bingung maksudnya apa sih.",Kualitas Konten,Negatif,augmented_round1,1074
"Aplikasi sering force close pas dibuka di iPad 2 retina iOS 11.3.1, jadi ga bisa dipakai sama sekali. Sayang banget udah bayar subscription tapi malah error terus, mohon segera diperbaiki..",Performa (Technical & Access),Negatif,augmented_round1,744
"Kompas.id emang jadi pilihan terbaik di antara banyaknya aplikasi berita, kontennya selalu mencerahkan dan mendalam, bukan cuma sekadar berita biasa aja, tapi penuh analisis dan ulasan yang berguna banget.",Kualitas Konten,Positif,augmented_round1,633
"Aplikasi selalu force close pas dibuka di iPad Mini dengan iOS 11.3.1, jadi ga bisa dipakai sama sekali. Mohon segera diperbaiki biar bisa langganan epaper premium nya.",Performa (Technical & Access),Negatif,augmented_round1,745
"Bayar berlangganan tapi konten yg disajikan ga sesuai harapan, itu ga fair banget. Gw coba cari artikel mendalam tentang strategi Barcelona eh yg ada cuma foto pemain sama judul doang, mana ada analisisnya??? Ini bukan kualitas berita yg layak dibayar.",Kualitas Konten,Negatif,augmented_round1,738
Artikelnya selalu update dan kredibel banget,Kualitas Konten,Positif,augmented_round1,114
"Beritanya kredibel, mudah dipahami dan informatif",Kualitas Konten,Positif,augmented_round1,348
"Terlalu banyak paywall skrg, padahal kompas udah dapet revenue banyak dr iklan aja kok mesti charge user segala....",Langganan (Subscription & Pricing),Negatif,augmented_round1,499
"Berita yg ditampilkan udah ketinggalan zaman bgt, lowongan kerja juga ga di-update sesuai tahun sekarang. Gimana bisa bermanfaat klo kontennya ga aktual?? Harusnya diklarifikasi dulu sebelum publish, jangan asal muat kyk media amatiran gitu.",Kualitas Konten,Negatif,augmented_round1,1151
"Kompas selalu menyajikan berita yang akurat dan terpercaya, independensinya ga diraguin lagi",Kualitas Konten,Positif,augmented_round1,353
Mohon ditambahkan konten berita dari wilayah Jawa Tengah lebih banyak lagi.,Kualitas Konten,Netral,augmented_round1,300
"Sudah bayar berlangganan 6 bulan, tapi fitur download pdf nya error terus ga bisa dipakai. Sayang banget duitnya...tolong diperbaiki dong!",Performa (Technical & Access),Negatif,augmented_round1,596
"Aplikasi udah lancar banget sekarang, ga ada lag lagi waktu scroll berita. Seneng deh akhirnya responsif dan stabil, bisa baca dengan nyaman di iPad tanpa hambatan. Thanks udah dengerin feedback, sekarang jadi aplikasi favorit lagi buat update berita.",Performa (Technical & Access),Positif,augmented_round1,717
"Berita dunia yang disajikan sangat kredibel dan akurat, jauh lebih memuaskan dibanding koran cetak tradisional.",Kualitas Konten,Positif,augmented_round1,434
"Beritanya selalu aktual dan terpercaya, kontennya bagus banget dan informatif meski update epapernya kadang terlambat👍",Kualitas Konten,Positif,augmented_round1,648
"Aplikasi ini udah jalan dengan stabil di iPhone saya yang pakai iOS 12, loading berita cepat dan nggak pernah crash sama sekali, cuma semoga ke depannya bisa ditambahkan fitur untuk customize ukuran font biar lebih nyaman dibaca.",Performa (Technical & Access),Positif,augmented_round1,983
"Bisa akses berita dari skala nasional hingga lokal desa, lengkap banget.",Kualitas Konten,Positif,augmented_round1,1101
"Navigasi portrait terlalu sempit bikin tampilan jadi tidak nyaman, terus ga ada dark mode jadi silau banget kalo dibuka malam hari.",Tampilan (UI/UX),Negatif,augmented_round1,590
Konten beritanya terpercaya dan sangat informatif,Kualitas Konten,Positif,augmented_round1,298
"Berita kompas terlalu banyak bias, presentasinya ga seimbang dan jelas terlihat berpihak pada satu pihak aja",Kualitas Konten,Negatif,augmented_round1,1198
"Aplikasinya memang user-friendly dan mudah digunakan, tapi sayang banget kontennya ga objektif dan terasa ada bias politik di dalamnya, jadi akhirnya saya uninstall karena butuh berita yg benar-benar netral dan kredibel.",Kualitas Konten,Negatif,augmented_round1,699
"Berita yg disajikan udah ga netral lagi, banyak clickbait dan framing berpihak. Kayaknya kredibilitas Kompas menurun drastis, prioritasnya cuma cuan bukan kebenaran faktual.",Kualitas Konten,Negatif,augmented_round1,653
"Berita Kompas selalu akurat, mendalam, dan bisa dipercaya banget. Mantap! 👍",Kualitas Konten,Positif,augmented_round1,221
Konten beritanya komprehensif dan variatif banget.,Kualitas Konten,Positif,augmented_round1,830
"Fitur e-paper di aplikasi ini kurang user-friendly, harus download dulu baru bisa dibaca padahal di browser langsung bisa diakses tanpa repot. Terus kenapa ga ada opsi landscape mode buat baca koran? Padahal koran butuh tampilan lebar, jadi 2-page view-nya jadi ga berguna kalo ga bisa dirotasi.",Fungsionalitas,Negatif,augmented_round1,697
Fitur notifikasi pagi dari Kompas.id sangat membantu agar saya ga ketinggalan berita terkini setiap hari.,Fungsionalitas,Positif,augmented_round1,815
fitur text-to-speech kompas id suaranya bagus dan pengucapannya terasa natural jadi enak didengarkan dalam waktu lama,Fungsionalitas,Positif,augmented_round1,1182
"Proses pembayaran langganan di aplikasi ini benar-benar kacau, loading terus menerus sampai akhirnya gagal checkout, padahal vocer saya 70rb udah kepotong tapi subscription ga jadi aktif, rugi banget deh, aplikasi ini ga bisa dipercaya buat transaksi berlangganan, jangan sampai kejadian sama kalian.",Langganan (Subscription & Pricing),Negatif,augmented_round1,1162
"Aplikasi kompas id sekarang jauh lebih lancar, ga pernah error dan stabilnya bgt setelah update terbaru",Performa (Technical & Access),Positif,augmented_round1,820
Puas banget dapet penawaran langganan tahunan dengan harga yang terjangkau,Langganan (Subscription & Pricing),Positif,augmented_round1,764
"Admin-nya super responsif banget, awalnya login bermasalah padahal udah bayar, tapi langsung dibantu via WA dan sekarang lancar jaya akses aplikasinya, makasih Kompas!",Performa (Technical & Access),Positif,augmented_round1,661
"Beritanya akurat dan selalu update, bisa dipercaya banget!",Kualitas Konten,Positif,augmented_round1,188
"Berita-beritanya akurat, berimbang, dan sangat kredibel",Kualitas Konten,Positif,augmented_round1,831
"Bayar berlangganan tp konten yg disajikan ga sebanding, misal pas baca analisis mendalam soal strategi Barcelona cuma dapet foto pemain sama judul aja tanpa penjelasan detail yg diharapkan.",Kualitas Konten,Negatif,augmented_round1,738
"Aplikasi Kompas ID terus ngisi memori internal padahal harusnya bisa disimpan ke SD card saat download, aplikasi lain udah bisa gitu tapi ini masih belum. Kalo ga diperbaiki mungkin aku bakal cancel langganan nih.",Performa (Technical & Access),Negatif,augmented_round1,971
"Aplikasi ini stabil banget, nggak pernah crash selama sebulan terakhir saya pakai",Performa (Technical & Access),Positif,augmented_round1,823
Aplikasi kompas id setelah update terakhir jadi lebih responsif dan lancar banget saat dibuka,Performa (Technical & Access),Positif,augmented_round1,829
"Berita olahraga kompas ketinggalan banget, hasil pertandingan udah lama tapi masih belum muncul di app",Kualitas Konten,Negatif,augmented_round1,1186
"Tampilan di iPad mini 7 orientasi portrait masih ada yang terpotong di sisi kanan kiri, jadi kurang nyaman dipandang. Tolong diperbaiki ya.",Tampilan (UI/UX),Negatif,augmented_round1,976
"Jadi pelanggan kompas.id gampang banget dan fleksibel sesuai kebutuhan, bisa baca berita berkualitas kapan aja dimana aja. Harga berlangganannya juga worth it bgt, puas deh!",Langganan (Subscription & Pricing),Positif,augmented_round1,659
"Rubrik Jendela ga ada di edisi cetak, padahal itu konten bagus yg seharusnya disertakan. Tapi klo mau baca lengkap kudu bayar mahal banget, sampe sejuta. Kecewa bgt sih.",Kualitas Konten,Negatif,augmented_round1,688
"Aplikasi sering force close pas login, tolong diperbaiki bug-nya dong.",Performa (Technical & Access),Negatif,augmented_round1,605
"Konten-kontennya sangat informatif dan bermanfaat banget, makasih Kompas!",Kualitas Konten,Positif,augmented_round1,270
"Kompas emang layak diapresiasi, beritanya selalu akurat dan terpercaya banget deh!",Kualitas Konten,Positif,augmented_round1,290
"Redaksi kayaknya ga netral, beritanya bisa dipengaruhi uang.",Kualitas Konten,Negatif,augmented_round1,1093
"Tampilan di iPad mini masih bermasalah, konten sering terpotong di sisi kanan kirinya tolong diperbaiki",Tampilan (UI/UX),Negatif,augmented_round1,535
"dapat promo gratis 3 bulan dari traveloka, super worth it bgt, ga ada iklan sama sekali, konten beritanya berkualitas, bisa didengarkan juga, plus akses e-paper lengkap, benar-benar harga yang sangat sebanding dengan apa yang didapat",Langganan (Subscription & Pricing),Positif,augmented_round1,1152
"Berita-beritanya akurat dan selalu update, praktis banget ga perlu beli koran lagi",Kualitas Konten,Positif,augmented_round1,265
"Beritanya kurang mendalam dibanding aplikasi berita lain, kontennya terasa kurang komprehensif",Kualitas Konten,Negatif,augmented_round1,1243
"Berita-beritanya berimbang dan akurat, Kompas emang terpercaya banget.",Kualitas Konten,Positif,augmented_round1,1056
"Fitur download e-paper ga berfungsi dengan baik, harus download ulang setiap kali mau dibaca padahal udah disimpan, boros kuota banget... Bintang 1 aja deh.",Fungsionalitas,Negatif,augmented_round1,490
"Udah bertahun-tahun jadi subscriber dan harganya totally worth it, ga nyesel sama sekali.",Langganan (Subscription & Pricing),Positif,augmented_round1,770
"Kompas selalu memberikan berita yg akurat dan terpercaya, jadi jendela terbaik untuk memahami Indonesia. Setiap hari aku andalkan Kompas untuk update berita terkini dari berbagai daerah dengan fakta yg lengkap dan berimbang. Terima kasih sudah jadi panduan dalam mencari informasi berkualitas. Tetap semangat! ✊🇮🇩",Kualitas Konten,Positif,augmented_round1,1147
"Beritanya akurat dan selalu update, bahasanya juga mudah dipahami banget.",Kualitas Konten,Positif,augmented_round1,885
Kontennya sangat akurat dan selalu update banget,Kualitas Konten,Positif,augmented_round1,1052
"QR code dari koran cetak kompas selalu error, padahal sudah dipastikan edisi hari ini. Ini udah berlangsung lebih dari 3 hari dan sangat mengganggu.",Performa (Technical & Access),Negatif,augmented_round1,726
"Artikelnya komprehensif banget, penulisannya berbobot, dan karakteristik Kompas tetap terjaga dengan baik.",Kualitas Konten,Positif,augmented_round1,384
"Berita yg disajikan sering duplikat, judulnya berulang-ulang banget dan bikin bosan.",Kualitas Konten,Negatif,augmented_round1,456
"Aplikasi bagus sih, tapi ada masalah teknis pas download ePaper. Setiap kali keluar aplikasi harus di-install ulang, padahal dulu ga gitu. Ini mulai terjadi setelah update terbaru. Semoga tim developer baca feedback ini dan segera benerin. Maaf kasih bintang 3/5 aja.",Performa (Technical & Access),Negatif,augmented_round1,1165
"Sejak update iPad OS 15 aplikasi jadi error terus, artikel gabisa dibuka sama sekali. Loading nya stuck dan ga pernah selesai. Tolong diperbaiki…",Performa (Technical & Access),Negatif,augmented_round1,725
"Kompas.id memberikan informasi yang akurat, aktual, dan sangat kredibel.",Kualitas Konten,Positif,augmented_round1,176
Aplikasi langsung force close pas login pertama kali setelah install versi 11.3,Performa (Technical & Access),Negatif,augmented_round1,954
"Tampilan aplikasi di iPad sangat tidak nyaman, fontnya terlalu kecil dan sulit dibaca meski mata normal, padahal perlu di-zoom dulu baru bisa dilihat dengan jelas.",Tampilan (UI/UX),Negatif,augmented_round1,750
"Berita di app ini banyak yang udah kadaluarsa dan ga relevan, terutama lowongan kerja yg ga pernah diupdate. Gimana bisa bermanfaat buat pembaca kalo kontennya ketinggalan zaman gini, harusnya lebih teliti dalam memilih berita yg layak tayang.",Kualitas Konten,Negatif,augmented_round1,1151
"Berita di KOMPAS selalu akurat, lengkap, dan bisa dipercaya banget****",Kualitas Konten,Positif,augmented_round1,508
"Berita tentang timnas ga aktual, masih nampil berita lama dari 2023 padahal udah cari yg paling terkini",Kualitas Konten,Negatif,augmented_round1,865
"Setelah update terbaru, e-paper jadi susah dibaca di iPad karena hanya support mode landscape, padahal dulu bisa portrait juga. Sangat mengecewakan!",Tampilan (UI/UX),Negatif,augmented_round1,719
Apakah ada pilihan metode pembayaran langganan selain transfer bank?,Langganan (Subscription & Pricing),Netral,augmented_round1,759
"Berita Kompas semakin tidak seimbang, sumber yg dipakai selalu dr pihak yg sama aja.",Kualitas Konten,Negatif,augmented_round1,1197
"Aplikasinya error terus, ga bisa masuk akun dan berita2nya ga muncul di setiap kategori",Performa (Technical & Access),Negatif,augmented_round1,129
"Kompas emang parah, foto sama tulisannya ga cocok sama sekali, berita kayak gini mesti dilaporin ke Dewan Pers.",Kualitas Konten,Negatif,augmented_round1,317
"Aplikasi lemot banget, artikel ga mau muncul",Performa (Technical & Access),Negatif,augmented_round1,130
"Beritanya kurang update, perlu ditingkatkan lagi.",Kualitas Konten,Negatif,augmented_round1,849
"Meski berlangganan, berita dan artikelnya jauh lebih berkualitas dan terpercaya dibanding aplikasi lain. Recommended!",Kualitas Konten,Positif,augmented_round1,397
"Paket berlangganan mahal banget padahal konten masih penuh iklan, rugi deh bayar segala.",Langganan (Subscription & Pricing),Negatif,augmented_round1,343
"Tampilan epaper kompas bagus sih, tapi sayang banget ga bisa diputar landscape di iPad saya, jadi harus selalu portrait aja yang bikin tidak nyaman. Tolong dong min ditambahkan fitur rotasi layar biar lebih fleksibel, soalnya sumber berita favorit saya cuma kompas. Semoga segera diupdate ya, kalo udah bisa landscape pasti saya kasih rating 5 bintang deh, keep up the good work!",Tampilan (UI/UX),Negatif,augmented_round1,730
Biasanya kapan sih kompas id ngadain promo harga langganan,Langganan (Subscription & Pricing),Netral,augmented_round1,756
Fitur text to speech-nya berfungsi dengan baik dan semua fitur yang tersedia benar-benar membantu dan memuaskan pengguna.,Fungsionalitas,Positif,augmented_round1,1037
"Proses checkout berlangganan pake voucher blibli di kompas super ribet bgt, loading terus menerus, pas mau bayar malah redirect ke halaman awal, voucher 70rb ilang gitu aja padahal belum selesai transaksi, sistem bilang udah terpakai tp aku ga sempet selesaiin checkout, aplikasi nya benar2 payah dan merugikan, jadi kapok deh beli voucher lewat app kompas, minta pertanggungjawaban dong!!",Performa (Technical & Access),Negatif,augmented_round1,1162
"Beritanya akurat dan berimbang, media yg terpercaya",Kualitas Konten,Positif,augmented_round1,219
"Berita Kompas sejak 2023 jadi berpihak dan kehilangan kredibilitas, tidak lagi netral seperti dulu. Sayang bgt media yg dulu dipercaya sekarang jadi propaganda politik, bukan jurnalisme sejati.",Kualitas Konten,Negatif,augmented_round1,961
Aplikasi kompas id setelah update terakhir jadi lebih responsif dan lancar banget tanpa hambatan saat browsing,Performa (Technical & Access),Positif,augmented_round1,829
"Sayang banget fontnya terlalu kecil, padahal bisa aja dikasih opsi untuk di-customize ukurannya.",Tampilan (UI/UX),Negatif,augmented_round1,470
"Sayang harus bayar langganan, banyak aplikasi berita lain yg gratis kok, jadi uninstall aja deh.",Langganan (Subscription & Pricing),Negatif,augmented_round1,444
"Sejak jadi subscriber, berita yang saya dapat jauh lebih akurat dan terpercaya",Kualitas Konten,Positif,augmented_round1,860
"Desainnya sangat nyaman dipandang mirip kayak baca website, tapi berita disajikan lebih mendalam tanpa iklan yang mengganggu, plus ada opsi tampilan seperti koran yang bikin pengalaman membaca jadi lebih fleksibel sesuai selera.",Tampilan (UI/UX),Positif,augmented_round1,626
Konten Kompas.id benar-benar memperluas pengetahuan dan perspektif saya,Kualitas Konten,Positif,augmented_round1,287
"Aplikasi kompas id update terakhir jadi lebih enteng dan responsif banget, loading-nya cepat dan lancar ga ada hambatan teknis.",Performa (Technical & Access),Positif,augmented_round1,723
"Lebih hemat banget dibanding beli koran cetak, harga langganan digital Kompas jauh lebih terjangkau",Langganan (Subscription & Pricing),Positif,augmented_round1,768
Paket tahunan dengan harga terjangkau bikin saya senang banget berlangganan,Langganan (Subscription & Pricing),Positif,augmented_round1,764
"Awalnya lancar, tapi setelah beberapa bulan pake jadi super lambat. Download ePaper sering error, muncul notif time-out berkali-kali, dan butuh 15-20 menit baru bisa selesai 100%. Capek deh, jangan langganan kalo ga mau frustrasi.",Performa (Technical & Access),Negatif,augmented_round1,735
"Promo awal untuk member baru terbilang menguntungkan, sangat memudahkan",Langganan (Subscription & Pricing),Positif,augmented_round1,1168
"Beritanya terpercaya dan selalu akurat, Kompas emang top deh",Kualitas Konten,Positif,augmented_round1,512
"Berita di aplikasi ini terlalu banyak clickbait dan framing, apalagi soal tokoh tertentu, jadi ga bisa dipercaya.",Kualitas Konten,Negatif,augmented_round1,314
"Kompas ini parah bgt, foto sama judulnya ga match, beritanya jadi membingungkan. Harusnya diperbaiki atau dilaporin ke Dewan Pers.",Kualitas Konten,Negatif,augmented_round1,317
Aktivasi akun premium berjalan lancar dan langsung bisa digunakan setelah pembayaran berhasil diproses.,Performa (Technical & Access),Positif,augmented_round1,826
"Berita di kompas banyak banget yang ga kredibel, datanya sering keliru dan kayaknya ga di-verifikasi dengan baik",Kualitas Konten,Negatif,augmented_round1,1191
"Navigasi antar halaman di aplikasi ini terasa smooth dan ga berat, responsifnya mantap banget.",Tampilan (UI/UX),Positif,augmented_round1,793
Aplikasinya ga mau kebuka sama sekali,Performa (Technical & Access),Negatif,augmented_round1,30
"Aplikasi di iPhone 12Pro iOS 18.2 punya masalah layout, margin samping kiri kanan jadi terpotong dan bikin konten berita susah dibaca. Padahal di browser lancar aja. Tolong diperbaiki dong!",Tampilan (UI/UX),Negatif,augmented_round1,706
"Semoga aplikasi Kompas.id bisa tersedia di Windows Store juga, karena lebih nyaman dibaca di PC dan Laptop. Ditunggu kehadirannya di platform tersebut ya.",Performa (Technical & Access),Netral,augmented_round1,695
"Banyak artikel kompas judulnya bikin salah paham, isinya ga sesuai sama judul, clickbait banget deh",Kualitas Konten,Negatif,augmented_round1,1190
Sangat puas dapet penawaran langganan tahunan dengan harga yang terjangkau banget,Langganan (Subscription & Pricing),Positif,augmented_round1,764
Aplikasi crash terus di ipad.. udah bayar setahun tp ga bisa dipakai.. tolong diperbaiki asap,Performa (Technical & Access),Negatif,augmented_round1,570
"Lebih hemat dan praktis berlangganan versi digital Kompas dibanding beli koran fisik, bisa dibaca kapan saja dimana saja 🙂",Langganan (Subscription & Pricing),Positif,augmented_round1,369
"Kalo Kompasiana emang bagian dr Kompas, harusnya konten penulis disaring lebih ketat lagi.... makin hari makin banyak artikel ga berkualitas n ga beretika bgt....",Kualitas Konten,Negatif,augmented_round1,1086
"Aplikasi ini error terus di iOS 11, ga bisa dibuka sama sekali malah langsung force close. Kompas kayaknya ga serius-serius amat dalam develop aplikasinya. Sayang banget, jauh ketinggalan dibanding kompetitor digital lainnya.",Performa (Technical & Access),Negatif,augmented_round1,748
"Pengen langganan tp aplikasinya error terus, ga bisa proses. Tolong diperbaiki!!",Performa (Technical & Access),Negatif,augmented_round1,597
"Konten olahraga dan teknologi di kompas terlalu superfisial, cuma fokus berita besar aja tanpa pembahasan yang mendalam.",Kualitas Konten,Negatif,augmented_round1,1202
"Berita dan ulasannya akurat serta selalu update, bisa diakses kapan aja sesuai butuh... prosesnya juga gampang dan bisa disesuaikan dgn preferensi. Makasih Kompas.id!",Kualitas Konten,Positif,augmented_round1,659
"Beritanya informatif dan selalu update tentang perkembangan negara kita, sangat berguna banget",Kualitas Konten,Positif,augmented_round1,904
Fitur bookmark artikel sangat membantu saya untuk menyimpan berita yang ingin dibaca nanti.,Fungsionalitas,Positif,augmented_round1,807
Aplikasi ini berjalan lancar dan tidak boros baterai sama sekali di perangkat saya.,Performa (Technical & Access),Positif,augmented_round1,1005
bosan deh harus bayar langganan segala.. mending gratis aja atau bundel sama paket internet gitu sih.,Langganan (Subscription & Pricing),Negatif,augmented_round1,1095
"cari berita olahraga terkini malah ketemu artikel lama dr tahun 2023, berita ga fresh bgt",Kualitas Konten,Negatif,augmented_round1,1031
"Beritanya selalu akurat dan terkini, plus ada e-paper yg sama persis kayak koran aslinya, mantap bgt!",Kualitas Konten,Positif,augmented_round1,260
"Saya suka banget buka Kompas karena beritanya selalu akurat dan penting, banyak informasi berguna yang bisa jadi pembelajaran buat kita semua, semoga Kompas terus sukses dan berkembang Amiin.",Kualitas Konten,Positif,augmented_round1,631
"kenapa aplikasi kompas saya sering error saat login??? padahal udah bayar langganan, harusnya bisa diakses dengan lancar. tolong diperbaiki admin, ini udah berulang kali terjadi 😞",Performa (Technical & Access),Negatif,augmented_round1,621
"Aplikasinya memang user-friendly dan mudah digunakan, tapi sayangnya konten beritanya ga netral dan terasa ada kepentingan politik di baliknya, jadi akhirnya saya uninstall karena butuh sumber berita yang objektif dan kredibel.",Kualitas Konten,Negatif,augmented_round1,699
"Aplikasi Kompas di iPhone saya sering hang pas mau buka artikel, stuck di loading terus ga mau lanjut. Tolong diperbaiki ya.",Performa (Technical & Access),Negatif,augmented_round1,575
"Aplikasinya loading sangat cepat dan stabil, semoga ui buku terus ditingkatkan ya. Mantap deh performanya!",Performa (Technical & Access),Positif,augmented_round1,667
"Iconnya masih kurang rapi, ada cacat visual yg mengganggu. Mohon diperbaiki dong, di iOS 14 jadi berantakan bro",Tampilan (UI/UX),Negatif,augmented_round1,1132
"Kompas.id benar-benar reliable banget buat dapetin berita akurat dan terpercaya, apalagi reputasinya udah teruji selama bertahun-tahun jadi jaminan kualitasnya. Konten sastranya juga bagus, informatif, dan gampang diakses buat yang pengen baca karya-karya berkualitas.",Kualitas Konten,Positif,augmented_round1,962
Antarmuka aplikasinya cukup menarik dan nyaman dipandang saat dibuka,Tampilan (UI/UX),Positif,augmented_round1,226
Aplikasi ini loading cepat dan stabil meskipun koneksi internetnya lagi lemot.,Performa (Technical & Access),Positif,augmented_round1,821
Tampilan artikelnya rapi dan nyaman untuk dibaca,Tampilan (UI/UX),Positif,augmented_round1,1036
"Aplikasinya berjalan dengan sangat stabil, ga ada lag dan responsif banget waktu dipakai.",Performa (Technical & Access),Positif,augmented_round1,249
"Beritanya ga seimbang, terlalu berpihak ke pemerintah...harusnya media itu netral dan kritis, bukan cuma amplifikasi suara penguasa doang...kasihan deh pembaca jadi ga dapet perspektif yg objektif.",Kualitas Konten,Negatif,augmented_round1,673
"Sangat puas dengan konten beritanya yg akurat, berimbang, dan bener-bener bisa nambah pengetahuan serta wawasan kita semua.",Kualitas Konten,Positif,augmented_round1,521
"Berita di Kompas terlalu berpihak dan ga objektif, selalu ada framing yg memaksakan narasi untuk satu kelompok tertentu, bikin pembaca terpecah belah gitu.",Kualitas Konten,Negatif,augmented_round1,919
"Berita Kompas selalu terkini dan sangat informatif, jadi saya bisa dapet update terbaru dengan praktis di mana aja.",Kualitas Konten,Positif,augmented_round1,530
Designnya udah rapi dan penataan konten di aplikasi ini enak dilihat sih.,Tampilan (UI/UX),Positif,augmented_round1,576
"Aplikasi ini lumayan sih, tapi navigasi e-paper nya kurang user-friendly. Ga ada tombol untuk balik ke halaman utama, jadi setiap kali selesai baca harus close aplikasi terus buka lagi baru bisa akses menu lainnya. Mohon ditambahkan fitur navigasi yang lebih praktis ya.",Fungsionalitas,Negatif,augmented_round1,984
Aplikasinya lancar banget dan responsif meski jaringan internet lagi lemot atau tidak stabil,Performa (Technical & Access),Positif,augmented_round1,821
"Setelah update terbaru tanggal 17 Nov, aplikasi jadi error dan ga bisa di-download sama sekali. Padahal sebelumnya lancar. Mohon diperbaiki segera dong",Performa (Technical & Access),Negatif,augmented_round1,584
"Alhamdulillah setelah update terakhir tanggal 4 juli, fitur e-paper sudah bisa diakses normal lagi tanpa error login berulang, meski sempat bermasalah sebelumnya. Terima kasih tim Kompas.id atas perbaikannya!",Performa (Technical & Access),Positif,augmented_round1,968
"Fitur download e-paper nya praktis banget dan bisa langsung disimpan, bikin baca koran jadi lebih fleksibel dan gampang diakses kapan aja.",Fungsionalitas,Positif,augmented_round1,736
"Berita Kompas selalu akurat dan berimbang, opininya kredibel banget..media ini konsisten menjaga integritas jurnalistik dan etika dalam setiap liputan demi persatuan Indonesia.",Kualitas Konten,Positif,augmented_round1,663
"Analisisnya kurang mendalam bgt, liputan kompas cuma sekadar berita permukaan aja tanpa penggalian lebih lanjut",Kualitas Konten,Negatif,augmented_round1,1200
"Setelah upgrade, e-paper jadi error dan ga bisa dibuka sama sekali",Performa (Technical & Access),Negatif,augmented_round1,585
"Desainnya keren banget, suka sama tampilannya setelah update terbaru. Thanks kompas!",Tampilan (UI/UX),Positif,augmented_round1,573
Aplikasi berjalan stabil dan tidak pernah crash selama sebulan terakhir ini,Performa (Technical & Access),Positif,augmented_round1,823
Akses premium langsung bisa digunakan segera setelah pembayaran berhasil diproses tanpa delay,Performa (Technical & Access),Positif,augmented_round1,826
"Beritanya selalu fresh dan update setiap hari, makasih Kompas 👍",Kualitas Konten,Positif,augmented_round1,457
"Beritanya selalu terkini dan akurat, Kompas emang terpercaya bgt.",Kualitas Konten,Positif,augmented_round1,1078
apakah bisa ada fitur untuk subscribe topik atau penulis favorit secara spesifik,Fungsionalitas,Netral,augmented_round1,801
"Bayar berlangganan tapi konten yg disajikan ga sesuai harapan, itu ga fair bgt. Gw cari artikel mendalam tentang strategi Barcelona eh yg ada cuma foto pemain sama judul doang, mana ada isi substantifnya sama sekali.",Kualitas Konten,Negatif,augmented_round1,738
"Beritanya jarang diperbarui, ketinggalan berita terkini",Kualitas Konten,Negatif,augmented_round1,13
"Beritanya akurat dan selalu terdepan, bener-bener nambah pengetahuan.",Kualitas Konten,Positif,augmented_round1,452
"Berita di Kompas.id emang terpercaya dan selalu up to date, jauh lebih kredibel dibanding media berita lainnya yang sering tidak akurat.",Kualitas Konten,Positif,augmented_round1,1067
"Berlangganan premium totally worth it, bisa baca berita tanpa gangguan iklan sama sekali",Langganan (Subscription & Pricing),Positif,augmented_round1,990
"Aplikasi sempat error dan login saya bermasalah, tapi admin kompas sangat responsif bantu lewat chat dan sekarang akses lancar lagi. Appreciate banget!",Performa (Technical & Access),Positif,augmented_round1,665
Beritanya ga seimbang....media harusnya netral bukan cuma nyerang pemerintah terus....kasih ruang buat kedua belah pihak dong....jangan selalu sepihak gini bikin pembaca bingung,Kualitas Konten,Negatif,augmented_round1,673
"Beritanya selalu akurat dan terpercaya, Kompas emang the best deh!",Kualitas Konten,Positif,augmented_round1,863
"Berlangganan paket tahunan kompas id jauh lebih worth it dibanding bayar bulanan, beneran hemat bgt!",Langganan (Subscription & Pricing),Positif,augmented_round1,767
"Aplikasi udah support orientasi landscape dan transisi antar halaman jadi smooth banget, jadi pengalaman baca berita di tablet jauh lebih nyaman dan ga bikin frustrasi lagi, makanya rating naik jadi 5 bintang deh.",Tampilan (UI/UX),Positif,augmented_round1,717
"Desain gambar artikel sudah proporsional dan tidak blur, sangat nyaman dipandang",Tampilan (UI/UX),Positif,augmented_round1,999
Desain warna dan font di aplikasi ini konsisten banget dan terlihat profesional di setiap halaman,Tampilan (UI/UX),Positif,augmented_round1,1176
"Aplikasinya bagus, asal harganya tetap segini (100 ribu/tahun) bakal terus langganan nih.",Langganan (Subscription & Pricing),Positif,augmented_round1,154
"Awalnya login saya bermasalah padahal sudah berlangganan, tapi admin Kompas sangat membantu lewat wa dan sekarang akses lancar banget tanpa hambatan lagi, terima kasih 👍",Performa (Technical & Access),Positif,augmented_round1,661
"Harusnya Kompas tetap sediain versi lama aplikasinya, soalnya iOS versi lama ga bisa download versi terbaru.",Performa (Technical & Access),Negatif,augmented_round1,563
"Beritanya kredibel banget dan ga bias, mantap!",Kualitas Konten,Positif,augmented_round1,229
"Kompas.id tetap menjaga kredibilitas beritanya, berbeda dengan media lain yg banyak menyajikan konten clickbait dan tidak substantif.",Kualitas Konten,Positif,augmented_round1,913
"Batas artikel gratis cuma 5 per bulan terlalu sedikit, jadi sering kena paywall sedih banget 😢",Langganan (Subscription & Pricing),Negatif,augmented_round1,899
"Aplikasinya pelit banget, harga langganannya bikin kesel 😤",Langganan (Subscription & Pricing),Negatif,augmented_round1,126
"Artikelnya berimbang dan akurat banget, mantap deh.",Kualitas Konten,Positif,augmented_round1,359
"Setelah upgrade aplikasi jadi error terus, ga bisa buka ePaper sama sekali padahal saya cuma bayar buat versi digital aja",Performa (Technical & Access),Negatif,augmented_round1,951
"Konten beritanya sangat informatif, akurat, dan bisa diandalkan untuk mendapatkan informasi yang berkualitas dan menarik",Kualitas Konten,Positif,augmented_round1,1064
"Aplikasinya sering lag dan update fiturnya super lambat, night mode juga ga jalan di iphone 12 ku, terus susah banget nyari berita digitalnya di halaman epaper.",Performa (Technical & Access),Negatif,augmented_round1,728
"Beritanya akurat dan selalu up to date, sangat terpercaya banget!!",Kualitas Konten,Positif,augmented_round1,462
"Konten berita olahraga khususnya sepakbola sangat ketinggalan, jarang ada liputan transfer pemain yang aktual dan terkini.",Kualitas Konten,Negatif,augmented_round1,336
"Berita-beritanya terpercaya dan selalu akurat, aplikasinya memang recommended banget untuk yang mau konsumsi berita berkualitas.",Kualitas Konten,Positif,augmented_round1,324
Aplikasi responsif dan support cepat tangani masalah teknis 👍,Performa (Technical & Access),Positif,augmented_round1,282
"Dapat langganan gratis, mantap banget wkwkwk 5 bintang deh!",Langganan (Subscription & Pricing),Positif,augmented_round1,866
"harga langganan tahunan kompas id terbilang terjangkau, bisa baca berita terbaru sepanjang tahun tanpa khawatir kehabisan kuota",Langganan (Subscription & Pricing),Positif,augmented_round1,552
Berita-beritanya terpercaya dan sangat informatif banget,Kualitas Konten,Positif,augmented_round1,523
"Berita kompas makin ga kredibel aja.. Framing yg disajikan terlihat berpihak tergantung siapa yg bayar. Independensi cuma slogan, yg penting cuan doang",Kualitas Konten,Negatif,augmented_round1,653
"Beritanya ga fresh, ketinggalan sama Google News",Kualitas Konten,Negatif,augmented_round1,429
apakah tersedia opsi pembayaran langganan mingguan,Langganan (Subscription & Pricing),Netral,augmented_round1,987
"Aplikasi login sekarang jalan lancar, bug yang bikin ribet udah diperbaiki sama tim kompas id",Performa (Technical & Access),Positif,augmented_round1,822
"Artikelnya sangat terpercaya, penulisannya jelas & bahasa yang digunakan mudah dipahami semua orang👍🏽",Kualitas Konten,Positif,augmented_round1,244
Beritanya selalu fresh dan terpercaya banget,Kualitas Konten,Positif,augmented_round1,82
Beritanya ringkas tp akurat dan terpercaya,Kualitas Konten,Positif,augmented_round1,403
"Ukuran huruf di aplikasi kompas id pas banget, ga bikin mata capek dan tetap mudah dibaca",Tampilan (UI/UX),Positif,augmented_round1,998
Layanan customer service kompas id sangat responsif dan cepat banget bantu atasi masalah login saya,Performa (Technical & Access),Positif,augmented_round1,1184
"Aplikasinya berjalan dengan stabil, tidak pernah crash dan sangat responsif saat diakses.",Performa (Technical & Access),Positif,augmented_round1,249
"Fitur e-paper nya keren banget, bisa dibaca dengan lancar di iPad saya :)",Fungsionalitas,Positif,augmented_round1,604
"Aplikasinya sering crash pas lagi scroll berita, padahal baru pertama kali coba. Selain itu loading-nya lambat banget dan bikin lag.",Performa (Technical & Access),Negatif,augmented_round1,716
"Kompas katanya independen tp kenyataannya berita2nya banyak yg bias dan berisi framing, jelas bgt klo editorial policy nya udah dipengaruhi kepentingan tertentu.. kredibilitas turun drastis deh",Kualitas Konten,Negatif,augmented_round1,653
"Beritanya selalu akurat dan kredibel dari dulu hingga sekarang, terpercaya bgt",Kualitas Konten,Positif,augmented_round1,386
"Setelah di-update aplikasi jadi error, e-paper nya gabisa dibuka sama sekali",Performa (Technical & Access),Negatif,augmented_round1,581
"Rubrik olahraga dan teknologi kompas.id itu sangat dangkal, cuma fokus berita headline aja ga ada pendalaman sama sekali.",Kualitas Konten,Negatif,augmented_round1,1202
"Rubrik Jendela cuma bisa diakses kalo bayar premium sampe sejuta, padahal harusnya gratis di edisi cetak. Sayang banget sih, jadi ga worth it buat langganan.",Langganan (Subscription & Pricing),Negatif,augmented_round1,688
"Berita-berita di Kompas.id selalu terpercaya, data-datanya valid, penyajiannya rapi dan mudah dipahami, serta benar-benar sesuai kebutuhan pembaca. Singkatnya, aplikasi ini top banget!",Kualitas Konten,Positif,augmented_round1,509
"Berita kompas cuma sekadar narasi permukaan, analisisnya minim banget dan ga mendalam",Kualitas Konten,Negatif,augmented_round1,1200
Diminta login tapi kolom loginnya tidak muncul di layar.,Performa (Technical & Access),Negatif,augmented_round1,930
Beritanya ga kredibel dan ketinggalan zaman banget sih,Kualitas Konten,Negatif,augmented_round1,185
"Antarmukanya intuitif dan enak dipandang, navigasi lancar bikin browsing berita jadi nyaman bgt.",Tampilan (UI/UX),Positif,augmented_round1,171
"Berita di sini udah ga kredibel lagi, selalu bikin framing negatif buat orang tertentu tanpa verifikasi...ini bukan jurnalisme, ini fitnah terselubung yg sangat merugikan",Kualitas Konten,Negatif,augmented_round1,1075
"Alhamdulillah sekarang login lancar, bug yang bikin repot udah diperbaiki, makasih Kompas ID!",Performa (Technical & Access),Positif,augmented_round1,822
Beritanya komprehensif dan informatif banget 😊👍,Kualitas Konten,Positif,augmented_round1,134
"Konten beritanya sangat akurat dan terpercaya, selalu update dengan informasi terkini yg bikin gw jadi lebih informed setiap hari, meskipun ada beberapa bug teknis tp overall aplikasinya really helpful bgt untuk baca koran Kompas secara digital.",Kualitas Konten,Positif,augmented_round1,720
"Berlangganan di Kompas.id gampang banget dan fleksibel sesuai kebutuhan, dapet akses berita berkualitas kapan aja tanpa ribet. Mantap!",Langganan (Subscription & Pricing),Positif,augmented_round1,659
"Langganannya susah dibatalkan, terasa menjebak banget.",Langganan (Subscription & Pricing),Negatif,augmented_round1,1016
Proses login nya ribet banget sih,Performa (Technical & Access),Negatif,augmented_round1,1070
"Kompas udah jauh ketinggalan dalam hal kecepatan update berita, portal lain jauh lebih cepat dan aktual",Kualitas Konten,Negatif,augmented_round1,1185
"Aplikasinya lumayan tapi banyak banget bug, sering force close, dan kenapa ga ditambahin fitur landscape mode sih?",Performa (Technical & Access),Negatif,augmented_round1,747
"Proses autentikasi via Google lancar banget, ga perlu verifikasi berkali-kali",Performa (Technical & Access),Positif,augmented_round1,1183
"Kompas emang ngecewain, foto dan judulnya ga cocok sama isi beritanya, ini mah clickbait banget.",Kualitas Konten,Negatif,augmented_round1,317
"Akses pakai akun google sangat lancar, ga perlu verifikasi berkali-kali",Performa (Technical & Access),Positif,augmented_round1,1183
Aplikasi responsif banget terhadap laporan masalah pengguna,Performa (Technical & Access),Positif,augmented_round1,1058
"Aplikasi ini minta bayar untuk baca berita, padahal banyak platform berita gratis lainnya. Sayang uang buat langganan app ini, mending cari alternatif lain aja 👎",Langganan (Subscription & Pricing),Negatif,augmented_round1,407
"Aplikasi bagus tp sayang harus bayar mahal buat bisa akses berita lengkap, padahal informasi itu seharusnya bisa diakses semua orang tdk hanya yg mampu bayar, di kondisi ekonomi skrg ini beban biaya langganan jadi terlalu berat dan ga semua kalangan bisa terjangkau.",Langganan (Subscription & Pricing),Negatif,augmented_round1,646
beritanya akurat dan bahasanya standar bgt,Kualitas Konten,Positif,augmented_round1,6
"Masa harus bayar 50k cuma buat baca berita, padahal berita yang sama bisa didapat gratis di aplikasi lain dengan gampang",Langganan (Subscription & Pricing),Negatif,augmented_round1,966
"Berita-beritanya ketinggalan, ga selalu update terbaru",Kualitas Konten,Negatif,augmented_round1,13
"Tampilan tab vertikal masih perlu dioptimalkan bgt, jadi agak berantakan gitu",Tampilan (UI/UX),Negatif,augmented_round1,146
"Aplikasi ini udah ga kompatibel sama iOS 12.5.5, jadi gabisa dibuka sama sekali. Mau terus langganan atau harus ganti HP? Bingung banget..",Performa (Technical & Access),Negatif,augmented_round1,568
"Aplikasi kompas id sekarang jauh lebih responsif dan lancar, ga pernah force close lagi setelah update terbaru",Performa (Technical & Access),Positif,augmented_round1,820
"Fitur navigasi berita jadi bermasalah setelah update, setiap selesai baca satu artikel langsung loncat ke berita terbaru dan harus scroll ulang dari atas, ini bikin ribet dan buang waktu apalagi kalo koneksi lagi lemot",Fungsionalitas,Negatif,augmented_round1,651
"Konten Kompas selalu akurat dan mendalam, rubrik opininya diisi penulis-penulis terpercaya yang bikin wawasan jadi lebih luas dan perspektif lebih tajam. Aplikasi ini benar-benar informatif bgt!",Kualitas Konten,Positif,augmented_round1,708
"Antarmukanya super clean dan user-friendly, navigasinya lancar banget, bisa baca berita atau pake fitur text-to-speech, plus e-paper nya juga rapi, totally worth it deh!",Tampilan (UI/UX),Positif,augmented_round1,1152
"Navbar bawah di e-paper nggak bisa disembunyikan, jadi malah nutup konten bagian bawah",Tampilan (UI/UX),Negatif,augmented_round1,534
"Antarmuka Kompas.id rapi dan terstruktur dengan baik, bikin mata ga lelah saat membaca.",Tampilan (UI/UX),Positif,augmented_round1,789
Sudah berlangganan premium tapi fitur e-paper masih ga bisa dibuka dengan lancar..sangat mengecewakan..apalagi setiap kali download koran digital file nya error dan tidak terbuka..ini benar benar bikin frustrasi.,Fungsionalitas,Negatif,augmented_round1,970
Terima kasih udah ngasih berita akurat saat media lain pada diem aja,Kualitas Konten,Positif,augmented_round1,123
tampilan artikel di kompas id sudah mengikuti format standar koran digital,Tampilan (UI/UX),Netral,augmented_round1,775
"Aplikasinya sekarang udah lancar banget buat baca e-paper, dulu sering lemot waktu mau download. Mantap, Kompas! 👍",Performa (Technical & Access),Positif,augmented_round1,945
"Fitur audio artikel sangat membantu, bisa dengarkan berita sambil sibuk bgt",Fungsionalitas,Positif,augmented_round1,858
"Uninstall aplikasi kompas karena banyak artikel yang harus bayar berlangganan, padahal aplikasi berita lain seperti detik sama republika bisa dibaca gratis tanpa perlu langganan.",Langganan (Subscription & Pricing),Negatif,augmented_round1,310
"Aplikasi sering banget force close pas lagi discroll, bikin kesel. Tolong diperbaiki dong, prioritaskan stabilitas aplikasinya biar pengalaman pengguna lebih baik.",Performa (Technical & Access),Negatif,augmented_round1,564
"Awalnya sempat ada masalah saat login meski udah berlangganan, tapi admin kompas langsung bantu via wa dan sekarang akses lancar jaya tanpa hambatan, makasih tim support nya yang responsif banget.",Performa (Technical & Access),Positif,augmented_round1,661
Desain yang minimalis membuat fokus membaca jadi terjaga tanpa distraksi visual yang mengganggu,Tampilan (UI/UX),Positif,augmented_round1,1175
"Udah males pake app ini, mau baca berita aja harus bayar berlangganan, padahal banyak aplikasi berita lain yg gratis dan lebih sering update sih",Langganan (Subscription & Pricing),Negatif,augmented_round1,974
"Konten beritanya selalu aktual dan kredibel, jadi jadi sumber informasi yang bisa diandalkan untuk mendapatkan berita terkini yang akurat.",Kualitas Konten,Positif,augmented_round1,222
"Udah langganan tp login pake email kok susah bgt, tiba2 hilang sinyal terus ga bisa di-refresh. Udah coba uninstall-install ulang malah makin ga bisa masuk, mohon segera diperbaiki!",Performa (Technical & Access),Negatif,augmented_round1,624
"Berita yang disajikan akurat dan selalu update dengan data terkini, mantap banget!",Kualitas Konten,Positif,augmented_round1,328
"Beritanya tidak kredibel, mending cari aplikasi lain aja",Kualitas Konten,Negatif,augmented_round1,185
"Setelah update malah error, epaper ga bisa dibuka di iOS 14",Performa (Technical & Access),Negatif,augmented_round1,583
"Beritanya jarang diperbarui, kurang aktual banget",Kualitas Konten,Negatif,augmented_round1,13
Berita dimuat tanpa verifikasi dulu,Kualitas Konten,Negatif,augmented_round1,417
"Aplikasi dan web tersinkronisasi dengan baik, data akun selalu update tanpa masalah",Performa (Technical & Access),Positif,augmented_round1,828
"Sejak 2023 Kompas udah berpihak banget di berita politiknya, jadi ga netral lg. Media yg dulu dipercaya malah jadi kehilangan kredibilitas, padahal seharusnya jadi pilar demokrasi bukan alat partisan.",Kualitas Konten,Negatif,augmented_round1,961
"Beritanya lebih komprehensif dan akurat, cuma sarannya kalau bisa tambahin video penjelasannya juga",Kualitas Konten,Positif,augmented_round1,291
"Kompas jadi pilihan utama saya karena beritanya komprehensif dan berimbang, bukan asal tayang. Jurnalisme serius seperti ini memang layak berbayar, dan saya appreciate banget dedikasi mereka untuk konten berkualitas tinggi.",Kualitas Konten,Positif,augmented_round1,980
"aplikasinya sering error pas mau buka koran digital, padahal udah bayar subscription tp tetep ga mau jalan, ini bikin kesel bgt",Performa (Technical & Access),Negatif,augmented_round1,364
"Semoga aplikasi Kompas.id bisa tersedia di Windows Store dan platform desktop lainnya, karena lebih nyaman diakses dari PC dan Laptop. Ditunggu updatenya!",Performa (Technical & Access),Netral,augmented_round1,695
"Beritanya sering keliru dan ga teliti, banyak informasi yg ternyata salah pas dicek ulang",Kualitas Konten,Negatif,augmented_round1,1191
"Beritanya banyak yg berpihak dan ga netral, jelas-jelas ada agenda penggiringan opini..udah ga kredibel lagi, jauh dari standar jurnalisme yg seharusnya",Kualitas Konten,Negatif,augmented_round1,1075
"aplikasi kompas id setelah di-update jadi lebih lancar dan stabil, ga pernah force close lagi",Performa (Technical & Access),Positif,augmented_round1,820
"Aplikasi sempat error dan login saya bermasalah, tapi cs kompas sangat responsif dan cepat bantu lewat whatsapp sampai akses saya normal lagi. Appreciate banget!",Performa (Technical & Access),Positif,augmented_round1,665
"Konten beritanya banyak yg ga kredibel dan misleading, jadi kecewa bgt sama kualitasnya",Kualitas Konten,Negatif,augmented_round1,416
"Bayar premium tapi e-paper masih gabisa dibuka, rugi banget deh",Langganan (Subscription & Pricing),Negatif,augmented_round1,579
"Konten berita olahraga di app ini jarang banget di-update, terutama soal transfer pemain dan perkembangan klub. Informasinya ketinggalan zaman bgt.",Kualitas Konten,Negatif,augmented_round1,336
"Aplikasi lancar banget setelah update terbaru, loading cepat dan ga pernah crash",Performa (Technical & Access),Positif,augmented_round1,573
"Aplikasi ini sering force close pas dibuka, bikin pengalaman pengguna jadi berantakan. Kualitas berita bagus tapi aplikasinya bermasalah, jauh dari standar Kompas yang terkenal.",Performa (Technical & Access),Negatif,augmented_round1,608
"Udah bayar lewat Shopee, tapi aplikasi masih error dan ga bisa buka epaper. Padahal subscription udah aktif, tapi tetap aja akses ditolak. Gak ada notifikasi apa-apa, rugi banget.",Performa (Technical & Access),Negatif,augmented_round1,645
Fitur notifikasi berita terkini kompas id sangat responsif dan selalu update dengan cepat.,Fungsionalitas,Positif,augmented_round1,1003
"Pemberitaannya ga objektif dan banyak yg hoax, semuanya kayak dibuat buat kepentingan golongan tertentu aja.",Kualitas Konten,Negatif,augmented_round1,390
Aplikasi berita bagus tapi sayang harus bayar langganan 😕,Langganan (Subscription & Pricing),Negatif,augmented_round1,370
"Kompas adalah media yang terpercaya dalam menyajikan berita akurat, berimbang, dan tidak memihak dalam setiap pemberitaannya.",Kualitas Konten,Positif,augmented_round1,396
"Berlangganan setahun cuma 139 ribu tuh worth it banget, sekarang bisa nikmatin semua opini dan analisis tanpa khawatir paywall",Langganan (Subscription & Pricing),Positif,augmented_round1,152
"Suka baca berita kompas cetak tapi sayang fitur download epaper nya gak bisa disimpan permanen, jadi gak bisa dibaca lagi kapan-kapan kalo udah offline",Fungsionalitas,Negatif,augmented_round1,693
"Langganan premium buat baca berita, padahal masyarakat butuh akses gratis buat tambah pengetahuan",Langganan (Subscription & Pricing),Negatif,augmented_round1,302
"Aplikasi sering lag, muat lambat banget. Mode landscape juga ga berfungsi.",Performa (Technical & Access),Negatif,augmented_round1,599
Mau baca berita doang aja harus berlangganan 🤣🤣,Langganan (Subscription & Pricing),Negatif,augmented_round1,531
Cari berita olahraga terkini malah keluar artikel lama dari 2023 ga seger sama sekali,Kualitas Konten,Negatif,augmented_round1,1031
"Knapa sih harus bayar 50 ribu setiap bulan, padahal berita aja udah banyak yg gratis di tempat lain..",Langganan (Subscription & Pricing),Negatif,augmented_round1,898
Aplikasi kompas id setelah update terakhir berjalan sangat lancar tanpa hambatan atau freeze sama sekali,Performa (Technical & Access),Positif,augmented_round1,829
Harga berlangganan Kompas.id sangat worth it mengingat kualitas berita yang ditawarkan,Langganan (Subscription & Pricing),Positif,augmented_round1,761
"Berita kompas sering bgt berpihak, framingnya ga seimbang dan cenderung menampilkan satu sudut pandang aja",Kualitas Konten,Negatif,augmented_round1,1198
"Berita di kompas sering banget ga kredibel, data-datanya banyak yg keliru dan kayanya ga di verifikasi ulang sebelum di publish",Kualitas Konten,Negatif,augmented_round1,1191
"Berita-beritanya ga netral, selalu framing negatif untuk tokoh tertentu sih",Kualitas Konten,Negatif,augmented_round1,314
"Berita kompas banyak banget faktanya salah, editor nya tidur ya sampe lolos gitu",Kualitas Konten,Negatif,augmented_round1,1194
"Aplikasi kompas sudah jauh lebih responsif setelah update terbaru, login jadi lebih mudah dan stabil, performa keseluruhan meningkat signifikan. Mantap kerja tim developernya!",Performa (Technical & Access),Positif,augmented_round1,722
"Semoga konten di Kompas bisa ditambah dengan format lain seperti podcast atau video pendek biar lebih beragam selain berita, video, e-paper, dan artikel interaktif yg udah ada.",Kualitas Konten,Netral,augmented_round1,723
"Koneksi internet lancar tapi aplikasinya susah dibuka, jadinya gabisa baca artikel dengan lancar... mohon segera diperbaiki.",Performa (Technical & Access),Negatif,augmented_round1,855
"Artikelnya sering ga akurat dan banyak yg misleading, jadi kecewa bgt sama kualitasnya",Kualitas Konten,Negatif,augmented_round1,416
"Beritanya akurat dan informatif, suka banget!",Kualitas Konten,Positif,augmented_round1,1008
"Aplikasi kompas lancar banget setelah update, ga ada lag sama sekali, mantap yeayy",Performa (Technical & Access),Positif,augmented_round1,573
"Konten bagus tapi aplikasinya bermasalah banget. Udah langganan tapi tetap ga bisa login, udah coba clear cache berkali-kali masih error terus. Sangat kecewa.",Performa (Technical & Access),Negatif,augmented_round1,1146
"Pemberitaannya masih banyak yg terasa berpihak, belum bener2 netral dan objektif dalam menyajikan berita.",Kualitas Konten,Negatif,augmented_round1,189
"Pengen berhenti langganan Kompas e-paper, udah lama bayar tapi jadi kesel bgt sama sistemnya.",Langganan (Subscription & Pricing),Negatif,augmented_round1,367
"Kompas.id terus memberikan informasi yg akurat, kredibel, dan terbebas dari berita palsu",Kualitas Konten,Positif,augmented_round1,1072
"Berita-beritanya akurat, analisisnya mendalam, dan penulisannya berimbang banget, top deh KOMPAS!",Kualitas Konten,Positif,augmented_round1,213
"Fitur pencarian berita kok hasilnya acak-acakan, bukan dari yang paling baru dulu.",Fungsionalitas,Negatif,augmented_round1,257
"Tombol verifikasi error terus, aplikasi gabisa dibuka sama sekali",Performa (Technical & Access),Negatif,augmented_round1,1051
"Aplikasinya stabil banget, nggak pernah crash atau force close. Performa teknis kompas id emang top, lancar terus tanpa gangguan.",Performa (Technical & Access),Positif,augmented_round1,561
"Aplikasi sering error, gak bisa buka file pdf dan e-paper nya ga mau kebaca",Performa (Technical & Access),Negatif,augmented_round1,588
"Harga berlangganan premium kompas id terbilang sangat terjangkau, ga nyesel sama sekali",Langganan (Subscription & Pricing),Positif,augmented_round1,766
"Kompas terus memberikan berita akurat dan terpercaya, konten berkualitas tinggi yang mudah diakses banget!",Kualitas Konten,Positif,augmented_round1,322
"Berita di sini emang ga kredibel sih, selalu ada framing buat black campaign politisi tertentu.",Kualitas Konten,Negatif,augmented_round1,314
"Kompas semakin berpihak, sumber berita yang digunakan selalu dari pihak yang sama aja, mana objektivitasnya?",Kualitas Konten,Negatif,augmented_round1,1197
"Aplikasi sering crash pas lagi scroll berita, iOS 16 tolong segera diperbaiki!",Performa (Technical & Access),Negatif,augmented_round1,565
"Berita di sini terlalu banyak clickbait dan framing negatif, ga netral sama sekali",Kualitas Konten,Negatif,augmented_round1,314
"Konten berita kompas mulai ketinggalan update, jauh lebih lambat dibanding media lain dalam meliput berita terkini.",Kualitas Konten,Negatif,augmented_round1,1185
Aplikasinya sering lag dan loading lama banget,Performa (Technical & Access),Negatif,augmented_round1,1039
"Berita covid di app ini terlalu sensasional dan ga seimbang, padahal mayoritas pasien bisa pulih tp jarang diangkat",Kualitas Konten,Negatif,augmented_round1,383
Berita nya terpercaya dan berimbang bgt,Kualitas Konten,Positif,augmented_round1,926
Mohon kompas tetap menjaga objektivitas dan keseimbangan perspektif dalam setiap berita yang ditayangkan,Kualitas Konten,Netral,augmented_round1,1215
"Aplikasi sering banget crash pas login, padahal udah update terbaru. Aneh banget, kalo di uninstall terus reinstall baru bisa dibuka normal tapi harus tanpa akun, jadi ya terbatas akses artikel dong. Udah bayar tahunan tapi malah gini, sakit hati bgt. Komplain ke CS cuma disuruh pake browser, sama sekali ga membantu. Tolong diperbaiki dong!!",Performa (Technical & Access),Negatif,augmented_round1,979
"Terus pertahankan kredibilitas berita yg akurat dan terpercaya, jangan sampai jadi clickbait murahan kaya media lain..semoga Kompas tetap jadi sumber informasi yg bisa dipercaya dan mendidik masyarakat Indonesia.",Kualitas Konten,Positif,augmented_round1,1153
"Aplikasi kompas digital premium ga mau jalan di ios 12.1.2, mohon segera di update biar bisa diakses",Performa (Technical & Access),Negatif,augmented_round1,601
"Berita nya ga konsisten sama visual nya, jadi pembaca jadi bingung dan ga paham maksud artikelnya.",Kualitas Konten,Negatif,augmented_round1,1074
"Kompas terbukti konsisten memberikan liputan berita yg akurat dan terkini, plus analisis mendalam yg sangat kredibel, dan yg paling aku apresiasi adalah komitmennya menjadi pelopor dalam penggunaan bahasa Indonesia yg baik dan benar.",Kualitas Konten,Positif,augmented_round1,1144
"Beritanya ga netral bgt, selalu berpihak ke pemerintah atau oposisi. Jurnalisme yg payah. Langsung uninstall deh...",Kualitas Konten,Negatif,augmented_round1,399
udah langganan trial 3 hari tapi tetep ga bisa buka fitur premium nya gimana sih?,Performa (Technical & Access),Negatif,augmented_round1,1038
"Baca berita kok harus bayar terus, padahal konten yang sama bisa dapet gratis di aplikasi lain... sayang banget sih 😞",Langganan (Subscription & Pricing),Negatif,augmented_round1,692
Mantap dapet promo jadi subscriber,Langganan (Subscription & Pricing),Positif,augmented_round1,1040
Kompas sering banget publish berita clickbait tanpa cek fakta yang memadai,Kualitas Konten,Negatif,augmented_round1,1193
"Pakai voucher My Value buat langganan jadi gratis dari poin, dan honestly worth it banget! Baca berita tanpa iklan jauh lebih nyaman dan mata ga lelah dibanding versi gratis yang penuh iklan.",Langganan (Subscription & Pricing),Positif,augmented_round1,623
"Antarmukanya intuitif dan nyaman digunakan, semoga terus disempurnakan.",Tampilan (UI/UX),Positif,augmented_round1,349
"Udah isi saldo 55rb tapi ga bisa aktivasi langganan, kenapa sih sistemnya error gini?",Performa (Technical & Access),Negatif,augmented_round1,445
Aplikasi sering logout tiba-tiba dan login jadi ribet.,Performa (Technical & Access),Negatif,augmented_round1,139
"Beritanya terpercaya dan selalu akurat, sangat bagus banget",Kualitas Konten,Positif,augmented_round1,376
"Artikel di kompas.id kok sering kurang mendalam, banyak yg cuma sekilas aja tanpa penjelasan lengkap.",Kualitas Konten,Negatif,augmented_round1,1201
Harga berlangganan bulanan Kompas.id jauh lebih terjangkau dibanding media premium lainnya yang sejenis,Langganan (Subscription & Pricing),Positif,augmented_round1,1169
"CS-nya responsif banget, masalah teknis langsung dibenerin 👍",Performa (Technical & Access),Positif,augmented_round1,282
"Beritanya ga kredibel bgt, penuh dengan informasi yg tidak akurat dan terkesan berpihak demi kepentingan tertentu aja",Kualitas Konten,Negatif,augmented_round1,390
"Aplikasinya loading super cepat dan responsif, semoga ui bukunya terus ditingkatkan biar pengalaman baca makin smooth.",Performa (Technical & Access),Positif,augmented_round1,667
"Tampilan subscription section masih berantakan dengan kode HTML yang keliatan, bikin user bingung banget. Padahal udah bayar berlangganan tapi informasinya ga jelas disajikan. Bagian UI lainnya sih oke aja, tapi ini perlu urgent diperbaiki.",Tampilan (UI/UX),Negatif,augmented_round1,1163
Apakah ada fitur untuk menyimpan artikel offline agar tetap bisa dibaca tanpa koneksi internet,Fungsionalitas,Netral,augmented_round1,802
Apakah ada fitur download artikel untuk dibaca offline tanpa harus berlangganan dulu?,Fungsionalitas,Netral,augmented_round1,341
"Aplikasinya bagus buat update berita, tapi sayang harus bayar berlangganan 😕",Langganan (Subscription & Pricing),Negatif,augmented_round1,190
"Beritanya sangat akurat dan terpercaya, aplikasinya juga user-friendly banget.",Kualitas Konten,Positif,augmented_round1,868
"Berita-beritanya akurat, faktual, dan bisa dipercaya banget!",Kualitas Konten,Positif,augmented_round1,174
"Udah login tapi tetep diminta bayar membership buat baca artikel? Ini ga fair banget sih, padahal udah punya akun kok masih disuruh berlangganan",Langganan (Subscription & Pricing),Negatif,augmented_round1,528
"Kontennya informatif dan berbobot, sayang harus bayar berlangganan",Kualitas Konten,Positif,augmented_round1,1068
"Bayar berlangganan tapi kontennya ngecewain banget, artikelnya cuma sekadar judul doang tanpa penjelasan mendalam, kayak pas baca tentang strategi Barcelona malah cuma liat foto pemain doang, ga worth it sama sekali.",Kualitas Konten,Negatif,augmented_round1,738
Bayar 50rb per bulan tp e paper nya susah dibaca...kecewa bgt,Langganan (Subscription & Pricing),Negatif,augmented_round1,922
Beritanya lebih mendalam dan komprehensif banget,Kualitas Konten,Positif,augmented_round1,325
"Bisa dapetin berita akurat dan informatif yg penting buat kehidupan sehari-hari, jadi alat bantu yg berguna bgt.",Kualitas Konten,Positif,augmented_round1,335
"Konten beritanya akurat dan kredibel, makasih kompas tv udah jadi sumber informasi terpercaya.",Kualitas Konten,Positif,augmented_round1,897
"Aplikasinya lancar banget dan nggak pernah lag, CS-nya juga responsif. Mantap!",Performa (Technical & Access),Positif,augmented_round1,163
"berita kompas skrg ga seimbang, sumber yg diambil selalu dari pihak yg sama aja, kurang objektif bgt",Kualitas Konten,Negatif,augmented_round1,1197
"Konten beritanya ga kredibel..selalu berpihak dan bikin opini publik jadi tersesat..udah kotor BANGET DAN TIDAK OBJEKTIF...kritik boleh, tapi kalo nyebarkan berita palsu, itu udah sangat merugikan",Kualitas Konten,Negatif,augmented_round1,1075
"Akun sinkron dengan mulus antara web dan aplikasi, ga ada masalah sama sekali.",Performa (Technical & Access),Positif,augmented_round1,828
"Kompasiana seharusnya lebih ketat dalam kurasi penulis, soalnya artikel yg dimuat semakin hari semakin tidak berkualitas dan tidak berstandar jurnalistik.",Kualitas Konten,Negatif,augmented_round1,1086
"Setiap kali saya buka ePaper yang udah diunduh untuk dibaca offline, selalu ada error di file pdfnya jadi harus download ulang lagi, padahal sinyal bagus. Gimana sih cara laporin bug ini?",Performa (Technical & Access),Negatif,augmented_round1,746
"Setelah bayar langganan, aplikasi jadi error dan artikel gabisa dibuka sama sekali, CS cuma nyaranin buka lewat website aja, udah 1 bulan berlangganan tapi aplikasinya rusak terus jadi gak bisa dipake, harus log-in berkali-kali di web jadinya ribet banget.",Performa (Technical & Access),Negatif,augmented_round1,701
"Fitur-fiturnya lengkap banget, ada text to speech buat yang males baca, terus bisa akses e-paper juga, ditambah ga ada iklan yang mengganggu, benar2 worth it deh pake aplikasi ini.",Fungsionalitas,Positif,augmented_round1,1152
"Beritanya ga kredibel dan penuh bias, semuanya demi kepentingan kelompok tertentu bukan fakta objektif",Kualitas Konten,Negatif,augmented_round1,390
"Kalo mau dapet berita terkini yg kredibel dan akurat, aplikasi ini jawabannya bgt!",Kualitas Konten,Positif,augmented_round1,320
"Aplikasinya memang user-friendly dan fiturnya lengkap, tapi sayangnya berita-beritanya kebanyakan berpihak dan ga netral, kayak ada agenda politik di baliknya. Udah 2 tahun langganan tapi akhirnya uninstall karena butuh sumber berita yg objektif dan kredibel, bukan yg penuh framing gini.",Kualitas Konten,Negatif,augmented_round1,699
"Aplikasi berjalan dengan mulus di iPad, terima kasih atas support developer yang responsif!",Performa (Technical & Access),Positif,augmented_round1,555
Kontennya seru dan selalu update banget,Kualitas Konten,Positif,augmented_round1,1062
"Berita-berita di Kompas.id emang terpercaya dan informatif, jurnalisme berkualitas tinggi yang patut diapresiasi.",Kualitas Konten,Positif,augmented_round1,356
"Udah bayar berlangganan bulanan, tapi login ga bisa masuk.",Performa (Technical & Access),Negatif,augmented_round1,547
"Setelah update, font aplikasi Kompas.id jadi buram dan susah dibaca, mata jadi lelah. Tolong kembalikan font lama atau minimal kasih pilihan font yang lebih nyaman buat pembaca.",Tampilan (UI/UX),Negatif,augmented_round1,652
Aplikasi sering force close di iOS 11.3 waktu dibuka di iPad.,Performa (Technical & Access),Negatif,augmented_round1,612
Aplikasi sering gagal download padahal internet lancar dan kuota cukup.. kenapa gini sih.. butuh solusi cepat 🙏,Performa (Technical & Access),Negatif,augmented_round1,374
"Aplikasi sudah berjalan dengan sangat smooth setelah update terbaru, login jadi lebih cepat dan stabil, desainnya juga lebih rapi. Mantap deh tim developernya!",Performa (Technical & Access),Positif,augmented_round1,722
"Fitur kliping artikel bekerja dengan sangat baik, tersimpan rapi dan bisa diakses kapan saja bahkan tanpa koneksi internet.",Fungsionalitas,Positif,augmented_round1,816
"Aplikasinya lancar banget, nggak pernah lag. Tim CS juga super responsif dan helpful. Mantap!",Performa (Technical & Access),Positif,augmented_round1,163
"Aplikasi paling bagus, update terakhir jadi lebih cepat dan ga lag sama sekali",Performa (Technical & Access),Positif,augmented_round1,912
"Berita lama sering dimuat ulang, ga fresh bgt",Kualitas Konten,Negatif,augmented_round1,489
"fitur kliping di aplikasi ini sangat memudahkan, ga perlu repot gunting-gunting koran kertas lagi",Fungsionalitas,Positif,augmented_round1,1004
"Navigasi aplikasinya ribet banget, tampilannya berantakan, dan enggak support mode landscape sama sekali.",Tampilan (UI/UX),Negatif,augmented_round1,599
Semoga artikel opini dan esai kompas bisa lebih variatif dan mewakili berbagai perspektif,Kualitas Konten,Netral,augmented_round1,1226
"Udah bayar langganan tapi aplikasi terus bilang belum aktif. Udah coba cancel terus langganan lagi, sempet normal. Tapi besoknya error lagi, minta tolong diperbaiki.",Performa (Technical & Access),Negatif,augmented_round1,654
Antarmuka yang rapi dan bebas iklan bikin konsentrasi baca jadi terjaga dengan baik.,Tampilan (UI/UX),Positif,augmented_round1,794
"Aplikasi Kompas sering force close pas saya scroll berita, apalagi udah update iOS 16.0.2. Ga sampe 5 judul langsung crash, padahal aplikasinya juga udah di-update terbaru. Udah coba uninstall dan install ulang tapi masalahnya tetap aja.",Performa (Technical & Access),Negatif,augmented_round1,1160
"Udah bayar langganan tp pas mau buka konten langsung diminta bayar lagi, padahal di sistem udah tercatat berlangganan. Ini bug apa gimana sih?",Performa (Technical & Access),Negatif,augmented_round1,664
fitur pencarian dengan kategori filter-nya sangat memudahkan cari berita yang kita butuhkan,Fungsionalitas,Positif,augmented_round1,1180
"Navigasi di menu fotografi terlalu berantakan, harusnya dipisahin antara foto cerita, galeri, dan klinik foto kayak di website biar lebih rapi dan gampang dicari.",Tampilan (UI/UX),Negatif,augmented_round1,205
"Beritanya komplit dan informatif bgt, aplikasinya keren.",Kualitas Konten,Positif,augmented_round1,321
"Berita covid di app ini selalu sensasional dan menyeramkan, padahal mayoritas pasien bisa sembuh tp jarang dibahas. Framing beritanya kurang seimbang bgt.",Kualitas Konten,Negatif,augmented_round1,383
"Lebih hemat langganan digital Kompas.id dibanding beli koran cetak, praktis dibawa kemana-mana dan bisa dibaca kapan saja 😊",Langganan (Subscription & Pricing),Positif,augmented_round1,369
"Aplikasi udah bisa dibuka dengan lancar di mode portrait lagi setelah diperbaiki, mantap!",Performa (Technical & Access),Positif,augmented_round1,569
"Kompas id terbaik, beritanya akurat dan informatif, bahasanya jelas dan mudah dipahami banget",Kualitas Konten,Positif,augmented_round1,561
"Berita-beritanya akurat dan terpercaya, fotonya juga bagus bgt. Aplikasinya user-friendly dan punya fitur-fitur keren yg berguna, kayak text-to-speech yang super membantu.",Kualitas Konten,Positif,augmented_round1,656
Aplikasinya lancar banget dan nggak pernah crash sampe sekarang.,Performa (Technical & Access),Positif,augmented_round1,557
"Beritanya ga objektif bgt, selalu berpihak ke salah satu pihak aja, payah deh kualitasnya...langsung dihapus.",Kualitas Konten,Negatif,augmented_round1,399
Semoga kompas bisa menyajikan perspektif yg lebih beragam dalam meliput satu topik,Kualitas Konten,Netral,augmented_round1,1216
"Alhamdulillah setelah update terakhir tanggal 4 juli, aplikasi sudah bisa diakses normal kembali dan e-paper lancar dibaca. Meski sempat ada kendala akses sebelumnya, tim support kompas cepat merespons dan memperbaikinya. Terima kasih sudah dengarkan feedback pengguna 👍",Performa (Technical & Access),Positif,augmented_round1,968
"Udah bayar paket premium + koran tapi sampai sekarang belum aktif juga, berapa lama sih proses berlangganannya di kompas... sayang uang saya terbuang percuma setiap hari.",Langganan (Subscription & Pricing),Negatif,augmented_round1,685
"Aplikasi sudah lancar dan ga sering crash, meskipun login pakai Apple ID kadang bermasalah, tapi customer service responsif banget lewat WA dan bantuan mereka cepat, cuma telepon aja yang susah diangkat. Overall performa aplikasinya bagus sih.",Performa (Technical & Access),Positif,augmented_round1,711
"Beritanya selalu aktual, akurat, dan sangat terpercaya banget",Kualitas Konten,Positif,augmented_round1,338
Kompas memberikan informasi yang sangat akurat dan terpercaya bgt,Kualitas Konten,Positif,augmented_round1,211
"Berita olahraga nya ketinggalan banget, gak ada liputan transfer pemain terbaru. Update nya lambat bgt dibanding media lain.",Kualitas Konten,Negatif,augmented_round1,336
"Berita di sini sering misleading dan ga akurat, judulnya berlebihan padahal isinya beda jauh sama kenyataan. Contohnya coverage kerusuhan Pekanbaru kemarin, konteks lengkapnya ga dijelasin, cuma sensasi doang. Sayang banget, jadi males buka aplikasi ini lagi.",Kualitas Konten,Negatif,augmented_round1,675
"Senang bgt, beritanya akurat dan kredibel",Kualitas Konten,Positif,augmented_round1,295
"Aplikasi ini responsif dan stabil meski koneksi internet lagi lemot, loading tetap cepat.",Performa (Technical & Access),Positif,augmented_round1,821
Mau baca berita aja harus keluar duit...?!,Langganan (Subscription & Pricing),Negatif,augmented_round1,440
Berita-beritanya udah mulai berpihak banget deh.,Kualitas Konten,Negatif,augmented_round1,19
"Beritanya akurat dan selalu update, terus berkembang ya kompas",Kualitas Konten,Positif,augmented_round1,482
"Tiba-tiba jadi berbayar, langsung aku hapus. Dulu kan gratis, sekarang minta bayaran.",Langganan (Subscription & Pricing),Negatif,augmented_round1,493
"Kompas selalu memberikan berita yg akurat dan terpercaya, sesuai standar jurnalistik Harian Kompas yg udah terjaga selama ini.",Kualitas Konten,Positif,augmented_round1,556
"Pemberitaannya ga netral bgt, selalu berpihak ke salah satu pihak, payah deh...langsung aku uninstall.",Kualitas Konten,Negatif,augmented_round1,399
"Alhamdulillah setelah update terakhir tanggal 4 Juli, aplikasi sudah bisa diakses dengan normal lagi dan e-paper bisa dibaca lancar tanpa error login. Terima kasih tim support yang cepat merespons dan memperbaiki masalahnya 👍",Performa (Technical & Access),Positif,augmented_round1,968
"Beritanya selalu update dan akurat, aplikasinya bagus banget. Semoga terus berkembang 👍",Kualitas Konten,Positif,augmented_round1,248
"Kontennya banyak yg tidak kredibel dan sering meleset dr fakta, jadi malas buka aplikasinya",Kualitas Konten,Negatif,augmented_round1,416
Aplikasi sampah tapi minta bayar banyak,Langganan (Subscription & Pricing),Negatif,augmented_round1,1024
"Sudah bayar langganan bulanan tapi akun masih belum teraktivasi, kenapa gini?",Performa (Technical & Access),Negatif,augmented_round1,549
"Udah bayar langganan tapi sistemnya ga recognize. Akses artikel jadi terblokir terus, ini gimana sih",Performa (Technical & Access),Negatif,augmented_round1,877
Kontennya semakin berkualitas dan terpercaya banget,Kualitas Konten,Positif,augmented_round1,113
"Aplikasinya boros data banget, pemakaian kuota bulanan jadi membengkak sampe urutan teratas setelah youtube doang.",Performa (Technical & Access),Negatif,augmented_round1,1120
Sudah langganan tapi aplikasi ga bisa buka e-paper kompas..sangat mengecewakan..aneh banget klo udah download file malah error ga bisa dibuka..ini beneran bikin kesal..minta diperbaiki segera.,Performa (Technical & Access),Negatif,augmented_round1,970
"Beritanya akurat dan informatif, plus bisa diskusi sama pembaca lain juga seru",Kualitas Konten,Positif,augmented_round1,878
"Kompas selalu memberikan berita yang akurat dan terpercaya, jadi ga heran ayah saya tetap setia berlangganan sejak dulu.",Kualitas Konten,Positif,augmented_round1,910
"Sudah transfer pembayaran Kompas Premium + Koran tapi akun saya sampe sekarang masih belum aktif, padahal udah menunggu lama bgt. Berapa lama sih proses aktivasi berlangganan di Kompas? Jadi rugi waktu nih.",Performa (Technical & Access),Negatif,augmented_round1,685
"Harganya terjangkau banget, udah 2 tahun langganan dan totally worth it",Langganan (Subscription & Pricing),Positif,augmented_round1,770
"Beritanya akurat dan komprehensif, nyediain info terkini dari dalam maupun luar negeri dengan sangat baik",Kualitas Konten,Positif,augmented_round1,215
"Aplikasi nya bagus sih, tapi navigasi e-paper nya ribet banget. Ga ada tombol untuk balik ke halaman utama, jadi mesti tutup aplikasi terus buka lagi biar bisa akses menu awal. Fitur ini perlu dibenerin dong.",Fungsionalitas,Negatif,augmented_round1,984
"Awalnya aplikasi saya error dan susah login pake email sama google, tapi setelah hubungi admin kompas lewat wa langsung ditangani dan sekarang bisa akses lagi dengan lancar. Appreciate banget responsnya admin!",Performa (Technical & Access),Positif,augmented_round1,665
"Dulu lancar buka aplikasinya, sekarang jadi lambat dan ribet banget.",Performa (Technical & Access),Negatif,augmented_round1,454
Semoga bisa ditambahkan opsi landscape biar lebih nyaman baca beritanya,Tampilan (UI/UX),Netral,augmented_round1,944
"Berita yang komprehensif dan terpercaya, memudahkan cari informasi akurat. Mantap jadi solusi lawan berita palsu 👍",Kualitas Konten,Positif,augmented_round1,467
"Baru install, artikel langsung ilang dan harus download lagi berkali-kali.. ini bug apa sih?? gimana cara mengatasinya",Performa (Technical & Access),Negatif,augmented_round1,1114
"Berita-beritanya selalu objektif dan netral, bebas dari bias politik dan kepentingan tertentu.",Kualitas Konten,Positif,augmented_round1,895
"Aplikasinya lancar banget dan stabil, nggak pernah crash atau lag sama sekali.",Performa (Technical & Access),Positif,augmented_round1,557
Fitur bookmark buat baca nanti sangat membantu banget ketika lg sibuk dan ga sempat baca berita sekarang.,Fungsionalitas,Positif,augmented_round1,813
Semoga konten berita global di kompas bisa lebih mendalam dan mencakup berbagai perspektif yg berbeda,Kualitas Konten,Netral,augmented_round1,1210
Artikelnya informatif banget dan selalu bikin paham masalahnya lebih dalam 👍,Kualitas Konten,Positif,augmented_round1,379
fitur dengarkan berita super membantu saat lagi sibuk dan ga bisa fokus ke layar,Fungsionalitas,Positif,augmented_round1,805
"Aplikasinya jadi lebih stabil dan lancar setelah update terakhir, nggak crash lagi.",Performa (Technical & Access),Positif,augmented_round1,1126
"Kompas tuh sering bikin berita yg misleading bgt, judulnya aja udah bisa nyesatin pembaca, kayak pas nulis tentang korupsi tapi judulnya dibuat seolah² membenarkan, terus pake foto yg bikin kesan salah, ini sih ga kredibel sama sekali.",Kualitas Konten,Negatif,augmented_round1,964
"Beritanya akurat dan kredibel, penulisannya bagus, ga clickbait, dan bener-bener memperluas pengetahuan dengan perspektif yg berimbang.",Kualitas Konten,Positif,augmented_round1,309
"Beritanya kurang cepat update, kompetitor udah publish duluan baru kompas menyusul, jadi kecewa",Kualitas Konten,Negatif,augmented_round1,1187
"Kontennya akurat dan kredibel banget, ga ada berita palsu. Saya rutin baca setiap hari. Semoga terus jaga standar jurnalisme yang bagus.",Kualitas Konten,Positif,augmented_round1,558
Mohon kompas selalu objektif dalam meliput semua kalangan tanpa pandang bulu,Kualitas Konten,Netral,augmented_round1,1217
Harga berlangganan sebanding banget sama kualitas konten analisisnya.,Langganan (Subscription & Pricing),Positif,augmented_round1,763
"Awalnya oke, tapi sekarang aplikasinya sering error dan gabisa dibuka di ponsel saya. Fitur-fiturnya juga banyak yang error. Tolong diperbaiki dong admin, jadi kesel banget 😞",Performa (Technical & Access),Negatif,augmented_round1,622
"Artikel-artikelnya selalu informatif dan berbobot, bikin saya terus update dengan berita terkini dan analisis mendalam setiap hari.",Kualitas Konten,Positif,augmented_round1,1157
Pembayaran langganan langsung diproses dan akun premium bisa langsung digunakan tanpa perlu menunggu lama.,Langganan (Subscription & Pricing),Positif,augmented_round1,826
apakah semua konten di kompas id memerlukan paket berlangganan untuk bisa dibaca,Langganan (Subscription & Pricing),Netral,augmented_round1,986
"Aplikasinya loading super cepat dan responsif banget, semoga terus dipertahankan performanya biar makin smooth.",Performa (Technical & Access),Positif,augmented_round1,667
"Fitur share ke media sosial sangat praktis dan cepat, cukup sekali tekan udah langsung bisa dibagikan.",Fungsionalitas,Positif,augmented_round1,1179
Responsif banget dalam menangani masalah teknis pengguna,Performa (Technical & Access),Positif,augmented_round1,1058
Gratis berlangganan jadi alasan kasih bintang 5 wkwkwk,Langganan (Subscription & Pricing),Positif,augmented_round1,866
"Udah langganan setahun lebih, tapi tiba-tiba login ga bisa masuk ke e-paper. Ini udah ketiga kalinya error gini, bener2 kesel.",Performa (Technical & Access),Negatif,augmented_round1,1030
"Kompas adalah media terkemuka yg pemberitaannya selalu akurat, kredibel, dan memberikan sudut pandang yg seimbang.",Kualitas Konten,Positif,augmented_round1,164
"Mau baca berita offline tapi langsung disuruh bayar, ga ada coba-coba dulu.",Langganan (Subscription & Pricing),Negatif,augmented_round1,341
"Seru banget dapet akses penuh ke semua konten Kompas dengan harga yang super terjangkau, worth it bgt buat baca berita berkualitas! 👍😊",Langganan (Subscription & Pricing),Positif,augmented_round1,690
"Fitur e-paper yg udah didownload masih aja butuh koneksi internet, jadi ga bisa dibaca offline di pesawat. dulu versi lamanya bisa dibaca tanpa internet, padahal jauh lebih praktis meskipun kontrol di bawah halaman ga ilang otomatis.",Fungsionalitas,Negatif,augmented_round1,700
"Aplikasinya lancar banget, ga pernah lag. CS nya juga super responsif, reply nya cepat. Mantap!",Performa (Technical & Access),Positif,augmented_round1,163
Konten beritanya kurang detail dan tidak menyeluruh,Kualitas Konten,Negatif,augmented_round1,228
"Aplikasinya udah stabil dan berjalan lancar, meskipun login Apple ID kadang bermasalah, tapi customer service-nya responsif banget lewat WA dan membantu dengan cepat, hanya telepon aja yang jarang diangkat, overall performa akses dan kecepatan respons cukup memuaskan.",Performa (Technical & Access),Positif,augmented_round1,711
"Karena harus keluarin setengah juta buat langganan, akhirnya saya uninstall aja",Langganan (Subscription & Pricing),Negatif,augmented_round1,200
"Lebih hemat dan praktis langganan digital Kompas.id dibanding beli koran cetak, bisa dibaca kapan aja dan dimana aja tanpa repot 🙂",Langganan (Subscription & Pricing),Positif,augmented_round1,369
"Berlangganan premium kompas id worth it banget, harganya sangat terjangkau",Langganan (Subscription & Pricing),Positif,augmented_round1,766
"Beritanya informatif banget, bisa nambahin ilmu dan wawasan kita setiap hari.",Kualitas Konten,Positif,augmented_round1,269
"Aplikasinya stabil banget, nggak pernah crash atau force close. Berita-beritanya bagus dan cara penyampaiannya paling oke deh.",Performa (Technical & Access),Positif,augmented_round1,561
Harap kompas tetap menjaga konsistensi kualitas penulisan di setiap artikel yang dipublikasikan,Kualitas Konten,Netral,augmented_round1,1227
"Sudah bayar berlangganan setahun tapi aplikasi tetap error, gabisa buka berita sama sekali, ini kenapa sih?",Performa (Technical & Access),Negatif,augmented_round1,544
Aplikasinya punya desain yang user-friendly dan navigasinya sangat intuitif bgt.,Tampilan (UI/UX),Positif,augmented_round1,868
"Harga langganan premium Kompas super terjangkau dan worth it banget, bisa akses semua konten berkualitas tanpa batasan. Recommended! 👍😊",Langganan (Subscription & Pricing),Positif,augmented_round1,690
Berita nya mulai berpihak banget nih.,Kualitas Konten,Negatif,augmented_round1,19
"Artikelnya selalu update, akurat, dan berimbang. Mantap banget!",Kualitas Konten,Positif,augmented_round1,402
"aplikasi langsung bisa diakses tanpa delay setelah pembayaran berhasil diproses, akun premium langsung aktif",Performa (Technical & Access),Positif,augmented_round1,826
"Berita tentang timnas gak aktual bgt, masih nampil berita lama dr 2023 padahal udah ada yg lebih baru.",Kualitas Konten,Negatif,augmented_round1,865
"Aplikasi kompas id setelah diupdate jadi lebih responsif dan lancar banget, ga ada hambatan saat scrolling.",Performa (Technical & Access),Positif,augmented_round1,829
kenapa nama file nya ngeblok tulisan di belakang sih,Tampilan (UI/UX),Negatif,augmented_round1,874
"Udah langganan tahunan tapi aplikasi Kompas ga bisa dibuka di iPad Air lama saya karena minimum iOS requirement-nya iOS 14, padahal device saya cuma bisa update sampai iOS 12. Jadi sekarang ga bisa akses ePaper sama sekali, padahal saya pembaca setia. Tolong dong support iOS 12 lagi biar saya ga perlu ganti device.",Performa (Technical & Access),Negatif,augmented_round1,714
"Aplikasi nya user friendly sih, tapi sayang banget udah bayar premium masih aja dikasih iklan besar-besaran. Harusnya bisa dihilangkan dong 😤",Langganan (Subscription & Pricing),Negatif,augmented_round1,620
"Redaksi ga transparan, berita bisa dipengaruhi uang.",Kualitas Konten,Negatif,augmented_round1,1093
"Beritanya selalu berpihak, porsi liputan ga seimbang antara satu pihak sama pihak lainnya.",Kualitas Konten,Negatif,augmented_round1,1196
Beritanya cukup akurat dan informatif banget,Kualitas Konten,Positif,augmented_round1,96
"Berita di app ini banyak yg udah expired, terutama lowongan kerja nya ga pernah diupdate. Gimana sih bisa bermanfaat kalo konten nya gak aktual & relevan? Tolong dong jangan asal posting berita kaya gitu, harusnya lebih profesional dalam kurasi konten.",Kualitas Konten,Negatif,augmented_round1,1151
"Berlangganan di sini terbukti worth it, konten jurnalistiknya berkualitas tinggi dan harganya masih terjangkau untuk berita setepat ini.",Langganan (Subscription & Pricing),Positif,augmented_round1,1124
"Akses login via Google lancar banget, ga perlu verifikasi berkali-kali",Performa (Technical & Access),Positif,augmented_round1,1183
"Aplikasi ini stabil banget, ga pernah crash selama sebulan pemakaian terakhir",Performa (Technical & Access),Positif,augmented_round1,823
Berita yg akurat dan selalu up to date dari Kompas,Kualitas Konten,Positif,augmented_round1,165
"Kontennya berkualitas dan selalu update, jadi bener-bener bisa jadi teman setia buat ngopi pagi hari. Kompas dalam genggaman ini terbukti informatif dan terpercaya banget!",Kualitas Konten,Positif,augmented_round1,684
"Udah coba baca tp beritanya ga konsisten, fotonya malah ga cocok sama isinya bgt.",Kualitas Konten,Negatif,augmented_round1,1074
Artikelnya informatif dan terpercaya banget,Kualitas Konten,Positif,augmented_round1,1015
"Pakai voucher My Value buat langganan jadi gratis dari poin, dan hasilnya worth it bgt! Baca berita tanpa iklan sama sekali lebih nyaman dan mata ga capek dibanding versi gratisan yang penuh banner iklan mana-mana.",Langganan (Subscription & Pricing),Positif,augmented_round1,623
"Udah bayar berlangganan tapi e paper nya ga mau kebuka, terus selalu error di loading. Sangat mengecewakan 😠",Performa (Technical & Access),Negatif,augmented_round1,360
"Kompas sering kasih promo langganan yg menarik bgt, worth it deh buat dibeli",Langganan (Subscription & Pricing),Positif,augmented_round1,250
"Baca artikel sastra aja udah harus bayar berlangganan, konten gratis makin dikurangi banget",Langganan (Subscription & Pricing),Negatif,augmented_round1,261
masih ragu-ragu mau langganan kompas id atau tidak,Langganan (Subscription & Pricing),Netral,augmented_round1,985
semoga kompas bisa menambahkan perspektif yg lebih beragam dalam meliput setiap isu,Kualitas Konten,Netral,augmented_round1,1216
Kompas adalah media yang menyajikan berita akurat dan kredibel,Kualitas Konten,Positif,augmented_round1,225
"Aplikasi jadi lebih lancar setelah update terbaru, mantap banget!",Performa (Technical & Access),Positif,augmented_round1,1128
"Setelah pembayaran berhasil, akun premium langsung bisa digunakan tanpa perlu menunggu lama",Performa (Technical & Access),Positif,augmented_round1,826
"Admin sangat responsif membantu, awalnya aplikasi ga bisa dibuka padahal sudah berlangganan, tapi dipandu dengan baik lewat WA dan sekarang alhamdulillah bisa akses lancar tanpa masalah, sukses terus Kompas.",Performa (Technical & Access),Positif,augmented_round1,661
"Beritanya ga kredibel bgt, bikin kecewa aja deh.",Kualitas Konten,Negatif,augmented_round1,185
Harap kompas bisa menambah liputan tentang masalah kesehatan masyarakat khususnya di wilayah terpencil,Kualitas Konten,Netral,augmented_round1,1230
"Aplikasi ini ringan dan responsif, memudahkan saya buat baca berita kapan saja dimana saja",Performa (Technical & Access),Positif,augmented_round1,209
"Banyak artikel di sini bias banget, kayaknya lebih fokus cari klik daripada berita yg objektif dan terpercaya.",Kualitas Konten,Negatif,augmented_round1,453
"Beritanya akurat, aktual, dan sangat kredibel",Kualitas Konten,Positif,augmented_round1,437
"Konten rubrik Jendela ga tersedia di edisi cetak, padahal itu konten unggulan yg harusnya ada. Mesti bayar mahal buat akses digital, sangat mengecewakan banget.",Kualitas Konten,Negatif,augmented_round1,688
"Udah bayar premium setahun tp berita yg ditampilkan ga lengkap bgt, cerpen harusnya banyak malah cuma 4 doang, terus konten humaniora ilang kemana? menu jg berantakan, berita hukum muncul di ekonomi, ini ga terorganisir sama sekali, tolong diperbaiki!",Kualitas Konten,Negatif,augmented_round1,616
"Fitur e-paper nya ada masalah, nomor halaman di sisi kanan selalu nutup sebagian konten berita, jadi susah banget bacanya. Ini bikin pengalaman membaca jadi ga nyaman dan mengganggu.",Tampilan (UI/UX),Negatif,augmented_round1,638
"Artikelnya selalu akurat dan mendalam, dengan pembahasan isu-isu terkini yang mengutamakan perspektif kemanusiaan.",Kualitas Konten,Positif,augmented_round1,162
"Aplikasinya stabil banget, nggak pernah crash atau force close. Berita bagus dan loading cepat, puas deh pake Kompas.id.",Performa (Technical & Access),Positif,augmented_round1,561
Aplikasi kompas.id sering error dan susah dibuka. Sangat mengecewakan. Udah coba uninstall install ulang tapi masih bermasalah,Performa (Technical & Access),Negatif,augmented_round1,923
"Aplikasi sudah berjalan dengan mulus di iPad, terima kasih developer atas responsnya!",Performa (Technical & Access),Positif,augmented_round1,555
"Meskipun aplikasinya sering bermasalah, isi beritanya sangat berkualitas dan terpercaya, jadi sayang banget kalau fitur teknisnya kurang optimal padahal konten Kompas.id emang jadi salah satu sumber informasi paling akurat dan kredibel yang bisa diandalkan.",Kualitas Konten,Positif,augmented_round1,617
Kompas selalu memberikan berita yg akurat dan bisa dipercaya,Kualitas Konten,Positif,augmented_round1,155
Untuk akses konten lengkap di kompas id memang harus bayar berlangganan,Langganan (Subscription & Pricing),Netral,augmented_round1,986
"Berita di aplikasi ini udah mulai banyak yang clickbait dan berisi framing politik, padahal dulu kompas tuh kredibel banget. Tolong dong kembali ke jurnalisme yang objektif dan akurat, jangan ikutan mainstream media lainnya yang cuma cari sensasi. Kasih 2 bintang dulu sampe berita-beritanya bener2 netral dan factual lagi, baru bisa naik rating.",Kualitas Konten,Negatif,augmented_round1,679
Setiap kali scroll pasti langsung crash aplikasinya,Performa (Technical & Access),Negatif,augmented_round1,567
"Berita olahraga Kompas.id terlalu lama di-update, hasil pertandingan muncul berjam-jam kemudian bgt, padahal aplikasi lain udah publish duluan.",Kualitas Konten,Negatif,augmented_round1,1186
"Konten berita memang banyak, tapi kenapa ga ada fitur filter berita berdasarkan tanggal atau arsip? Jadi kalo mau cari berita lama harus scroll berkali-kali, padahal udh berlangganan premium nih.",Fungsionalitas,Negatif,augmented_round1,618
"Aplikasi sering error saat login, terus notifikasi stuck dan ga bisa hilang meski udah dibaca semua. Perlu diperbaiki bgt.",Performa (Technical & Access),Negatif,augmented_round1,650
"Berita dan konten di sini selalu akurat dan terpercaya bgt, cocok banget buat yang pengen update info terkini. Recommended parah deh, apalagi fitur-fiturnya lengkap dan informatif. Luv it!",Kualitas Konten,Positif,augmented_round1,637
"Kompas emang parah, foto sama judulnya gak cocok sama sekali, beritanya jadi misleading bgt.",Kualitas Konten,Negatif,augmented_round1,317
"Aplikasi nya lumayan sih tapi kenapa ga ada fitur landscape mode? Navigasi nya juga berantakan bgt, bikin susah baca berita di layar hp.",Tampilan (UI/UX),Negatif,augmented_round1,747
"Berita di sini ga seimbang bgt, selalu berpihak ke satu arah aja...padahal media harusnya netral dan objektif dalam menyajikan informasi, bukan malah jadi corong pemerintah",Kualitas Konten,Negatif,augmented_round1,673
Mudah-mudahan di update berikutnya ada opsi untuk memperbesar ukuran huruf,Tampilan (UI/UX),Netral,augmented_round1,992
Udah bayar langganan tapi e-paper di aplikasi ga bisa dibuka sama sekali,Performa (Technical & Access),Negatif,augmented_round1,1083
"Berita kompas sering bikin kesel, terutama judulnya yg misleading dan framing-nya bermasalah. Contohnya berita soal korupsi tp judulnya ""Korupsi Bukan Lagi Kejahatan Luar Biasa"" terus pake foto ARB, seolah² mau nyalahkan dia. Ini ga fair dan ga akurat bgt, bikin pembaca salah tangkap maksud beritanya.",Kualitas Konten,Negatif,augmented_round1,964
Kenapa harus bayar buat baca berita.. masih banyak aplikasi berita gratis kok..,Langganan (Subscription & Pricing),Negatif,augmented_round1,916
"Berita olahraga kompas ga real-time banget, hasil match baru keluar berjam-jam kemudian padahal aplikasi lain udah update duluan.",Kualitas Konten,Negatif,augmented_round1,1186
"Berita yg ditampilkan sering duplikat, judulnya sama berulang-ulang bgt.",Kualitas Konten,Negatif,augmented_round1,456
"Berita-beritanya akurat, terpercaya, dan selalu up to date banget",Kualitas Konten,Positif,augmented_round1,443
Desain ikon-ikon navigasi di kompas id sangat intuitif dan gampang dipahami.,Tampilan (UI/UX),Positif,augmented_round1,784
Berita-beritanya selalu akurat dan kredibel banget,Kualitas Konten,Positif,augmented_round1,60
Beberapa fitur audio buttonnya tersembunyi dan susah ditemukan kak,Tampilan (UI/UX),Negatif,augmented_round1,159
"Aplikasinya ga netral banget, berita-beritanya cenderung berpihak ke satu arah aja. Padahal media yang bagus itu harus bisa memberikan perspektif seimbang, bukan selalu memojokkan pemerintah atau selalu membela rakyat. Harusnya lebih objektif dalam menyajikan berita.",Kualitas Konten,Negatif,augmented_round1,673
"Artikelnya informatif, penulisannya rapi & jelas, sangat recommended buat yg mau dapet berita terpercaya di era digital sekarang",Kualitas Konten,Positif,augmented_round1,268
"Saya bakal terus berlangganan selama harganya masih segini, 100 ribu per tahun itu terjangkau banget sih.",Langganan (Subscription & Pricing),Positif,augmented_round1,154
"Admin-nya super responsif banget, awalnya login saya bermasalah padahal udah bayar, tapi langsung dibantu via wa dengan detail, sekarang alhamdulillah akses lancar tanpa hambatan, thanks Kompas!",Performa (Technical & Access),Positif,augmented_round1,661
"Aplikasi lancar banget setelah update, ga pernah crash lagi yeay",Performa (Technical & Access),Positif,augmented_round1,573
apakah semua berita harus berlangganan untuk dibaca,Langganan (Subscription & Pricing),Netral,augmented_round1,125
"Beritanya akurat dan lengkap banget, bisa dipercaya sepenuhnya.",Kualitas Konten,Positif,augmented_round1,1104
"Konten di bagian cetak dan e-paper jarang di-update meski udah di-refresh berkali-kali, sangat mengecewakan",Kualitas Konten,Negatif,augmented_round1,466
Artikelnya informatif dan bener-bener nambah wawasan banget,Kualitas Konten,Positif,augmented_round1,191
"Akun saya gabisa login padahal masih aktif berlangganan, udah hubungi cs berkali-kali tapi masalahnya ga diperbaiki sama sekali. Kecewa bgt.",Performa (Technical & Access),Negatif,augmented_round1,705
"Antarmuka aplikasinya dirancang dengan rapi, bikin pengguna baru gampang beradaptasi tanpa kebingungan.",Tampilan (UI/UX),Positif,augmented_round1,792
"Pemberitaannya masih banyak yg berpihak, jauh dari netral. Itu masalahnya.",Kualitas Konten,Negatif,augmented_round1,189
"Udah bayar langganan tapi pas login malah muncul notif belum berlangganan, padahal transaksi udah masuk.",Performa (Technical & Access),Negatif,augmented_round1,550
Berlangganan digital jauh lebih hemat dibanding beli koran cetak setiap hari,Langganan (Subscription & Pricing),Positif,augmented_round1,768
Tata letak berita di halaman utama ditampilkan dalam format grid dua kolom.,Tampilan (UI/UX),Netral,augmented_round1,1173
Berita disajikan dengan sumber yang kredibel dan analisis cerdas,Kualitas Konten,Positif,augmented_round1,169
"Berita-beritanya selalu up to date dan terpercaya, aplikasi yang patut dicoba bgt!",Kualitas Konten,Positif,augmented_round1,524
"Penulis di Kompasiana perlu filter yg lebih ketat, banyak artikel yg ga bermutu dan asal-asalan aja nih",Kualitas Konten,Negatif,augmented_round1,1086
"Kenapa aplikasinya error terus, jadi nggak bisa akses koran Kompas?",Performa (Technical & Access),Negatif,augmented_round1,179
"Harganya terjangkau bgt, 100 ribu per tahun bakalan terus aku langganan deh.",Langganan (Subscription & Pricing),Positif,augmented_round1,154
"Setelah update terbaru, epaper jadi error dan ga bisa diakses sama sekali",Performa (Technical & Access),Negatif,augmented_round1,582
"Banyak artikel di sini bias dan berpihak, kayaknya cuma demi naikin engagement dan cari duit doang sih.",Kualitas Konten,Negatif,augmented_round1,453
"Beritanya selalu berpihak, satu sudut pandang ditonjolkan jauh lebih besar daripada perspektif lainnya",Kualitas Konten,Negatif,augmented_round1,1196
"Berita akurat dan terkini, jadi ga khawatir ketemu informasi palsu",Kualitas Konten,Positif,augmented_round1,385
Apakah sudah ada opsi mode landscape untuk membaca artikelnya?,Tampilan (UI/UX),Netral,augmented_round1,783
Konten beritanya akurat dan terpercaya banget,Kualitas Konten,Positif,augmented_round1,69
"Kompas tetap menjaga kredibilitas berita meski memberikan kritik konstruktif, berita-beritanya selalu akurat dan tidak berlebihan dalam menyoroti isu.",Kualitas Konten,Positif,augmented_round1,1148
"Berita Kompas akhir-akhir ini banyak yg clickbait dan gak objektif, terlalu banyak framing politik, jadi kecewa bgt soalnya dulu aku percaya sama kredibilitas kalian, tolong kembali ke jurnalisme yg serius dan akurat ya, jangan jadi kaya media lain yg cuma cari sensasi.",Kualitas Konten,Negatif,augmented_round1,679
"Konten Kompas.id selalu aktual dan kredibel, makanya saya udah setia baca sejak masih muda.",Kualitas Konten,Positif,augmented_round1,373
"Aplikasinya memang user-friendly dan fiturnya lengkap, tapi sayangnya konten beritanya ga netral banget dan terasa ada agenda politik di baliknya. Setelah lama berlangganan akhirnya saya uninstall karena berita yg disajikan kurang objektif dan banyak framing, padahal di era sekarang kita butuh pemberitaan yg benar-benar independen.",Kualitas Konten,Negatif,augmented_round1,699
Beritanya terpercaya dan komprehensif..analisisnya banyak banget,Kualitas Konten,Positif,augmented_round1,66
"Fitur notifikasi terlalu banyak muncul dan bikin bete, terus tampilan e-paper nya juga makin buruk nih.",Fungsionalitas,Negatif,augmented_round1,532
"Antarmukanya rapi dan sophisticated, cocok banget sama identitas media berita ternama.",Tampilan (UI/UX),Positif,augmented_round1,790
"Aplikasinya udah stabil dan lancar, login pake Apple ID kadang error tapi customer service di WA responsif banget dan helpful, cuma call center-nya jarang diangkat. Overall kecepatan loading dan respon tim cukup memuaskan.",Performa (Technical & Access),Positif,augmented_round1,711
"Aplikasinya lancar banget saat sinkronisasi akun, ga ada lag atau error sama sekali.",Performa (Technical & Access),Positif,augmented_round1,828
"Proses aktivasi akun premium super cepat, langsung bisa dipakai setelah pembayaran berhasil tanpa perlu tunggu lama.",Langganan (Subscription & Pricing),Positif,augmented_round1,826
"Beritanya ga netral, selalu menguntungkan satu kubu aja sementara pihak lain dikasih porsi jauh lebih kecil",Kualitas Konten,Negatif,augmented_round1,1196
"Berita politiknya kompas selalu akurat dan terpercaya, makanya saya setia jadi pembaca sejak taun 94.",Kualitas Konten,Positif,augmented_round1,487
Mohon pastikan liputan kompas selalu mencakup perspektif dari semua pihak yang terkait,Kualitas Konten,Netral,augmented_round1,1219
"Beritanya bermutu banget, semua artikel isinya substantif dan ga ada sampah, plus bisa didengarkan langsung jadi praktis, e-paper juga lengkap, totally worth it deh untuk berlangganan",Kualitas Konten,Positif,augmented_round1,1152
"Paket berlangganannya terlalu mahal, mending kalo sekali bayar aja dengan harga 30ribu gitu sih",Langganan (Subscription & Pricing),Negatif,augmented_round1,1046
"Berita tentang sepakbola nya ketinggalan zaman bgt, gak ada liputan transfer pemain yg terbaru. Update nya lambat banget.",Kualitas Konten,Negatif,augmented_round1,336
"Fitur copy-paste nya ga ada padahal banyak banget mahasiswa yang butuh untuk tugas makalah, jadi agak kurang berguna sih aplikasinya.",Fungsionalitas,Negatif,augmented_round1,639
"Aplikasi kompas id udah jauh lebih responsif setelah update, ga lag lagi dan berjalan dengan smooth banget 👍",Performa (Technical & Access),Positif,augmented_round1,829
Apakah fitur download e-paper hanya tersedia untuk pengguna premium?,Langganan (Subscription & Pricing),Netral,augmented_round1,1167
"Sering kali login gagal karena server lagi maintenance, bikin kesal banget.",Performa (Technical & Access),Negatif,augmented_round1,533
"seharusnya berita ga perlu bayar biar lebih luas jangkauannya, kan tujuannya kasih info ke publik, pendapatan bisa dari iklan aja kok, tapi kalo sistem berbayar gini jadi pembaca berkurang dan app kurang populer, ya terserah sih keputusan kalian",Langganan (Subscription & Pricing),Negatif,augmented_round1,963
"Berita di Kompas udah sering telat update, kalah cepat dibanding media lain",Kualitas Konten,Negatif,augmented_round1,1185
"Banyak artikel di kompas judulnya bikin tersesat, isinya ga sesuai sama judul, clickbait bgt sih.",Kualitas Konten,Negatif,augmented_round1,1190
"Beritanya mudah dipahami dan langsung masuk ke otak, nggak perlu bingung-bingung",Kualitas Konten,Positif,augmented_round1,141
"Berita-beritanya akurat dan terpercaya banget, Kompas!",Kualitas Konten,Positif,augmented_round1,21
"Berita-beritanya akurat, berimbang, dan selalu mengupas masalah dari berbagai sudut pandang tanpa berpihak pada salah satu pihak.",Kualitas Konten,Positif,augmented_round1,286
"Antarmuka Kompas.id dirancang dengan sangat nyaman, bikin betah baca berita setiap hari.",Tampilan (UI/UX),Positif,augmented_round1,795
"Banyak judul artikel di kompas yg menyesatkan dan ga sesuai sama isi beritanya, terlalu clickbait bgt sih.",Kualitas Konten,Negatif,augmented_round1,1190
"Udah langganan sebelumnya, terus mau perpanjang lagi tapi sistemnya error mulu. Metode pembayaran yg sama kok ditolak, padahal pulsa udah kepotong. Tolong dibenerin dong.",Performa (Technical & Access),Negatif,augmented_round1,660
"Konten bagus sih, tapi tiap kali perpanjang langganan lewat pulsa Indosat selalu error dan akses jadi terblokir, terus harus hubungi CS baru bisa dibuka lagi. Udah berbulan-bulan gini tapi ga ada perbaikan sama sekali, jadi ribet banget setiap bulan gini terus. Tolong diperbaiki dong sistemnya biar lancar waktu pembayaran via pulsa 🙏",Performa (Technical & Access),Negatif,augmented_round1,649
"Kompas.id memberikan berita yg akurat dan terpercaya, mulai dr politik, selebriti, tokoh masyarakat, kesehatan, hingga traveling ke destinasi wisata Nusantara, semua kontennya informatif dan menginspirasi untuk memperluas wawasan 🇮🇩❤️🙏",Kualitas Konten,Positif,augmented_round1,1141
Saatnya konsumsi berita yg kredibel dan informatif..,Kualitas Konten,Positif,augmented_round1,283
"Banyak artikel di sini bias banget, kayaknya cuma demi tarik klik dan duit aja sih.",Kualitas Konten,Negatif,augmented_round1,453
"Semoga aplikasi Kompas.id bisa tersedia juga di Windows Store supaya lebih mudah diakses dari PC dan Laptop, karena lebih nyaman dibaca di layar yang lebih besar.",Performa (Technical & Access),Netral,augmented_round1,695
"Konten rubrik Jendela ga lengkap di edisi cetak, cuma bisa dibaca di versi berbayar yang harganya mahal bgt, sangat mengecewakan padahal itu rubrik favorit saya.",Kualitas Konten,Negatif,augmented_round1,688
"Berita yang informatif, kredibel dan substantif",Kualitas Konten,Positif,augmented_round1,887
"Konten olahraga dan teknologi di kompas.id terlalu superfisial, cuma fokus ke berita headline aja tanpa pendalaman yg memadai.",Kualitas Konten,Negatif,augmented_round1,1202
"Aplikasi berjalan stabil dan responsif, meskipun login via Apple ID kadang bermasalah, tapi customer service lewat WA sangat membantu dan cepat tanggap, hanya telepon aja yang jarang diangkat, overall performa aplikasinya bagus bgt.",Performa (Technical & Access),Positif,augmented_round1,711
"Banyak artikel di kompas punya judul yg menyesatkan, isinya ga sesuai sama judulnya, bener2 clickbait banget deh.",Kualitas Konten,Negatif,augmented_round1,1190
"Berita yg ga akurat soal keluarga kelaparan, malah nyalahkan agama islam. Ini bukan jurnalisme yg kredibel",Kualitas Konten,Negatif,augmented_round1,896
Berita dr kompas.id jauh lbh akurat dan terpercaya dibanding sumber berita lainnya,Kualitas Konten,Positif,augmented_round1,391
"Aplikasinya sering error pas mau login, terus artikelnya juga jarang bisa dibuka dengan lancar 😢",Performa (Technical & Access),Negatif,augmented_round1,899
"Aplikasinya oke sih, tapi dark mode nya masih kurang sempurna, banyak artikel yang backgroundnya tetap putih terang. Tolong diperbaiki biar dark mode nya benar-benar gelap semua ya, biar mata ga silau.",Tampilan (UI/UX),Negatif,augmented_round1,1140
"Sudah bayar berlangganan tapi fitur premium tetap ga bisa diakses, customer service juga susah banget dihubungi dan lama respon.",Performa (Technical & Access),Negatif,augmented_round1,352
Beritanya kredibel dan komprehensif banget 👍⭐⭐⭐⭐⭐,Kualitas Konten,Positif,augmented_round1,86
"Aplikasinya dirancang dengan antarmuka yang sangat user-friendly, navigasinya intuitif banget dan enak digunakan, plus ada fitur-fitur inovatif kayak text-to-speech yang bikin pengalaman membaca jadi lebih praktis.",Tampilan (UI/UX),Positif,augmented_round1,656
"Sayang banget harus bayar langganan terpisah, padahal Kompas biasa dan Kompas.id bisa aja digabung aja aksesnya, jadi ga perlu ngabisin duit dobel.",Langganan (Subscription & Pricing),Negatif,augmented_round1,145
"aplikasi sekarang udah bisa dibuka portrait lagi setelah komplain, responsnya cepat banget!",Performa (Technical & Access),Positif,augmented_round1,569
Fitur share email kok ilang sih? Padahal kirim lewat email jauh lebih praktis dan formatnya lebih jelas dibaca. Tolong dikembaliin dong fitur tsb.,Fungsionalitas,Negatif,augmented_round1,729
"Konten sampah tapi minta bayar, sayang banget deh",Langganan (Subscription & Pricing),Negatif,augmented_round1,401
apakah tersedia opsi berlangganan dengan pembayaran mingguan,Langganan (Subscription & Pricing),Netral,augmented_round1,987
"Aplikasi kompas id sekarang jauh lebih responsif dan login jadi super mudah, performa keseluruhan juga meningkat drastis setelah update terbaru. Mantap banget kerja developernya!",Performa (Technical & Access),Positif,augmented_round1,722
"Beritanya akurat dan selalu terkini, terpercaya banget deh sejak jaman dulu ya",Kualitas Konten,Positif,augmented_round1,288
Berita yg selalu aktual dan kredibel banget,Kualitas Konten,Positif,augmented_round1,254
"Tolong diperbaiki lagi layout ePaper nya, banyak yang nutup teks nya",Tampilan (UI/UX),Negatif,augmented_round1,870
"Berita di kompas banyak ga akurat, editorial nya kurang teliti bgt dalam verifikasi fakta",Kualitas Konten,Negatif,augmented_round1,1194
"Pakai voucher dr My Value jadi gratis dari poin, dan bener2 worth it bgt!! Baca berita tanpa iklan itu jauh lebih nyaman dan mata ga capek, jauh beda sama versi gratis yg penuh iklan mulu.",Langganan (Subscription & Pricing),Positif,augmented_round1,623
Aplikasi ini tetap lancar dan responsif meskipun jaringan internet lagi lemot.,Performa (Technical & Access),Positif,augmented_round1,821
"Antarmuka aplikasi ini sangat intuitif dan nyaman digunakan, navigasinya jelas dan tidak membingungkan sama sekali.",Tampilan (UI/UX),Positif,augmented_round1,620
"Kompas terbukti jadi pilihan utama untuk berita akurat dan terpercaya di Indonesia, meski konten berkualitas memang butuh investasi besar, tapi aplikasinya tetap bisa diakses gratis untuk pembaca setia seperti saya.",Kualitas Konten,Positif,augmented_round1,691
"Banyak artikel di Kompas punya fakta yg tidak akurat, kayaknya editorial control nya lemah bgt",Kualitas Konten,Negatif,augmented_round1,1194
"Sering ada penawaran menarik untuk langganan, harganya jadi lebih terjangkau dan worth it bgt deh",Langganan (Subscription & Pricing),Positif,augmented_round1,250
"Aplikasi sering error, konten ga bisa dimuat sama sekali",Performa (Technical & Access),Negatif,augmented_round1,1099
"Aplikasi ini ribet banget, harus login terus menerus juga",Performa (Technical & Access),Negatif,augmented_round1,507
"Promo flash-nya murah banget, langsung aku ambil kesempatan itu",Langganan (Subscription & Pricing),Positif,augmented_round1,769
"aplikasi udah bisa dibuka portrait mode lagi setelah komplain, mantap tim development nya!",Performa (Technical & Access),Positif,augmented_round1,569
"kak minta bantuan dong, udah punya kode voucher kompas 1 bulan tapi ga tau cara redeem nya gimana?",Langganan (Subscription & Pricing),Netral,augmented_round1,463
"Aplikasinya error, gabisa terhubung ke server",Performa (Technical & Access),Negatif,augmented_round1,75
"Artikel di kompas id ditampilkan dengan spasi yang lapang, jadi enak dibaca.",Tampilan (UI/UX),Positif,augmented_round1,782
"Aplikasinya lancar banget, ga pernah lag. Customer service juga responsif, thanks!",Performa (Technical & Access),Positif,augmented_round1,163
"Paywallnya berat banget, tiap artikel berita mesti bayar. Sayang sih, banyak platform berita lain yang gratis kok, mending kesana aja daripada keluar uang.",Langganan (Subscription & Pricing),Negatif,augmented_round1,1087
apakah semua fitur kompas id memerlukan paket berlangganan untuk bisa diakses,Langganan (Subscription & Pricing),Netral,augmented_round1,986
Aplikasi responsif dan keluhan cepat ditangani.. mantap 👍,Performa (Technical & Access),Positif,augmented_round1,282
"Langganan digital jauh lebih hemat dibanding beli koran fisik setiap hari, jadi ga perlu keluar banyak uang lagi",Langganan (Subscription & Pricing),Positif,augmented_round1,768
Mohon pertimbangkan untuk menambahkan opsi font yang lebih casual di aplikasi Kompas.id,Tampilan (UI/UX),Netral,augmented_round1,993
Kenapa harus bayar langganan padahal aplikasi berita lain bisa dibaca gratis?,Langganan (Subscription & Pricing),Negatif,augmented_round1,602
"Fitur baca berita nya bermasalah bgt, harus buka link terus lompat ke browser, jadi aplikasinya ga berguna sama sekali..aplikasi sekelas kompas kok bisa jelek banget gini sih, mending di hapus aja deh.",Fungsionalitas,Negatif,augmented_round1,731
Beritanya akurat dan sangat terpercaya banget,Kualitas Konten,Positif,augmented_round1,366
"Berita yang akurat, independen, dan bisa dijadiin sumber informasi terpercaya.",Kualitas Konten,Positif,augmented_round1,1098
Harga langganannya jauh lebih murah dibanding manfaat yang bisa didapatkan setiap bulannya,Langganan (Subscription & Pricing),Positif,augmented_round1,771
"Fitur baca berita ada tapi langsung dibuka di browser, jadi aplikasinya cuma shell doang ga berguna",Fungsionalitas,Negatif,augmented_round1,308
"Layout menu edisi digital yang mirip dengan koran cetak bikin pengalaman membaca terasa natural, dan interface aplikasinya super user-friendly sehingga bisa nikmatin konten Kompas kapan aja dan dimana aja tanpa ribet.",Tampilan (UI/UX),Positif,augmented_round1,1138
"Beritanya akurat dan informatif bgt, semoga ke depannya bisa diakses gratis untuk semua pengguna.",Kualitas Konten,Positif,augmented_round1,231
"Konten beritanya selalu terkini dan kredibel, jadi saya senang baca di sini",Kualitas Konten,Positif,augmented_round1,181
"Harga berlangganannya sangat terjangkau bgt, totally worth it untuk dapetin akses baca berita kapan aja dan di mana aja bahkan tanpa internet.",Langganan (Subscription & Pricing),Positif,augmented_round1,1077
"Konten beritanya berpihak bgt, ga objektif dan kurang berbobot",Kualitas Konten,Negatif,augmented_round1,419
"Aplikasi kompas id sekarang sudah lancar, bug login yang bikin repot udah berhasil diperbaiki",Performa (Technical & Access),Positif,augmented_round1,822
"Bayar langganan 360rb lewat Gojek tapi statusnya ga aktif pas buka e-paper, terus coba lagi lewat Apple malah ditagih lagi 359rb, padahal pembayaran pertama ilang dari sistem langganan, beneran rugi banget!",Langganan (Subscription & Pricing),Negatif,augmented_round1,710
"Aplikasi sudah berjalan dengan mulus di iPad, terima kasih atas dukungan cepat dari tim developer!",Performa (Technical & Access),Positif,augmented_round1,555
"Udah bayar langganan bulanan 50rb tapi kenapa fitur e-paper masih harus download terus-terusan? Setiap kali buka koran harus download lagi per tanggal, padahal udah pernah didownload sebelumnya. Pas aplikasi ditutup trus dibuka lagi, file yg udah ada malah diminta download ulang. Ini boros kuota bgt, tolong diperbaiki sistemnya dong.",Fungsionalitas,Negatif,augmented_round1,689
"Berita di kompas udah ga netral lagi, sumber yg diambil selalu dari pihak yg sama aja",Kualitas Konten,Negatif,augmented_round1,1197
"Berita-beritanya akurat, mendalam, dan sangat bisa dipercaya banget",Kualitas Konten,Positif,augmented_round1,519
"Aplikasi ini udah berjalan dengan stabil dan responsif di iPhone saya dengan iOS 12, loading berita juga cepat dan ga pernah crash. Semoga ke depannya bisa ditambah fitur pengaturan ukuran font biar lebih fleksibel saat membaca.",Performa (Technical & Access),Positif,augmented_round1,983
"Udah login pake email tapi tetap gabisa buka berita, muncul error terus menerus. Aplikasi ini benar-benar ribet dan bikin kesel 😤",Performa (Technical & Access),Negatif,augmented_round1,929
"Mau baca berita lengkap harus bayar berlangganan dulu, sayang banget 😭 Jadi gak bisa dapetin informasi detail tanpa upgrade. Aplikasi ini kurang membantu buat saya...",Langganan (Subscription & Pricing),Negatif,augmented_round1,671
"Konten berita lokal di Kompas jauh ketinggalan, updatenya lambat bgt dan sangat kurang dibanding portal berita daerah lainnya.",Kualitas Konten,Negatif,augmented_round1,1189
"Aplikasi ini sering hang, loading-nya super lama banget sampai akhirnya error dan gagal buka. Ini terjadi terus-menerus padahal udah bayar langganan setahun, jadi kecewa... Padahal Kompas.id tuh sumber berita terpercaya sih.",Performa (Technical & Access),Negatif,augmented_round1,617
Videonya ga mau play sama sekali,Performa (Technical & Access),Negatif,augmented_round1,26
apakah ada fitur untuk mengakses e-paper edisi sebelumnya di bagian arsip aplikasi,Fungsionalitas,Netral,augmented_round1,799
"konten di bagian cetak dan e-paper jarang diperbarui, meskipun udah di-refresh berkali-kali",Kualitas Konten,Negatif,augmented_round1,466
"Aplikasi lancar banget setelah diinstall ulang, login akun jadi mudah tanpa masalah, thanks tim nya",Performa (Technical & Access),Positif,augmented_round1,824
"Aplikasinya berjalan dengan smooth, ga ada lag dan sangat responsif banget.",Performa (Technical & Access),Positif,augmented_round1,249
Apakah ada fitur untuk print e-paper koran langsung dari aplikasi ini?,Fungsionalitas,Netral,augmented_round1,194
"Bayar langganan 6 bulan tapi fitur download pdf nya error mulu, sayang banget uangnya terbuang sia-sia gini 😤",Langganan (Subscription & Pricing),Negatif,augmented_round1,596
Layanan customer service kompas id cukup cepat merespons ketika saya mengalami masalah login berlangganan,Performa (Technical & Access),Positif,augmented_round1,827
"Udah langganan e-paper tp setiap kali mau baca harus download lagi, padahal harusnya bisa tersimpan jadi PDF aja biar ga perlu download berkali-kali dan app ga jadi lemot.. apalagi sekarang udah berat bgt pas ganti halaman e-paper nya, jadi kecewa deh.",Fungsionalitas,Negatif,augmented_round1,686
"Aplikasi kompas digital ga bisa dibuka di ipad mini 3 saya sejak kemarin, mohon dikembalikan ke sistem lama dong",Performa (Technical & Access),Negatif,augmented_round1,1127
"Kompas udah ga punya nyali buat jurnalisme investigatif yg berani, semua berita jadi aman-aman aja dan kehilangan sifat kritisnya.",Kualitas Konten,Negatif,augmented_round1,1199
"Konten beritanya selalu akurat, menarik, dan terpercaya banget, mantap!",Kualitas Konten,Positif,augmented_round1,1079
"Aplikasi ini sering banget force close, bahkan 3 kali dalam 5 menit itu udah keterlaluan. Terus, fitur landscape mode di iPad juga ga ada padahal itu basic banget. Akses berita premium juga ribet—ga ada opsi subscribe langsung di app, harus lewat web. Honestly, versi web jauh lebih stabil dan lengkap dibanding aplikasi ini.",Performa (Technical & Access),Negatif,augmented_round1,741
Kontennya akurat dan gampang diakses banget,Kualitas Konten,Positif,augmented_round1,832
"Aplikasi udah lancar banget sekarang, ga nge-lag lagi pas scroll berita dan fitur portrait mode-nya jalan sempurna. Seneng deh akhirnya after beberapa bulan komplain, sekarang enak banget baca di iPad tanpa hambatan. Langsung upgrade rating ke 5 stars, tetap jadi pilihan utama buat baca berita kompas.",Performa (Technical & Access),Positif,augmented_round1,717
"Sejak 2023 Kompas udah ga netral lagi, beritanya berpihak dan ga kredibel. Padahal dulu jadi media paling dipercaya, sekarang malah jadi alat politik. Sangat mengecewakan buat pers yg seharusnya jadi pilar demokrasi",Kualitas Konten,Negatif,augmented_round1,961
"Beritanya selalu berpihak, coverage untuk satu sisi jauh lebih banyak dibanding yang lain.",Kualitas Konten,Negatif,augmented_round1,1196
"Berita di Kompas sangat informatif dan mudah dipahami, tampilannya yang menarik membuat membaca jadi lebih nyaman layaknya membaca koran fisik dulu.",Kualitas Konten,Positif,augmented_round1,266
"Kompas terbukti konsisten menghadirkan berita yang akurat dan terpercaya selama bertahun-tahun, dan di era digital ini aplikasinya sangat user-friendly dan informatif. Ditambah lagi saat pandemi Kompas memberikan akses gratis epaper untuk semua orang, menunjukkan komitmen mereka pada kualitas jurnalisme yang kredibel dan peduli masyarakat.",Kualitas Konten,Positif,augmented_round1,682
"Beritanya selalu berpihak, satu sisi ditonjolin terus sementara sisi lain diabaikan banget",Kualitas Konten,Negatif,augmented_round1,1196
"Desain aplikasi Kompas.id sangat user-friendly dan nyaman dipandang, apalagi fitur e-paper nya bikin rasanya kaya baca koran fisik dulu.",Tampilan (UI/UX),Positif,augmented_round1,266
"Berita nya sudah lumayan, tapi tolong ditambah konten yg lebih fresh dan terkini 😊",Kualitas Konten,Netral,augmented_round1,334
Tolong kompas tetap menjaga keseimbangan perspektif dalam setiap berita yg disajikan,Kualitas Konten,Netral,augmented_round1,1215
Kompas.id selalu menyajikan artikel dari para penulis berbakat dengan konten yg akurat dan selalu up to date.,Kualitas Konten,Positif,augmented_round1,143
"Berita di kompas ga kredibel, banyak yg tidak diverifikasi dan campur aduk antara fakta sama opini.",Kualitas Konten,Negatif,augmented_round1,1192
"Antarmukanya rapi dan nyaman dibaca, navigasinya juga lancar bgt, jadi enak digunakan sehari-hari.",Tampilan (UI/UX),Positif,augmented_round1,166
"Beritanya kurang seimbang, terlalu banyak sorot ke satu pihak aja, padahal media harusnya netral dan objektif bukan cuma jadi corong oposisi doang.",Kualitas Konten,Negatif,augmented_round1,673
"Berita di bagian cetak dan e-paper jarang banget ter-update, meski udah di-refresh berkali-kali",Kualitas Konten,Negatif,augmented_round1,466
Kenapa fitur kompas karier hilang dari aplikasi ini sih???,Fungsionalitas,Negatif,augmented_round1,934
"Beritanya ga netral bgt, selalu berpihak ke pemerintah atau oposisi...sangat mengecewakan, langsung dihapus deh.",Kualitas Konten,Negatif,augmented_round1,399
"Bayar langganan tapi konten yang disajikan ga sesuai harapan, misal pengen baca analisa mendalam soal Barcelona malah cuma dapet foto pemain sama judul doang, rasanya rugi bgt.",Langganan (Subscription & Pricing),Negatif,augmented_round1,738
"Gratis aja udah bagus, iklan dikit-dikit ga masalah kok😊",Langganan (Subscription & Pricing),Positif,augmented_round1,538
"Fitur bookmark nya ga berfungsi dengan baik, sayang banget soalnya artikel yg udah disimpan langsung hilang pas subscription berakhir.",Fungsionalitas,Negatif,augmented_round1,133
"Banyak artikel di sini bias banget, kayaknya demi cari klik dan duit aja, bukan berita yang serius.",Kualitas Konten,Negatif,augmented_round1,453
"Kompas udah ketinggalan berita, portal lain lebih cepat update dan lebih aktual",Kualitas Konten,Negatif,augmented_round1,1185
"Aplikasi ini loading-nya super cepat, bahkan saat buka berita yang penuh sama gambar sekalipun tetap lancar banget.",Performa (Technical & Access),Positif,augmented_round1,825
"Berita di kompas cuma permukaan aja, analisisnya kurang mendalam bgt dan minim insight.",Kualitas Konten,Negatif,augmented_round1,1200
Saya mau coba dulu paket gratis sebelum ambil paket berbayar,Langganan (Subscription & Pricing),Netral,augmented_round1,1166
"Kompas keren bgt, berita-beritanya selalu detail dan komprehensif bgt, sering ada promo langganan juga",Kualitas Konten,Positif,augmented_round1,250
"Beritanya gak netral bgt, selalu ada framing yg memaksakan narasi untuk kepentingan golongan tertentu, sama kayak media murahan lainnya. Bikin perpecahan...",Kualitas Konten,Negatif,augmented_round1,919
"Sudah bayar langganan tapi ga bisa login, error terus di akses",Performa (Technical & Access),Negatif,augmented_round1,256
"Fitur double tap pada e-paper terbukti sangat membantu, bisa langsung zoom sesuai konten baik teks maupun gambar tanpa perlu repot pakai dua jari, jadi baca koran jadi lebih praktis dan nyaman.",Fungsionalitas,Positif,augmented_round1,644
"Gambar di artikel sering loncat ke gambar selanjutnya pas di-zoom, perlu diperbaiki banget nih.",Performa (Technical & Access),Negatif,augmented_round1,177
Aplikasi sering force close di iOS 11,Performa (Technical & Access),Negatif,augmented_round1,956
Langganan saya ilang 2 kali dalam setahun padahal baru beberapa bulan diaktifkan,Performa (Technical & Access),Negatif,augmented_round1,562
Akses aplikasi pakai google account sangat lancar dan ga perlu verifikasi berkali-kali,Performa (Technical & Access),Positif,augmented_round1,1183
"Berita teknologi di kompas ga fresh, udah ketinggalan sama media lain seminggu sebelumnya",Kualitas Konten,Negatif,augmented_round1,1188
"Apakah fitur text-to-speech tersedia juga untuk membaca e-paper secara online, dan bagaimana cara mendapatkan kupon yang diperlukan untuk mengaksesnya?",Fungsionalitas,Netral,augmented_round1,684
"Berita di Kompas makin tidak kredibel, banyak yg ga terverifikasi dan opini dicampur jadi fakta.",Kualitas Konten,Negatif,augmented_round1,1192
"Setelah update terbaru, tampilan di iPad malah jadi berantakan—selalu memaksa landscape padahal orientasi udah dikunci portrait, jadi gak nyaman dibaca sama sekali tolong dibenerin ya.",Tampilan (UI/UX),Negatif,augmented_round1,720
"Berita-beritanya udah ga tajam lagi, cenderung main aman dan minim analisis kritis yg seharusnya jadi keunggulan kompas dulu.",Kualitas Konten,Negatif,augmented_round1,1199
"Aplikasi error terus, ga bisa login, mesti bayar segala.. payah bgt deh, mending pake detik aja",Performa (Technical & Access),Negatif,augmented_round1,928
Apakah ada opsi trial gratis sebelum berlangganan sesuai edisi hari ini,Langganan (Subscription & Pricing),Netral,augmented_round1,431
"Fitur night mode masih bermasalah di iphone 12, terus pencarian berita digital juga ribet banget, susah nemuin versi digital dr berita yg ada di halaman epaper. update fiturnya juga lama, jadi kurang puas pake aplikasi ini.",Fungsionalitas,Negatif,augmented_round1,728
"Tampilan interface aplikasi semakin berantakan, desainnya jadi ga menarik bgt. Kapan diperbaiki min?",Tampilan (UI/UX),Negatif,augmented_round1,532
"Berita yang disajikan sangat kredibel dan informatif, cocok bgt buat yg menghargai akurasi dan kedalaman informasi. Makasih!",Kualitas Konten,Positif,augmented_round1,886
Aplikasinya sering force close pas lagi dibuka,Performa (Technical & Access),Negatif,augmented_round1,955
"Saya sudah lama mencari platform berita yg benar-benar detail & akurat seperti koran tradisional, dan Kompas ternyata jadi solusi terbaik untuk mendapatkan informasi yg terpercaya & mendalam.",Kualitas Konten,Positif,augmented_round1,734
Aplikasi ini loading cepat dan stabil meski jaringan internet lagi lemot,Performa (Technical & Access),Positif,augmented_round1,821
Harga langganan bulanan Kompas.id paling terjangkau dibanding media premium lainnya,Langganan (Subscription & Pricing),Positif,augmented_round1,1169
Beritanya selalu terkini dan kredibel dengan informasi yg akurat banget....penulisannya informatif dan komprehensif...,Kualitas Konten,Positif,augmented_round1,210
Kontennya selalu aktual dan terpercaya banget,Kualitas Konten,Positif,augmented_round1,839
"Sejak 2023 Kompas udah ga netral lagi, beritanya berpihak ke satu kubu politik. Media yg dulunya dipercaya jadi pilar demokrasi sekarang malah kehilangan kredibilitas. Ironis bgt.",Kualitas Konten,Negatif,augmented_round1,961
"Kompas selalu menyajikan berita yang beragam dan komprehensif, jauh lebih lengkap dibanding media lain, apalagi sekarang bisa diakses lewat aplikasi dengan konten yg terus diperbarui.",Kualitas Konten,Positif,augmented_round1,1156
"Aplikasi lancar banget, ga pernah crash selama sebulan ini.",Performa (Technical & Access),Positif,augmented_round1,823
Beritanya lengkap dan informatif banget 👍,Kualitas Konten,Positif,augmented_round1,1080
"Kompas tetap jadi rujukan utama buat berita akurat dan terpercaya di Indonesia, mantap terus!",Kualitas Konten,Positif,augmented_round1,275
apakah tersedia paket berlangganan yg digabung dgn layanan kompas lainnya,Langganan (Subscription & Pricing),Netral,augmented_round1,757
"fitur pencarian di kompas id bekerja dengan sangat baik, hasil yang ditampilkan selalu sesuai dengan yang dicari",Fungsionalitas,Positif,augmented_round1,806
"Semua fitur berita dikunci paywall, padahal cukup dibuat gratis aja biar semua orang Indonesia bisa akses informasi dengan mudah.",Langganan (Subscription & Pricing),Negatif,augmented_round1,184
"Sejak 2023 Kompas udah ga netral lg, coverage beritanya berpihak bgt ke salah satu kubu politik. Padahal dulu reputasinya sebagai media kredibel, skrg malah jadi bias dan kehilangan integritas jurnalistiknya",Kualitas Konten,Negatif,augmented_round1,961
"Fitur refresh berita di aplikasi ini kurang responsif, susah banget buat akses berita lama, terus ga ada opsi sort by tanggal, e-paper cuma bisa lihat sebulan terakhir aja, sering ketemu link error, dan sering minta login ulang pas mau buka artikel.",Fungsionalitas,Negatif,augmented_round1,727
"Setiap kali saya coba akses artikel Kompas lewat Safari di iPad, langsung di-redirect ke aplikasi terus muncul error ""artikel tidak ditemukan"". Jadi saya gabisa baca webpage Kompas di iPad karena selalu di-redirect gitu. Tadi mau buka link ""Promosi-kompas"" terjadi lagi hal yang sama. Ini sih terjadi di kebanyakan link Kompas, sangat mengganggu banget.",Performa (Technical & Access),Negatif,augmented_round1,981
"Aplikasi nya bagus sih, tapi sayang harus bayar langganan yang harganya naik drastis dari 15rb jadi 50rb, padahal aku udah abis kuota artikel bulan ini dan pengen baca artikel lainnya :( jadi terpaksa uninstall dulu sampe ada budget lagi",Langganan (Subscription & Pricing),Negatif,augmented_round1,619
Apakah kompas id bisa diakses gratis atau harus berlangganan di aplikasi android?,Langganan (Subscription & Pricing),Netral,augmented_round1,529
"Konten beritanya selalu fresh, akurat, dan bisa diandalkan jadi ga akan bosan buka apps ini.",Kualitas Konten,Positif,augmented_round1,1118
"Berlangganan di sini terbukti worth it, konten jurnalistiknya berkualitas dan harganya sebanding dengan nilai yang didapat.",Langganan (Subscription & Pricing),Positif,augmented_round1,1124
"Konten beritanya kurang mendalam, aplikasi news kompetitor jauh lebih komprehensif",Kualitas Konten,Negatif,augmented_round1,1243
"Desain beranda kompas id pakai layout grid yang rapi dan ga terlalu sesak, jadi enak dipandang.",Tampilan (UI/UX),Positif,augmented_round1,994
Beritanya akurat dan selalu update bgt,Kualitas Konten,Positif,augmented_round1,61
"Layoutnya rapi dan nyaman dipandang, desainnya bikin mata ga lelah saat baca artikel.",Tampilan (UI/UX),Positif,augmented_round1,192
"Respon cepat dari tim support, aplikasinya jalan lancar 👍",Performa (Technical & Access),Positif,augmented_round1,282
"Beritanya ga kredibel dan sering menyebarkan informasi palsu. Judulnya menyesatkan dan isi artikelnya jauh berbeda dari fakta sebenarnya. Contohnya kasus kerusuhan Pekanbaru, padahal pengemudi ojol itu ditindas duluan terus baru merespons, tapi Kompas malah framing seolah mereka yang salah. Jadi kecewa dan menyesal install aplikasi ini.",Kualitas Konten,Negatif,augmented_round1,675
"Aplikasi sudah berjalan smooth di iPad, developer juga responsif banget!",Performa (Technical & Access),Positif,augmented_round1,555
"Rubrik olahraga dan teknologi Kompas itu sangat minim banget, cuma berita-berita gede aja yg dibahas detail, sisanya kurang mendalam bgt.",Kualitas Konten,Negatif,augmented_round1,1202
"Fitur arsip e-paper memudahkan banget buat baca edisi lama kapan aja, sangat membantu",Fungsionalitas,Positif,augmented_round1,808
"Aplikasi iPad Kompas.id sayang banget, ga support landscape mode padahal banyak konten infografis yg seharusnya lebih nyaman dibaca horizontal. Tampilan portrait-only bikin pengalaman user jauh lebih terbatas dibanding akses lewat web, jadi honestly lebih praktis buka browser aja daripada repot pake aplikasi.",Tampilan (UI/UX),Negatif,augmented_round1,741
"Berita di kompas semakin ga kredibel, banyak sensasi tapi verifikasinya kurang jelas bgt",Kualitas Konten,Negatif,augmented_round1,1193
Beritanya selalu aktual dan informatif banget,Kualitas Konten,Positif,augmented_round1,1017
"Sejak 2023 Kompas udah ga netral lagi, jadi coreng nama media terpercaya yg dulu dibangun bertahun2. Pemberitaan sekarang berpihak dan ga kredibel, bener2 mengecewakan sbg pers yg harusnya jadi pilar demokrasi.",Kualitas Konten,Negatif,augmented_round1,961
Semoga rubrik opini dan esai kompas bisa menampilkan perspektif yang lebih beragam dan inklusif dari berbagai kalangan,Kualitas Konten,Netral,augmented_round1,1226
Mohon ditambahkan fitur mode fokus yang bisa menyembunyikan navigasi saat sedang membaca artikel,Tampilan (UI/UX),Netral,augmented_round1,995
"Berita olahraga Kompas terlalu lama, hasil pertandingan baru keluar berjam-jam setelahnya, jauh ketinggalan dari kompetitor lain.",Kualitas Konten,Negatif,augmented_round1,1186
"Fitur-fiturnya lengkap banget, dari tampilan website yang nyaman, mode koran, AI pembaca berita yang praktis buat yang sibuk, sampe bisa download ebook gratis tanpa perlu bayar lagi, semuanya memudahkan cara baca berita.",Fungsionalitas,Positif,augmented_round1,626
"Setelah update terbaru, ga bisa download epaper di ipad apple sama sekali.",Performa (Technical & Access),Negatif,augmented_round1,1129
Sudah bayar lewat browser tapi epaper di aplikasi tetap gak bisa dibuka.. gimana ini solusinya??,Performa (Technical & Access),Negatif,augmented_round1,448
Beritanya terpercaya dan akurat,Kualitas Konten,Positif,augmented_round1,8
"Konten teknologi di aplikasi ini ketinggalan berita, udah diulas media lain seminggu sebelumnya jadi terasa kadaluarsa banget.",Kualitas Konten,Negatif,augmented_round1,1188
"Tidak bisa masuk pakai akun google, epaper jadi nggak bisa dibuka.",Performa (Technical & Access),Negatif,augmented_round1,595
"Berita olahraga kompas ga real-time bgt, hasil pertandingan muncul berjam-jam kemudian padahal aplikasi lain udah update duluan.",Kualitas Konten,Negatif,augmented_round1,1186
"Setelah update, saat membaca ePaper mode full screen, tombol navigasi halaman di bawah ga bisa hilang otomatis, jadi konten artikel bagian bawah jadi tertutup dan ga bisa dibaca.",Tampilan (UI/UX),Negatif,augmented_round1,702
Kompas tetap menjaga integritas jurnalistik dan tidak terjebak dalam pengaruh pengusaha yang bisa merusak kredibilitas berita seperti yang terjadi di media lain.,Kualitas Konten,Positif,augmented_round1,678
"Aplikasi ini sampah bgt, pengen baca artikel dikit aja langsung diminta bayar!! 😤 Uninstall deh",Langganan (Subscription & Pricing),Negatif,augmented_round1,871
"Aplikasi e-paper nya lemot banget, setiap buka harus download ulang dan bikin aplikasi jadi berat, padahal harusnya bisa langsung tersimpan jadi ga perlu download berkali-kali.",Performa (Technical & Access),Negatif,augmented_round1,686
ada diskon khusus untuk pelajar atau mahasiswa ga di paket langganannya,Langganan (Subscription & Pricing),Netral,augmented_round1,751
"Kompas.id emang sering bikin artikel yg misleading bgt, contohnya berita soal korupsi tp judulnya dibuat seolah² membenarkan tindakan jahat itu, apalagi pake foto yg bikin pembaca salah tangkap maksudnya, jadi ga kredibel deh.",Kualitas Konten,Negatif,augmented_round1,964
Langganan digital jauh lebih hemat daripada beli koran cetak tiap hari,Langganan (Subscription & Pricing),Positif,augmented_round1,765
Konten beritanya terpercaya dan berimbang banget,Kualitas Konten,Positif,augmented_round1,108
"Sejak update kemarin, aplikasi sering error dan epaper nya ga bisa diakses sama sekali",Performa (Technical & Access),Negatif,augmented_round1,1130
"Konten beritanya sangat mendalam dan berimbang, tidak berat sebelah dan benar-benar objektif. Semoga Kompas.id terus maju dan layanannya semakin mudah diakses oleh semua orang.",Kualitas Konten,Positif,augmented_round1,1150
"Berita yang disajikan akurat, terpercaya, dan mencakup berbagai topik kehidupan dengan sangat mudah diakses.",Kualitas Konten,Positif,augmented_round1,278
"Aplikasi ini menyajikan berita dan artikel dari berbagai rubrik dengan cakupan nasional hingga internasional yang sangat lengkap dan komprehensif, cocok banget jadi sumber informasi terpercaya.",Kualitas Konten,Positif,augmented_round1,625
"Baca Kompas Online bener-bener bikin lega, akhirnya ketemu berita yg akurat dan kredibel, ditulis wartawan profesional yg digarap editor berpengalaman, beda banget sama media lain yg cuma judul bombastis tapi isinya asal-asalan, bahkan sering copas tanpa editing yg serius, jadi Kompas tuh benar-benar jurnalisme sejati!",Kualitas Konten,Positif,augmented_round1,978
pengen tau gimana caranya pake kode promo untuk berlangganan kompas id,Langganan (Subscription & Pricing),Netral,augmented_round1,755
Dapet promo tahunan kompas id jadi bisa baca berita update terus tanpa khawatir biaya. Mantap banget sih harganya 💙,Langganan (Subscription & Pricing),Positif,augmented_round1,552
"Udah bayar subscription tapi aplikasi stuck di loading, gabisa akses halaman utama sama sekali",Performa (Technical & Access),Negatif,augmented_round1,546
"Gak bisa login pake akun google, facebook juga error, bikin akun baru juga ga mau masuk sama sekali",Performa (Technical & Access),Negatif,augmented_round1,474
"Aplikasinya sering crash padahal udah berlangganan, baru dibuka langsung tutup sendiri...???",Performa (Technical & Access),Negatif,augmented_round1,477
Aplikasi kompas id lancar diakses dan tim support-nya sangat responsif bantu atasi masalah login saya dengan cepat,Performa (Technical & Access),Positif,augmented_round1,1184
"Aplikasi Kompas sering crash padahal saya beli iPad khusus buat baca berita di sini, sangat mengecewakan. Setiap kali dibuka langsung force close, padahal aplikasi lain lancar jaya. Gimana mau berlangganan kalo aplikasinya aja ga stabil, tolong dong diperbaiki secepatnya.",Performa (Technical & Access),Negatif,augmented_round1,743
Beritanya selalu aktual dan terkini banget,Kualitas Konten,Positif,augmented_round1,4
Udah bayar tapi akun ga teraktivasi juga. Kecewa banget sama Kompas,Performa (Technical & Access),Negatif,augmented_round1,377
Tolong tambahkan opsi untuk mengakses kategori berita langsung dari menu navigasi bawah layar agar lebih mudah,Tampilan (UI/UX),Netral,augmented_round1,1171
"Berita yg disajikan akurat dan terpercaya, rekomendasi banget buat dibaca dan aplikasinya gratis pula 👍",Kualitas Konten,Positif,augmented_round1,315
"Aplikasi kompas id setelah update terakhir jadi lebih responsif dan lancar banget, ga ada lag sama sekali saat dipakai.",Performa (Technical & Access),Positif,augmented_round1,829
"Mungkin bisa tambah metode pembayaran buat langganan, kayak pake voucher google play atau sejenisnya.",Langganan (Subscription & Pricing),Netral,augmented_round1,889
"Aplikasinya sangat stabil dan lancar banget, nggak pernah crash atau force close sama sekali",Performa (Technical & Access),Positif,augmented_round1,561
"Aplikasi ini lancar dan stabil di perangkat iOS 12 saya, loading berita cepat dan ga pernah crash, cuma sarannya semoga di update berikutnya bisa ditambah fitur untuk customize ukuran font biar lebih nyaman dibaca.",Performa (Technical & Access),Positif,augmented_round1,983
"Aplikasi sering error dan force close di iOS 11.3, mohon diperbaiki segera",Performa (Technical & Access),Negatif,augmented_round1,610
"Udah bayar langganan tapi akun saya ga bisa diaktifin sampai sekarang, padahal email konfirmasi udah masuk??",Performa (Technical & Access),Negatif,augmented_round1,657
"Aplikasi ini benar-benar responsif, loading cepat banget dan ga pernah lag saat dipakai",Performa (Technical & Access),Positif,augmented_round1,912
"Berita-beritanya akurat dan terpercaya, penulisannya profesional tapi tetap mudah dipahami, worth it banget buat berlangganan.",Kualitas Konten,Positif,augmented_round1,1124
"Berita Kompas sering berpihak dan gak objektif, terlalu banyak framing yang memaksa untuk kepentingan tertentu, jadi kehilangan kredibilitas sbg media berita.",Kualitas Konten,Negatif,augmented_round1,919
"Fitur e-paper nya kurang optimal, setiap kali buka aplikasi ulang harus download lagi padahal udah tersimpan sebelomnya, jadinya boros storage dan bikin HP lemot bgt. Harap diperbaiki ya.",Fungsionalitas,Negatif,augmented_round1,972
"Teks nya terlalu kecil bgt, susah dibaca apalagi buat yg punya mata minus. Mohon tambahin fitur pengatur ukuran font dong, soalnya setting di pengaturan iPhone juga ga bekerja...",Tampilan (UI/UX),Negatif,augmented_round1,982
"Berita olahraga kompas selalu ketinggalan, hasil match muncul jauh lebih lambat dr media lain",Kualitas Konten,Negatif,augmented_round1,1186
"Epaper ga bisa tampil landscape di hp samsung, jadi susah dibaca",Performa (Technical & Access),Negatif,augmented_round1,156
"Aplikasi Kompas udah jauh lebih responsif setelah update terakhir, loading cepat dan ga pernah lag saat browsing berita, tapi sayang batasan device-nya masih bikin bingung.",Performa (Technical & Access),Positif,augmented_round1,723
"Berita akurat dan terpercaya, sangat membantu",Kualitas Konten,Positif,augmented_round1,1007
"Udah bayar premium setahun tp beritanya kacau bgt, menu selalu berubah-ubah tanpa jelas, cerpen yg harusnya banyak cuma 4 doang, konten humaniora hilang, trus berita hukum muncul di menu ekonomi?? Ini bukan jurnalisme yg kredibel, tolong dibenerin sistemnya!",Kualitas Konten,Negatif,augmented_round1,616
"Aplikasinya udah lancar banget sekarang, ga freeze lagi pas scroll halaman. Seneng deh akhirnya setelah lama komplain, sekarang enak banget baca berita di tablet tanpa hambatan. Rating naik jadi 5 bintang. Kompas tetap jadi pilihan utama saya buat berita.",Performa (Technical & Access),Positif,augmented_round1,717
"Setelah update terbaru, aplikasi sering lag dan bermasalah saat scroll di halaman utama Kompas. Pakai iPad Pro iPadOS 15.4.1 tapi tetap error. Tolong diperbaiki.",Performa (Technical & Access),Negatif,augmented_round1,1161
"Harapannya bisa ada fitur baca berita pake suara asli, ga cuman itu² doang bgt.",Fungsionalitas,Negatif,augmented_round1,157
Semoga bisa ditambahkan fitur dark mode dan responsifitas tampilan yang lebih baik lagi.,Tampilan (UI/UX),Netral,augmented_round1,594
"Kompas.id sering bikin berita yg misleading bgt, terutama judulnya yg seolah-olah membenarkan korupsi padahal isinya lain. Pairing foto tokoh tertentu sama headline gitu bikin pembaca salah tangkap, seakan-akan dia yg nyatain hal itu. Ini sih bukan jurnalisme netral, ini framing murni!!",Kualitas Konten,Negatif,augmented_round1,964
"Berita Kompas udah ga netral lagi, banyak framing dan bias politik yg bikin kredibilitas media ini jatuh. Dulu dipercaya, sekarang jadi berpihak dan kehilangan integritas jurnalisme sejati.",Kualitas Konten,Negatif,augmented_round1,961
harga berlangganan kompas id termasuk murah banget dibanding kualitas konten beritanya yang premium,Langganan (Subscription & Pricing),Positif,augmented_round1,761
"Aplikasi ini loading cepat dan ringan, jadi bisa dibuka dimana saja tanpa ribet",Performa (Technical & Access),Positif,augmented_round1,209
"Beritanya akurat dan terpercaya bgt, puas deh!",Kualitas Konten,Positif,augmented_round1,439
"Fitur download epaper jadi tidak berguna karena harus online dulu buat baca. Sebelumnya bisa offline, sekarang malah ribet. Update terbaru bikin fungsinya semakin kacau aja.",Fungsionalitas,Negatif,augmented_round1,668
"Artikel di kompas sering banget kurang mendalam, banyak info penting yang terlewat dan bikin pembaca bingung",Kualitas Konten,Negatif,augmented_round1,1201
Fitur audio berita sangat membantu buat yang lagi sibuk tapi tetap pengen update berita terkini.,Fungsionalitas,Positif,augmented_round1,811
fitur pencarian berdasarkan tanggal sangat berguna banget untuk mencari artikel lama dengan cepat,Fungsionalitas,Positif,augmented_round1,819
"Berita-berita di Kompas selalu akurat dan kredibel, dari dulu sampai sekarang tetap jadi pilihan utama saya untuk dapetin informasi terpercaya dan berkualitas.",Kualitas Konten,Positif,augmented_round1,240
"Beritanya mulai banyak yg provokasi dan berpihak, jadi kecewa bgt. Dulu aku percaya sama Kompas tp sekarang berita2nya terasa ga netral kayak media lain. Tolong kembali ke berita yg akurat dan objektif aja, biar bisa balik jadi aplikasi favorit aku.",Kualitas Konten,Negatif,augmented_round1,679
"Aplikasinya super user-friendly dan dilengkapi fitur-fitur canggih yang bermanfaat banget, terutama fitur text-to-speech yang memudahkan saat multitasking. Kualitas berita dan fotonya juga luar biasa!",Fungsionalitas,Positif,augmented_round1,656
"Berita covid di app ini terlalu sensasional dan misleading, padahal mayoritas pasien bisa pulih tp coverage-nya fokus ke hal menakut-nakuti aja, kurang balanced dan akurat.",Kualitas Konten,Negatif,augmented_round1,383
Sudah transfer pembayaran tapi akun masih belum bisa diaktifkan... error terus aplikasinya 👎👎👎,Performa (Technical & Access),Negatif,augmented_round1,591
Beritanya kurang mendalam dan sering clickbait bgt,Kualitas Konten,Negatif,augmented_round1,918
apakah bisa bayar langganan pakai transfer bank biasa?,Langganan (Subscription & Pricing),Netral,augmented_round1,759
"Setelah update, tampilan jadi berantakan di iPad mini, ga sesuai ukuran layarnya.",Tampilan (UI/UX),Negatif,augmented_round1,941
Aplikasi udah versi terbaru tapi terus disuruh update (padahal ga ada versi barunya). Udah dicoba berkali-kali tapi tetap ga bisa dibuka dan baca koran. Masalah ini sering banget terjadi dan bikin kesel.,Performa (Technical & Access),Negatif,augmented_round1,740
"Baru dicoba dan langsung suka, beritanya terpercaya dan informatif banget, plus aplikasinya user friendly jadi nyaman buat dibaca.",Kualitas Konten,Positif,augmented_round1,171
"Banyak artikel di sini judulnya nyebelin, gak sesuai sama isi beritanya, pake clickbait bgt deh",Kualitas Konten,Negatif,augmented_round1,1190
Senang bisa membaca berita yang akurat dan bisa dipercaya sepenuhnya,Kualitas Konten,Positif,augmented_round1,517
"Berlangganan sejak 2023 dan totally worth it, harga e-paper jauh lebih terjangkau dibanding langganan edisi cetak",Langganan (Subscription & Pricing),Positif,augmented_round1,854
"Promo tahunan yg lalu terlalu menggiurkan, langsung saya ambil tanpa pikir panjang",Langganan (Subscription & Pricing),Positif,augmented_round1,762
"Aneh banget, udah diunduh tapi tetap harus online. Padahal mau baca e-paper di pesawat aja ga bisa offline.",Fungsionalitas,Negatif,augmented_round1,543
"Semoga Kompas bisa menambah liputan ekonomi dan bisnis dengan analisis yg lebih mendalam, supaya jadi satu platform berita lengkap untuk semua kebutuhan informasi.",Kualitas Konten,Netral,augmented_round2_topup,960
"Mohon berita ekonomi dan bisnis di Kompas.id bisa lebih mendalam dan detail, supaya pembaca bisa dapetin informasi bisnis yg lebih komprehensif seperti di media bisnis khusus.",Kualitas Konten,Netral,augmented_round2_topup,960
Semoga kompas bisa menampilkan perspektif yang lebih beragam dalam artikel opini dan esainya.,Kualitas Konten,Netral,augmented_round2_topup,1226
Semoga konten sepak bola bisa diperbarui lebih rutin dan konsisten setiap harinya.,Kualitas Konten,Netral,augmented_round2_topup,1205
"Tolong kompas tambahkan liputan lebih mendalam tentang permasalahan industri sawit, khususnya terkait kebijakan pajak pemerintah dan mekanisme penetapan harga yg dilakukan pabrik sawit terhadap petani.",Kualitas Konten,Netral,augmented_round2_topup,965
Mohon konten opini dan esai di kompas lebih banyak menampilkan perspektif dari berbagai kalangan dan sudut pandang.,Kualitas Konten,Netral,augmented_round2_topup,1226
Semoga kompas terus menjaga kualitas penulisan beritanya oleh semua jurnalis,Kualitas Konten,Netral,augmented_round2_topup,1227
Mohon kompas menambahkan liputan lebih luas tentang warisan budaya dan seni tradisional Indonesia.,Kualitas Konten,Netral,augmented_round2_topup,1232
tolong kompas.id lebih sering menampilkan cerita-cerita inspiratif dari seluruh nusantara,Kualitas Konten,Netral,augmented_round2_topup,1234
semoga kompas terus mempertahankan akurasi dan kredibilitas dalam setiap pemberitaan,Kualitas Konten,Netral,augmented_round2_topup,1218
Mohon berita-berita rumit dilengkapi dengan visualisasi data agar lebih mudah dipahami pembaca.,Kualitas Konten,Netral,augmented_round2_topup,1237
"Mohon tambahkan opsi layout yang lebih sesuai standar berita digital, seperti yang ada di aplikasi koran tempo, supaya ga perlu zoom in zoom out terus saat baca artikel di ponsel.",Tampilan (UI/UX),Netral,augmented_round2_topup,628
Tolong tambahkan lebih banyak cerita-cerita inspiratif dari berbagai daerah di seluruh Indonesia.,Kualitas Konten,Netral,augmented_round2_topup,1234
Mohon tambahkan fitur untuk menyesuaikan tingkat kontras pada tampilan artikel,Tampilan (UI/UX),Netral,augmented_round2_topup,1174
Mohon artikel sains dan teknologi di kompas lebih rutin diperbarui.,Kualitas Konten,Netral,augmented_round2_topup,1229
Mohon berita-beritanya lebih sering diperbarui agar selalu aktual dan terkini 😊,Kualitas Konten,Netral,augmented_round2_topup,334
Mohon kompas bisa menambahkan lebih banyak visualisasi data untuk membantu pembaca memahami berita-berita yang rumit.,Kualitas Konten,Netral,augmented_round2_topup,1237
Mohon tambahkan opsi tampilan landscape untuk membaca koran,Tampilan (UI/UX),Netral,augmented_round2_topup,944
Mohon kompas memastikan setiap artikel ditulis dengan standar jurnalistik yang konsisten oleh semua penulis.,Kualitas Konten,Netral,augmented_round2_topup,1227
Mohon kompas lebih cepat dalam menyajikan berita saat terjadi peristiwa penting agar pembaca mendapat informasi secara tepat waktu.,Kualitas Konten,Netral,augmented_round2_topup,1207
Tolong tambahkan kemampuan text to speech yang bisa tetap berjalan saat membuka aplikasi lain di background,Fungsionalitas,Netral,augmented_round2_topup,1177
Tolong tingkatkan frekuensi update berita sepak bola di aplikasi ini.,Kualitas Konten,Netral,augmented_round2_topup,1205
"Tolong tambahkan lebih banyak artikel dengan penjelasan detail dan konteks, bukan hanya berita singkat tentang kejadian",Kualitas Konten,Netral,augmented_round2_topup,1222
Apakah fitur print untuk e-paper sudah tersedia di aplikasi ini?,Fungsionalitas,Netral,augmented_round2_topup,194
Semoga ada opsi untuk membaca edisi cetak dalam mode landscape.,Tampilan (UI/UX),Netral,augmented_round2_topup,944
Mohon ditambahkan kemampuan membaca e-paper tanpa koneksi internet agar bisa dinikmati saat penerbangan. Terima kasih,Fungsionalitas,Netral,augmented_round2_topup,566
Semoga kompas bisa menambah jangkauan liputan berita dari daerah-daerah di luar pulau jawa agar lebih seimbang.,Kualitas Konten,Netral,augmented_round2_topup,1208
Tolong kompas tambahkan lebih banyak update berita ekonomi dan bisnis setiap hari.,Kualitas Konten,Netral,augmented_round2_topup,1211
Mohon kompas tambahkan format penyajian berita panjang yang lebih mudah dibaca,Kualitas Konten,Netral,augmented_round2_topup,1241
"Mohon kompas.id memperluas jangkauan berita hingga ke tingkat internasional agar pembaca bisa mendapat informasi yg lebih luas lagi, dan tetap jaga aksesibilitas biayanya 🙏",Kualitas Konten,Netral,augmented_round2_topup,670
"Mohon KOMPAS selalu memastikan berita yg disajikan akurat, terkini, dan berimbang supaya bisa menjadi sumber informasi terpercaya bagi masyarakat 🙏",Kualitas Konten,Netral,augmented_round2_topup,421
Apakah ada rencana untuk membuat akses Kompas lebih lancar di perangkat Android dan tersedia gratis?,Performa (Technical & Access),Netral,augmented_round2_topup,529
"Mohon pertimbangkan untuk menambahkan fitur baca nanti pada semua artikel, baik di website maupun aplikasi, karena masih ada beberapa artikel yg belum memiliki fungsi tersebut.",Fungsionalitas,Netral,augmented_round2_topup,737
"Mohon pertimbangkan untuk menyederhanakan alur pembayaran langganan di situs kompas.id, misalnya dengan fitur pembayaran sekali klik, dan pastikan sistem lebih cepat memproses transaksi karena saat ini waktu tunggu setelah pembayaran cukup lama, selain itu juga mohon agar tidak perlu mengisi ulang data identitas setiap kali berlangganan.",Langganan (Subscription & Pricing),Netral,augmented_round2_topup,672
Apakah bisa ditambahkan animasi transisi halaman pada fitur epaper agar pengalaman membaca lebih mirip dengan membaca koran fisik?,Tampilan (UI/UX),Netral,augmented_round2_topup,648
Tolong kompas tetap menjaga standar berita yang objektif dan berimbang dalam setiap liputan,Kualitas Konten,Netral,augmented_round2_topup,1214
Apakah ada cara untuk menukarkan kode promo kompas id di aplikasi ini,Langganan (Subscription & Pricing),Netral,augmented_round2_topup,755
"tolong tambahkan lebih banyak artikel dengan penjelasan detail dan investigasi mendalam, bukan cuma berita singkat",Kualitas Konten,Netral,augmented_round2_topup,1222
Mohon tambahkan fitur offline mode untuk e-paper agar tetap bisa diakses saat di pesawat. Terima kasih,Fungsionalitas,Netral,augmented_round2_topup,566
apakah kompas id mewajibkan berlangganan untuk bisa akses semua artikel?,Langganan (Subscription & Pricing),Netral,augmented_round2_topup,986
Mohon tambahkan opsi dark mode agar lebih nyaman untuk membaca di malam hari,Tampilan (UI/UX),Netral,augmented_round2_topup,777
Apakah tersedia fitur untuk mengakses e-paper edisi lampau melalui arsip di aplikasi kompas id,Fungsionalitas,Netral,augmented_round2_topup,799
"Semoga kompas bisa memperdalam liputan ekonomi dan bisnis dengan detail yg lebih komprehensif, sehingga jadi satu platform lengkap untuk semua aspek kehidupan dalam satu genggaman.",Kualitas Konten,Netral,augmented_round2_topup,960
"Kak mohon bantu, saya punya kode voucher kompas untuk satu bulan tapi ga tau gimana cara redeem nya?",Langganan (Subscription & Pricing),Netral,augmented_round2_topup,463
Mohon Kompas bisa memperluas jangkauan berita mengenai isu-isu lingkungan dan perubahan iklim di setiap edisi.,Kualitas Konten,Netral,augmented_round2_topup,1228
semoga kompas selalu melakukan verifikasi lengkap dari berbagai sumber sebelum menerbitkan berita,Kualitas Konten,Netral,augmented_round2_topup,1219
Semoga kompas lebih teliti dalam memverifikasi dan mengecek keakuratan informasi sebelum menerbitkan berita,Kualitas Konten,Netral,augmented_round2_topup,1223
"Tolong dong kompas tambahin artikel yg lebih detail dan analisisnya, jangan cuma berita kejadian aja.",Kualitas Konten,Netral,augmented_round2_topup,1222
"Mohon tambahkan opsi baca landscape dan fitur rotate otomatis, karena tampilan 2-page view pada koran memerlukan lebar layar yang lebih besar untuk kenyamanan membaca, juga diharapkan konten bisa diakses tanpa perlu download e-paper terlebih dahulu seperti di versi browser.",Tampilan (UI/UX),Netral,augmented_round2_topup,697
Semoga kompas terus menghadirkan investigasi mendalam dan terorganisir untuk topik-topik utama,Kualitas Konten,Netral,augmented_round2_topup,1242
Semoga konten berita terus diperbarui secara konsisten,Kualitas Konten,Netral,augmented_round2_topup,436
Apakah ada kemungkinan fitur orientasi landscape bisa ditambahkan untuk pengalaman membaca di iPhone?,Tampilan (UI/UX),Netral,augmented_round2_topup,773
Mohon tambahkan opsi tema warna lain selain putih agar ada variasi dalam tampilan aplikasi.,Tampilan (UI/UX),Netral,augmented_round2_topup,780
apakah perlu paket premium untuk mengunduh e-paper?,Langganan (Subscription & Pricing),Netral,augmented_round2_topup,1167
Semoga beritanya tetap objektif dan independen ya.,Kualitas Konten,Netral,augmented_round2_topup,458
Apakah bisa aplikasi ini dioptimalkan agar loading lebih cepat dan error server berkurang? Semoga update berikutnya lebih stabil. Terima kasih,Performa (Technical & Access),Netral,augmented_round2_topup,598
Mohon tambahkan lebih banyak artikel yang relevan untuk kalangan muda agar mereka tertarik membaca konten kompas.id secara rutin.,Kualitas Konten,Netral,augmented_round2_topup,1155
Semoga kompas bisa menambah artikel dengan bahasa yang lebih sederhana dan mudah dimengerti oleh semua orang.,Kualitas Konten,Netral,augmented_round2_topup,1240
Mohon kompas lebih rutin memberikan update berita sektor ekonomi dan bisnis setiap harinya,Kualitas Konten,Netral,augmented_round2_topup,1211
apakah ada cara berlangganan kompas id dari aplikasi iphone atau harus lewat website,Langganan (Subscription & Pricing),Netral,augmented_round2_topup,758
"Mohon pertimbangkan untuk menambahkan fitur back to top, misalnya dengan klik tab aktif agar bisa langsung kembali ke konten teratas + fitur refresh otomatis",Fungsionalitas,Netral,augmented_round2_topup,713
Semoga kompas bisa mendalami setiap topik dan tidak hanya menyentuh permukaannya saja.,Kualitas Konten,Netral,augmented_round2_topup,1221
"Apakah ada fitur untuk mengakses edisi arsip Kompas dari tahun-tahun sebelumnya, misalnya hingga 10 tahun lalu? Selain itu, mohon dipertimbangkan agar tampilan aplikasi bisa berorientasi landscape ketika hp diputar horizontal, seperti fitur di aplikasi pembaca e-book lainnya. Terima kasih.",Fungsionalitas,Netral,augmented_round2_topup,749
Apakah ada diskon khusus atau paket langganan yang lebih terjangkau untuk mahasiswa?,Langganan (Subscription & Pricing),Netral,augmented_round2_topup,1047
tolong kompas.id tambahin infografis lebih banyak biar berita yang rumit jadi lebih gampang dipahami,Kualitas Konten,Netral,augmented_round2_topup,1237
Apakah bisa langganan pakai pulsa dari operator telkomsel,Langganan (Subscription & Pricing),Netral,augmented_round2_topup,753
Semoga kompas bisa menambah variasi sudut pandang dalam artikel opini dan esainya agar lebih banyak suara yang terwakili,Kualitas Konten,Netral,augmented_round2_topup,1226
Mohon ada opsi pengaturan ukuran font agar teks bisa dibaca dengan lebih jelas sesuai preferensi pengguna.,Tampilan (UI/UX),Netral,augmented_round2_topup,488
"Semoga Kompas bisa menambah liputan ekonomi dan bisnis dengan analisis yg lebih mendalam, supaya pembaca dpt informasi bisnis yg lebih komprehensif dan detail seperti media bisnis khusus.",Kualitas Konten,Netral,augmented_round2_topup,960
"Semoga kompas bisa menambah artikel dengan pembahasan yang lebih detail, bukan hanya berita peristiwa saja.",Kualitas Konten,Netral,augmented_round2_topup,1222
"Apakah ada kemungkinan untuk menyediakan paket langganan gratis yang lebih banyak atau unlimited untuk pelajar dan mahasiswa, mengingat fitur gratis saat ini hanya tiga kali akses saja dan dirasa kurang memadai untuk kebutuhan mereka membaca berita.",Langganan (Subscription & Pricing),Netral,augmented_round2_topup,630
Mohon perbaiki fitur tab agar tampilan bisa optimal saat diputar vertikal. Terima kasih,Performa (Technical & Access),Netral,augmented_round2_topup,1035
Apakah bisa ditambahkan fitur back to top dengan klik tab aktif dan refresh otomatis untuk kembali ke konten teratas?,Fungsionalitas,Netral,augmented_round2_topup,713
"Mohon sajikan berita dengan cara yang lebih seimbang dan proporsional, serta prioritaskan kepentingan publik dalam setiap liputan.",Kualitas Konten,Netral,augmented_round2_topup,1081
Mohon konten sepak bola di bagian olahraga bisa lebih rutin diperbarui.,Kualitas Konten,Netral,augmented_round2_topup,1205
semoga kompas selalu menjaga standar akurasi dan keseimbangan dalam setiap pemberitaannya,Kualitas Konten,Netral,augmented_round2_topup,1214
Mohon beritanya ditambah liputan mendalam tentang isu-isu lingkungan dan perubahan iklim ya,Kualitas Konten,Netral,augmented_round2_topup,1228
Mohon tambahkan lebih banyak artikel yang relevan untuk pembaca muda agar konten aplikasi lebih menarik bagi kalangan milenial dan gen z.,Kualitas Konten,Netral,augmented_round2_topup,1155
Semoga Kompas.id terus menjaga standar akurasi dan keseimbangan dalam setiap pemberitaan yang disajikan.,Kualitas Konten,Netral,augmented_round2_topup,1214
"Mohon berita yang disajikan selalu berimbang, proporsional, dan mengutamakan kepentingan publik daripada kepentingan penguasa.",Kualitas Konten,Netral,augmented_round2_topup,1081
Mohon Kompas menambah liputan tentang permasalahan industri sawit agar pembaca lebih memahami situasi petani sawit dan kebijakan pemerintah terkait sektor ini.,Kualitas Konten,Netral,augmented_round2_topup,965
Tolong tambahkan liputan investigasi yang lebih terstruktur untuk topik-topik penting.,Kualitas Konten,Netral,augmented_round2_topup,1242
"Apakah bisa ditambahkan fitur tab khusus untuk endless scrolling berita sehingga tidak hanya menampilkan berita hari itu saja, dan untuk epaper mohon jadikan judul berita sebagai link yang bisa langsung diklik untuk beralih ke tampilan baca.",Tampilan (UI/UX),Netral,augmented_round2_topup,733
"Semoga aplikasi Kompas bisa dioptimalkan agar lebih stabil dan minim error, serta update-nya lebih responsif. Terima kasih",Performa (Technical & Access),Netral,augmented_round2_topup,598
"Semoga kompas bisa menambahkan lebih banyak artikel dengan pembahasan detail, bukan hanya pemberitaan singkat tentang peristiwa.",Kualitas Konten,Netral,augmented_round2_topup,1222
Semoga kompas terus menambah liputan investigatif dengan analisis yang lebih mendalam,Kualitas Konten,Netral,augmented_round2_topup,1220
Mohon liputan berita kompas.id diperluas jangkauannya hingga ke tingkat internasional agar pembaca bisa mendapat perspektif global yang lebih luas.,Kualitas Konten,Netral,augmented_round2_topup,670
Mohon tambahkan fitur mode baca yang menyembunyikan navigasi agar pembaca bisa fokus pada konten.,Tampilan (UI/UX),Netral,augmented_round2_topup,995
langganan saya sudah tidak aktif sejak bulan kemarin,Langganan (Subscription & Pricing),Netral,augmented_round2_topup,754
Mohon kompas lebih teliti dalam memverifikasi dan meneliti setiap berita sebelum dipublikasikan,Kualitas Konten,Netral,augmented_round2_topup,1223
"Mohon pertimbangkan untuk memberikan akses gratis lebih banyak bagi pelajar dan mahasiswa, karena saat ini hanya tersedia tiga kali baca gratis sebelum harus berlangganan berbayar, apakah bisa ditambah kuota gratisnya?",Langganan (Subscription & Pricing),Netral,augmented_round2_topup,630
Apakah fitur e-paper bisa ditampilkan dalam mode full warna?,Fungsionalitas,Netral,augmented_round2_topup,400
Apakah ada paket berlangganan yg harganya sekitar 50 ribu rupiah?,Langganan (Subscription & Pricing),Netral,augmented_round2_topup,392
Mohon tambahkan opsi tampilan gelap dan mode horizontal agar pengalaman membaca lebih fleksibel.,Tampilan (UI/UX),Netral,augmented_round2_topup,587
Semoga Kompas terus menjaga kredibilitas beritanya dari segala pengaruh eksternal.,Kualitas Konten,Netral,augmented_round2_topup,1212
Mohon kompas tingkatkan jumlah artikel investigasi dengan analisis yang lebih mendalam.,Kualitas Konten,Netral,augmented_round2_topup,1220
"Semoga kompas.id bisa tambah artikel yg relevan sama milenial dan anak muda, terus jelaskan lebih jelas manfaat berlangganan premium dibanding hanya fokus ke cara download aja.",Kualitas Konten,Netral,augmented_round2_topup,1155
"Mohon untuk mempermudah proses pembayaran langganan di kompas.id, apakah bisa ditambahkan fitur pembayaran otomatis atau one click payment, dan juga minta prosesnya lebih cepat setelah transaksi selesai karena saat ini harus menunggu lama untuk aktivasi akun, plus tidak perlu isi formulir identitas berulang kali setiap kali berlangganan ulang.",Langganan (Subscription & Pricing),Netral,augmented_round2_topup,672
Tolong tingkatkan kejelasan dan akurasi penulisan berita di aplikasi ini ya.. terima kasih.,Kualitas Konten,Netral,augmented_round2_topup,461
Semoga segera ada opsi dark mode dan pengaturan ukuran font seperti aplikasi berita berbayar lainnya.,Tampilan (UI/UX),Netral,augmented_round2_topup,593
Tolong tingkatkan frekuensi pembaruan artikel sains dan teknologi di kompas,Kualitas Konten,Netral,augmented_round2_topup,1229
"Semoga kompas bisa menambah liputan berita ekonomi dan bisnis dengan detail yg lebih mendalam, sehingga 1 aplikasi bisa mencakup semua aspek kehidupan dalam 1 genggaman.",Kualitas Konten,Netral,augmented_round2_topup,960
"Apakah aplikasi ini bisa tersedia di Windows Store? Lebih nyaman membaca di PC dan Laptop, jadi ditunggu kehadirannya di platform tersebut.",Performa (Technical & Access),Netral,augmented_round2_topup,695
Mohon liputan beritanya lebih mendalam dan tidak hanya sekadar permukaan saja.,Kualitas Konten,Netral,augmented_round2_topup,1221
Tolong pastikan setiap berita yg ditampilkan tetap menjunjung tinggi standar jurnalisme yang objektif dan berimbang.,Kualitas Konten,Netral,augmented_round2_topup,1214
Mohon untuk memperluas cakupan berita tentang usaha kecil dan menengah di indonesia.,Kualitas Konten,Netral,augmented_round2_topup,1233
"Mohon tambahkan metode pembayaran lain untuk berlangganan, seperti voucher google play atau opsi pembayaran alternatif lainnya.",Langganan (Subscription & Pricing),Netral,augmented_round2_topup,889
"Tolong kompas tingkatkan konten analitik yang lebih mendalam, bukan sekadar berita peristiwa biasa aja.",Kualitas Konten,Netral,augmented_round2_topup,1222
tolong kompas tambahkan perspektif yang lebih beragam dalam meliput setiap isu,Kualitas Konten,Netral,augmented_round2_topup,1216
Mohon setiap artikel kompas mencakup perspektif dari semua pihak yang terkait dalam berita tersebut.,Kualitas Konten,Netral,augmented_round2_topup,1219
Mohon artikel dari daerah di luar Jawa lebih sering ditampilkan agar cakupan beritanya lebih luas.,Kualitas Konten,Netral,augmented_round2_topup,1208
Tolong tambahkan perspektif yang lebih beragam dalam setiap pemberitaan isu tertentu.,Kualitas Konten,Netral,augmented_round2_topup,1216
Semoga KOMPAS bisa menambah artikel investigasi yang mendalam dan terverifikasi.,Kualitas Konten,Netral,augmented_round2_topup,1225
"Tolong kompas untuk lebih sering menghadirkan artikel dengan pembahasan mendalam, bukan sekadar pemberitaan peristiwa saja.",Kualitas Konten,Netral,augmented_round2_topup,1222
Mohon tambahkan opsi tema gelap atau warna lain selain putih untuk variasi tampilan aplikasi,Tampilan (UI/UX),Netral,augmented_round2_topup,780
Semoga kompas terus menjaga keseimbangan dalam menyajikan berbagai sudut pandang di setiap pemberitaannya.,Kualitas Konten,Netral,augmented_round2_topup,1213
Mohon pertimbangkan untuk menambahkan fitur pencarian yang bisa disaring berdasarkan tanggal publikasi,Fungsionalitas,Netral,augmented_round2_topup,1001
"Mohon pertimbangkan untuk menambah liputan yang lebih relevan bagi kalangan muda supaya mereka tertarik membaca berita di kompas.id, serta perbanyak komunikasi tentang nilai tambah berlangganan premium dibanding hanya fokus pada cara download.",Kualitas Konten,Netral,augmented_round2_topup,1155
Semoga KOMPAS bisa menambah artikel yg membahas isu-isu sosial dan kemasyarakatan dengan lebih detail dan mendalam,Kualitas Konten,Netral,augmented_round2_topup,1235
Apakah bisa ditambahkan filter pencarian untuk menampilkan berita paling populer atau terbaru?,Fungsionalitas,Netral,augmented_round2_topup,236
"Untuk akses berita berkualitas di Kompas.id memang diperlukan langganan berbayar, tapi bagi yg prefer gratis bisa pakai aplikasi berita lain yg tidak memerlukan subscription.",Langganan (Subscription & Pricing),Netral,augmented_round2_topup,691
tolong tambahkan fitur filter pencarian berdasarkan waktu publikasi artikel,Fungsionalitas,Netral,augmented_round2_topup,1001
"Mohon tambahkan fitur tab khusus untuk berita pilihan agar bisa scroll terus-menerus, dan untuk epaper tolong buat judul berita menjadi link yang bisa langsung diklik untuk membuka tampilan baca.",Tampilan (UI/UX),Netral,augmented_round2_topup,733
Semoga kompas terus menghadirkan artikel-artikel dengan riset yang lebih komprehensif dan detail.,Kualitas Konten,Netral,augmented_round2_topup,1220
Semoga kompas bisa memperluas cakupan berita mengenai keberlanjutan lingkungan dan dampak perubahan iklim.,Kualitas Konten,Netral,augmented_round2_topup,1228
Mohon kompas menambah jangkauan berita internasional agar lebih variatif dan komprehensif,Kualitas Konten,Netral,augmented_round2_topup,1210
"Mohon liputan berita Kompas.id diperluas jangkauannya hingga ke tingkat internasional agar pembaca bisa mendapat perspektif global yang lebih luas, dan semoga biaya langganannya tetap terjangkau.",Kualitas Konten,Netral,augmented_round2_topup,670
Semoga kompas menambah liputan investigasi yang lebih mendalam dan terverifikasi,Kualitas Konten,Netral,augmented_round2_topup,1225
Tolong tambahkan lebih banyak artikel dengan analisis data yang mendalam dan terukur.,Kualitas Konten,Netral,augmented_round2_topup,1225
Semoga kompas terus memperbarui berita dengan informasi terbaru dan aktual setiap waktu.,Kualitas Konten,Netral,augmented_round2_topup,1204
Mohon konten opini dan esai di kompas lebih beragam dan mewakili berbagai perspektif yang ada.,Kualitas Konten,Netral,augmented_round2_topup,1226
Tolong kompas lebih sering liputi cerita-cerita inspiratif dari daerah-daerah di seluruh nusantara.,Kualitas Konten,Netral,augmented_round2_topup,1234
"Mohon tambahkan lebih banyak artikel yg relevan untuk pembaca muda dan milenial, serta perjelas manfaat berlangganan kompas.id agar mereka tertarik membaca.",Kualitas Konten,Netral,augmented_round2_topup,1155
Mohon redaksi kompas terus mempertahankan standar akurasi dan ketelitian dalam setiap penulisan beritanya.,Kualitas Konten,Netral,augmented_round2_topup,1227
Semoga konten berita luar negeri di kompas.id bisa ditambah dengan lebih bervariasi,Kualitas Konten,Netral,augmented_round2_topup,1210
Tolong tambahkan lebih banyak artikel yang menggunakan bahasa sederhana supaya bisa dipahami oleh semua orang.,Kualitas Konten,Netral,augmented_round2_topup,1240
"Mohon sajikan berita dengan perspektif yg seimbang dan proporsional, hindari bias penguasa, serta utamakan kepentingan publik dalam setiap liputan.",Kualitas Konten,Netral,augmented_round2_topup,1081
tolong tambahkan frekuensi update berita sepak bola agar pembaca bisa mendapat informasi terkini,Kualitas Konten,Netral,augmented_round2_topup,1205
"Semoga konten yang relevan untuk generasi muda bisa ditingkatkan lagi agar lebih menarik minat mereka membaca, dan strategi promosi tentang nilai tambah berlangganan kompas.id perlu diperkuat lebih gencar.",Kualitas Konten,Netral,augmented_round2_topup,1155
"Tolong tingkatkan kejelasan dan akurasi pemberitaannya ya, terima kasih.",Kualitas Konten,Netral,augmented_round2_topup,461
Tolong tambahkan update lebih rutin untuk rubrik sains dan teknologi di kompas.,Kualitas Konten,Netral,augmented_round2_topup,1229
Apakah memang harus berlangganan untuk bisa akses semua konten di kompas id,Langganan (Subscription & Pricing),Netral,augmented_round2_topup,986
Semoga konten sains dan teknologi di Kompas.id bisa lebih rutin diupdate agar tetap aktual dan relevan.,Kualitas Konten,Netral,augmented_round2_topup,1229
Mohon kompas lebih teliti dalam mengumpulkan pernyataan dari semua narasumber sebelum menerbitkan berita.,Kualitas Konten,Netral,augmented_round2_topup,1219
Mohon Kompas tetap menjaga objektivitas dan keseimbangan dalam setiap pemberitaan.,Kualitas Konten,Netral,augmented_round2_topup,1218
Apakah semua berita memerlukan paket berlangganan?,Langganan (Subscription & Pricing),Netral,augmented_round2_topup,136
Apakah ada opsi pembayaran langganan selain transfer bank biasa?,Langganan (Subscription & Pricing),Netral,augmented_round2_topup,759
Apakah ada fitur untuk menyimpan artikel yang sudah diunduh agar tidak perlu download ulang setiap kali membuka aplikasi?,Fungsionalitas,Netral,augmented_round2_topup,1114
Semoga kompas terus menjaga kualitas dan akurasi berita dari semua penulis jurnalisnya.,Kualitas Konten,Netral,augmented_round2_topup,1227
Tolong tingkatkan frekuensi pembaruan konten di rubrik sains dan teknologi kompas.,Kualitas Konten,Netral,augmented_round2_topup,1229
Mohon rubrik sains dan teknologi di kompas.id lebih sering diperbarui agar konten tetap aktual.,Kualitas Konten,Netral,augmented_round2_topup,1229
semoga kompas.id terus mempertahankan objektivitas dan keseimbangan dalam setiap pemberitaan,Kualitas Konten,Netral,augmented_round2_topup,1218
masih ragu-ragu mau langganan atau engga,Langganan (Subscription & Pricing),Netral,augmented_round2_topup,985
Mohon tambahkan fitur unduh berita supaya bisa dibaca ketika sedang offline,Fungsionalitas,Netral,augmented_round2_topup,802
Tolong tambahkan akses kategori berita langsung dari menu utama di bagian bawah layar,Tampilan (UI/UX),Netral,augmented_round2_topup,1171
"Tolong tingkatkan kejelasan dan akurasi berita yg disajikan ya, terima kasih.",Kualitas Konten,Netral,augmented_round2_topup,461
Apakah bisa aplikasi ini dioptimalkan agar lebih stabil dan minim bug? Semoga update berikutnya lebih cepat dan interface lebih mudah digunakan. Terima kasih,Performa (Technical & Access),Netral,augmented_round2_topup,598
"Semoga kompas bisa menambah liputan ekonomi dan bisnis dengan detail yang lebih mendalam, supaya semua aspek kehidupan bisa tercakup dalam satu aplikasi.",Kualitas Konten,Netral,augmented_round2_topup,960
Semoga kompas.id bisa tambahkan format artikel panjang yang lebih mudah dipahami pembaca.,Kualitas Konten,Netral,augmented_round2_topup,1241
"Apakah ada kemungkinan untuk membaca artikel tanpa perlu berlangganan berbayar, agar semua orang bisa mengakses konten dengan lebih mudah?",Langganan (Subscription & Pricing),Netral,augmented_round2_topup,196
mohon kompas tambah lebih banyak artikel investigasi mendalam yg berbasis data,Kualitas Konten,Netral,augmented_round2_topup,1225
Tolong kompas tambahkan lebih banyak konten berita dengan format visual yg lebih menarik,Kualitas Konten,Netral,augmented_round2_topup,1236
Mohon standar penulisan jurnalistik di Kompas tetap terjaga dengan konsisten oleh semua tim redaksinya.,Kualitas Konten,Netral,augmented_round2_topup,1227
Mohon tambahkan lebih banyak analisis dari para pakar dalam setiap berita penting yang disajikan.,Kualitas Konten,Netral,augmented_round2_topup,1224
Tolong tambahkan artikel sains dan teknologi lebih rutin supaya konten tetap aktual.,Kualitas Konten,Netral,augmented_round2_topup,1229
Semoga kompas bisa menambah jangkauan liputan berita dunia supaya lebih komprehensif,Kualitas Konten,Netral,augmented_round2_topup,1210
Apakah bisa interface aplikasi ini dibuat lebih user-friendly dan responsif saat digunakan? Terima kasih,Tampilan (UI/UX),Netral,augmented_round2_topup,598
Tolong tingkatkan desain antarmuka Kompas agar lebih user-friendly dan responsif. Semoga update berikutnya bisa meminimalkan bug juga. Terima kasih.,Tampilan (UI/UX),Netral,augmented_round2_topup,598
Semoga kompas.id bisa memperluas liputan tentang isu kesehatan masyarakat khususnya di wilayah terpencil,Kualitas Konten,Netral,augmented_round2_topup,1230
Mohon tambahkan fitur mode baca dengan latar gelap agar lebih optimal untuk membaca di kondisi cahaya rendah.,Tampilan (UI/UX),Netral,augmented_round2_topup,694
Mohon kompas menambah liputan investigasi mendalam yang lebih informatif dan terperinci,Kualitas Konten,Netral,augmented_round2_topup,1225
Mohon kompas menggali lebih dalam setiap topik dan tidak hanya menyentuh permukaannya saja.,Kualitas Konten,Netral,augmented_round2_topup,1221
"Semoga kompas bisa menambah artikel dengan pembahasan analitis yang lebih mendalam, bukan cuma berita peristiwa biasa aja.",Kualitas Konten,Netral,augmented_round2_topup,1222
"Tolong jangkauan berita kompas.id diperluas lagi hingga ke tingkat dunia supaya pembaca bisa dapet informasi yg lebih luas, dan semoga biayanya tetap terjangkau oke!!!",Kualitas Konten,Netral,augmented_round2_topup,670
Tolong tambahkan lebih banyak artikel jurnalisme data yang mendalam dan informatif.,Kualitas Konten,Netral,augmented_round2_topup,1225
"Apakah bisa semua artikel dan buku bisa diakses gratis tanpa perlu berlangganan berbayar, supaya lebih banyak orang yang bisa membaca",Langganan (Subscription & Pricing),Netral,augmented_round2_topup,196
Mohon liputan sepak bola ditambah frekuensi updatenya agar lebih rutin.,Kualitas Konten,Netral,augmented_round2_topup,1205
Apakah ada opsi untuk mengubah tata letak konten menjadi satu kolom di halaman utama?,Tampilan (UI/UX),Netral,augmented_round2_topup,1173
Mohon perbanyak liputan mendalam tentang perkembangan usaha kecil dan menengah di tanah air,Kualitas Konten,Netral,augmented_round2_topup,1233
Semoga konten opini dan esai di Kompas.id semakin bervariasi dan mewakili berbagai perspektif yang ada.,Kualitas Konten,Netral,augmented_round2_topup,1226
"Semoga konten berita ekonomi dan bisnis di Kompas.id bisa lebih mendalam dan detail, sehingga bisa jadi satu-satunya sumber informasi lengkap yg dibutuhkan pembaca setiap hari.",Kualitas Konten,Netral,augmented_round2_topup,960
Mohon kompas.id untuk memperluas jangkauan liputan berita hingga ke tingkat internasional agar pembaca bisa mendapat perspektif global yang lebih lengkap.,Kualitas Konten,Netral,augmented_round2_topup,670
Apakah ada fitur print untuk e-paper agar bisa dicetak langsung dari aplikasi,Fungsionalitas,Netral,augmented_round2_topup,194
Apakah fitur kompaskarier bisa ditambahkan di aplikasi ini seperti yang tersedia di website kompas?,Fungsionalitas,Netral,augmented_round2_topup,406
Semoga berita yang disajikan bisa lebih aktual dan selalu diperbarui 😊,Kualitas Konten,Netral,augmented_round2_topup,334
Semoga konten berita kompas bisa lebih mendalam dan tidak hanya sekadar cover saja,Kualitas Konten,Netral,augmented_round2_topup,1221
Apakah bisa ditambahkan free trial minimal 3 hari biar bisa coba-coba dulu sebelum berlangganan?,Langganan (Subscription & Pricing),Netral,augmented_round2_topup,267
Mohon kompas.id menambahkan lebih banyak infografis supaya berita yang rumit jadi lebih mudah dipahami.,Kualitas Konten,Netral,augmented_round2_topup,1237
"Mohon KOMPAS menambah liputan mendalam tentang industri sawit, khususnya terkait kebijakan pajak pemerintah dan penetapan harga oleh pabrik sehingga pembaca dapat memahami situasi petani sawit secara lebih komprehensif.",Kualitas Konten,Netral,augmented_round2_topup,965
"Tolong kompas tingkatkan liputan tentang industri sawit, khususnya mengenai kebijakan pajak pemerintah dan penetapan harga oleh pabrik yang berdampak pada petani sawit.",Kualitas Konten,Netral,augmented_round2_topup,965
Mohon kompas.id untuk memperbanyak update berita sektor ekonomi dan bisnis setiap harinya.,Kualitas Konten,Netral,augmented_round2_topup,1211
Semoga kompas lebih teliti dalam memverifikasi dan mengecek keakuratan berita sebelum dipublikasikan,Kualitas Konten,Netral,augmented_round2_topup,1223
Mohon kompas menambahkan lebih banyak wawancara dengan para ahli di setiap liputan isu utama,Kualitas Konten,Netral,augmented_round2_topup,1224
Semoga Kompas.id terus menjaga kredibilitas berita tanpa pengaruh dari pihak manapun,Kualitas Konten,Netral,augmented_round2_topup,1212
"Mohon aplikasi ini menambah konten analisis yang lebih mendalam, bukan hanya berita peristiwa saja.",Kualitas Konten,Netral,augmented_round2_topup,1222
"Semoga kompas bisa lebih sering menampilkan artikel dengan penjelasan detail dan konteks, bukan sekadar berita kejadian aja.",Kualitas Konten,Netral,augmented_round2_topup,1222
Mohon tambahkan opsi untuk memperbesar ukuran huruf di aplikasi ini,Tampilan (UI/UX),Netral,augmented_round2_topup,992
Mohon konten berita sepak bola bisa ditambah frekuensi updatenya agar lebih aktual.,Kualitas Konten,Netral,augmented_round2_topup,1205
"Tolong pastikan berita yg disajikan akurat dan faktual, jangan terlalu banyak iklan",Kualitas Konten,Netral,augmented_round2_topup,389
Mohon promosi langganannya diperpanjang lagi.,Langganan (Subscription & Pricing),Netral,augmented_round2_topup,111
Mohon kompas memperluas jangkauan artikel edukatif yang sesuai dengan kebutuhan anak muda,Kualitas Konten,Netral,augmented_round2_topup,1231
Mohon pastikan setiap artikel kompas mencakup perspektif dari semua pihak yang berkepentingan,Kualitas Konten,Netral,augmented_round2_topup,1219
Semoga kompas bisa menambah variasi berita global agar cakupannya lebih luas dan komprehensif.,Kualitas Konten,Netral,augmented_round2_topup,1210
"tolong kompas.id tambahkan lebih banyak artikel dengan pembahasan mendalam, bukan cuma berita kejadian aja",Kualitas Konten,Netral,augmented_round2_topup,1222
Semoga kompas bisa menambah liputan lebih dalam tentang perkembangan teknologi dan startup lokal indonesia,Kualitas Konten,Netral,augmented_round2_topup,1206
"Apakah bisa ditambahkan paket berlangganan dengan harga lebih terjangkau, seperti Rp 1000, biar bisa coba dulu sebelum lanjut ke paket yang lebih mahal?",Langganan (Subscription & Pricing),Netral,augmented_round2_topup,365
Semoga kompas bisa menambah keberagaman topik opini dan esai agar lebih banyak perspektif yg terwakili.,Kualitas Konten,Netral,augmented_round2_topup,1226
Semoga kompas bisa menambah liputan berita luar negeri yang lebih komprehensif dan variatif.,Kualitas Konten,Netral,augmented_round2_topup,1210
"Tolong tambahkan lebih banyak artikel yg relevan untuk kalangan muda supaya mereka tertarik baca di kompas.id, dan jelaskan lebih gencar apa manfaat sebenarnya pake aplikasi ini dibanding yg lain.",Kualitas Konten,Netral,augmented_round2_topup,1155
Mohon pertimbangkan untuk menambahkan fitur penyimpanan artikel supaya bisa dibaca di waktu lain.,Fungsionalitas,Netral,augmented_round2_topup,796
"Mohon ditambahkan fitur baca nanti untuk semua artikel baik di web maupun aplikasi, karena masih ada beberapa artikel yang tidak memiliki fungsi tersebut. Terima kasih",Fungsionalitas,Netral,augmented_round2_topup,737
Apakah bisa dikasih trial gratis minimal 3 hari biar bisa coba aplikasinya dulu sebelum berlangganan,Langganan (Subscription & Pricing),Netral,augmented_round2_topup,267
Mohon kompas tingkatkan ketersediaan artikel edukatif yang sesuai dengan kebutuhan anak muda.,Kualitas Konten,Netral,augmented_round2_topup,1231
apakah ada promo khusus untuk paket langganan kompas id,Langganan (Subscription & Pricing),Netral,augmented_round2_topup,756
Mohon kompas perbanyak artikel edukatif yang lebih sesuai dengan kebutuhan anak muda saat ini.,Kualitas Konten,Netral,augmented_round2_topup,1231
Mohon tingkatkan cakupan berita dari berbagai daerah di luar Jawa agar distribusi konten lebih seimbang.,Kualitas Konten,Netral,augmented_round2_topup,1208
Apakah ada opsi untuk membaca berita tanpa perlu berlangganan berbayar?,Langganan (Subscription & Pricing),Netral,augmented_round2_topup,231
Mohon redaksi kompas untuk menyertakan lebih banyak analisis dari para ahli di setiap pemberitaan isu utama.,Kualitas Konten,Netral,augmented_round2_topup,1224
"Semoga artikel-artikelnya lebih detail dan tepat sasaran ya, terima kasih.",Kualitas Konten,Netral,augmented_round2_topup,461
Mohon kompas.id bisa memperluas jangkauan berita hingga ke tingkat internasional agar pembaca semakin luas dan mendapat informasi yang lebih menyeluruh.,Kualitas Konten,Netral,augmented_round2_topup,670
Apakah semua berita harus berlangganan dulu untuk bisa dibaca?,Langganan (Subscription & Pricing),Netral,augmented_round2_topup,125
"semoga kompas bisa lebih mendalam dalam mengupas setiap berita, bukan hanya sekadar liputan permukaan",Kualitas Konten,Netral,augmented_round2_topup,1221
apakah tersedia pilihan paket langganan dengan sistem pembayaran mingguan,Langganan (Subscription & Pricing),Netral,augmented_round2_topup,987
apakah tersedia paket bundling kompas id dengan produk kompas lainnya,Langganan (Subscription & Pricing),Netral,augmented_round2_topup,757
"Semoga kompas bisa menambah artikel dengan pembahasan yang lebih detail, bukan sekadar berita singkat peristiwa",Kualitas Konten,Netral,augmented_round2_topup,1222
Tolong cakupan beritanya diperluas lagi sampai ke tingkat internasional biar jangkauan pembacanya lebih luas dan beragam.,Kualitas Konten,Netral,augmented_round2_topup,670
Semoga berita terus diperbarui dengan informasi terkini,Kualitas Konten,Netral,augmented_round2_topup,436
Apakah ada kemungkinan untuk membuka akses berita tanpa harus berlangganan premium terlebih dahulu?,Langganan (Subscription & Pricing),Netral,augmented_round2_topup,627
Mohon Kompas.id lebih sering menampilkan pendapat dari para pakar terkait isu-isu utama yg dibahas,Kualitas Konten,Netral,augmented_round2_topup,1224
Semoga kompas selalu menjaga standar keakuratan dan objektivitas dalam setiap berita yang disajikan.,Kualitas Konten,Netral,augmented_round2_topup,1214
"Tolong kompas.id tambahkan lebih banyak artikel investigasi dan penjelasan detail, bukan cuma berita singkat peristiwa aja.",Kualitas Konten,Netral,augmented_round2_topup,1222
Mohon ditambahkan opsi tampilan landscape saat membaca artikel agar lebih luas,Tampilan (UI/UX),Netral,augmented_round2_topup,787
mohon perbanyak artikel pendidikan yang lebih sesuai dengan kebutuhan generasi muda,Kualitas Konten,Netral,augmented_round2_topup,1231
Mohon Kompas menambah variasi konten audio berita agar pembaca yang lebih suka format podcast bisa lebih terlayani,Kualitas Konten,Netral,augmented_round2_topup,1238
"Semoga Kompas bisa menambah kedalaman liputan bisnis dan ekonomi dengan detail yg lebih komprehensif, sehingga jadi satu platform lengkap untuk semua aspek kehidupan.",Kualitas Konten,Netral,augmented_round2_topup,960
Apakah fitur kliping bisa diakses offline tanpa perlu koneksi internet?,Fungsionalitas,Netral,augmented_round2_topup,1000
Mohon berita-berita penting bisa dimuat lebih cepat terutama saat ada peristiwa besar terjadi.,Kualitas Konten,Netral,augmented_round2_topup,1207
Mohon tambahkan opsi pilihan ukuran dan jenis font,Tampilan (UI/UX),Netral,augmented_round2_topup,1071
Mohon terus jaga objektivitas berita dan hindari judul sensasional,Kualitas Konten,Netral,augmented_round2_topup,893
Semoga kompas.id terus menambah artikel investigasi mendalam yang lebih komprehensif,Kualitas Konten,Netral,augmented_round2_topup,1225
Semoga kompas bisa memperluas cakupan liputan tentang teknologi dan startup lokal,Kualitas Konten,Netral,augmented_round2_topup,1206
Apakah semua berita di aplikasi ini memerlukan pembayaran langganan?,Langganan (Subscription & Pricing),Netral,augmented_round2_topup,125
"kak mohon bantu, udah dapet voucher kompas buat sebulan tapi ga tau gimana cara masukin kode vouchernya?",Langganan (Subscription & Pricing),Netral,augmented_round2_topup,463
Mohon kompas.id menambahkan artikel edukasi yang lebih sesuai dengan kebutuhan anak muda,Kualitas Konten,Netral,augmented_round2_topup,1231
Mohon berita-beritanya bisa lebih sering diperbarui agar tetap aktual 😊,Kualitas Konten,Netral,augmented_round2_topup,334
"Mohon tingkatkan liputan berita ekonomi dan bisnis dengan detail yang lebih mendalam, sehingga Kompas.id bisa menjadi satu-satunya sumber informasi lengkap untuk semua aspek kehidupan dalam satu aplikasi.",Kualitas Konten,Netral,augmented_round2_topup,960
"Mohon sajikan berita dengan perspektif yg seimbang dan tidak memihak salah satu pihak, serta utamakan kepentingan publik dalam setiap liputan.",Kualitas Konten,Netral,augmented_round2_topup,1081
Mohon tambahkan konten berita yang lebih lengkap dan mendalam di setiap updatenya.,Kualitas Konten,Netral,augmented_round2_topup,526
"Apakah bisa ada opsi gratis untuk membaca artikel dan buku di aplikasi ini, supaya semua orang bisa akses konten tanpa perlu bayar?",Langganan (Subscription & Pricing),Netral,augmented_round2_topup,196
"tolong tambahkan lebih banyak berita ekonomi dan bisnis dengan pembahasan yg lebih mendalam, supaya kompas.id bisa jadi satu aplikasi yg mencakup semua aspek kehidupan dalam satu genggaman",Kualitas Konten,Netral,augmented_round2_topup,960
Semoga redaksi kompas terus menjaga kredibilitas dan objektivitas dalam setiap pemberitaan yang disajikan.,Kualitas Konten,Netral,augmented_round2_topup,1212
Mohon kompas memperbanyak artikel mendalam tentang isu-isu lingkungan dan perubahan iklim,Kualitas Konten,Netral,augmented_round2_topup,1228
Mohon kompas sertakan lebih banyak artikel edukatif yg sesuai dengan kebutuhan anak muda saat ini.,Kualitas Konten,Netral,augmented_round2_topup,1231
Mohon redaksi kompas terus mempertahankan standar objektivitas dalam setiap pelaporan berita,Kualitas Konten,Netral,augmented_round2_topup,1218
"Mohon tambahkan fitur dark mode dan pengaturan ukuran teks, mengingat aplikasi pembaca konten berbayar lainnya sudah menyediakan opsi tersebut.",Tampilan (UI/UX),Netral,augmented_round2_topup,593
"Mohon tambahkan lebih banyak konten yang relevan untuk kalangan muda agar mereka tertarik membaca, dan perjelas manfaat berlangganan kompas.id dibanding hanya fokus pada cara download saja.",Kualitas Konten,Netral,augmented_round2_topup,1155
Semoga konten berita internasional di kompas.id bisa ditambah lebih banyak dan variatif,Kualitas Konten,Netral,augmented_round2_topup,1210
tolong tingkatkan liputan tentang perkembangan teknologi dan startup Indonesia di aplikasi ini,Kualitas Konten,Netral,augmented_round2_topup,1206
Mohon tambahkan fitur dark mode untuk memudahkan pembacaan di malam hari.,Tampilan (UI/UX),Netral,augmented_round2_topup,772
Semoga konten berita kompas.id bisa ditingkatkan kejelasan dan akurasi faktanya ya.,Kualitas Konten,Netral,augmented_round2_topup,461
Tolong tambahkan opsi ukuran font yang lebih besar di pengaturan tampilan,Tampilan (UI/UX),Netral,augmented_round2_topup,992
"Semoga kompas bisa menambah artikel dengan pembahasan analitik yang lebih detail, bukan cuma berita kejadian aja.",Kualitas Konten,Netral,augmented_round2_topup,1222
Semoga kompas bisa menambah jangkauan liputan berita global agar lebih komprehensif dan variatif.,Kualitas Konten,Netral,augmented_round2_topup,1210
Mohon tambahkan lebih banyak artikel mengenai isu-isu lingkungan dan perubahan iklim di aplikasi ini.,Kualitas Konten,Netral,augmented_round2_topup,1228
Mohon Kompas lebih cepat dalam menyajikan berita saat terjadi peristiwa penting agar informasi dapat diakses dengan tepat waktu.,Kualitas Konten,Netral,augmented_round2_topup,1207
Mohon lebih sering update berita terkini agar konten tetap relevan dan aktual 😊,Kualitas Konten,Netral,augmented_round2_topup,334
Apakah ada kemungkinan untuk membaca artikel kompas di android tanpa perlu berlangganan berbayar,Langganan (Subscription & Pricing),Netral,augmented_round2_topup,529
Mohon tambahkan berita dengan konten yg lebih mendalam dan informatif,Kualitas Konten,Netral,augmented_round2_topup,526
Semoga kompas bisa menampilkan artikel mendalam dengan tata letak yang lebih mudah dibaca,Kualitas Konten,Netral,augmented_round2_topup,1241
Mohon ditambahkan fitur pengaturan ukuran font agar tulisan bisa disesuaikan dengan preferensi pembaca.,Tampilan (UI/UX),Netral,augmented_round2_topup,488
Apakah ada paket bundling yang menggabungkan kompas.id dengan produk kompas lainnya,Langganan (Subscription & Pricing),Netral,augmented_round2_topup,757
semoga kompas bisa menambah ragam perspektif dalam konten opini dan esai yang ditampilkan,Kualitas Konten,Netral,augmented_round2_topup,1226
Mohon kompas lebih teliti dalam memverifikasi sumber dan data sebelum menerbitkan berita,Kualitas Konten,Netral,augmented_round2_topup,1223
apakah perlu berlangganan untuk mengakses semua artikel berita?,Langganan (Subscription & Pricing),Netral,augmented_round2_topup,136
Apakah ada jadwal rutin untuk promo paket berlangganan kompas id,Langganan (Subscription & Pricing),Netral,augmented_round2_topup,756
gimana sih caranya perpanjang paket berlangganan kompas id?,Langganan (Subscription & Pricing),Netral,augmented_round2_topup,752
apakah ada diskon khusus atau paket langganan untuk pelajar dan mahasiswa,Langganan (Subscription & Pricing),Netral,augmented_round2_topup,751
Apakah tersedia paket langganan yang bisa dibayar mingguan,Langganan (Subscription & Pricing),Netral,augmented_round2_topup,987
Semoga bisa ditambahkan opsi tampilan landscape ketika membaca berita agar lebih luas.,Tampilan (UI/UX),Netral,augmented_round2_topup,787
Semoga konten berita di aplikasi ini bisa lebih detail dan tepat sasaran ya.,Kualitas Konten,Netral,augmented_round2_topup,461
Semoga kompas terus menyajikan berita yg berimbang dan memberikan kesempatan suara untuk semua pihak.,Kualitas Konten,Netral,augmented_round2_topup,1213
Tolong kompas tambahkan lebih banyak artikel dengan penjelasan yg sederhana supaya mudah dipahami semua orang,Kualitas Konten,Netral,augmented_round2_topup,1240
Mohon Kompas.id tetap menyajikan berita yang kritis terhadap semua pihak tanpa pandang bulu.,Kualitas Konten,Netral,augmented_round2_topup,1217
Mohon kompas tingkatkan format penyajian berita agar lebih mudah dibaca dan dipahami pembaca,Kualitas Konten,Netral,augmented_round2_topup,1241
Apakah ada opsi paket langganan yang lebih terjangkau untuk pembaca yang ingin akses konten premium tanpa beban biaya terlalu besar?,Langganan (Subscription & Pricing),Netral,augmented_round2_topup,691
Semoga artikel-artikelnya lebih terverifikasi dan mudah dipahami ya.,Kualitas Konten,Netral,augmented_round2_topup,461
Semoga kompas bisa menambah konten video singkat yg lebih mudah dipahami pembaca,Kualitas Konten,Netral,augmented_round2_topup,1239
"Mohon tambahkan liputan bisnis dan ekonomi dengan pembahasan yang lebih mendalam dan detail, sehingga kompas bisa menjadi satu platform berita lengkap untuk semua aspek kehidupan.",Kualitas Konten,Netral,augmented_round2_topup,960
Mohon redaksi kompas tetap menjaga standar akurasi dan keseimbangan dalam setiap pemberitaan.,Kualitas Konten,Netral,augmented_round2_topup,1218
Apakah menu navigasi kategori berita bisa ditambahkan di bagian bawah layar untuk akses lebih mudah,Tampilan (UI/UX),Netral,augmented_round2_topup,1171
Tolong sajikan berita yang lebih faktual dan konkret,Kualitas Konten,Netral,augmented_round2_topup,1100
Tolong tambahkan fitur dark mode agar pembaca bisa menyesuaikan latar belakang aplikasi sesuai kondisi pencahayaan sekitar.,Tampilan (UI/UX),Netral,augmented_round2_topup,694
Apakah ada menu untuk membatalkan langganan di aplikasi ini,Langganan (Subscription & Pricing),Netral,augmented_round2_topup,375
"Mohon sajikan berita yg faktual dan terverifikasi, kurangi konten promosi berlebihan.",Kualitas Konten,Netral,augmented_round2_topup,389
apakah ada opsi untuk mengubah skema warna tampilan beranda kompas id,Tampilan (UI/UX),Netral,augmented_round2_topup,774
Mohon Kompas untuk menambahkan analisis mendalam dari para pakar di setiap berita utama yang disajikan.,Kualitas Konten,Netral,augmented_round2_topup,1224
"Semoga aplikasi ini bisa dioptimalkan agar lebih stabil dan responsif, serta update-nya lebih cepat. Terima kasih",Performa (Technical & Access),Netral,augmented_round2_topup,598
Apakah bisa coba dulu sebelum bayar langganan 50 ribu?,Langganan (Subscription & Pricing),Netral,augmented_round2_topup,392
"Tolong tingkatkan kejelasan dan akurasi dalam penyajian berita ya, terima kasih.",Kualitas Konten,Netral,augmented_round2_topup,461
Mohon tambahkan lebih banyak artikel yg relevan untuk kalangan muda supaya mereka tertarik baca berita di kompas.id.,Kualitas Konten,Netral,augmented_round2_topup,1155
Mohon kompas untuk lebih memperhatikan format penyajian berita panjang agar lebih mudah dibaca,Kualitas Konten,Netral,augmented_round2_topup,1241
Semoga kompas bisa menambah artikel investigasi yang mendalam dan berdasarkan data akurat.,Kualitas Konten,Netral,augmented_round2_topup,1225
Mohon Kompas menyajikan artikel investigasi yang lebih terstruktur dan komprehensif untuk topik-topik utama.,Kualitas Konten,Netral,augmented_round2_topup,1242
Tolong tambahkan lebih banyak artikel tentang isu-isu sosial kemasyarakatan dengan pembahasan yg lebih detail dan komprehensif.,Kualitas Konten,Netral,augmented_round2_topup,1235
Mohon kompas untuk menyajikan perspektif yang lebih beragam dalam meliput satu topik,Kualitas Konten,Netral,augmented_round2_topup,1216
Semoga konten berita kompas.id bisa lebih objektif dan memberikan kesempatan suara kepada berbagai perspektif,Kualitas Konten,Netral,augmented_round2_topup,1213
apakah semua berita memerlukan pembayaran untuk dibaca,Langganan (Subscription & Pricing),Netral,augmented_round2_topup,125
Mohon kompas.id untuk memperluas jangkauan berita hingga ke tingkat internasional agar pembaca bisa mendapatkan informasi yg lebih luas dan beragam 🙏,Kualitas Konten,Netral,augmented_round2_topup,670
Tolong tambahkan lebih banyak artikel yg mengupas isu-isu sosial dan kemasyarakatan secara lebih detail.,Kualitas Konten,Netral,augmented_round2_topup,1235
Semoga Kompas selalu memverifikasi berita sebelum dipublikasikan yaa,Kualitas Konten,Netral,augmented_round2_topup,408
"Apakah bisa ditambahkan fitur rotasi layar otomatis saat hp dimiringkan ke posisi horizontal, dan juga memungkinkan akses arsip edisi lama minimal 10 tahun ke belakang seperti di aplikasi pembaca e-book lainnya?",Fungsionalitas,Netral,augmented_round2_topup,749
Mohon pertimbangkan fitur text to speech agar bisa berjalan di latar belakang saat membuka aplikasi lain.,Fungsionalitas,Netral,augmented_round2_topup,1177
Semoga Kompas terus menambah liputan mendalam tentang peristiwa-peristiwa penting dari seluruh nusantara.,Kualitas Konten,Netral,augmented_round2_topup,1234
Tolong tambahkan lebih banyak liputan tentang perkembangan teknologi dan startup Indonesia di kompas.id,Kualitas Konten,Netral,augmented_round2_topup,1206
Mohon kompas lebih sering menghadirkan artikel investigatif yg lebih mendalam,Kualitas Konten,Netral,augmented_round2_topup,1220
Tolong tingkatkan kedalaman pemberitaan mengenai isu-isu sosial dan kemasyarakatan di aplikasi ini.,Kualitas Konten,Netral,augmented_round2_topup,1235
"Tolong KOMPAS lebih konsisten dalam menyajikan berita yg faktual, terkini, dan berimbang supaya bisa menjadi rujukan terpercaya bagi seluruh masyarakat 🙏",Kualitas Konten,Netral,augmented_round2_topup,421
"Semoga kompas bisa menambah liputan bisnis dan ekonomi dengan detail yang lebih mendalam, supaya jadi satu aplikasi berita lengkap untuk semua kebutuhan informasi.",Kualitas Konten,Netral,augmented_round2_topup,960
Semoga Kompas bisa menambah artikel investigasi tentang isu-isu sosial kemasyarakatan yg lebih detail dan komprehensif.,Kualitas Konten,Netral,augmented_round2_topup,1235
Semoga Kompas terus memberikan liputan yang objektif terhadap semua kalangan tanpa pandang bulu.,Kualitas Konten,Netral,augmented_round2_topup,1217
Mau coba paket gratis dulu sebelum beli paket premium,Langganan (Subscription & Pricing),Netral,augmented_round2_topup,1166
tolong kompas tambahkan liputan berita lokal dan regional lebih lengkap lagi,Kualitas Konten,Netral,augmented_round2_topup,1209
Mohon ditambahkan fitur dark mode untuk mengurangi silau saat membaca di kondisi cahaya rendah.,Tampilan (UI/UX),Netral,augmented_round2_topup,1170
mohon kompas lebih sering menyertakan visualisasi data dalam artikel berita yg rumit agar lebih mudah dipahami,Kualitas Konten,Netral,augmented_round2_topup,1237
Tolong tambahkan opsi untuk memperbesar ukuran teks di pengaturan tampilan,Tampilan (UI/UX),Netral,augmented_round2_topup,992
Mohon kompas menambah jumlah artikel mendalam tentang isu-isu terkini agar pembaca bisa lebih memahami konteks berita dengan detail.,Kualitas Konten,Netral,augmented_round2_topup,1238
"Apakah bisa menambah metode pembayaran untuk langganan, seperti voucher google play atau opsi lainnya?",Langganan (Subscription & Pricing),Netral,augmented_round2_topup,889
"Mohon berita ekonomi dan bisnis ditingkatkan dengan cakupan lebih detail dan mendalam, sehingga kompas bisa menjadi satu-satunya sumber informasi lengkap untuk semua aspek kehidupan.",Kualitas Konten,Netral,augmented_round2_topup,960
Semoga kompas lebih cepat dalam menyajikan berita terkini terutama saat ada peristiwa penting terjadi.,Kualitas Konten,Netral,augmented_round2_topup,1207
Semoga kompas bisa menambah artikel dengan penjelasan yang lebih sederhana dan accessible untuk semua pembaca.,Kualitas Konten,Netral,augmented_round2_topup,1240
"Tolong tambahkan lebih banyak artikel dengan pembahasan mendalam, bukan hanya sekadar pemberitaan peristiwa saja.",Kualitas Konten,Netral,augmented_round2_topup,1222
Mohon kompas terus mempertahankan standar jurnalistik yang tinggi dalam setiap penulisan beritanya.,Kualitas Konten,Netral,augmented_round2_topup,1227
Mohon beritanya lebih faktual dan detail ya..,Kualitas Konten,Netral,augmented_round2_topup,1100
Tolong kompas tambahkan liputan investigatif yang lebih sistematis untuk topik-topik penting.,Kualitas Konten,Netral,augmented_round2_topup,1242
Mohon fitur kliping artikel bisa diakses offline tanpa perlu koneksi internet,Fungsionalitas,Netral,augmented_round2_topup,1000
apakah ada kemungkinan untuk menambahkan pengaturan line spacing pada tampilan artikel,Tampilan (UI/UX),Netral,augmented_round2_topup,778
"Apakah fitur TTS tersedia untuk e-paper versi online? Jika tersedia, bagaimana cara mendapatkan kupon yang diperlukan untuk menggunakannya? Mohon penjelasannya, terima kasih.",Fungsionalitas,Netral,augmented_round2_topup,684
"Mohon UI aplikasi Kompas bisa diperbarui agar lebih user-friendly dan responsif, serta meminimalkan bug. Terima kasih",Tampilan (UI/UX),Netral,augmented_round2_topup,598
Mohon standar kualitas penulisan berita di Kompas tetap terjaga dengan konsisten oleh semua jurnalis.,Kualitas Konten,Netral,augmented_round2_topup,1227
"Semoga kompas bisa lebih sering memberikan penjelasan detail tentang suatu isu, bukan cuma berita kejadian aja.",Kualitas Konten,Netral,augmented_round2_topup,1222
Semoga kompas bisa menambah variasi sudut pandang dalam rubrik opini dan esai agar lebih representatif,Kualitas Konten,Netral,augmented_round2_topup,1226
"Tolong tambahkan lebih banyak artikel yang relevan untuk pembaca muda supaya mereka tertarik membaca kompas.id, dan gencarkan promosi tentang nilai tambah aplikasi premium ini dibanding cara downloadnya aja.",Kualitas Konten,Netral,augmented_round2_topup,1155
Semoga beritanya objektif dan tidak memihak,Kualitas Konten,Netral,augmented_round2_topup,458
"Semoga aplikasi Kompas.id bisa dioptimalkan agar lebih stabil, dengan loading yang lebih cepat dan bug yang berkurang. Terima kasih",Performa (Technical & Access),Netral,augmented_round2_topup,598
Apakah ada paket langganan khusus untuk mahasiswa dengan harga lebih terjangkau?,Langganan (Subscription & Pricing),Netral,augmented_round2_topup,1047
Mohon Kompas memperluas jangkauan berita tentang isu-isu lingkungan dan perubahan iklim.,Kualitas Konten,Netral,augmented_round2_topup,1228
tolong kompas hadirkan lebih banyak artikel investigasi yang terorganisir untuk topik-topik strategis,Kualitas Konten,Netral,augmented_round2_topup,1242
"Apakah bisa ditambahkan metode pembayaran lain untuk berlangganan, seperti voucher google play atau cara lainnya.",Langganan (Subscription & Pricing),Netral,augmented_round2_topup,889
Semoga kompas bisa menyajikan lebih banyak visualisasi data untuk memperjelas berita-berita yang rumit,Kualitas Konten,Netral,augmented_round2_topup,1237
Mohon konten sepak bola bisa diperbarui lebih rutin agar tetap aktual.,Kualitas Konten,Netral,augmented_round2_topup,1205
Semoga berita yang ditampilkan bisa lebih sering diperbarui dengan informasi terkini 😊,Kualitas Konten,Netral,augmented_round2_topup,334
Mohon Kompas.id lebih banyak menyajikan liputan ekonomi dan bisnis yang diperbarui setiap hari.,Kualitas Konten,Netral,augmented_round2_topup,1211
Mohon jaga objektivitas dalam pemberitaan.,Kualitas Konten,Netral,augmented_round2_topup,63
Mohon konten berita kompas.id selalu menyajikan perspektif dari berbagai pihak agar tetap berimbang,Kualitas Konten,Netral,augmented_round2_topup,1213
Mohon kompas terus memberikan liputan yang kritis terhadap semua kalangan tanpa pandang bulu.,Kualitas Konten,Netral,augmented_round2_topup,1217
Mohon perbanyak artikel mengenai perkembangan bisnis skala kecil dan menengah di tanah air,Kualitas Konten,Netral,augmented_round2_topup,1233
"Mohon pertimbangkan untuk menyederhanakan alur pembayaran langganan di situs kompas.id, misalnya dengan fitur one click payment, dan pastikan proses verifikasi identitas tidak perlu diulang setiap kali berlangganan agar transaksi lebih cepat diproses.",Langganan (Subscription & Pricing),Netral,augmented_round2_topup,672
Tolong kompas terus pertahankan keseimbangan dalam penyajian setiap beritanya,Kualitas Konten,Netral,augmented_round2_topup,1215
Apakah bisa ada trial gratis minimal 3 hari buat coba-coba dulu sebelum berlangganan,Langganan (Subscription & Pricing),Netral,augmented_round2_topup,267
Semoga kompas bisa menambah liputan berita lokal dari berbagai daerah di seluruh Indonesia.,Kualitas Konten,Netral,augmented_round2_topup,1209
Semoga kompas.id bisa menambah artikel yang mengulas isu-isu sosial kemasyarakatan dengan pembahasan lebih mendalam,Kualitas Konten,Netral,augmented_round2_topup,1235
pengen tau lebih detail tentang pilihan paket berlangganan yang tersedia,Langganan (Subscription & Pricing),Netral,augmented_round2_topup,760
Mohon kompas tambahkan lebih banyak liputan tentang budaya dan seni tradisional dari berbagai daerah di Indonesia,Kualitas Konten,Netral,augmented_round2_topup,1232
Semoga kompas.id bisa menambah artikel dengan bahasa yang lebih sederhana supaya mudah dipahami oleh semua kalangan.,Kualitas Konten,Netral,augmented_round2_topup,1240
Semoga kompas bisa menambahkan ringkasan singkat di awal setiap berita panjang supaya lebih mudah dipahami.,Kualitas Konten,Netral,augmented_round2_topup,1241
Apakah menu kategori berita bisa ditampilkan di bagian bawah layar untuk memudahkan akses navigasi?,Tampilan (UI/UX),Netral,augmented_round2_topup,1171
Mohon perbanyak artikel mendalam tentang perkembangan usaha kecil dan menengah di berbagai daerah indonesia,Kualitas Konten,Netral,augmented_round2_topup,1233
semoga kompas lebih rutin menambah artikel sains dan teknologi terbaru,Kualitas Konten,Netral,augmented_round2_topup,1229
Semoga Kompas terus menyajikan berita yg memberikan kesempatan kepada semua sudut pandang untuk didengar,Kualitas Konten,Netral,augmented_round2_topup,1213
Semoga ada opsi tampilan yang lebih ringkas untuk perangkat dengan layar kecil,Tampilan (UI/UX),Netral,augmented_round2_topup,1172
Mohon tambahkan opsi tampilan yang lebih ringkas untuk perangkat dengan layar kecil,Tampilan (UI/UX),Netral,augmented_round2_topup,1172
Semoga konten opini dan esai di aplikasi ini bisa lebih beragam dan mewakili berbagai perspektif yang ada.,Kualitas Konten,Netral,augmented_round2_topup,1226
"Mohon pertimbangkan untuk menyederhanakan alur pembayaran langganan di kompas.id, misalnya dengan fitur one-click payment, dan pastikan proses verifikasi lebih cepat setelah transaksi selesai tanpa perlu mengisi formulir identitas berulang kali.",Langganan (Subscription & Pricing),Netral,augmented_round2_topup,672
Mohon tambahkan berita-berita yg lebih mendalam dan informatif di setiap updatenya,Kualitas Konten,Netral,augmented_round2_topup,526
Mohon fitur text to speech bisa tetap berjalan saat membuka aplikasi lain di background,Fungsionalitas,Netral,augmented_round2_topup,1177
apakah tersedia paket langganan khusus untuk pelajar atau mahasiswa,Langganan (Subscription & Pricing),Netral,augmented_round2_topup,751
"Apakah ada fitur untuk mengunduh e-paper langsung ke format PDF? Dulu aplikasi lama bisa dilakukan tapi sekarang tidak menemukan opsi tersebut, mohon dijelaskan cara mengaksesnya atau pertimbangkan untuk menambahkan fitur ini kembali mengingat saya pengguna berbayar dan memerlukan e-paper dalam format yang bisa disimpan untuk keperluan dokumentasi.",Fungsionalitas,Netral,augmented_round2_topup,721
Mohon berita sepak bola bisa diperbarui lebih rutin supaya selalu aktual.,Kualitas Konten,Netral,augmented_round2_topup,1205
Mohon ditambahkan fitur dark mode supaya layar tidak terlalu terang saat membaca di ruangan gelap.,Tampilan (UI/UX),Netral,augmented_round2_topup,1170
Mohon tambahkan lebih banyak artikel mendalam tentang isu-isu terkini agar pembaca mendapat pemahaman yang lebih lengkap.,Kualitas Konten,Netral,augmented_round2_topup,1238
Semoga kompas bisa menambah konten tentang perkembangan usaha kecil dan menengah di indonesia,Kualitas Konten,Netral,augmented_round2_topup,1233
"Semoga aplikasi Kompas bisa dioptimalkan agar lebih stabil, loading lebih cepat, dan bug-nya berkurang di update berikutnya. Terima kasih",Performa (Technical & Access),Netral,augmented_round2_topup,598
Mohon pastikan berita yang ditampilkan terverifikasi dan bukan hoax,Kualitas Konten,Netral,augmented_round2_topup,408
Mohon tambahkan lebih banyak artikel mendalam tentang isu-isu lingkungan dan perubahan iklim di Indonesia,Kualitas Konten,Netral,augmented_round2_topup,1228
Semoga liputan di kompas.id bisa lebih mendalam dan tidak hanya sekadar mengulas permukaan masalahnya saja.,Kualitas Konten,Netral,augmented_round2_topup,1221
Mohon fitur baca nanti ditambahkan ke semua artikel di aplikasi dan web karena masih ada artikel yang belum memiliki fungsi tersebut,Fungsionalitas,Netral,augmented_round2_topup,737
mohon tambahkan fitur untuk menyesuaikan spasi antar baris pada teks,Tampilan (UI/UX),Netral,augmented_round2_topup,778
tolong kompas tetap mempertahankan objektivitas dalam setiap pemberitaannya,Kualitas Konten,Netral,augmented_round2_topup,1215
Apakah ada kemungkinan untuk membaca berita di aplikasi ini tanpa perlu berlangganan?,Langganan (Subscription & Pricing),Netral,augmented_round2_topup,231
semoga kompas bisa lebih sering menampilkan cerita-cerita positif dari seluruh nusantara,Kualitas Konten,Netral,augmented_round2_topup,1234
Semoga kompas menambah artikel yang ditulis dengan bahasa yang lebih accessible untuk semua pembaca.,Kualitas Konten,Netral,augmented_round2_topup,1240
"Mohon kompas lebih banyak mengulas tentang industri sawit, khususnya mengenai kebijakan pajak pemerintah dan mekanisme penetapan harga yg dilakukan pabrik sawit terhadap petani.",Kualitas Konten,Netral,augmented_round2_topup,965
apakah bisa ditambahkan metode pembayaran lain seperti voucher google play untuk proses berlangganan?,Langganan (Subscription & Pricing),Netral,augmented_round2_topup,889
Apakah ada fitur untuk membagikan artikel langsung ke WhatsApp hanya dengan satu klik?,Fungsionalitas,Netral,augmented_round2_topup,798
Mohon kompas memastikan setiap artikel sudah mengumpulkan perspektif dari semua pihak yang terkait sebelum dipublikasikan.,Kualitas Konten,Netral,augmented_round2_topup,1219
semoga kompas memastikan setiap artikel mencakup perspektif dari semua pihak yang berkepentingan,Kualitas Konten,Netral,augmented_round2_topup,1219
"Apakah file e-paper dan buku yang sudah diunduh bisa disimpan secara permanen, atau memang harus diunduh ulang setiap kali mau dibaca?",Fungsionalitas,Netral,augmented_round2_topup,1110
Mohon lebih banyak artikel tentang perkembangan usaha kecil dan menengah di tanah air,Kualitas Konten,Netral,augmented_round2_topup,1233
semoga kompas menambah konten video singkat yg lebih mudah dipahami,Kualitas Konten,Netral,augmented_round2_topup,1239
Mohon liputan kompas.id bisa diperluas jangkauannya hingga ke tingkat internasional agar pembaca mendapat perspektif yg lebih luas ya,Kualitas Konten,Netral,augmented_round2_topup,670
Mohon tambahkan fitur dark mode untuk kenyamanan membaca di kondisi cahaya rendah.,Tampilan (UI/UX),Netral,augmented_round2_topup,1170
Semoga kompas terus verifikasi berita sebelum dipublikasikan yaa,Kualitas Konten,Netral,augmented_round2_topup,408
Semoga Kompas bisa menambah artikel yang mengupas isu-isu sosial kemasyarakatan dengan lebih detail dan komprehensif.,Kualitas Konten,Netral,augmented_round2_topup,1235
"Kak mohon bantu, saya punya kode voucher kompas untuk satu bulan tapi gimana cara masukin/redeem kode vouchernya?",Langganan (Subscription & Pricing),Netral,augmented_round2_topup,463
Tolong tambahkan opsi orientasi landscape untuk membaca artikel dengan lebih lebar,Tampilan (UI/UX),Netral,augmented_round2_topup,944
"Apakah Kompas.id bisa tersedia di Windows Store? Lebih mudah diakses dari PC, Laptop, dan Tablet dibanding HP. Ditunggu peluncurannya di platform tersebut.",Performa (Technical & Access),Netral,augmented_round2_topup,695
Mohon perluas cakupan berita mengenai perkembangan usaha kecil dan menengah di tanah air,Kualitas Konten,Netral,augmented_round2_topup,1233
Mohon tingkatkan penyajian berita dengan lebih banyak menggunakan infografis dan visualisasi data yang informatif.,Kualitas Konten,Netral,augmented_round2_topup,1236
apakah bisa ditampilkan pilihan warna lain selain biru untuk tampilan beranda kompas id,Tampilan (UI/UX),Netral,augmented_round2_topup,774
tolong tambahkan lebih banyak liputan berita dari wilayah Jawa Tengah,Kualitas Konten,Netral,augmented_round2_topup,300
Tolong tambahkan opsi untuk mengatur frekuensi notifikasi berita terbaru agar tidak terlalu banyak,Fungsionalitas,Netral,augmented_round2_topup,797
"Mohon cakupan berita di kompas.id diperluas lagi hingga ke tingkat internasional supaya jangkauan pembaca semakin luas, dan tetap terjangkau biayanya.",Kualitas Konten,Netral,augmented_round2_topup,670
Tolong tambahkan fitur mode gelap dan tingkatkan responsifitas tampilan aplikasi di berbagai ukuran layar.,Tampilan (UI/UX),Netral,augmented_round2_topup,594
apakah bisa berlangganan kompas id langsung dari aplikasi iphone,Langganan (Subscription & Pricing),Netral,augmented_round2_topup,758
Semoga Kompas bisa menambahkan artikel dengan penjelasan lebih detail dan format yang lebih mudah dipahami,Kualitas Konten,Netral,augmented_round2_topup,1241
Tolong tambahkan lebih banyak konten video singkat yang mudah dipahami di aplikasi kompas,Kualitas Konten,Netral,augmented_round2_topup,1239
Mohon berita kompas selalu diperbarui dengan cepat dan aktual setiap hari,Kualitas Konten,Netral,augmented_round2_topup,1204
Apakah semua berita memerlukan paket berlangganan untuk dibaca?,Langganan (Subscription & Pricing),Netral,augmented_round2_topup,136
apakah semua berita harus dibayar untuk bisa dibaca,Langganan (Subscription & Pricing),Netral,augmented_round2_topup,125
Mohon kompas tambahkan liputan berita internasional yang lebih komprehensif dan variatif.,Kualitas Konten,Netral,augmented_round2_topup,1210
Semoga ke depannya bisa ditambahkan fitur mode gelap dan peningkatan responsifitas tampilan aplikasi.,Tampilan (UI/UX),Netral,augmented_round2_topup,594
Semoga kompas bisa tambah liputan tentang isu kesehatan masyarakat khususnya di daerah terpencil,Kualitas Konten,Netral,augmented_round2_topup,1230
Apakah ada cara untuk memperpanjang langganan kompas id?,Langganan (Subscription & Pricing),Netral,augmented_round2_topup,752
Mohon Kompas menambahkan visualisasi data lebih banyak untuk memperjelas penyajian berita-berita yang rumit.,Kualitas Konten,Netral,augmented_round2_topup,1237
Mohon ditambahkan fitur penyimpanan artikel supaya bisa dibaca di waktu mendatang.,Fungsionalitas,Netral,augmented_round2_topup,796
Mohon tambahkan opsi pengaturan ukuran font agar teks bisa dibaca dengan lebih jelas.,Tampilan (UI/UX),Netral,augmented_round2_topup,488
Tolong tingkatkan porsi artikel yang mengupas isu-isu sosial dan kemasyarakatan dengan pembahasan yg lebih mendalam.,Kualitas Konten,Netral,augmented_round2_topup,1235
Apakah ada fitur arsip untuk mengakses edisi e-paper yang sudah terbit sebelumnya di kompas id,Fungsionalitas,Netral,augmented_round2_topup,799
Tolong tingkatkan jumlah artikel yang mengupas isu-isu sosial dan kemasyarakatan dengan analisis yang lebih komprehensif.,Kualitas Konten,Netral,augmented_round2_topup,1235
Tolong berita-beritanya lebih faktual dan konkret yaa,Kualitas Konten,Netral,augmented_round2_topup,1100
apakah kompas.id punya paket khusus untuk pelajar atau mahasiswa,Langganan (Subscription & Pricing),Netral,augmented_round2_topup,751
Mohon konten berita olahraga khususnya sepak bola ditambah frekuensi updatenya,Kualitas Konten,Netral,augmented_round2_topup,1205
"Semoga berita bisnis dan ekonomi bisa dimuat lebih detail dan mendalam seperti media bisnis profesional, sehingga satu aplikasi Kompas bisa jadi sumber informasi lengkap untuk semua aspek kehidupan.",Kualitas Konten,Netral,augmented_round2_topup,960
Mohon aplikasi ini menambah jumlah episode podcast berita agar pembaca yg lebih suka format audio bisa terpenuhi kebutuhannya,Kualitas Konten,Netral,augmented_round2_topup,1238
Tolong kompas tambahkan lebih banyak artikel investigasi mendalam yang memberikan informasi lengkap.,Kualitas Konten,Netral,augmented_round2_topup,1225
tolong tingkatkan jumlah artikel investigasi yang lebih menggali detail dan latar belakang masalah,Kualitas Konten,Netral,augmented_round2_topup,1220
Semoga berita terus diperbarui secara berkala ya,Kualitas Konten,Netral,augmented_round2_topup,436
Apakah ada fitur untuk menyesuaikan spasi baris pada teks bacaan,Tampilan (UI/UX),Netral,augmented_round2_topup,778
ada paket berlangganan mulai dari 50.000 rupiah ga,Langganan (Subscription & Pricing),Netral,augmented_round2_topup,392
"Semoga kompas bisa menggali lebih dalam dalam setiap liputan, bukan hanya sekadar mengulas permukaannya saja.",Kualitas Konten,Netral,augmented_round2_topup,1221
"Tolong pastikan setiap berita yg disajikan KOMPAS selalu akurat, netral, dan terkini supaya bisa menjadi sumber informasi terpercaya bagi masyarakat 🙏",Kualitas Konten,Netral,augmented_round2_topup,421
Tolong kompas tambahkan lebih banyak artikel yg menggunakan bahasa sederhana agar mudah dipahami oleh semua orang.,Kualitas Konten,Netral,augmented_round2_topup,1240
apakah harus bayar premium untuk bisa download e-paper nya,Langganan (Subscription & Pricing),Netral,augmented_round2_topup,1167
Tolong tambahkan fitur pencarian yang bisa disaring berdasarkan waktu penerbitan berita.,Fungsionalitas,Netral,augmented_round2_topup,1001
apakah semua fitur kompas id hanya bisa diakses dengan berlangganan,Langganan (Subscription & Pricing),Netral,augmented_round2_topup,986
Mohon berita dari daerah Jawa Tengah bisa ditambah lagi ya.,Kualitas Konten,Netral,augmented_round2_topup,300
Semoga konten yang relevan untuk kalangan muda bisa ditambah lebih banyak lagi agar mereka tertarik membaca di aplikasi ini.,Kualitas Konten,Netral,augmented_round2_topup,1155
Mohon Kompas menambahkan lebih banyak masukan dari para ahli di setiap liputan isu penting,Kualitas Konten,Netral,augmented_round2_topup,1224
Mohon kompas tambahkan lebih banyak konten podcast berita untuk pembaca yg lebih suka format audio,Kualitas Konten,Netral,augmented_round2_topup,1238
Tolong tambahkan perspektif yang lebih beragam dalam pemberitaan setiap isu yang diangkat.,Kualitas Konten,Netral,augmented_round2_topup,1216
Semoga konten sains dan teknologi di kompas bisa lebih rutin diperbarui dengan artikel-artikel terbaru.,Kualitas Konten,Netral,augmented_round2_topup,1229
Mohon konten berita di kompas selalu diperbarui dengan informasi terbaru setiap hari,Kualitas Konten,Netral,augmented_round2_topup,1204
"Tolong kompas.id perluas jangkauan berita internasional supaya pembaca bisa dapet informasi dunia yg lebih lengkap, dan semoga tetap terjangkau untuk semua orang.",Kualitas Konten,Netral,augmented_round2_topup,670
tolong tambahkan lebih banyak artikel di rubrik sains dan teknologi agar pembaca bisa mendapat informasi terbaru,Kualitas Konten,Netral,augmented_round2_topup,1229
"Apakah bisa ditambahkan fitur tab favorit yang stabil dan konsisten, serta opsi endless scrolling untuk browsing berita dari berbagai tanggal, bukan hanya edisi hari ini? Juga mohon dipertimbangkan agar di e-paper, judul berita bisa berfungsi sebagai link yang langsung membuka tampilan baca.",Fungsionalitas,Netral,augmented_round2_topup,733
Semoga kompas lebih sering menampilkan cerita-cerita menginspirasi dari seluruh nusantara,Kualitas Konten,Netral,augmented_round2_topup,1234
layout halaman utama menampilkan artikel dalam format grid dua kolom,Tampilan (UI/UX),Netral,augmented_round2_topup,1173
Apakah semua artikel harus berlangganan untuk dibaca,Langganan (Subscription & Pricing),Netral,augmented_round2_topup,1068
Mohon kompas terus mempertahankan standar jurnalistik yang independen dan bebas dari pengaruh eksternal.,Kualitas Konten,Netral,augmented_round2_topup,1212
Semoga Kompas terus menghadirkan artikel-artikel dengan riset yang lebih mendalam dan komprehensif,Kualitas Konten,Netral,augmented_round2_topup,1220
Semoga konten yang disajikan lebih disesuaikan dengan minat anak muda dan milenial agar mereka tertarik membaca berita di aplikasi ini.,Kualitas Konten,Netral,augmented_round2_topup,1155
Semoga kompas bisa menambah frekuensi update berita ekonomi dan bisnis setiap harinya.,Kualitas Konten,Netral,augmented_round2_topup,1211
Tolong tambahkan lebih banyak analisis mendalam untuk berita-berita dari Jawa Tengah.,Kualitas Konten,Netral,augmented_round2_topup,300
apakah bisa berlangganan tanpa menggunakan kartu kredit,Langganan (Subscription & Pricing),Netral,augmented_round2_topup,988
Apakah ada opsi untuk mengatur frekuensi notifikasi breaking news agar tidak terlalu banyak,Fungsionalitas,Netral,augmented_round2_topup,797
Mohon redaksi kompas tetap menjaga kredibilitas dan objektivitas dalam setiap pemberitaan.,Kualitas Konten,Netral,augmented_round2_topup,1218
Mohon kompas menambahkan lebih banyak artikel investigasi mendalam yang terorganisir untuk topik-topik utama,Kualitas Konten,Netral,augmented_round2_topup,1242
"Apakah bisa ada paket berlangganan yg lebih murah, misalnya Rp. 1000, buat coba-coba dulu sebelum ambil paket yg lebih mahal?",Langganan (Subscription & Pricing),Netral,augmented_round2_topup,365
"apakah bisa ditambah metode pembayaran langganan, seperti voucher google play atau sejenisnya",Langganan (Subscription & Pricing),Netral,augmented_round2_topup,889
"tolong kompas tingkatkan porsi artikel dengan pembahasan analitik yg lebih dalam, bukan hanya sekadar pemberitaan peristiwa saja",Kualitas Konten,Netral,augmented_round2_topup,1222
Apakah sudah ada fitur rotasi layar landscape untuk membaca berita?,Tampilan (UI/UX),Netral,augmented_round2_topup,783
Mohon kompas mempertahankan standar objektivitas dan keseimbangan dalam setiap pemberitaannya.,Kualitas Konten,Netral,augmented_round2_topup,1214
Apakah bisa ditambahkan fitur reminder notifikasi harian supaya lebih mudah ingat buka aplikasi?,Fungsionalitas,Netral,augmented_round2_topup,1178
Semoga kompas bisa lebih rutin menyajikan liputan ekonomi dan bisnis setiap hari,Kualitas Konten,Netral,augmented_round2_topup,1211
Mohon kompas tetap konsisten dalam menjaga objektivitas dan keseimbangan dalam setiap liputan berita.,Kualitas Konten,Netral,augmented_round2_topup,1218
tolong kompas pastikan semua artikel tetap menjaga standar penulisan yang konsisten dan berkualitas,Kualitas Konten,Netral,augmented_round2_topup,1227
Semoga kompas bisa memperluas cakupan berita tentang lingkungan dan perubahan iklim di setiap edisi.,Kualitas Konten,Netral,augmented_round2_topup,1228
Apakah ada kemungkinan konten kompas bisa diakses gratis melalui aplikasi android?,Langganan (Subscription & Pricing),Netral,augmented_round2_topup,529
Semoga konten berita kompas bisa lebih mendalam dan ga hanya sekadar liputan permukaan aja.,Kualitas Konten,Netral,augmented_round2_topup,1221
Mohon kompas tambahkan lebih banyak konten video singkat yang lebih mudah dipahami.,Kualitas Konten,Netral,augmented_round2_topup,1239
Mohon tambahkan lebih banyak visualisasi data agar berita yang rumit lebih mudah dipahami.,Kualitas Konten,Netral,augmented_round2_topup,1237
Tolong tingkatkan keakuratan dan kelengkapan berita agar masyarakat bisa mempercayai KOMPAS sebagai sumber informasi utama 🙏,Kualitas Konten,Netral,augmented_round2_topup,421
Tolong konten berita nya di update lebih sering lagi 😊,Kualitas Konten,Netral,augmented_round2_topup,334
Semoga konten sains dan teknologi kompas lebih rutin diupdate,Kualitas Konten,Netral,augmented_round2_topup,1229
Apakah ada paket langganan yang lebih terjangkau untuk coba-coba dulu sebelum berkomitmen jangka panjang?,Langganan (Subscription & Pricing),Netral,augmented_round2_topup,365
Apakah ada cara untuk membatalkan langganan kompas id melalui aplikasi iphone?,Langganan (Subscription & Pricing),Netral,augmented_round2_topup,758
Semoga konten beritanya terus diperbarui secara berkala,Kualitas Konten,Netral,augmented_round2_topup,436
Tolong berita-beritanya terus diperbarui ya.,Kualitas Konten,Netral,augmented_round2_topup,436
Mohon redaksi kompas terus mempertahankan objektivitas dalam setiap pemberitaan,Kualitas Konten,Netral,augmented_round2_topup,1218
Mohon ditambahkan fitur mode baca yang bisa menyembunyikan navigasi agar lebih fokus membaca,Tampilan (UI/UX),Netral,augmented_round2_topup,995
Semoga Kompas bisa menambah liputan tentang warisan budaya dan seni tradisional dari berbagai daerah di Indonesia.,Kualitas Konten,Netral,augmented_round2_topup,1232
Apakah ada opsi untuk mengatur ukuran thumbnail gambar di halaman beranda aplikasi,Tampilan (UI/UX),Netral,augmented_round2_topup,779
Mohon aplikasi Kompas bisa diakses dengan lebih lancar di perangkat Android dan tersedia gratis.,Performa (Technical & Access),Netral,augmented_round2_topup,529
Mohon kompas senantiasa menjaga standar objektifitas dan keseimbangan dalam setiap pemberitaan yang disajikan.,Kualitas Konten,Netral,augmented_round2_topup,1214
Mohon kompas tetap menjaga standar berita yang objektif dan bebas dari bias dalam setiap pemberitaan.,Kualitas Konten,Netral,augmented_round2_topup,1214
"Mohon kompas lebih banyak mengangkat liputan mendalam tentang industri sawit, khususnya terkait kebijakan pajak dan mekanisme penetapan harga yg melibatkan petani dan pabrik.",Kualitas Konten,Netral,augmented_round2_topup,965
langganan saya sudah tidak aktif sejak sebulan yang lalu,Langganan (Subscription & Pricing),Netral,augmented_round2_topup,754
Tolong kompas tetap menjaga objektivitas dalam setiap berita yang ditampilkan,Kualitas Konten,Netral,augmented_round2_topup,1215
Mohon Kompas tambahkan lebih banyak artikel mendalam tentang isu-isu aktual agar pembaca dapat memahami konteks berita dengan lebih lengkap.,Kualitas Konten,Netral,augmented_round2_topup,1238
Mohon ada opsi untuk mengubah skema warna tampilan beranda selain biru khas Kompas.,Tampilan (UI/UX),Netral,augmented_round2_topup,774
Semoga kompas tambahkan lebih banyak artikel investigasi mendalam yang akurat dan terpercaya.,Kualitas Konten,Netral,augmented_round2_topup,1225
Mohon tambahkan konten berita yg lebih mendalam dan lengkap di setiap updatenya,Kualitas Konten,Netral,augmented_round2_topup,526
Tolong tambahkan fitur kompass karir yg sama seperti di website kompas.. semoga bisa segera ditambahkan fiturnya,Fungsionalitas,Netral,augmented_round2_topup,406
Mohon perbaiki fitur tab agar bisa menampilkan konten secara vertikal dengan sempurna. Terima kasih,Performa (Technical & Access),Netral,augmented_round2_topup,1035
Semoga konten yang relevan untuk generasi muda bisa lebih diperbanyak lagi agar mereka tertarik membaca berita di aplikasi ini.,Kualitas Konten,Netral,augmented_round2_topup,1155
Mohon kompas selalu menjaga standar berita yang objektif dan tidak memihak,Kualitas Konten,Netral,augmented_round2_topup,1214
"Apakah ada rencana untuk meluncurkan aplikasi ini di Windows Store? Saya lebih sering membaca di PC dan Tablet, jadi sangat ditunggu ketersediaan di platform tersebut.",Performa (Technical & Access),Netral,augmented_round2_topup,695
Mohon ditambahkan fitur simpan artikel untuk dibaca kemudian di semua halaman baik aplikasi maupun web karena masih ada beberapa artikel yang tidak memiliki fungsi tersebut,Fungsionalitas,Netral,augmented_round2_topup,737
semoga kompas bisa lebih sering hadirin artikel investigasi yg lebih mendalami isu-isu penting,Kualitas Konten,Netral,augmented_round2_topup,1220
Apakah ada opsi paket langganan yang lebih terjangkau atau alternatif lain selain membayar untuk akses berita premium di aplikasi ini?,Langganan (Subscription & Pricing),Netral,augmented_round2_topup,691
Mohon tambahkan konten berita yang lebih mendalam dan komprehensif di setiap updatenya,Kualitas Konten,Netral,augmented_round2_topup,526
Semoga berita-beritanya bisa lebih sering diperbarui dan lebih aktual ya 😊,Kualitas Konten,Netral,augmented_round2_topup,334
Apakah bisa ditambahkan opsi download e-paper untuk dibaca offline saat di pesawat atau area tanpa sinyal? Tks,Fungsionalitas,Netral,augmented_round2_topup,566
Mohon konten yang relevan untuk kalangan muda diperbanyak supaya lebih banyak pembaca muda yang tertarik membaca berita di aplikasi ini.,Kualitas Konten,Netral,augmented_round2_topup,1155
Tolong tambahkan lebih banyak artikel jurnalisme data yang memberikan informasi mendalam.,Kualitas Konten,Netral,augmented_round2_topup,1225
"Apakah ada fitur untuk mengakses arsip berita lama hingga puluhan tahun ke belakang, dan apakah tampilan app bisa menyesuaikan ke mode horizontal saat hp diputar?",Fungsionalitas,Netral,augmented_round2_topup,749
Tolong tambahkan lebih banyak konten berita dengan visualisasi yang lebih informatif dan menarik.,Kualitas Konten,Netral,augmented_round2_topup,1236
Tolong tambahkan liputan lebih mendalam tentang perkembangan teknologi dan startup lokal Indonesia.,Kualitas Konten,Netral,augmented_round2_topup,1206
"Apakah bisa ditambahkan fitur kompaskarier di aplikasi ini seperti yang ada di website kompas? Mohon dipertimbangkan, terima kasih.",Fungsionalitas,Netral,augmented_round2_topup,406
"Tolong tambahkan liputan kesehatan yg lebih luas, khususnya untuk masyarakat di daerah terpencil",Kualitas Konten,Netral,augmented_round2_topup,1230
"Semoga aplikasi ini bisa dioptimalkan agar lebih stabil, dengan bug yang berkurang dan update rutin. Terima kasih",Performa (Technical & Access),Netral,augmented_round2_topup,598
Mohon kompas perbanyak penggunaan visual dan grafis untuk memperjelas penyajian berita-berita yang rumit.,Kualitas Konten,Netral,augmented_round2_topup,1237
Mohon kompas memastikan setiap artikel menyertakan perspektif dari semua pihak yang terkait dalam berita.,Kualitas Konten,Netral,augmented_round2_topup,1219
tolong tingkatkan jumlah artikel analisis mendalam tentang isu-isu penting di indonesia,Kualitas Konten,Netral,augmented_round2_topup,1220
Apakah fitur tampilan landscape untuk membaca artikel akan ditambahkan di aplikasi ini,Tampilan (UI/UX),Netral,augmented_round2_topup,773
Tolong tambahkan lebih banyak konten video singkat yang gampang dipahami di kompas.id,Kualitas Konten,Netral,augmented_round2_topup,1239
"Semoga kompas bisa perluas cakupan berita ekonomi dan bisnis dengan pembahasan yg lebih mendalam, sehingga satu aplikasi bisa jadi sumber informasi lengkap untuk semua aspek kehidupan.",Kualitas Konten,Netral,augmented_round2_topup,960
"Mohon KOMPAS selalu memastikan berita yg disajikan akurat, berimbang, dan terkini supaya bisa menjadi referensi terpercaya bagi seluruh masyarakat 🙏",Kualitas Konten,Netral,augmented_round2_topup,421
Apakah file e-paper dan buku yang sudah diunduh bisa disimpan di aplikasi agar tidak perlu download ulang setiap kali mau dibaca?,Fungsionalitas,Netral,augmented_round2_topup,1110
"Apakah ada fitur untuk mengunduh e-paper dalam format PDF? Dulu bisa dilakukan tapi sekarang tidak menemukan opsinya, mohon dijelaskan caranya atau tambahkan kembali fitur tersebut untuk keperluan kliping digital saya sebagai pelanggan berbayar.",Fungsionalitas,Netral,augmented_round2_topup,721
Tolong tambahkan opsi orientasi landscape untuk membaca koran cetak.,Tampilan (UI/UX),Netral,augmented_round2_topup,944
Mohon kompas lebih sering menyajikan analisis mendalam dan terorganisir untuk topik-topik penting.,Kualitas Konten,Netral,augmented_round2_topup,1242
Semoga artikel-artikelnya selalu terkini dan relevan,Kualitas Konten,Netral,augmented_round2_topup,106
Semoga kompas bisa lebih cepat menyajikan berita saat ada peristiwa besar terjadi.,Kualitas Konten,Netral,augmented_round2_topup,1207
Mohon kompas.id menambahkan artikel pendidikan yang lebih sesuai dengan kebutuhan generasi muda.,Kualitas Konten,Netral,augmented_round2_topup,1231
Apakah bisa konten artikel dan buku tersedia tanpa perlu bayar supaya semua orang bisa akses untuk membaca,Langganan (Subscription & Pricing),Netral,augmented_round2_topup,196
Apakah ada pilihan paket langganan yang bisa dibayar mingguan,Langganan (Subscription & Pricing),Netral,augmented_round2_topup,987
Mohon kompas bisa memperbanyak artikel mengenai isu-isu lingkungan dan perubahan iklim global.,Kualitas Konten,Netral,augmented_round2_topup,1228
Tolong tingkatkan jumlah artikel yang menggunakan bahasa sederhana agar dapat diakses oleh semua pembaca.,Kualitas Konten,Netral,augmented_round2_topup,1240
Semoga kompas terus menjaga keseimbangan dalam pemberitaan dan memberikan kesempatan suara kepada berbagai pihak.,Kualitas Konten,Netral,augmented_round2_topup,1213
Masih ragu-ragu mau ambil paket berlangganan atau engga,Langganan (Subscription & Pricing),Netral,augmented_round2_topup,985
tolong kompas menambahkan lebih banyak perspektif beragam dalam meliput setiap isu penting,Kualitas Konten,Netral,augmented_round2_topup,1216
"Apakah aplikasi ini bisa tersedia di Windows Store? Lebih mudah diakses kalau ada di PC, Laptop, dan Tablet juga.",Performa (Technical & Access),Netral,augmented_round2_topup,695
Mohon rubrik sains dan teknologi di kompas lebih sering dimuat artikelnya,Kualitas Konten,Netral,augmented_round2_topup,1229
Tolong kompas tambahkan lebih banyak konten berita dengan visualisasi yang lebih variatif.,Kualitas Konten,Netral,augmented_round2_topup,1236
Mohon tambahkan lebih banyak artikel ekonomi dan bisnis dalam update harian kompas.id,Kualitas Konten,Netral,augmented_round2_topup,1211
mohon kompas lebih sering meliput cerita-cerita menarik dari daerah-daerah di seluruh nusantara,Kualitas Konten,Netral,augmented_round2_topup,1234
Mohon Kompas menambah jumlah episode podcast berita agar pembaca yang lebih suka format audio bisa mendapatkan konten lebih banyak,Kualitas Konten,Netral,augmented_round2_topup,1238
Semoga artikel di kompas bisa lebih mendalam dan tidak hanya sekadar menyentuh topik saja.,Kualitas Konten,Netral,augmented_round2_topup,1221
Mohon tambahkan lebih banyak episode podcast berita agar pembaca yg prefer audio bisa lebih terlayani,Kualitas Konten,Netral,augmented_round2_topup,1238
Mohon pastikan berita yang dimuat sudah terverifikasi dengan baik yaa..,Kualitas Konten,Netral,augmented_round2_topup,408
Tolong kompas tambahkan artikel yang lebih mudah dicerna oleh semua kalangan masyarakat.,Kualitas Konten,Netral,augmented_round2_topup,1240
Mohon kompas terus mempertahankan objektivitas dalam setiap pemberitaan yg disajikan.,Kualitas Konten,Netral,augmented_round2_topup,1218
Semoga kompas bisa lebih sering menampilkan cerita-cerita menginspirasi dari daerah-daerah di seluruh nusantara.,Kualitas Konten,Netral,augmented_round2_topup,1234
Tolong tingkatkan jumlah artikel investigatif yang lebih mendalam dan menyeluruh.,Kualitas Konten,Netral,augmented_round2_topup,1220
Tolong tambahkan lebih banyak artikel yang disajikan dengan bahasa yang accessible untuk semua segmen pembaca.,Kualitas Konten,Netral,augmented_round2_topup,1240
Mohon kompas untuk memastikan setiap berita disajikan dengan perspektif yang seimbang dan berimbang.,Kualitas Konten,Netral,augmented_round2_topup,1215
apakah fitur text to speech bisa dijalankan di background saat membuka aplikasi lain,Fungsionalitas,Netral,augmented_round2_topup,1177
Semoga Kompas bisa menambah artikel investigasi yang lebih mendalam dan terverifikasi,Kualitas Konten,Netral,augmented_round2_topup,1225
semoga kompas terus mempertahankan standar kredibilitas dan netralitas dalam setiap pemberitaannya,Kualitas Konten,Netral,augmented_round2_topup,1212
Mohon sajikan berita yang faktual dan spesifik.,Kualitas Konten,Netral,augmented_round2_topup,1100
Semoga kompas lebih teliti dalam memverifikasi berita sebelum dipublikasikan yaa,Kualitas Konten,Netral,augmented_round2_topup,408
Mohon tambahkan lebih banyak konten yang relevan untuk kalangan muda dan milenial agar mereka tertarik membaca di aplikasi ini.,Kualitas Konten,Netral,augmented_round2_topup,1155
"Semoga kompas bisa lebih sering menghadirkan artikel dengan penjelasan detail, bukan hanya berita singkat tentang kejadian",Kualitas Konten,Netral,augmented_round2_topup,1222
"Mohon konten Kompas.id ditambah dengan format lain seperti podcast dan video pendek supaya lebih beragam selain berita, video, e-paper, dan artikel interaktif.",Kualitas Konten,Netral,augmented_round2_topup,723
Mohon kompas menambahkan artikel mendalam dengan format yang lebih mudah dipahami,Kualitas Konten,Netral,augmented_round2_topup,1241
Semoga Kompas terus mempertahankan standar akurasi dan objektivitas dalam setiap pemberitaannya.,Kualitas Konten,Netral,augmented_round2_topup,1212
Mohon kompas bisa memperluas cakupan berita seputar isu-isu lingkungan dan perubahan iklim.,Kualitas Konten,Netral,augmented_round2_topup,1228
Mohon kompas memastikan setiap artikel tetap menjaga standar penulisan yang konsisten di semua rubrik dan penulis.,Kualitas Konten,Netral,augmented_round2_topup,1227
Mohon perbaiki fitur tab agar tampilan bisa menyesuaikan dengan orientasi vertikal dengan sempurna. Terima kasih,Performa (Technical & Access),Netral,augmented_round2_topup,1035
Mohon kompas untuk menyajikan artikel mendalam dengan format yang lebih mudah dicerna pembaca.,Kualitas Konten,Netral,augmented_round2_topup,1241
Mohon kompas lebih teliti dalam melakukan pengecekan dan validasi informasi sebelum menerbitkan berita.,Kualitas Konten,Netral,augmented_round2_topup,1223
"Mohon berita ekonomi dan bisnis di Kompas bisa lebih mendalam dan detail, supaya pembaca dapet informasi yg lebih komprehensif tentang dinamika pasar dan perusahaan.",Kualitas Konten,Netral,augmented_round2_topup,960
tolong tambahkan fitur arsip untuk mengakses e-paper edisi-edisi sebelumnya di aplikasi kompas id,Fungsionalitas,Netral,augmented_round2_topup,799
Apakah ada kemungkinan untuk membaca artikel tanpa harus berlangganan berbayar?,Langganan (Subscription & Pricing),Netral,augmented_round2_topup,196
apakah bisa berhenti berlangganan kompas id dari aplikasi iphone,Langganan (Subscription & Pricing),Netral,augmented_round2_topup,758
Semoga kompas bisa tambah konten berita dengan penyajian visual yang lebih variatif,Kualitas Konten,Netral,augmented_round2_topup,1236
"Mohon admin kompas, apakah bisa menambah kuota artikel gratis per bulannya untuk memudahkan pelajar dan mahasiswa mengakses berita tanpa biaya langganan, karena saat ini hanya tersedia tiga kali baca gratis saja.",Langganan (Subscription & Pricing),Netral,augmented_round2_topup,630
Semoga kompas.id terus mempertahankan objektivitas dan kredibilitas beritanya tanpa pengaruh dari pihak manapun.,Kualitas Konten,Netral,augmented_round2_topup,1212
tolong tambahkan lebih banyak liputan berita dari berbagai daerah di seluruh indonesia,Kualitas Konten,Netral,augmented_round2_topup,1209
Tolong tambahkan fitur kompaskarier di aplikasi ini seperti yang ada di website kompas .. mohon dipertimbangkan,Fungsionalitas,Netral,augmented_round2_topup,406
"Semoga Kompas bisa menambah liputan ekonomi dan bisnis dengan pembahasan yg lebih mendalam dan detail, supaya jadi satu platform berita lengkap untuk semua aspek kehidupan.",Kualitas Konten,Netral,augmented_round2_topup,960
Semoga kompas terus memastikan keseimbangan perspektif dalam setiap berita yang ditayangkan.,Kualitas Konten,Netral,augmented_round2_topup,1215
Pengen tahu lebih detail tentang pilihan paket berlangganan yang tersedia sebelum memutuskan,Langganan (Subscription & Pricing),Netral,augmented_round2_topup,760
Mohon tambahkan opsi dark mode dan mode landscape agar pengalaman membaca artikel lebih fleksibel.,Tampilan (UI/UX),Netral,augmented_round2_topup,587
"Apakah aplikasi Kompas.id bisa tersedia di Windows Store? Lebih mudah diakses dari PC, Laptop, dan Tablet dibanding HP.",Performa (Technical & Access),Netral,augmented_round2_topup,695
Semoga kompas bisa menambah cakupan berita internasional agar lebih variatif dan komprehensif.,Kualitas Konten,Netral,augmented_round2_topup,1210
Apakah ada fitur untuk membaca berita secara offline tanpa perlu berlangganan terlebih dahulu?,Fungsionalitas,Netral,augmented_round2_topup,341
"Mohon kompas lebih banyak mengangkat berita tentang industri sawit, khususnya terkait kebijakan pajak pemerintah dan penetapan harga oleh pabrik tanpa transparansi yg jelas.",Kualitas Konten,Netral,augmented_round2_topup,965
Apakah sudah ada opsi tampilan horizontal untuk membaca berita dengan lebih lebar?,Tampilan (UI/UX),Netral,augmented_round2_topup,783
"Tolong tambahkan konten dalam format podcast dan video pendek selain berita, video, e-paper, dan artikel interaktif yang sudah ada.",Kualitas Konten,Netral,augmented_round2_topup,723
Semoga konten opini dan esai di aplikasi ini semakin bervariasi dan mewakili berbagai perspektif,Kualitas Konten,Netral,augmented_round2_topup,1226
Semoga Kompas bisa memperluas jangkauan liputan tentang isu-isu lingkungan dan perubahan iklim.,Kualitas Konten,Netral,augmented_round2_topup,1228
Semoga kompas terus memastikan objektivitas dan keseimbangan perspektif dalam setiap artikel yang ditayangkan.,Kualitas Konten,Netral,augmented_round2_topup,1215
Mohon kompas.id memperluas jangkauan berita hingga ke tingkat internasional agar pembaca bisa mendapatkan informasi yang lebih lengkap dan menyeluruh tanpa menambah biaya langganan.,Kualitas Konten,Netral,augmented_round2_topup,670
Semoga kompas bisa menambah kedalaman dan kelengkapan berita di setiap artikelnya,Kualitas Konten,Netral,augmented_round2_topup,526
Apakah bisa bayar langganan pake pulsa telkomsel,Langganan (Subscription & Pricing),Netral,augmented_round2_topup,753
Semoga aplikasi Kompas.id bisa lebih stabil dengan bug yang berkurang dan update rutin. Terima kasih,Performa (Technical & Access),Netral,augmented_round2_topup,598
Apakah fitur audio bisa digunakan dengan airpods atau headphone wireless lainnya.,Fungsionalitas,Netral,augmented_round2_topup,1125
"Semoga kompas bisa lebih sering hadirkan artikel dengan pembahasan mendalam, bukan hanya berita peristiwa biasa",Kualitas Konten,Netral,augmented_round2_topup,1222
"Semoga aplikasi Kompas.id bisa lebih stabil dan minim error, serta update-nya lebih cepat. Terima kasih",Performa (Technical & Access),Netral,augmented_round2_topup,598
apakah ada panduan untuk memperpanjang paket berlangganan kompas id,Langganan (Subscription & Pricing),Netral,augmented_round2_topup,752
Mohon kompas menambahkan analisis mendalam dari para pakar di setiap liputan isu utama.,Kualitas Konten,Netral,augmented_round2_topup,1224
"Semoga kompas bisa menambahkan format konten lain seperti podcast dan video pendek selain berita, video, e-paper, dan artikel interaktif yang sudah ada.",Kualitas Konten,Netral,augmented_round2_topup,723
Mohon kompas tambahkan lebih banyak konten podcast berita agar pembaca yang lebih suka format audio bisa terpenuhi kebutuhannya.,Kualitas Konten,Netral,augmented_round2_topup,1238
Tolong kompas tetap menjaga objektivitas dan keseimbangan dalam penyajian setiap beritanya.,Kualitas Konten,Netral,augmented_round2_topup,1215
Tolong tambahkan fitur dark mode dan pengaturan ukuran teks seperti aplikasi berita berbayar lainnya.,Tampilan (UI/UX),Netral,augmented_round2_topup,593
"Mohon tambahkan fitur dark mode dan pengaturan ukuran teks, karena kebanyakan aplikasi berita berbayar lainnya sudah menyediakan kedua fitur tersebut.",Tampilan (UI/UX),Netral,augmented_round2_topup,593
"Semoga Kompas bisa memperdalam liputan bisnis dan ekonomi dengan detail yang lebih komprehensif, seperti standar media bisnis profesional, sehingga semua informasi kehidupan tersedia dalam satu aplikasi.",Kualitas Konten,Netral,augmented_round2_topup,960
Mohon kompas lebih rutin menambah liputan tentang perkembangan ekonomi dan bisnis setiap harinya,Kualitas Konten,Netral,augmented_round2_topup,1211
Mohon Kompas.id menambahkan lebih banyak artikel mendalam tentang isu-isu lingkungan dan perubahan iklim.,Kualitas Konten,Netral,augmented_round2_topup,1228
apakah bisa berlangganan tanpa harus pakai kartu kredit,Langganan (Subscription & Pricing),Netral,augmented_round2_topup,988
Apakah ada kemungkinan kompas.id menyediakan akses gratis atau trial untuk pengguna android?,Langganan (Subscription & Pricing),Netral,augmented_round2_topup,529
Semoga Kompas bisa menambah liputan tentang perkembangan teknologi dan startup Indonesia.,Kualitas Konten,Netral,augmented_round2_topup,1206
"Apakah bisa ditambahkan paket gratis yang lebih banyak untuk pelajar dan mahasiswa, karena saat ini hanya tersedia tiga kali akses gratis dan dirasa kurang untuk kebutuhan membaca berita secara rutin.",Langganan (Subscription & Pricing),Netral,augmented_round2_topup,630
semoga kompas bisa lebih sering hadirkan cerita-cerita menarik dari daerah-daerah di seluruh nusantara,Kualitas Konten,Netral,augmented_round2_topup,1234
Semoga konten berita kompas terus menjaga keseimbangan dan memberikan kesempatan suara kepada berbagai perspektif.,Kualitas Konten,Netral,augmented_round2_topup,1213
Mohon kompas selalu menjaga standar jurnalisme yang independen dan tidak memihak dalam setiap pemberitaannya.,Kualitas Konten,Netral,augmented_round2_topup,1214
Mohon kompas menambahkan perspektif yang lebih beragam dalam meliput setiap isu yang diangkat.,Kualitas Konten,Netral,augmented_round2_topup,1216
Apakah bisa ditambahkan opsi untuk akses kompas one?,Fungsionalitas,Netral,augmented_round2_topup,939
Mohon kompas menambah konten video singkat yang lebih mudah dipahami oleh pembaca,Kualitas Konten,Netral,augmented_round2_topup,1239
Mohon kompas tambahkan lebih banyak artikel berita dalam format audio agar pembaca yg lebih suka mendengarkan bisa tetap update,Kualitas Konten,Netral,augmented_round2_topup,1238
Mohon tambahkan fitur tema gelap untuk membaca di malam hari,Tampilan (UI/UX),Netral,augmented_round2_topup,772
Mohon tambahkan lebih banyak artikel investigasi mendalam yang faktual dan terverifikasi.,Kualitas Konten,Netral,augmented_round2_topup,1225
Semoga konten berita global di kompas bisa ditambah dengan liputan yang lebih mendalam dan variatif.,Kualitas Konten,Netral,augmented_round2_topup,1210
Semoga kompas bisa menyediakan artikel edukatif yang lebih sesuai dengan kebutuhan anak muda,Kualitas Konten,Netral,augmented_round2_topup,1231
semoga kompas bisa menyajikan lebih banyak artikel pendidikan yang sesuai dengan kebutuhan anak muda,Kualitas Konten,Netral,augmented_round2_topup,1231
Semoga ada lebih banyak artikel yg mengupas isu-isu sosial dan kemasyarakatan dengan lebih detail.,Kualitas Konten,Netral,augmented_round2_topup,1235
Semoga kompas bisa tambah liputan berita lokal yg lebih lengkap dan mendalam,Kualitas Konten,Netral,augmented_round2_topup,1209
tolong tingkatkan kejelasan dan akurasi penyajian berita di aplikasi ini ya,Kualitas Konten,Netral,augmented_round2_topup,461
"Mohon sajikan berita dengan perspektif yg seimbang dan tidak berpihak pada kekuasaan tertentu, utamakan kepentingan publik dalam setiap liputan.",Kualitas Konten,Netral,augmented_round2_topup,1081
Semoga Kompas bisa menambahkan artikel mendalam dengan format yang lebih mudah dipahami pembaca,Kualitas Konten,Netral,augmented_round2_topup,1241
"untuk bisa akses semua konten di kompas id, memang harus ada langganan",Langganan (Subscription & Pricing),Netral,augmented_round2_topup,986
Mohon Kompas terus mempertahankan objektivitas dalam menyajikan setiap berita,Kualitas Konten,Netral,augmented_round2_topup,1215
Semoga bisa ditambahkan fitur dark mode dan peningkatan responsifitas tampilan aplikasi.,Tampilan (UI/UX),Netral,augmented_round2_topup,594
Mohon kompas lebih rutin memberikan liputan ekonomi dan bisnis terkini setiap harinya,Kualitas Konten,Netral,augmented_round2_topup,1211
semoga kompas.id bisa lebih teliti lagi dalam memverifikasi sumber dan data sebelum menerbitkan berita,Kualitas Konten,Netral,augmented_round2_topup,1223
Mohon kompas selalu mempertahankan standar jurnalisme yang tinggi dalam setiap penulisan artikelnya.,Kualitas Konten,Netral,augmented_round2_topup,1227
apakah tersedia paket khusus langganan untuk pelajar dan mahasiswa,Langganan (Subscription & Pricing),Netral,augmented_round2_topup,751
"Mohon bantu, bagaimana cara input kode voucher langganan kompas yang udah saya punya?",Langganan (Subscription & Pricing),Netral,augmented_round2_topup,463
Mohon konten opini dan esai di kompas.id lebih bervariasi dan mewakili berbagai perspektif pembaca,Kualitas Konten,Netral,augmented_round2_topup,1226
Apakah fitur unduh epaper ke format PDF masih tersedia di aplikasi versi terbaru ini? Saya pelanggan berbayar dan ingin tahu cara mengakses fitur tersebut untuk keperluan kliping digital saya.,Fungsionalitas,Netral,augmented_round2_topup,721
Mohon kompas.id menambahkan perspektif beragam dalam liputan setiap isu penting,Kualitas Konten,Netral,augmented_round2_topup,1216
Mohon tambahkan lebih banyak berita dari daerah di luar Jawa supaya cakupan beritanya lebih luas,Kualitas Konten,Netral,augmented_round2_topup,1208
Mohon ditambahkan liputan berita lebih banyak dari wilayah Jawa Tengah.,Kualitas Konten,Netral,augmented_round2_topup,300
Semoga kompas terus memperluas ragam perspektif dalam kolom opini dan esai agar lebih inklusif.,Kualitas Konten,Netral,augmented_round2_topup,1226
Mohon tambahkan opsi tampilan ringkas untuk perangkat dengan layar berukuran kecil,Tampilan (UI/UX),Netral,augmented_round2_topup,1172
Apakah bisa ditambahkan paket langganan dengan harga lebih terjangkau seperti Rp. 1000 untuk trial awal sebelum upgrade ke paket yang lebih tinggi?,Langganan (Subscription & Pricing),Netral,augmented_round2_topup,365
"Mohon konten yang relevan untuk kalangan muda diperbanyak supaya lebih menarik bagi pembaca milenial, dan semoga strategi promosi difokuskan pada nilai manfaat aplikasi premium daripada hanya cara downloadnya saja.",Kualitas Konten,Netral,augmented_round2_topup,1155
Pengin tahu dulu paket langganan mana yg paling sesuai sebelum subscribe,Langganan (Subscription & Pricing),Netral,augmented_round2_topup,760
Semoga kompas bisa menyajikan liputan investigatif yang lebih terorganisir untuk topik-topik penting.,Kualitas Konten,Netral,augmented_round2_topup,1242
Semoga kompas bisa menambah liputan tentang isu kesehatan di wilayah-wilayah terpencil,Kualitas Konten,Netral,augmented_round2_topup,1230
apakah metode pembayaran langganan hanya bisa transfer bank atau ada pilihan lain,Langganan (Subscription & Pricing),Netral,augmented_round2_topup,759
"Semoga kompas bisa menggali berita lebih dalam lagi, ga cuma sekadar liputan permukaan aja.",Kualitas Konten,Netral,augmented_round2_topup,1221
semoga kompas bisa lebih sering menampilkan artikel investigasi yang mendalam dan terverifikasi,Kualitas Konten,Netral,augmented_round2_topup,1225
Semoga Kompas bisa menambah artikel investigasi mendalam yang lebih informatif dan terperinci.,Kualitas Konten,Netral,augmented_round2_topup,1225
Apakah ada opsi untuk mengubah tata letak halaman utama menjadi satu kolom?,Tampilan (UI/UX),Netral,augmented_round2_topup,1173
"Tolong tambahkan fitur back to top, misalnya dengan klik tab aktif aplikasi agar bisa langsung kembali ke konten teratas + refresh otomatis",Fungsionalitas,Netral,augmented_round2_topup,713
Apakah ada free trial minimal beberapa hari biar bisa coba dulu sebelum berlangganan?,Langganan (Subscription & Pricing),Netral,augmented_round2_topup,267
Mohon Kompas menambahkan lebih banyak artikel edukatif yang sesuai dengan kebutuhan generasi muda saat ini.,Kualitas Konten,Netral,augmented_round2_topup,1231
